timestamp;buyer;seller;symbol;currency;price;quantity;day;round
800;;;MICROCHIP_CIRCLE;XIRECS;8552.0;1;4;4
800;;;MICROCHIP_OVAL;XIRECS;7470.0;1;4;4
800;;;MICROCHIP_RECTANGLE;XIRECS;7838.0;1;4;4
800;;;MICROCHIP_SQUARE;XIRECS;15913.0;1;4;4
800;;;MICROCHIP_TRIANGLE;XIRECS;9023.0;1;4;4
900;;;GALAXY_SOUNDS_BLACK_HOLES;XIRECS;12050.0;1;4;4
900;;;GALAXY_SOUNDS_DARK_MATTER;XIRECS;10820.0;1;4;4
900;;;GALAXY_SOUNDS_PLANETARY_RINGS;XIRECS;11425.0;1;4;4
900;;;GALAXY_SOUNDS_SOLAR_FLAMES;XIRECS;10626.0;1;4;4
900;;;GALAXY_SOUNDS_SOLAR_WINDS;XIRECS;10761.0;1;4;4
900;;;OXYGEN_SHAKE_CHOCOLATE;XIRECS;9328.0;1;4;4
900;;;OXYGEN_SHAKE_EVENING_BREATH;XIRECS;9456.0;1;4;4
900;;;OXYGEN_SHAKE_GARLIC;XIRECS;11950.0;1;4;4
900;;;OXYGEN_SHAKE_MINT;XIRECS;9704.0;1;4;4
900;;;OXYGEN_SHAKE_MORNING_BREATH;XIRECS;9519.0;1;4;4
900;;;PANEL_1X2;XIRECS;8865.0;1;4;4
900;;;PANEL_1X4;XIRECS;8734.0;1;4;4
900;;;PANEL_2X2;XIRECS;9168.0;1;4;4
900;;;PANEL_2X4;XIRECS;11420.0;1;4;4
900;;;PANEL_4X4;XIRECS;10280.0;1;4;4
900;;;ROBOT_DISHES;XIRECS;10130.0;1;4;4
900;;;ROBOT_IRONING;XIRECS;7533.0;1;4;4
900;;;ROBOT_LAUNDRY;XIRECS;9489.0;1;4;4
900;;;ROBOT_MOPPING;XIRECS;12140.0;1;4;4
900;;;ROBOT_VACUUMING;XIRECS;8594.0;1;4;4
900;;;SLEEP_POD_COTTON;XIRECS;12137.0;1;4;4
900;;;SLEEP_POD_LAMB_WOOL;XIRECS;10856.0;1;4;4
900;;;SLEEP_POD_NYLON;XIRECS;9712.0;1;4;4
900;;;SLEEP_POD_POLYESTER;XIRECS;12872.0;1;4;4
900;;;SLEEP_POD_SUEDE;XIRECS;12177.0;1;4;4
900;;;SNACKPACK_CHOCOLATE;XIRECS;9815.0;1;4;4
900;;;SNACKPACK_PISTACHIO;XIRECS;9389.0;1;4;4
900;;;SNACKPACK_RASPBERRY;XIRECS;10131.0;1;4;4
900;;;SNACKPACK_STRAWBERRY;XIRECS;10819.0;1;4;4
900;;;SNACKPACK_VANILLA;XIRECS;10063.0;1;4;4
900;;;TRANSLATOR_ASTRO_BLACK;XIRECS;9173.0;1;4;4
900;;;TRANSLATOR_ECLIPSE_CHARCOAL;XIRECS;9644.0;1;4;4
900;;;TRANSLATOR_GRAPHITE_MIST;XIRECS;11044.0;1;4;4
900;;;TRANSLATOR_SPACE_GRAY;XIRECS;10100.0;1;4;4
900;;;TRANSLATOR_VOID_BLUE;XIRECS;10773.0;1;4;4
900;;;UV_VISOR_AMBER;XIRECS;7355.0;1;4;4
900;;;UV_VISOR_MAGENTA;XIRECS;11547.0;1;4;4
900;;;UV_VISOR_ORANGE;XIRECS;10272.0;1;4;4
900;;;UV_VISOR_RED;XIRECS;11035.0;1;4;4
900;;;UV_VISOR_YELLOW;XIRECS;12038.0;1;4;4
2000;;SUBMISSION;PEBBLES_XL;XIRECS;12257.0;6;4;4
2500;;;MICROCHIP_CIRCLE;XIRECS;8580.0;1;4;4
2500;;;MICROCHIP_OVAL;XIRECS;7453.0;1;4;4
2500;;;MICROCHIP_RECTANGLE;XIRECS;7841.0;1;4;4
2500;;;MICROCHIP_SQUARE;XIRECS;15994.0;1;4;4
2500;;;MICROCHIP_TRIANGLE;XIRECS;8991.0;1;4;4
3000;;SUBMISSION;ROBOT_MOPPING;XIRECS;12061.0;5;4;4
3000;SUBMISSION;;MICROCHIP_OVAL;XIRECS;7476.0;5;4;4
3000;;SUBMISSION;SLEEP_POD_COTTON;XIRECS;12137.0;5;4;4
3000;;SUBMISSION;GALAXY_SOUNDS_BLACK_HOLES;XIRECS;12054.0;5;4;4
3900;SUBMISSION;;GALAXY_SOUNDS_PLANETARY_RINGS;XIRECS;11470.0;5;4;4
4000;SUBMISSION;;MICROCHIP_CIRCLE;XIRECS;8585.0;5;4;4
4500;;SUBMISSION;ROBOT_MOPPING;XIRECS;12003.0;5;4;4
4500;SUBMISSION;;ROBOT_IRONING;XIRECS;7563.0;5;4;4
4500;;SUBMISSION;GALAXY_SOUNDS_BLACK_HOLES;XIRECS;12026.0;5;4;4
4800;;SUBMISSION;GALAXY_SOUNDS_PLANETARY_RINGS;XIRECS;11412.0;5;4;4
5000;SUBMISSION;;TRANSLATOR_GRAPHITE_MIST;XIRECS;11115.0;5;4;4
5800;SUBMISSION;;PEBBLES_XL;XIRECS;12431.0;8;4;4
5800;SUBMISSION;;PEBBLES_XL;XIRECS;12439.0;8;4;4
6600;SUBMISSION;;OXYGEN_SHAKE_MORNING_BREATH;XIRECS;9624.0;5;4;4
7100;;;GALAXY_SOUNDS_BLACK_HOLES;XIRECS;11861.0;4;4;4
7100;;;GALAXY_SOUNDS_DARK_MATTER;XIRECS;10771.0;4;4;4
7100;;;GALAXY_SOUNDS_PLANETARY_RINGS;XIRECS;11372.0;4;4;4
7100;;;GALAXY_SOUNDS_SOLAR_FLAMES;XIRECS;10635.0;4;4;4
7100;;;GALAXY_SOUNDS_SOLAR_WINDS;XIRECS;10781.0;4;4;4
7100;;;OXYGEN_SHAKE_CHOCOLATE;XIRECS;9205.0;4;4;4
7100;;;OXYGEN_SHAKE_EVENING_BREATH;XIRECS;9384.0;4;4;4
7100;;;OXYGEN_SHAKE_GARLIC;XIRECS;11774.0;4;4;4
7100;;;OXYGEN_SHAKE_MINT;XIRECS;9706.0;4;4;4
7100;;;OXYGEN_SHAKE_MORNING_BREATH;XIRECS;9599.0;4;4;4
7100;;;PANEL_1X2;XIRECS;8894.0;4;4;4
7100;;;PANEL_1X4;XIRECS;8789.0;4;4;4
7100;;;PANEL_2X2;XIRECS;9204.0;4;4;4
7100;;;PANEL_2X4;XIRECS;11247.0;4;4;4
7100;;;PANEL_4X4;XIRECS;10364.0;4;4;4
7100;;;ROBOT_DISHES;XIRECS;10201.0;4;4;4
7100;;;ROBOT_IRONING;XIRECS;7567.0;4;4;4
7100;;;ROBOT_LAUNDRY;XIRECS;9461.0;4;4;4
7100;;;ROBOT_MOPPING;XIRECS;12021.0;4;4;4
7100;;;ROBOT_VACUUMING;XIRECS;8702.0;4;4;4
7100;;;SLEEP_POD_COTTON;XIRECS;12066.0;4;4;4
7100;;;SLEEP_POD_LAMB_WOOL;XIRECS;10905.0;4;4;4
7100;;;SLEEP_POD_NYLON;XIRECS;9743.0;4;4;4
7100;;;SLEEP_POD_POLYESTER;XIRECS;12866.0;4;4;4
7100;;;SLEEP_POD_SUEDE;XIRECS;12108.0;4;4;4
7100;;;SNACKPACK_CHOCOLATE;XIRECS;9796.0;4;4;4
7100;;;SNACKPACK_PISTACHIO;XIRECS;9404.0;4;4;4
7100;;;SNACKPACK_RASPBERRY;XIRECS;10081.0;4;4;4
7100;;;SNACKPACK_STRAWBERRY;XIRECS;10835.0;4;4;4
7100;;;SNACKPACK_VANILLA;XIRECS;10057.0;4;4;4
7100;;;TRANSLATOR_ASTRO_BLACK;XIRECS;9239.0;4;4;4
7100;;;TRANSLATOR_ECLIPSE_CHARCOAL;XIRECS;9678.0;4;4;4
7100;;;TRANSLATOR_GRAPHITE_MIST;XIRECS;11064.0;4;4;4
7100;;;TRANSLATOR_SPACE_GRAY;XIRECS;10153.0;4;4;4
7100;;;TRANSLATOR_VOID_BLUE;XIRECS;10703.0;4;4;4
7100;;;UV_VISOR_AMBER;XIRECS;7408.0;4;4;4
7100;;;UV_VISOR_MAGENTA;XIRECS;11377.0;4;4;4
7100;;;UV_VISOR_ORANGE;XIRECS;10228.0;4;4;4
7100;;;UV_VISOR_RED;XIRECS;11148.0;4;4;4
7100;;;UV_VISOR_YELLOW;XIRECS;12034.0;4;4;4
7300;;;GALAXY_SOUNDS_BLACK_HOLES;XIRECS;11872.0;3;4;4
7300;;;GALAXY_SOUNDS_DARK_MATTER;XIRECS;10776.0;3;4;4
7300;;;GALAXY_SOUNDS_PLANETARY_RINGS;XIRECS;11361.0;3;4;4
7300;;;GALAXY_SOUNDS_SOLAR_FLAMES;XIRECS;10625.0;3;4;4
7300;;;GALAXY_SOUNDS_SOLAR_WINDS;XIRECS;10763.0;3;4;4
7300;;;OXYGEN_SHAKE_CHOCOLATE;XIRECS;9191.0;3;4;4
7300;;;OXYGEN_SHAKE_EVENING_BREATH;XIRECS;9374.0;3;4;4
7300;;;OXYGEN_SHAKE_GARLIC;XIRECS;11803.0;3;4;4
7300;;;OXYGEN_SHAKE_MINT;XIRECS;9687.0;3;4;4
7300;;;OXYGEN_SHAKE_MORNING_BREATH;XIRECS;9598.0;3;4;4
7300;;;PANEL_1X2;XIRECS;8893.0;3;4;4
7300;;;PANEL_1X4;XIRECS;8799.0;3;4;4
7300;;;PANEL_2X2;XIRECS;9211.0;3;4;4
7300;;;PANEL_2X4;XIRECS;11242.0;3;4;4
7300;;;PANEL_4X4;XIRECS;10382.0;3;4;4
7300;;;ROBOT_DISHES;XIRECS;10194.0;3;4;4
7300;;;ROBOT_IRONING;XIRECS;7557.0;3;4;4
7300;;;ROBOT_LAUNDRY;XIRECS;9444.0;3;4;4
7300;;;ROBOT_MOPPING;XIRECS;12001.0;3;4;4
7300;;;ROBOT_VACUUMING;XIRECS;8702.0;3;4;4
7300;;;SLEEP_POD_COTTON;XIRECS;12061.0;3;4;4
7300;;;SLEEP_POD_LAMB_WOOL;XIRECS;10901.0;3;4;4
7300;;;SLEEP_POD_NYLON;XIRECS;9765.0;3;4;4
7300;;;SLEEP_POD_POLYESTER;XIRECS;12912.0;3;4;4
7300;;;SLEEP_POD_SUEDE;XIRECS;12081.0;3;4;4
7300;;;SNACKPACK_CHOCOLATE;XIRECS;9794.0;3;4;4
7300;;;SNACKPACK_PISTACHIO;XIRECS;9395.0;3;4;4
7300;;;SNACKPACK_RASPBERRY;XIRECS;10089.0;3;4;4
7300;;;SNACKPACK_STRAWBERRY;XIRECS;10823.0;3;4;4
7300;;;SNACKPACK_VANILLA;XIRECS;10060.0;3;4;4
7300;;;TRANSLATOR_ASTRO_BLACK;XIRECS;9266.0;3;4;4
7300;;;TRANSLATOR_ECLIPSE_CHARCOAL;XIRECS;9684.0;3;4;4
7300;;;TRANSLATOR_GRAPHITE_MIST;XIRECS;11080.0;3;4;4
7300;;;TRANSLATOR_SPACE_GRAY;XIRECS;10148.0;3;4;4
7300;;;TRANSLATOR_VOID_BLUE;XIRECS;10685.0;3;4;4
7300;;;UV_VISOR_AMBER;XIRECS;7411.0;3;4;4
7300;;;UV_VISOR_MAGENTA;XIRECS;11349.0;3;4;4
7300;;;UV_VISOR_ORANGE;XIRECS;10232.0;3;4;4
7300;;;UV_VISOR_RED;XIRECS;11158.0;3;4;4
7300;;;UV_VISOR_YELLOW;XIRECS;12048.0;3;4;4
7500;;SUBMISSION;SLEEP_POD_COTTON;XIRECS;12032.0;5;4;4
8400;SUBMISSION;;PANEL_1X4;XIRECS;8848.0;5;4;4
8600;;;GALAXY_SOUNDS_BLACK_HOLES;XIRECS;11932.0;1;4;4
8600;;;GALAXY_SOUNDS_DARK_MATTER;XIRECS;10812.0;1;4;4
8600;;;GALAXY_SOUNDS_PLANETARY_RINGS;XIRECS;11399.0;1;4;4
8600;;;GALAXY_SOUNDS_SOLAR_FLAMES;XIRECS;10600.0;1;4;4
8600;;;GALAXY_SOUNDS_SOLAR_WINDS;XIRECS;10772.0;1;4;4
8600;;;OXYGEN_SHAKE_CHOCOLATE;XIRECS;9142.0;1;4;4
8600;;;OXYGEN_SHAKE_EVENING_BREATH;XIRECS;9376.0;1;4;4
8600;;;OXYGEN_SHAKE_GARLIC;XIRECS;11736.0;1;4;4
8600;;;OXYGEN_SHAKE_MINT;XIRECS;9762.0;1;4;4
8600;;;OXYGEN_SHAKE_MORNING_BREATH;XIRECS;9634.0;1;4;4
8600;;;PANEL_1X2;XIRECS;8903.0;1;4;4
8600;;;PANEL_1X4;XIRECS;8842.0;1;4;4
8600;;;PANEL_2X2;XIRECS;9178.0;1;4;4
8600;;;PANEL_2X4;XIRECS;11248.0;1;4;4
8600;;;PANEL_4X4;XIRECS;10405.0;1;4;4
8600;;;ROBOT_DISHES;XIRECS;10159.0;1;4;4
8600;;;ROBOT_IRONING;XIRECS;7553.0;1;4;4
8600;;;ROBOT_LAUNDRY;XIRECS;9539.0;1;4;4
8600;;;ROBOT_MOPPING;XIRECS;12010.0;1;4;4
8600;;;ROBOT_VACUUMING;XIRECS;8744.0;1;4;4
8600;;;SLEEP_POD_COTTON;XIRECS;12052.0;1;4;4
8600;;;SLEEP_POD_LAMB_WOOL;XIRECS;10901.0;1;4;4
8600;;;SLEEP_POD_NYLON;XIRECS;9737.0;1;4;4
8600;;;SLEEP_POD_POLYESTER;XIRECS;12979.0;1;4;4
8600;;;SLEEP_POD_SUEDE;XIRECS;12131.0;1;4;4
8600;;;SNACKPACK_CHOCOLATE;XIRECS;9830.0;1;4;4
8600;;;SNACKPACK_PISTACHIO;XIRECS;9399.0;1;4;4
8600;;;SNACKPACK_RASPBERRY;XIRECS;10128.0;1;4;4
8600;;;SNACKPACK_STRAWBERRY;XIRECS;10825.0;1;4;4
8600;;;SNACKPACK_VANILLA;XIRECS;10067.0;1;4;4
8600;;;TRANSLATOR_ASTRO_BLACK;XIRECS;9307.0;1;4;4
8600;;;TRANSLATOR_ECLIPSE_CHARCOAL;XIRECS;9713.0;1;4;4
8600;;;TRANSLATOR_GRAPHITE_MIST;XIRECS;11080.0;1;4;4
8600;;;TRANSLATOR_SPACE_GRAY;XIRECS;10217.0;1;4;4
8600;;;TRANSLATOR_VOID_BLUE;XIRECS;10745.0;1;4;4
8600;;;UV_VISOR_AMBER;XIRECS;7411.0;1;4;4
8600;;;UV_VISOR_MAGENTA;XIRECS;11351.0;1;4;4
8600;;;UV_VISOR_ORANGE;XIRECS;10215.0;1;4;4
8600;;;UV_VISOR_RED;XIRECS;11153.0;1;4;4
8600;;;UV_VISOR_YELLOW;XIRECS;12074.0;1;4;4
9000;;SUBMISSION;SNACKPACK_PISTACHIO;XIRECS;9375.0;2;4;4
9000;;SUBMISSION;SNACKPACK_STRAWBERRY;XIRECS;10787.0;2;4;4
9000;;SUBMISSION;SNACKPACK_VANILLA;XIRECS;10039.0;2;4;4
10200;SUBMISSION;;ROBOT_IRONING;XIRECS;7603.0;4;4;4
10300;SUBMISSION;;ROBOT_IRONING;XIRECS;7593.0;1;4;4
10600;SUBMISSION;;SNACKPACK_PISTACHIO;XIRECS;9394.0;5;4;4
10600;SUBMISSION;;SNACKPACK_STRAWBERRY;XIRECS;10815.0;5;4;4
10600;SUBMISSION;;SNACKPACK_VANILLA;XIRECS;10020.0;5;4;4
10800;SUBMISSION;;OXYGEN_SHAKE_MORNING_BREATH;XIRECS;9672.0;5;4;4
10900;;SUBMISSION;PEBBLES_XL;XIRECS;12194.0;2;4;4
10900;;;PEBBLES_L;XIRECS;11046.0;5;4;4
10900;;;PEBBLES_M;XIRECS;11330.0;5;4;4
10900;;;PEBBLES_S;XIRECS;8817.0;5;4;4
10900;;;PEBBLES_XS;XIRECS;6644.0;5;4;4
11000;;SUBMISSION;TRANSLATOR_GRAPHITE_MIST;XIRECS;11008.0;5;4;4
11900;SUBMISSION;;PANEL_1X4;XIRECS;8834.0;5;4;4
12100;;SUBMISSION;GALAXY_SOUNDS_PLANETARY_RINGS;XIRECS;11369.0;5;4;4
12700;;SUBMISSION;SNACKPACK_PISTACHIO;XIRECS;9410.0;5;4;4
12700;;SUBMISSION;SNACKPACK_STRAWBERRY;XIRECS;10861.0;5;4;4
12700;;SUBMISSION;SNACKPACK_VANILLA;XIRECS;9997.0;5;4;4
12900;SUBMISSION;;GALAXY_SOUNDS_PLANETARY_RINGS;XIRECS;11433.0;5;4;4
13000;;;GALAXY_SOUNDS_BLACK_HOLES;XIRECS;11933.0;4;4;4
13000;;;GALAXY_SOUNDS_DARK_MATTER;XIRECS;10907.0;4;4;4
13000;;;GALAXY_SOUNDS_PLANETARY_RINGS;XIRECS;11426.0;4;4;4
13000;;;GALAXY_SOUNDS_SOLAR_FLAMES;XIRECS;10677.0;4;4;4
13000;;;GALAXY_SOUNDS_SOLAR_WINDS;XIRECS;10676.0;4;4;4
13000;;;OXYGEN_SHAKE_CHOCOLATE;XIRECS;9111.0;4;4;4
13000;;;OXYGEN_SHAKE_EVENING_BREATH;XIRECS;9386.0;4;4;4
13000;;;OXYGEN_SHAKE_GARLIC;XIRECS;11576.0;4;4;4
13000;;;OXYGEN_SHAKE_MINT;XIRECS;9744.0;4;4;4
13000;;;OXYGEN_SHAKE_MORNING_BREATH;XIRECS;9611.0;4;4;4
13000;;;PANEL_1X2;XIRECS;8875.0;4;4;4
13000;;;PANEL_1X4;XIRECS;8829.0;4;4;4
13000;;;PANEL_2X2;XIRECS;9103.0;4;4;4
13000;;;PANEL_2X4;XIRECS;11309.0;4;4;4
13000;;;PANEL_4X4;XIRECS;10445.0;4;4;4
13000;;;ROBOT_DISHES;XIRECS;10150.0;4;4;4
13000;;;ROBOT_IRONING;XIRECS;7563.0;4;4;4
13000;;;ROBOT_LAUNDRY;XIRECS;9533.0;4;4;4
13000;;;ROBOT_MOPPING;XIRECS;12015.0;4;4;4
13000;;;ROBOT_VACUUMING;XIRECS;8704.0;4;4;4
13000;;;SLEEP_POD_COTTON;XIRECS;12037.0;4;4;4
13000;;;SLEEP_POD_LAMB_WOOL;XIRECS;10847.0;4;4;4
13000;;;SLEEP_POD_NYLON;XIRECS;9827.0;4;4;4
13000;;;SLEEP_POD_POLYESTER;XIRECS;13018.0;4;4;4
13000;;;SLEEP_POD_SUEDE;XIRECS;12085.0;4;4;4
13000;;;SNACKPACK_CHOCOLATE;XIRECS;9886.0;4;4;4
13000;;;SNACKPACK_PISTACHIO;XIRECS;9414.0;4;4;4
13000;;;SNACKPACK_RASPBERRY;XIRECS;10084.0;4;4;4
13000;;;SNACKPACK_STRAWBERRY;XIRECS;10864.0;4;4;4
13000;;;SNACKPACK_VANILLA;XIRECS;10010.0;4;4;4
13000;;;TRANSLATOR_ASTRO_BLACK;XIRECS;9249.0;4;4;4
13000;;;TRANSLATOR_ECLIPSE_CHARCOAL;XIRECS;9644.0;4;4;4
13000;;;TRANSLATOR_GRAPHITE_MIST;XIRECS;11061.0;4;4;4
13000;;;TRANSLATOR_SPACE_GRAY;XIRECS;10196.0;4;4;4
13000;;;TRANSLATOR_VOID_BLUE;XIRECS;10800.0;4;4;4
13000;;;UV_VISOR_AMBER;XIRECS;7373.0;4;4;4
13000;;;UV_VISOR_MAGENTA;XIRECS;11343.0;4;4;4
13000;;;UV_VISOR_ORANGE;XIRECS;10286.0;4;4;4
13000;;;UV_VISOR_RED;XIRECS;11209.0;4;4;4
13000;;;UV_VISOR_YELLOW;XIRECS;12209.0;4;4;4
13900;;;GALAXY_SOUNDS_BLACK_HOLES;XIRECS;11914.0;1;4;4
13900;;;GALAXY_SOUNDS_DARK_MATTER;XIRECS;10957.0;1;4;4
13900;;;GALAXY_SOUNDS_PLANETARY_RINGS;XIRECS;11433.0;1;4;4
13900;;;GALAXY_SOUNDS_SOLAR_FLAMES;XIRECS;10726.0;1;4;4
13900;;;GALAXY_SOUNDS_SOLAR_WINDS;XIRECS;10678.0;1;4;4
13900;;;OXYGEN_SHAKE_CHOCOLATE;XIRECS;9062.0;1;4;4
13900;;;OXYGEN_SHAKE_EVENING_BREATH;XIRECS;9386.0;1;4;4
13900;;;OXYGEN_SHAKE_GARLIC;XIRECS;11562.0;1;4;4
13900;;;OXYGEN_SHAKE_MINT;XIRECS;9754.0;1;4;4
13900;;;OXYGEN_SHAKE_MORNING_BREATH;XIRECS;9620.0;1;4;4
13900;;;PANEL_1X2;XIRECS;8832.0;1;4;4
13900;;;PANEL_1X4;XIRECS;8847.0;1;4;4
13900;;;PANEL_2X2;XIRECS;9109.0;1;4;4
13900;;;PANEL_2X4;XIRECS;11329.0;1;4;4
13900;;;PANEL_4X4;XIRECS;10440.0;1;4;4
13900;;;ROBOT_DISHES;XIRECS;10194.0;1;4;4
13900;;;ROBOT_IRONING;XIRECS;7583.0;1;4;4
13900;;;ROBOT_LAUNDRY;XIRECS;9488.0;1;4;4
13900;;;ROBOT_MOPPING;XIRECS;11980.0;1;4;4
13900;;;ROBOT_VACUUMING;XIRECS;8732.0;1;4;4
13900;;;SLEEP_POD_COTTON;XIRECS;12066.0;1;4;4
13900;;;SLEEP_POD_LAMB_WOOL;XIRECS;10802.0;1;4;4
13900;;;SLEEP_POD_NYLON;XIRECS;9778.0;1;4;4
13900;;;SLEEP_POD_POLYESTER;XIRECS;13055.0;1;4;4
13900;;;SLEEP_POD_SUEDE;XIRECS;12066.0;1;4;4
13900;;;SNACKPACK_CHOCOLATE;XIRECS;9886.0;1;4;4
13900;;;SNACKPACK_PISTACHIO;XIRECS;9431.0;1;4;4
13900;;;SNACKPACK_RASPBERRY;XIRECS;10079.0;1;4;4
13900;;;SNACKPACK_STRAWBERRY;XIRECS;10881.0;1;4;4
13900;;;SNACKPACK_VANILLA;XIRECS;10007.0;1;4;4
13900;;;TRANSLATOR_ASTRO_BLACK;XIRECS;9229.0;1;4;4
13900;;;TRANSLATOR_ECLIPSE_CHARCOAL;XIRECS;9653.0;1;4;4
13900;;;TRANSLATOR_GRAPHITE_MIST;XIRECS;11117.0;1;4;4
13900;;;TRANSLATOR_SPACE_GRAY;XIRECS;10178.0;1;4;4
13900;;;TRANSLATOR_VOID_BLUE;XIRECS;10813.0;1;4;4
13900;;;UV_VISOR_AMBER;XIRECS;7422.0;1;4;4
13900;;;UV_VISOR_MAGENTA;XIRECS;11343.0;1;4;4
13900;;;UV_VISOR_ORANGE;XIRECS;10304.0;1;4;4
13900;;;UV_VISOR_RED;XIRECS;11211.0;1;4;4
13900;;;UV_VISOR_YELLOW;XIRECS;12174.0;1;4;4
14500;;SUBMISSION;MICROCHIP_OVAL;XIRECS;7397.0;5;4;4
15000;SUBMISSION;;PEBBLES_XL;XIRECS;12351.0;2;4;4
15400;SUBMISSION;;MICROCHIP_CIRCLE;XIRECS;8724.0;5;4;4
16000;;;PEBBLES_L;XIRECS;11047.0;3;4;4
16000;;;PEBBLES_M;XIRECS;11130.0;3;4;4
16000;;;PEBBLES_S;XIRECS;8749.0;3;4;4
16000;;;PEBBLES_XL;XIRECS;12327.0;3;4;4
16000;;;PEBBLES_XS;XIRECS;6714.0;3;4;4
17500;;SUBMISSION;SNACKPACK_PISTACHIO;XIRECS;9366.0;2;4;4
17500;;SUBMISSION;SNACKPACK_STRAWBERRY;XIRECS;10811.0;2;4;4
17500;;SUBMISSION;SNACKPACK_VANILLA;XIRECS;9965.0;2;4;4
17900;;SUBMISSION;OXYGEN_SHAKE_MORNING_BREATH;XIRECS;9593.0;5;4;4
18300;SUBMISSION;;OXYGEN_SHAKE_MORNING_BREATH;XIRECS;9624.0;5;4;4
18900;;SUBMISSION;ROBOT_IRONING;XIRECS;7547.0;5;4;4
18900;;SUBMISSION;OXYGEN_SHAKE_MORNING_BREATH;XIRECS;9591.0;5;4;4
19100;;SUBMISSION;TRANSLATOR_GRAPHITE_MIST;XIRECS;10985.0;5;4;4
19600;SUBMISSION;;OXYGEN_SHAKE_MORNING_BREATH;XIRECS;9653.0;5;4;4
19900;;SUBMISSION;MICROCHIP_OVAL;XIRECS;7309.0;5;4;4
20100;SUBMISSION;;ROBOT_IRONING;XIRECS;7593.0;4;4;4
20200;SUBMISSION;;ROBOT_IRONING;XIRECS;7603.0;1;4;4
20800;;SUBMISSION;PEBBLES_XL;XIRECS;12549.0;5;4;4
21200;;SUBMISSION;UV_VISOR_AMBER;XIRECS;7290.0;5;4;4
22000;;SUBMISSION;MICROCHIP_OVAL;XIRECS;7257.0;5;4;4
23200;;SUBMISSION;UV_VISOR_AMBER;XIRECS;7233.0;5;4;4
23400;SUBMISSION;;SNACKPACK_PISTACHIO;XIRECS;9330.0;1;4;4
23400;SUBMISSION;;SNACKPACK_STRAWBERRY;XIRECS;10728.0;1;4;4
23400;SUBMISSION;;SNACKPACK_VANILLA;XIRECS;9970.0;1;4;4
23400;;;GALAXY_SOUNDS_BLACK_HOLES;XIRECS;11964.0;1;4;4
23400;;;GALAXY_SOUNDS_DARK_MATTER;XIRECS;10948.0;1;4;4
23400;;;GALAXY_SOUNDS_PLANETARY_RINGS;XIRECS;11357.0;1;4;4
23400;;;GALAXY_SOUNDS_SOLAR_FLAMES;XIRECS;10671.0;1;4;4
23400;;;GALAXY_SOUNDS_SOLAR_WINDS;XIRECS;10698.0;1;4;4
23400;;;OXYGEN_SHAKE_CHOCOLATE;XIRECS;9079.0;1;4;4
23400;;;OXYGEN_SHAKE_EVENING_BREATH;XIRECS;9414.0;1;4;4
23400;;;OXYGEN_SHAKE_GARLIC;XIRECS;11637.0;1;4;4
23400;;;OXYGEN_SHAKE_MINT;XIRECS;9798.0;1;4;4
23400;;;OXYGEN_SHAKE_MORNING_BREATH;XIRECS;9680.0;1;4;4
23400;;;PANEL_1X2;XIRECS;8868.0;1;4;4
23400;;;PANEL_1X4;XIRECS;8781.0;1;4;4
23400;;;PANEL_2X2;XIRECS;9001.0;1;4;4
23400;;;PANEL_2X4;XIRECS;11296.0;1;4;4
23400;;;PANEL_4X4;XIRECS;10505.0;1;4;4
23400;;;ROBOT_DISHES;XIRECS;10372.0;1;4;4
23400;;;ROBOT_IRONING;XIRECS;7617.0;1;4;4
23400;;;ROBOT_LAUNDRY;XIRECS;9379.0;1;4;4
23400;;;ROBOT_MOPPING;XIRECS;11772.0;1;4;4
23400;;;ROBOT_VACUUMING;XIRECS;8726.0;1;4;4
23400;;;SLEEP_POD_COTTON;XIRECS;12105.0;1;4;4
23400;;;SLEEP_POD_LAMB_WOOL;XIRECS;10819.0;1;4;4
23400;;;SLEEP_POD_NYLON;XIRECS;9692.0;1;4;4
23400;;;SLEEP_POD_POLYESTER;XIRECS;12922.0;1;4;4
23400;;;SLEEP_POD_SUEDE;XIRECS;12166.0;1;4;4
23400;;;SNACKPACK_CHOCOLATE;XIRECS;9885.0;1;4;4
23400;;;SNACKPACK_RASPBERRY;XIRECS;10233.0;1;4;4
23400;;;TRANSLATOR_ASTRO_BLACK;XIRECS;9115.0;1;4;4
23400;;;TRANSLATOR_ECLIPSE_CHARCOAL;XIRECS;9712.0;1;4;4
23400;;;TRANSLATOR_GRAPHITE_MIST;XIRECS;11127.0;1;4;4
23400;;;TRANSLATOR_SPACE_GRAY;XIRECS;10195.0;1;4;4
23400;;;TRANSLATOR_VOID_BLUE;XIRECS;10796.0;1;4;4
23400;;;UV_VISOR_AMBER;XIRECS;7238.0;1;4;4
23400;;;UV_VISOR_MAGENTA;XIRECS;11206.0;1;4;4
23400;;;UV_VISOR_ORANGE;XIRECS;10188.0;1;4;4
23400;;;UV_VISOR_RED;XIRECS;11269.0;1;4;4
23400;;;UV_VISOR_YELLOW;XIRECS;12177.0;1;4;4
23500;SUBMISSION;;TRANSLATOR_GRAPHITE_MIST;XIRECS;11132.0;5;4;4
23700;SUBMISSION;;SNACKPACK_PISTACHIO;XIRECS;9319.0;1;4;4
23700;SUBMISSION;;SNACKPACK_STRAWBERRY;XIRECS;10706.0;1;4;4
23700;SUBMISSION;;SNACKPACK_VANILLA;XIRECS;9960.0;1;4;4
23700;;;GALAXY_SOUNDS_BLACK_HOLES;XIRECS;11979.0;1;4;4
23700;;;GALAXY_SOUNDS_DARK_MATTER;XIRECS;10967.0;1;4;4
23700;;;GALAXY_SOUNDS_PLANETARY_RINGS;XIRECS;11366.0;1;4;4
23700;;;GALAXY_SOUNDS_SOLAR_FLAMES;XIRECS;10704.0;1;4;4
23700;;;GALAXY_SOUNDS_SOLAR_WINDS;XIRECS;10698.0;1;4;4
23700;;;OXYGEN_SHAKE_CHOCOLATE;XIRECS;9092.0;1;4;4
23700;;;OXYGEN_SHAKE_EVENING_BREATH;XIRECS;9414.0;1;4;4
23700;;;OXYGEN_SHAKE_GARLIC;XIRECS;11656.0;1;4;4
23700;;;OXYGEN_SHAKE_MINT;XIRECS;9804.0;1;4;4
23700;;;OXYGEN_SHAKE_MORNING_BREATH;XIRECS;9673.0;1;4;4
23700;;;PANEL_1X2;XIRECS;8862.0;1;4;4
23700;;;PANEL_1X4;XIRECS;8781.0;1;4;4
23700;;;PANEL_2X2;XIRECS;9023.0;1;4;4
23700;;;PANEL_2X4;XIRECS;11248.0;1;4;4
23700;;;PANEL_4X4;XIRECS;10475.0;1;4;4
23700;;;ROBOT_DISHES;XIRECS;10379.0;1;4;4
23700;;;ROBOT_IRONING;XIRECS;7627.0;1;4;4
23700;;;ROBOT_LAUNDRY;XIRECS;9382.0;1;4;4
23700;;;ROBOT_MOPPING;XIRECS;11737.0;1;4;4
23700;;;ROBOT_VACUUMING;XIRECS;8703.0;1;4;4
23700;;;SLEEP_POD_COTTON;XIRECS;12116.0;1;4;4
23700;;;SLEEP_POD_LAMB_WOOL;XIRECS;10813.0;1;4;4
23700;;;SLEEP_POD_NYLON;XIRECS;9687.0;1;4;4
23700;;;SLEEP_POD_POLYESTER;XIRECS;12934.0;1;4;4
23700;;;SLEEP_POD_SUEDE;XIRECS;12146.0;1;4;4
23700;;;SNACKPACK_CHOCOLATE;XIRECS;9899.0;1;4;4
23700;;;SNACKPACK_RASPBERRY;XIRECS;10248.0;1;4;4
23700;;;TRANSLATOR_ASTRO_BLACK;XIRECS;9110.0;1;4;4
23700;;;TRANSLATOR_ECLIPSE_CHARCOAL;XIRECS;9696.0;1;4;4
23700;;;TRANSLATOR_GRAPHITE_MIST;XIRECS;11145.0;1;4;4
23700;;;TRANSLATOR_SPACE_GRAY;XIRECS;10196.0;1;4;4
23700;;;TRANSLATOR_VOID_BLUE;XIRECS;10787.0;1;4;4
23700;;;UV_VISOR_AMBER;XIRECS;7243.0;1;4;4
23700;;;UV_VISOR_MAGENTA;XIRECS;11188.0;1;4;4
23700;;;UV_VISOR_ORANGE;XIRECS;10167.0;1;4;4
23700;;;UV_VISOR_RED;XIRECS;11272.0;1;4;4
23700;;;UV_VISOR_YELLOW;XIRECS;12180.0;1;4;4
24000;;;MICROCHIP_CIRCLE;XIRECS;8618.0;1;4;4
24000;;;MICROCHIP_OVAL;XIRECS;7324.0;1;4;4
24000;;;MICROCHIP_RECTANGLE;XIRECS;7982.0;1;4;4
24000;;;MICROCHIP_SQUARE;XIRECS;15744.0;1;4;4
24000;;;MICROCHIP_TRIANGLE;XIRECS;9081.0;1;4;4
24100;;SUBMISSION;GALAXY_SOUNDS_PLANETARY_RINGS;XIRECS;11375.0;5;4;4
24700;;;MICROCHIP_CIRCLE;XIRECS;8613.0;3;4;4
24700;;;MICROCHIP_OVAL;XIRECS;7293.0;3;4;4
24700;;;MICROCHIP_RECTANGLE;XIRECS;8006.0;3;4;4
24700;;;MICROCHIP_SQUARE;XIRECS;15832.0;3;4;4
24700;;;MICROCHIP_TRIANGLE;XIRECS;9107.0;3;4;4
24800;;SUBMISSION;SNACKPACK_PISTACHIO;XIRECS;9322.0;2;4;4
24800;;SUBMISSION;SNACKPACK_STRAWBERRY;XIRECS;10715.0;2;4;4
24800;;SUBMISSION;SNACKPACK_VANILLA;XIRECS;9993.0;2;4;4
24900;SUBMISSION;;PEBBLES_XL;XIRECS;12521.0;4;4;4
24900;SUBMISSION;;PEBBLES_XL;XIRECS;12530.0;1;4;4
25000;SUBMISSION;;SLEEP_POD_COTTON;XIRECS;12179.0;5;4;4
25300;SUBMISSION;;TRANSLATOR_GRAPHITE_MIST;XIRECS;11161.0;5;4;4
26000;;;PEBBLES_L;XIRECS;10940.0;5;4;4
26000;;;PEBBLES_M;XIRECS;11116.0;5;4;4
26000;;;PEBBLES_S;XIRECS;8512.0;5;4;4
26000;;;PEBBLES_XL;XIRECS;12584.0;5;4;4
26000;;;PEBBLES_XS;XIRECS;6817.0;5;4;4
26200;;;MICROCHIP_CIRCLE;XIRECS;8579.0;2;4;4
26200;;;MICROCHIP_OVAL;XIRECS;7289.0;2;4;4
26200;;;MICROCHIP_RECTANGLE;XIRECS;7997.0;2;4;4
26200;;;MICROCHIP_SQUARE;XIRECS;15661.0;2;4;4
26200;;;MICROCHIP_TRIANGLE;XIRECS;9155.0;2;4;4
26600;;;MICROCHIP_CIRCLE;XIRECS;8561.0;1;4;4
26600;;;MICROCHIP_OVAL;XIRECS;7335.0;1;4;4
26600;;;MICROCHIP_RECTANGLE;XIRECS;7976.0;1;4;4
26600;;;MICROCHIP_SQUARE;XIRECS;15667.0;1;4;4
26600;;;MICROCHIP_TRIANGLE;XIRECS;9148.0;1;4;4
26700;;SUBMISSION;PANEL_1X4;XIRECS;8744.0;5;4;4
27300;SUBMISSION;;SLEEP_POD_COTTON;XIRECS;12238.0;5;4;4
27600;SUBMISSION;;TRANSLATOR_GRAPHITE_MIST;XIRECS;11195.0;5;4;4
28400;;;PEBBLES_L;XIRECS;10858.0;3;4;4
28400;;;PEBBLES_M;XIRECS;11113.0;3;4;4
28400;;;PEBBLES_S;XIRECS;8604.0;3;4;4
28400;;;PEBBLES_XL;XIRECS;12470.0;3;4;4
28400;;;PEBBLES_XS;XIRECS;6923.0;3;4;4
29200;;;PEBBLES_L;XIRECS;10800.0;2;4;4
29200;;;PEBBLES_M;XIRECS;11174.0;2;4;4
29200;;;PEBBLES_S;XIRECS;8674.0;2;4;4
29200;;;PEBBLES_XL;XIRECS;12312.0;2;4;4
29200;;;PEBBLES_XS;XIRECS;7006.0;2;4;4
29700;;SUBMISSION;PEBBLES_XL;XIRECS;12371.0;4;4;4
29700;;;MICROCHIP_CIRCLE;XIRECS;8545.0;3;4;4
29700;;;MICROCHIP_OVAL;XIRECS;7390.0;3;4;4
29700;;;MICROCHIP_RECTANGLE;XIRECS;7939.0;3;4;4
29700;;;MICROCHIP_SQUARE;XIRECS;15675.0;3;4;4
29700;;;MICROCHIP_TRIANGLE;XIRECS;9103.0;3;4;4
30000;;SUBMISSION;PANEL_1X4;XIRECS;8702.0;5;4;4
30100;SUBMISSION;;PEBBLES_XL;XIRECS;12429.0;2;4;4
30100;;;PEBBLES_L;XIRECS;10775.0;4;4;4
30100;;;PEBBLES_M;XIRECS;11166.0;4;4;4
30100;;;PEBBLES_S;XIRECS;8651.0;4;4;4
30100;;;PEBBLES_XS;XIRECS;6948.0;4;4;4
30200;;SUBMISSION;MICROCHIP_CIRCLE;XIRECS;8555.0;5;4;4
30300;;SUBMISSION;PEBBLES_XL;XIRECS;12445.0;2;4;4
30300;;;PEBBLES_L;XIRECS;10795.0;4;4;4
30300;;;PEBBLES_M;XIRECS;11146.0;4;4;4
30300;;;PEBBLES_S;XIRECS;8678.0;4;4;4
30300;;;PEBBLES_XS;XIRECS;6966.0;4;4;4
30400;;;GALAXY_SOUNDS_BLACK_HOLES;XIRECS;11971.0;1;4;4
30400;;;GALAXY_SOUNDS_DARK_MATTER;XIRECS;10972.0;1;4;4
30400;;;GALAXY_SOUNDS_PLANETARY_RINGS;XIRECS;11420.0;1;4;4
30400;;;GALAXY_SOUNDS_SOLAR_FLAMES;XIRECS;10708.0;1;4;4
30400;;;GALAXY_SOUNDS_SOLAR_WINDS;XIRECS;10543.0;1;4;4
30400;;;OXYGEN_SHAKE_CHOCOLATE;XIRECS;9083.0;1;4;4
30400;;;OXYGEN_SHAKE_EVENING_BREATH;XIRECS;9436.0;1;4;4
30400;;;OXYGEN_SHAKE_GARLIC;XIRECS;11650.0;1;4;4
30400;;;OXYGEN_SHAKE_MINT;XIRECS;9651.0;1;4;4
30400;;;OXYGEN_SHAKE_MORNING_BREATH;XIRECS;9664.0;1;4;4
30400;;;PANEL_1X2;XIRECS;8813.0;1;4;4
30400;;;PANEL_1X4;XIRECS;8703.0;1;4;4
30400;;;PANEL_2X2;XIRECS;9065.0;1;4;4
30400;;;PANEL_2X4;XIRECS;11081.0;1;4;4
30400;;;PANEL_4X4;XIRECS;10556.0;1;4;4
30400;;;ROBOT_DISHES;XIRECS;10488.0;1;4;4
30400;;;ROBOT_IRONING;XIRECS;7643.0;1;4;4
30400;;;ROBOT_LAUNDRY;XIRECS;9358.0;1;4;4
30400;;;ROBOT_MOPPING;XIRECS;11783.0;1;4;4
30400;;;ROBOT_VACUUMING;XIRECS;8698.0;1;4;4
30400;;;SLEEP_POD_COTTON;XIRECS;12223.0;1;4;4
30400;;;SLEEP_POD_LAMB_WOOL;XIRECS;10776.0;1;4;4
30400;;;SLEEP_POD_NYLON;XIRECS;9691.0;1;4;4
30400;;;SLEEP_POD_POLYESTER;XIRECS;12861.0;1;4;4
30400;;;SLEEP_POD_SUEDE;XIRECS;12290.0;1;4;4
30400;;;SNACKPACK_CHOCOLATE;XIRECS;9939.0;1;4;4
30400;;;SNACKPACK_PISTACHIO;XIRECS;9331.0;1;4;4
30400;;;SNACKPACK_RASPBERRY;XIRECS;10270.0;1;4;4
30400;;;SNACKPACK_STRAWBERRY;XIRECS;10719.0;1;4;4
30400;;;SNACKPACK_VANILLA;XIRECS;9946.0;1;4;4
30400;;;TRANSLATOR_ASTRO_BLACK;XIRECS;9167.0;1;4;4
30400;;;TRANSLATOR_ECLIPSE_CHARCOAL;XIRECS;9549.0;1;4;4
30400;;;TRANSLATOR_GRAPHITE_MIST;XIRECS;11186.0;1;4;4
30400;;;TRANSLATOR_SPACE_GRAY;XIRECS;10175.0;1;4;4
30400;;;TRANSLATOR_VOID_BLUE;XIRECS;10819.0;1;4;4
30400;;;UV_VISOR_AMBER;XIRECS;7222.0;1;4;4
30400;;;UV_VISOR_MAGENTA;XIRECS;11074.0;1;4;4
30400;;;UV_VISOR_ORANGE;XIRECS;10290.0;1;4;4
30400;;;UV_VISOR_RED;XIRECS;11211.0;1;4;4
30400;;;UV_VISOR_YELLOW;XIRECS;12104.0;1;4;4
30900;SUBMISSION;;MICROCHIP_OVAL;XIRECS;7432.0;5;4;4
31400;SUBMISSION;;SNACKPACK_PISTACHIO;XIRECS;9306.0;3;4;4
31400;SUBMISSION;;SNACKPACK_STRAWBERRY;XIRECS;10699.0;3;4;4
31400;SUBMISSION;;PEBBLES_XL;XIRECS;12298.0;3;4;4
31400;SUBMISSION;;PEBBLES_XL;XIRECS;12306.0;1;4;4
31400;SUBMISSION;;SNACKPACK_VANILLA;XIRECS;9926.0;3;4;4
31500;;SUBMISSION;PEBBLES_XL;XIRECS;12303.0;2;4;4
31500;;;PEBBLES_L;XIRECS;10734.0;4;4;4
31500;;;PEBBLES_M;XIRECS;11219.0;4;4;4
31500;;;PEBBLES_S;XIRECS;8751.0;4;4;4
31500;;;PEBBLES_XS;XIRECS;7025.0;4;4;4
32000;;;MICROCHIP_CIRCLE;XIRECS;8581.0;2;4;4
32000;;;MICROCHIP_OVAL;XIRECS;7405.0;2;4;4
32000;;;MICROCHIP_RECTANGLE;XIRECS;8032.0;2;4;4
32000;;;MICROCHIP_SQUARE;XIRECS;15707.0;2;4;4
32000;;;MICROCHIP_TRIANGLE;XIRECS;9164.0;2;4;4
32300;SUBMISSION;;GALAXY_SOUNDS_PLANETARY_RINGS;XIRECS;11471.0;5;4;4
32400;SUBMISSION;;SNACKPACK_PISTACHIO;XIRECS;9316.0;1;4;4
32400;SUBMISSION;;SNACKPACK_STRAWBERRY;XIRECS;10697.0;1;4;4
32400;SUBMISSION;;SNACKPACK_VANILLA;XIRECS;9914.0;1;4;4
32400;;;GALAXY_SOUNDS_BLACK_HOLES;XIRECS;11862.0;4;4;4
32400;;;GALAXY_SOUNDS_DARK_MATTER;XIRECS;11018.0;4;4;4
32400;;;GALAXY_SOUNDS_PLANETARY_RINGS;XIRECS;11442.0;4;4;4
32400;;;GALAXY_SOUNDS_SOLAR_FLAMES;XIRECS;10666.0;4;4;4
32400;;;GALAXY_SOUNDS_SOLAR_WINDS;XIRECS;10623.0;4;4;4
32400;;;OXYGEN_SHAKE_CHOCOLATE;XIRECS;9137.0;4;4;4
32400;;;OXYGEN_SHAKE_EVENING_BREATH;XIRECS;9364.0;4;4;4
32400;;;OXYGEN_SHAKE_GARLIC;XIRECS;11675.0;4;4;4
32400;;;OXYGEN_SHAKE_MINT;XIRECS;9728.0;4;4;4
32400;;;OXYGEN_SHAKE_MORNING_BREATH;XIRECS;9689.0;4;4;4
32400;;;PANEL_1X2;XIRECS;8774.0;4;4;4
32400;;;PANEL_1X4;XIRECS;8653.0;4;4;4
32400;;;PANEL_2X2;XIRECS;9059.0;4;4;4
32400;;;PANEL_2X4;XIRECS;11038.0;4;4;4
32400;;;PANEL_4X4;XIRECS;10552.0;4;4;4
32400;;;ROBOT_DISHES;XIRECS;10532.0;4;4;4
32400;;;ROBOT_IRONING;XIRECS;7657.0;4;4;4
32400;;;ROBOT_LAUNDRY;XIRECS;9318.0;4;4;4
32400;;;ROBOT_MOPPING;XIRECS;11708.0;4;4;4
32400;;;ROBOT_VACUUMING;XIRECS;8665.0;4;4;4
32400;;;SLEEP_POD_COTTON;XIRECS;12155.0;4;4;4
32400;;;SLEEP_POD_LAMB_WOOL;XIRECS;10802.0;4;4;4
32400;;;SLEEP_POD_NYLON;XIRECS;9723.0;4;4;4
32400;;;SLEEP_POD_POLYESTER;XIRECS;12863.0;4;4;4
32400;;;SLEEP_POD_SUEDE;XIRECS;12273.0;4;4;4
32400;;;SNACKPACK_CHOCOLATE;XIRECS;9937.0;4;4;4
32400;;;SNACKPACK_RASPBERRY;XIRECS;10253.0;4;4;4
32400;;;TRANSLATOR_ASTRO_BLACK;XIRECS;9197.0;4;4;4
32400;;;TRANSLATOR_ECLIPSE_CHARCOAL;XIRECS;9526.0;4;4;4
32400;;;TRANSLATOR_GRAPHITE_MIST;XIRECS;11131.0;4;4;4
32400;;;TRANSLATOR_SPACE_GRAY;XIRECS;10162.0;4;4;4
32400;;;TRANSLATOR_VOID_BLUE;XIRECS;10849.0;4;4;4
32400;;;UV_VISOR_AMBER;XIRECS;7201.0;4;4;4
32400;;;UV_VISOR_MAGENTA;XIRECS;11144.0;4;4;4
32400;;;UV_VISOR_ORANGE;XIRECS;10257.0;4;4;4
32400;;;UV_VISOR_RED;XIRECS;11186.0;4;4;4
32400;;;UV_VISOR_YELLOW;XIRECS;12082.0;4;4;4
32900;SUBMISSION;;SNACKPACK_PISTACHIO;XIRECS;9321.0;4;4;4
32900;SUBMISSION;;SNACKPACK_STRAWBERRY;XIRECS;10708.0;4;4;4
32900;SUBMISSION;;SNACKPACK_VANILLA;XIRECS;9952.0;4;4;4
33200;;SUBMISSION;PANEL_1X4;XIRECS;8641.0;5;4;4
33700;SUBMISSION;;MICROCHIP_OVAL;XIRECS;7474.0;5;4;4
34300;SUBMISSION;;SLEEP_POD_COTTON;XIRECS;12243.0;5;4;4
35500;;SUBMISSION;PANEL_1X4;XIRECS;8624.0;5;4;4
36400;;;GALAXY_SOUNDS_BLACK_HOLES;XIRECS;11869.0;3;4;4
36400;;;GALAXY_SOUNDS_DARK_MATTER;XIRECS;10926.0;3;4;4
36400;;;GALAXY_SOUNDS_PLANETARY_RINGS;XIRECS;11394.0;3;4;4
36400;;;GALAXY_SOUNDS_SOLAR_FLAMES;XIRECS;10606.0;3;4;4
36400;;;GALAXY_SOUNDS_SOLAR_WINDS;XIRECS;10667.0;3;4;4
36400;;;OXYGEN_SHAKE_CHOCOLATE;XIRECS;9125.0;3;4;4
36400;;;OXYGEN_SHAKE_EVENING_BREATH;XIRECS;9334.0;3;4;4
36400;;;OXYGEN_SHAKE_GARLIC;XIRECS;11715.0;3;4;4
36400;;;OXYGEN_SHAKE_MINT;XIRECS;9673.0;3;4;4
36400;;;OXYGEN_SHAKE_MORNING_BREATH;XIRECS;9658.0;3;4;4
36400;;;PANEL_1X2;XIRECS;8753.0;3;4;4
36400;;;PANEL_1X4;XIRECS;8589.0;3;4;4
36400;;;PANEL_2X2;XIRECS;9054.0;3;4;4
36400;;;PANEL_2X4;XIRECS;10924.0;3;4;4
36400;;;PANEL_4X4;XIRECS;10601.0;3;4;4
36400;;;ROBOT_DISHES;XIRECS;10514.0;3;4;4
36400;;;ROBOT_IRONING;XIRECS;7737.0;3;4;4
36400;;;ROBOT_LAUNDRY;XIRECS;9198.0;3;4;4
36400;;;ROBOT_MOPPING;XIRECS;11665.0;3;4;4
36400;;;ROBOT_VACUUMING;XIRECS;8697.0;3;4;4
36400;;;SLEEP_POD_COTTON;XIRECS;12269.0;3;4;4
36400;;;SLEEP_POD_LAMB_WOOL;XIRECS;10869.0;3;4;4
36400;;;SLEEP_POD_NYLON;XIRECS;9666.0;3;4;4
36400;;;SLEEP_POD_POLYESTER;XIRECS;12818.0;3;4;4
36400;;;SLEEP_POD_SUEDE;XIRECS;12291.0;3;4;4
36400;;;SNACKPACK_CHOCOLATE;XIRECS;9837.0;3;4;4
36400;;;SNACKPACK_PISTACHIO;XIRECS;9318.0;3;4;4
36400;;;SNACKPACK_RASPBERRY;XIRECS;10253.0;3;4;4
36400;;;SNACKPACK_STRAWBERRY;XIRECS;10705.0;3;4;4
36400;;;SNACKPACK_VANILLA;XIRECS;10020.0;3;4;4
36400;;;TRANSLATOR_ASTRO_BLACK;XIRECS;9270.0;3;4;4
36400;;;TRANSLATOR_ECLIPSE_CHARCOAL;XIRECS;9517.0;3;4;4
36400;;;TRANSLATOR_GRAPHITE_MIST;XIRECS;11153.0;3;4;4
36400;;;TRANSLATOR_SPACE_GRAY;XIRECS;10222.0;3;4;4
36400;;;TRANSLATOR_VOID_BLUE;XIRECS;10793.0;3;4;4
36400;;;UV_VISOR_AMBER;XIRECS;7123.0;3;4;4
36400;;;UV_VISOR_MAGENTA;XIRECS;11208.0;3;4;4
36400;;;UV_VISOR_ORANGE;XIRECS;10325.0;3;4;4
36400;;;UV_VISOR_RED;XIRECS;11286.0;3;4;4
36400;;;UV_VISOR_YELLOW;XIRECS;12089.0;3;4;4
37500;;SUBMISSION;SNACKPACK_PISTACHIO;XIRECS;9328.0;2;4;4
37500;;SUBMISSION;SNACKPACK_STRAWBERRY;XIRECS;10729.0;2;4;4
37500;;SUBMISSION;SNACKPACK_VANILLA;XIRECS;10058.0;2;4;4
37800;SUBMISSION;;SLEEP_POD_COTTON;XIRECS;12321.0;5;4;4
38400;SUBMISSION;;MICROCHIP_OVAL;XIRECS;7506.0;5;4;4
38600;SUBMISSION;;SNACKPACK_PISTACHIO;XIRECS;9326.0;2;4;4
38600;SUBMISSION;;SNACKPACK_STRAWBERRY;XIRECS;10727.0;2;4;4
38600;SUBMISSION;;SNACKPACK_VANILLA;XIRECS;10053.0;2;4;4
39800;SUBMISSION;;PEBBLES_XL;XIRECS;12222.0;2;4;4
39800;;;PEBBLES_L;XIRECS;10797.0;5;4;4
39800;;;PEBBLES_M;XIRECS;11172.0;5;4;4
39800;;;PEBBLES_S;XIRECS;8785.0;5;4;4
39800;;;PEBBLES_XS;XIRECS;6993.0;5;4;4
40300;;SUBMISSION;PEBBLES_XL;XIRECS;12296.0;2;4;4
40300;;;PEBBLES_L;XIRECS;10762.0;2;4;4
40300;;;PEBBLES_M;XIRECS;11163.0;2;4;4
40300;;;PEBBLES_S;XIRECS;8787.0;2;4;4
40300;;;PEBBLES_XS;XIRECS;7024.0;2;4;4
40600;;;GALAXY_SOUNDS_BLACK_HOLES;XIRECS;11895.0;4;4;4
40600;;;GALAXY_SOUNDS_DARK_MATTER;XIRECS;10894.0;4;4;4
40600;;;GALAXY_SOUNDS_PLANETARY_RINGS;XIRECS;11436.0;4;4;4
40600;;;GALAXY_SOUNDS_SOLAR_FLAMES;XIRECS;10531.0;4;4;4
40600;;;GALAXY_SOUNDS_SOLAR_WINDS;XIRECS;10556.0;4;4;4
40600;;;OXYGEN_SHAKE_CHOCOLATE;XIRECS;9144.0;4;4;4
40600;;;OXYGEN_SHAKE_EVENING_BREATH;XIRECS;9334.0;4;4;4
40600;;;OXYGEN_SHAKE_GARLIC;XIRECS;11808.0;4;4;4
40600;;;OXYGEN_SHAKE_MINT;XIRECS;9684.0;4;4;4
40600;;;OXYGEN_SHAKE_MORNING_BREATH;XIRECS;9636.0;4;4;4
40600;;;PANEL_1X2;XIRECS;8710.0;4;4;4
40600;;;PANEL_1X4;XIRECS;8590.0;4;4;4
40600;;;PANEL_2X2;XIRECS;9064.0;4;4;4
40600;;;PANEL_2X4;XIRECS;10953.0;4;4;4
40600;;;PANEL_4X4;XIRECS;10618.0;4;4;4
40600;;;ROBOT_DISHES;XIRECS;10568.0;4;4;4
40600;;;ROBOT_IRONING;XIRECS;7827.0;4;4;4
40600;;;ROBOT_LAUNDRY;XIRECS;9171.0;4;4;4
40600;;;ROBOT_MOPPING;XIRECS;11734.0;4;4;4
40600;;;ROBOT_VACUUMING;XIRECS;8767.0;4;4;4
40600;;;SLEEP_POD_COTTON;XIRECS;12402.0;4;4;4
40600;;;SLEEP_POD_LAMB_WOOL;XIRECS;10747.0;4;4;4
40600;;;SLEEP_POD_NYLON;XIRECS;9727.0;4;4;4
40600;;;SLEEP_POD_POLYESTER;XIRECS;12786.0;4;4;4
40600;;;SLEEP_POD_SUEDE;XIRECS;12221.0;4;4;4
40600;;;SNACKPACK_CHOCOLATE;XIRECS;9829.0;4;4;4
40600;;;SNACKPACK_PISTACHIO;XIRECS;9350.0;4;4;4
40600;;;SNACKPACK_RASPBERRY;XIRECS;10184.0;4;4;4
40600;;;SNACKPACK_STRAWBERRY;XIRECS;10766.0;4;4;4
40600;;;SNACKPACK_VANILLA;XIRECS;10035.0;4;4;4
40600;;;TRANSLATOR_ASTRO_BLACK;XIRECS;9308.0;4;4;4
40600;;;TRANSLATOR_ECLIPSE_CHARCOAL;XIRECS;9563.0;4;4;4
40600;;;TRANSLATOR_GRAPHITE_MIST;XIRECS;11253.0;4;4;4
40600;;;TRANSLATOR_SPACE_GRAY;XIRECS;10175.0;4;4;4
40600;;;TRANSLATOR_VOID_BLUE;XIRECS;10718.0;4;4;4
40600;;;UV_VISOR_AMBER;XIRECS;7036.0;4;4;4
40600;;;UV_VISOR_MAGENTA;XIRECS;11182.0;4;4;4
40600;;;UV_VISOR_ORANGE;XIRECS;10359.0;4;4;4
40600;;;UV_VISOR_RED;XIRECS;11321.0;4;4;4
40600;;;UV_VISOR_YELLOW;XIRECS;12106.0;4;4;4
42000;SUBMISSION;;MICROCHIP_CIRCLE;XIRECS;8626.0;5;4;4
42100;;SUBMISSION;SNACKPACK_PISTACHIO;XIRECS;9329.0;3;4;4
42100;;SUBMISSION;SNACKPACK_STRAWBERRY;XIRECS;10749.0;3;4;4
42100;;SUBMISSION;SNACKPACK_VANILLA;XIRECS;10064.0;3;4;4
42200;;SUBMISSION;SNACKPACK_PISTACHIO;XIRECS;9342.0;1;4;4
42200;;SUBMISSION;SNACKPACK_STRAWBERRY;XIRECS;10762.0;1;4;4
42200;;SUBMISSION;SNACKPACK_VANILLA;XIRECS;10060.0;1;4;4
42200;;;GALAXY_SOUNDS_BLACK_HOLES;XIRECS;11882.0;4;4;4
42200;;;GALAXY_SOUNDS_DARK_MATTER;XIRECS;10892.0;4;4;4
42200;;;GALAXY_SOUNDS_PLANETARY_RINGS;XIRECS;11395.0;4;4;4
42200;;;GALAXY_SOUNDS_SOLAR_FLAMES;XIRECS;10483.0;4;4;4
42200;;;GALAXY_SOUNDS_SOLAR_WINDS;XIRECS;10537.0;4;4;4
42200;;;OXYGEN_SHAKE_CHOCOLATE;XIRECS;9156.0;4;4;4
42200;;;OXYGEN_SHAKE_EVENING_BREATH;XIRECS;9326.0;4;4;4
42200;;;OXYGEN_SHAKE_GARLIC;XIRECS;11808.0;4;4;4
42200;;;OXYGEN_SHAKE_MINT;XIRECS;9753.0;4;4;4
42200;;;OXYGEN_SHAKE_MORNING_BREATH;XIRECS;9676.0;4;4;4
42200;;;PANEL_1X2;XIRECS;8733.0;4;4;4
42200;;;PANEL_1X4;XIRECS;8612.0;4;4;4
42200;;;PANEL_2X2;XIRECS;9081.0;4;4;4
42200;;;PANEL_2X4;XIRECS;10993.0;4;4;4
42200;;;PANEL_4X4;XIRECS;10594.0;4;4;4
42200;;;ROBOT_DISHES;XIRECS;10520.0;4;4;4
42200;;;ROBOT_IRONING;XIRECS;7843.0;4;4;4
42200;;;ROBOT_LAUNDRY;XIRECS;9168.0;4;4;4
42200;;;ROBOT_MOPPING;XIRECS;11714.0;4;4;4
42200;;;ROBOT_VACUUMING;XIRECS;8769.0;4;4;4
42200;;;SLEEP_POD_COTTON;XIRECS;12463.0;4;4;4
42200;;;SLEEP_POD_LAMB_WOOL;XIRECS;10758.0;4;4;4
42200;;;SLEEP_POD_NYLON;XIRECS;9710.0;4;4;4
42200;;;SLEEP_POD_POLYESTER;XIRECS;12887.0;4;4;4
42200;;;SLEEP_POD_SUEDE;XIRECS;12212.0;4;4;4
42200;;;SNACKPACK_CHOCOLATE;XIRECS;9842.0;4;4;4
42200;;;SNACKPACK_RASPBERRY;XIRECS;10215.0;4;4;4
42200;;;TRANSLATOR_ASTRO_BLACK;XIRECS;9380.0;4;4;4
42200;;;TRANSLATOR_ECLIPSE_CHARCOAL;XIRECS;9574.0;4;4;4
42200;;;TRANSLATOR_GRAPHITE_MIST;XIRECS;11346.0;4;4;4
42200;;;TRANSLATOR_SPACE_GRAY;XIRECS;10183.0;4;4;4
42200;;;TRANSLATOR_VOID_BLUE;XIRECS;10741.0;4;4;4
42200;;;UV_VISOR_AMBER;XIRECS;7019.0;4;4;4
42200;;;UV_VISOR_MAGENTA;XIRECS;11194.0;4;4;4
42200;;;UV_VISOR_ORANGE;XIRECS;10308.0;4;4;4
42200;;;UV_VISOR_RED;XIRECS;11369.0;4;4;4
42200;;;UV_VISOR_YELLOW;XIRECS;12176.0;4;4;4
42300;;;GALAXY_SOUNDS_BLACK_HOLES;XIRECS;11848.0;1;4;4
42300;;;GALAXY_SOUNDS_DARK_MATTER;XIRECS;10882.0;1;4;4
42300;;;GALAXY_SOUNDS_PLANETARY_RINGS;XIRECS;11364.0;1;4;4
42300;;;GALAXY_SOUNDS_SOLAR_FLAMES;XIRECS;10473.0;1;4;4
42300;;;GALAXY_SOUNDS_SOLAR_WINDS;XIRECS;10522.0;1;4;4
42300;;;OXYGEN_SHAKE_CHOCOLATE;XIRECS;9138.0;1;4;4
42300;;;OXYGEN_SHAKE_EVENING_BREATH;XIRECS;9304.0;1;4;4
42300;;;OXYGEN_SHAKE_GARLIC;XIRECS;11803.0;1;4;4
42300;;;OXYGEN_SHAKE_MINT;XIRECS;9744.0;1;4;4
42300;;;OXYGEN_SHAKE_MORNING_BREATH;XIRECS;9663.0;1;4;4
42300;;;PANEL_1X2;XIRECS;8723.0;1;4;4
42300;;;PANEL_1X4;XIRECS;8618.0;1;4;4
42300;;;PANEL_2X2;XIRECS;9080.0;1;4;4
42300;;;PANEL_2X4;XIRECS;10969.0;1;4;4
42300;;;PANEL_4X4;XIRECS;10581.0;1;4;4
42300;;;ROBOT_DISHES;XIRECS;10518.0;1;4;4
42300;;;ROBOT_IRONING;XIRECS;7827.0;1;4;4
42300;;;ROBOT_LAUNDRY;XIRECS;9144.0;1;4;4
42300;;;ROBOT_MOPPING;XIRECS;11709.0;1;4;4
42300;;;ROBOT_VACUUMING;XIRECS;8763.0;1;4;4
42300;;;SLEEP_POD_COTTON;XIRECS;12428.0;1;4;4
42300;;;SLEEP_POD_LAMB_WOOL;XIRECS;10754.0;1;4;4
42300;;;SLEEP_POD_NYLON;XIRECS;9712.0;1;4;4
42300;;;SLEEP_POD_POLYESTER;XIRECS;12868.0;1;4;4
42300;;;SLEEP_POD_SUEDE;XIRECS;12192.0;1;4;4
42300;;;SNACKPACK_CHOCOLATE;XIRECS;9824.0;1;4;4
42300;;;SNACKPACK_PISTACHIO;XIRECS;9328.0;1;4;4
42300;;;SNACKPACK_RASPBERRY;XIRECS;10192.0;1;4;4
42300;;;SNACKPACK_STRAWBERRY;XIRECS;10748.0;1;4;4
42300;;;SNACKPACK_VANILLA;XIRECS;10046.0;1;4;4
42300;;;TRANSLATOR_ASTRO_BLACK;XIRECS;9347.0;1;4;4
42300;;;TRANSLATOR_ECLIPSE_CHARCOAL;XIRECS;9556.0;1;4;4
42300;;;TRANSLATOR_GRAPHITE_MIST;XIRECS;11330.0;1;4;4
42300;;;TRANSLATOR_SPACE_GRAY;XIRECS;10170.0;1;4;4
42300;;;TRANSLATOR_VOID_BLUE;XIRECS;10728.0;1;4;4
42300;;;UV_VISOR_AMBER;XIRECS;7017.0;1;4;4
42300;;;UV_VISOR_MAGENTA;XIRECS;11189.0;1;4;4
42300;;;UV_VISOR_ORANGE;XIRECS;10286.0;1;4;4
42300;;;UV_VISOR_RED;XIRECS;11347.0;1;4;4
42300;;;UV_VISOR_YELLOW;XIRECS;12150.0;1;4;4
42400;SUBMISSION;;MICROCHIP_OVAL;XIRECS;7518.0;5;4;4
42900;;;GALAXY_SOUNDS_BLACK_HOLES;XIRECS;11806.0;3;4;4
42900;;;GALAXY_SOUNDS_DARK_MATTER;XIRECS;10861.0;3;4;4
42900;;;GALAXY_SOUNDS_PLANETARY_RINGS;XIRECS;11360.0;3;4;4
42900;;;GALAXY_SOUNDS_SOLAR_FLAMES;XIRECS;10516.0;3;4;4
42900;;;GALAXY_SOUNDS_SOLAR_WINDS;XIRECS;10539.0;3;4;4
42900;;;OXYGEN_SHAKE_CHOCOLATE;XIRECS;9117.0;3;4;4
42900;;;OXYGEN_SHAKE_EVENING_BREATH;XIRECS;9344.0;3;4;4
42900;;;OXYGEN_SHAKE_GARLIC;XIRECS;11833.0;3;4;4
42900;;;OXYGEN_SHAKE_MINT;XIRECS;9772.0;3;4;4
42900;;;OXYGEN_SHAKE_MORNING_BREATH;XIRECS;9687.0;3;4;4
42900;;;PANEL_1X2;XIRECS;8741.0;3;4;4
42900;;;PANEL_1X4;XIRECS;8637.0;3;4;4
42900;;;PANEL_2X2;XIRECS;9074.0;3;4;4
42900;;;PANEL_2X4;XIRECS;10968.0;3;4;4
42900;;;PANEL_4X4;XIRECS;10596.0;3;4;4
42900;;;ROBOT_DISHES;XIRECS;10526.0;3;4;4
42900;;;ROBOT_IRONING;XIRECS;7817.0;3;4;4
42900;;;ROBOT_LAUNDRY;XIRECS;9088.0;3;4;4
42900;;;ROBOT_MOPPING;XIRECS;11710.0;3;4;4
42900;;;ROBOT_VACUUMING;XIRECS;8757.0;3;4;4
42900;;;SLEEP_POD_COTTON;XIRECS;12390.0;3;4;4
42900;;;SLEEP_POD_LAMB_WOOL;XIRECS;10722.0;3;4;4
42900;;;SLEEP_POD_NYLON;XIRECS;9703.0;3;4;4
42900;;;SLEEP_POD_POLYESTER;XIRECS;12865.0;3;4;4
42900;;;SLEEP_POD_SUEDE;XIRECS;12166.0;3;4;4
42900;;;SNACKPACK_CHOCOLATE;XIRECS;9803.0;3;4;4
42900;;;SNACKPACK_PISTACHIO;XIRECS;9303.0;3;4;4
42900;;;SNACKPACK_RASPBERRY;XIRECS;10231.0;3;4;4
42900;;;SNACKPACK_STRAWBERRY;XIRECS;10701.0;3;4;4
42900;;;SNACKPACK_VANILLA;XIRECS;10073.0;3;4;4
42900;;;TRANSLATOR_ASTRO_BLACK;XIRECS;9350.0;3;4;4
42900;;;TRANSLATOR_ECLIPSE_CHARCOAL;XIRECS;9544.0;3;4;4
42900;;;TRANSLATOR_GRAPHITE_MIST;XIRECS;11327.0;3;4;4
42900;;;TRANSLATOR_SPACE_GRAY;XIRECS;10181.0;3;4;4
42900;;;TRANSLATOR_VOID_BLUE;XIRECS;10694.0;3;4;4
42900;;;UV_VISOR_AMBER;XIRECS;7026.0;3;4;4
42900;;;UV_VISOR_MAGENTA;XIRECS;11167.0;3;4;4
42900;;;UV_VISOR_ORANGE;XIRECS;10297.0;3;4;4
42900;;;UV_VISOR_RED;XIRECS;11326.0;3;4;4
42900;;;UV_VISOR_YELLOW;XIRECS;12205.0;3;4;4
43700;;;MICROCHIP_CIRCLE;XIRECS;8615.0;1;4;4
43700;;;MICROCHIP_OVAL;XIRECS;7509.0;1;4;4
43700;;;MICROCHIP_RECTANGLE;XIRECS;7953.0;1;4;4
43700;;;MICROCHIP_SQUARE;XIRECS;15916.0;1;4;4
43700;;;MICROCHIP_TRIANGLE;XIRECS;9226.0;1;4;4
44200;;SUBMISSION;GALAXY_SOUNDS_PLANETARY_RINGS;XIRECS;11313.0;5;4;4
44600;SUBMISSION;;SNACKPACK_PISTACHIO;XIRECS;9311.0;4;4;4
44600;SUBMISSION;;SNACKPACK_STRAWBERRY;XIRECS;10707.0;4;4;4
44600;SUBMISSION;;SNACKPACK_VANILLA;XIRECS;10083.0;4;4;4
45300;SUBMISSION;;PEBBLES_XL;XIRECS;12456.0;2;4;4
45300;;;PEBBLES_L;XIRECS;10777.0;2;4;4
45300;;;PEBBLES_M;XIRECS;10938.0;2;4;4
45300;;;PEBBLES_S;XIRECS;8766.0;2;4;4
45300;;;PEBBLES_XS;XIRECS;7031.0;2;4;4
45700;;SUBMISSION;SNACKPACK_PISTACHIO;XIRECS;9334.0;2;4;4
45700;;SUBMISSION;SNACKPACK_STRAWBERRY;XIRECS;10736.0;2;4;4
45700;;SUBMISSION;SNACKPACK_VANILLA;XIRECS;10064.0;2;4;4
45800;SUBMISSION;;SNACKPACK_PISTACHIO;XIRECS;9335.0;2;4;4
45800;SUBMISSION;;SNACKPACK_STRAWBERRY;XIRECS;10741.0;2;4;4
45800;SUBMISSION;;SNACKPACK_VANILLA;XIRECS;10070.0;2;4;4
45900;;SUBMISSION;PEBBLES_XL;XIRECS;12453.0;6;4;4
46100;;SUBMISSION;GALAXY_SOUNDS_PLANETARY_RINGS;XIRECS;11285.0;5;4;4
46900;SUBMISSION;;PEBBLES_XL;XIRECS;12327.0;6;4;4
47100;;SUBMISSION;PEBBLES_XL;XIRECS;12318.0;2;4;4
47100;;;PEBBLES_L;XIRECS;10849.0;2;4;4
47100;;;PEBBLES_M;XIRECS;10972.0;2;4;4
47100;;;PEBBLES_S;XIRECS;8777.0;2;4;4
47100;;;PEBBLES_XS;XIRECS;7114.0;2;4;4
47500;;SUBMISSION;OXYGEN_SHAKE_MORNING_BREATH;XIRECS;9609.0;5;4;4
52200;;SUBMISSION;PEBBLES_XL;XIRECS;12287.0;7;4;4
52700;SUBMISSION;;OXYGEN_SHAKE_MORNING_BREATH;XIRECS;9711.0;5;4;4
52800;;SUBMISSION;SNACKPACK_PISTACHIO;XIRECS;9429.0;5;4;4
52800;;SUBMISSION;SNACKPACK_STRAWBERRY;XIRECS;10886.0;5;4;4
52800;;SUBMISSION;SNACKPACK_VANILLA;XIRECS;10177.0;5;4;4
53300;;;MICROCHIP_CIRCLE;XIRECS;8623.0;3;4;4
53300;;;MICROCHIP_OVAL;XIRECS;7473.0;3;4;4
53300;;;MICROCHIP_RECTANGLE;XIRECS;7846.0;3;4;4
53300;;;MICROCHIP_SQUARE;XIRECS;15647.0;3;4;4
53300;;;MICROCHIP_TRIANGLE;XIRECS;9377.0;3;4;4
53500;SUBMISSION;;SNACKPACK_PISTACHIO;XIRECS;9407.0;1;4;4
53500;SUBMISSION;;SNACKPACK_STRAWBERRY;XIRECS;10846.0;1;4;4
53500;SUBMISSION;;SNACKPACK_VANILLA;XIRECS;10176.0;1;4;4
53500;;;GALAXY_SOUNDS_BLACK_HOLES;XIRECS;11811.0;2;4;4
53500;;;GALAXY_SOUNDS_DARK_MATTER;XIRECS;10987.0;2;4;4
53500;;;GALAXY_SOUNDS_PLANETARY_RINGS;XIRECS;11105.0;2;4;4
53500;;;GALAXY_SOUNDS_SOLAR_FLAMES;XIRECS;10691.0;2;4;4
53500;;;GALAXY_SOUNDS_SOLAR_WINDS;XIRECS;10521.0;2;4;4
53500;;;OXYGEN_SHAKE_CHOCOLATE;XIRECS;9090.0;2;4;4
53500;;;OXYGEN_SHAKE_EVENING_BREATH;XIRECS;9374.0;2;4;4
53500;;;OXYGEN_SHAKE_GARLIC;XIRECS;11739.0;2;4;4
53500;;;OXYGEN_SHAKE_MINT;XIRECS;9695.0;2;4;4
53500;;;OXYGEN_SHAKE_MORNING_BREATH;XIRECS;9712.0;2;4;4
53500;;;PANEL_1X2;XIRECS;8815.0;2;4;4
53500;;;PANEL_1X4;XIRECS;8628.0;2;4;4
53500;;;PANEL_2X2;XIRECS;9069.0;2;4;4
53500;;;PANEL_2X4;XIRECS;11011.0;2;4;4
53500;;;PANEL_4X4;XIRECS;10686.0;2;4;4
53500;;;ROBOT_DISHES;XIRECS;10359.0;2;4;4
53500;;;ROBOT_IRONING;XIRECS;7867.0;2;4;4
53500;;;ROBOT_LAUNDRY;XIRECS;9047.0;2;4;4
53500;;;ROBOT_MOPPING;XIRECS;11700.0;2;4;4
53500;;;ROBOT_VACUUMING;XIRECS;8698.0;2;4;4
53500;;;SLEEP_POD_COTTON;XIRECS;12446.0;2;4;4
53500;;;SLEEP_POD_LAMB_WOOL;XIRECS;10595.0;2;4;4
53500;;;SLEEP_POD_NYLON;XIRECS;9829.0;2;4;4
53500;;;SLEEP_POD_POLYESTER;XIRECS;13028.0;2;4;4
53500;;;SLEEP_POD_SUEDE;XIRECS;12312.0;2;4;4
53500;;;SNACKPACK_CHOCOLATE;XIRECS;9688.0;2;4;4
53500;;;SNACKPACK_RASPBERRY;XIRECS;10068.0;2;4;4
53500;;;TRANSLATOR_ASTRO_BLACK;XIRECS;9376.0;2;4;4
53500;;;TRANSLATOR_ECLIPSE_CHARCOAL;XIRECS;9642.0;2;4;4
53500;;;TRANSLATOR_GRAPHITE_MIST;XIRECS;11469.0;2;4;4
53500;;;TRANSLATOR_SPACE_GRAY;XIRECS;10017.0;2;4;4
53500;;;TRANSLATOR_VOID_BLUE;XIRECS;10718.0;2;4;4
53500;;;UV_VISOR_AMBER;XIRECS;6868.0;2;4;4
53500;;;UV_VISOR_MAGENTA;XIRECS;11228.0;2;4;4
53500;;;UV_VISOR_ORANGE;XIRECS;10389.0;2;4;4
53500;;;UV_VISOR_RED;XIRECS;11414.0;2;4;4
53500;;;UV_VISOR_YELLOW;XIRECS;12286.0;2;4;4
55800;SUBMISSION;;SNACKPACK_PISTACHIO;XIRECS;9430.0;4;4;4
55800;SUBMISSION;;SNACKPACK_STRAWBERRY;XIRECS;10872.0;4;4;4
55800;SUBMISSION;;SNACKPACK_VANILLA;XIRECS;10189.0;4;4;4
57000;;SUBMISSION;PEBBLES_XL;XIRECS;12264.0;5;4;4
57100;;SUBMISSION;MICROCHIP_CIRCLE;XIRECS;8575.0;5;4;4
57200;;SUBMISSION;MICROCHIP_OVAL;XIRECS;7396.0;5;4;4
57800;;;GALAXY_SOUNDS_BLACK_HOLES;XIRECS;11901.0;1;4;4
57800;;;GALAXY_SOUNDS_DARK_MATTER;XIRECS;10987.0;1;4;4
57800;;;GALAXY_SOUNDS_PLANETARY_RINGS;XIRECS;10918.0;1;4;4
57800;;;GALAXY_SOUNDS_SOLAR_FLAMES;XIRECS;10663.0;1;4;4
57800;;;GALAXY_SOUNDS_SOLAR_WINDS;XIRECS;10557.0;1;4;4
57800;;;OXYGEN_SHAKE_CHOCOLATE;XIRECS;9048.0;1;4;4
57800;;;OXYGEN_SHAKE_EVENING_BREATH;XIRECS;9354.0;1;4;4
57800;;;OXYGEN_SHAKE_GARLIC;XIRECS;11660.0;1;4;4
57800;;;OXYGEN_SHAKE_MINT;XIRECS;9743.0;1;4;4
57800;;;OXYGEN_SHAKE_MORNING_BREATH;XIRECS;9766.0;1;4;4
57800;;;PANEL_1X2;XIRECS;8771.0;1;4;4
57800;;;PANEL_1X4;XIRECS;8649.0;1;4;4
57800;;;PANEL_2X2;XIRECS;9014.0;1;4;4
57800;;;PANEL_2X4;XIRECS;10949.0;1;4;4
57800;;;PANEL_4X4;XIRECS;10640.0;1;4;4
57800;;;ROBOT_DISHES;XIRECS;10242.0;1;4;4
57800;;;ROBOT_IRONING;XIRECS;7837.0;1;4;4
57800;;;ROBOT_LAUNDRY;XIRECS;9055.0;1;4;4
57800;;;ROBOT_MOPPING;XIRECS;11634.0;1;4;4
57800;;;ROBOT_VACUUMING;XIRECS;8815.0;1;4;4
57800;;;SLEEP_POD_COTTON;XIRECS;12503.0;1;4;4
57800;;;SLEEP_POD_LAMB_WOOL;XIRECS;10506.0;1;4;4
57800;;;SLEEP_POD_NYLON;XIRECS;9936.0;1;4;4
57800;;;SLEEP_POD_POLYESTER;XIRECS;13099.0;1;4;4
57800;;;SLEEP_POD_SUEDE;XIRECS;12382.0;1;4;4
57800;;;SNACKPACK_CHOCOLATE;XIRECS;9663.0;1;4;4
57800;;;SNACKPACK_PISTACHIO;XIRECS;9431.0;1;4;4
57800;;;SNACKPACK_RASPBERRY;XIRECS;10042.0;1;4;4
57800;;;SNACKPACK_STRAWBERRY;XIRECS;10877.0;1;4;4
57800;;;SNACKPACK_VANILLA;XIRECS;10201.0;1;4;4
57800;;;TRANSLATOR_ASTRO_BLACK;XIRECS;9366.0;1;4;4
57800;;;TRANSLATOR_ECLIPSE_CHARCOAL;XIRECS;9749.0;1;4;4
57800;;;TRANSLATOR_GRAPHITE_MIST;XIRECS;11395.0;1;4;4
57800;;;TRANSLATOR_SPACE_GRAY;XIRECS;10117.0;1;4;4
57800;;;TRANSLATOR_VOID_BLUE;XIRECS;10706.0;1;4;4
57800;;;UV_VISOR_AMBER;XIRECS;6810.0;1;4;4
57800;;;UV_VISOR_MAGENTA;XIRECS;11246.0;1;4;4
57800;;;UV_VISOR_ORANGE;XIRECS;10398.0;1;4;4
57800;;;UV_VISOR_RED;XIRECS;11257.0;1;4;4
57800;;;UV_VISOR_YELLOW;XIRECS;12207.0;1;4;4
57900;;SUBMISSION;PEBBLES_XL;XIRECS;12210.0;2;4;4
57900;;;MICROCHIP_CIRCLE;XIRECS;8584.0;3;4;4
57900;;;MICROCHIP_OVAL;XIRECS;7409.0;3;4;4
57900;;;MICROCHIP_RECTANGLE;XIRECS;7737.0;3;4;4
57900;;;MICROCHIP_SQUARE;XIRECS;15834.0;3;4;4
57900;;;MICROCHIP_TRIANGLE;XIRECS;9526.0;3;4;4
57900;;;PEBBLES_L;XIRECS;10945.0;5;4;4
57900;;;PEBBLES_M;XIRECS;11080.0;5;4;4
57900;;;PEBBLES_S;XIRECS;8788.0;5;4;4
57900;;;PEBBLES_XS;XIRECS;7009.0;5;4;4
59300;;;PEBBLES_L;XIRECS;10928.0;4;4;4
59300;;;PEBBLES_M;XIRECS;11143.0;4;4;4
59300;;;PEBBLES_S;XIRECS;8746.0;4;4;4
59300;;;PEBBLES_XL;XIRECS;12134.0;4;4;4
59300;;;PEBBLES_XS;XIRECS;7082.0;4;4;4
59400;SUBMISSION;;PEBBLES_XL;XIRECS;12136.0;2;4;4
59400;;;PEBBLES_L;XIRECS;10896.0;5;4;4
59400;;;PEBBLES_M;XIRECS;11134.0;5;4;4
59400;;;PEBBLES_S;XIRECS;8740.0;5;4;4
59400;;;PEBBLES_XS;XIRECS;7062.0;5;4;4
59800;;SUBMISSION;MICROCHIP_OVAL;XIRECS;7343.0;5;4;4
59900;;SUBMISSION;SNACKPACK_PISTACHIO;XIRECS;9442.0;3;4;4
59900;;SUBMISSION;SNACKPACK_STRAWBERRY;XIRECS;10886.0;3;4;4
59900;;SUBMISSION;SNACKPACK_VANILLA;XIRECS;10211.0;3;4;4
60200;;;GALAXY_SOUNDS_BLACK_HOLES;XIRECS;11874.0;3;4;4
60200;;;GALAXY_SOUNDS_DARK_MATTER;XIRECS;11025.0;3;4;4
60200;;;GALAXY_SOUNDS_PLANETARY_RINGS;XIRECS;10985.0;3;4;4
60200;;;GALAXY_SOUNDS_SOLAR_FLAMES;XIRECS;10698.0;3;4;4
60200;;;GALAXY_SOUNDS_SOLAR_WINDS;XIRECS;10554.0;3;4;4
60200;;;OXYGEN_SHAKE_CHOCOLATE;XIRECS;9050.0;3;4;4
60200;;;OXYGEN_SHAKE_EVENING_BREATH;XIRECS;9324.0;3;4;4
60200;;;OXYGEN_SHAKE_GARLIC;XIRECS;11637.0;3;4;4
60200;;;OXYGEN_SHAKE_MINT;XIRECS;9691.0;3;4;4
60200;;;OXYGEN_SHAKE_MORNING_BREATH;XIRECS;9731.0;3;4;4
60200;;;PANEL_1X2;XIRECS;8822.0;3;4;4
60200;;;PANEL_1X4;XIRECS;8636.0;3;4;4
60200;;;PANEL_2X2;XIRECS;8963.0;3;4;4
60200;;;PANEL_2X4;XIRECS;10914.0;3;4;4
60200;;;PANEL_4X4;XIRECS;10819.0;3;4;4
60200;;;ROBOT_DISHES;XIRECS;10190.0;3;4;4
60200;;;ROBOT_IRONING;XIRECS;7827.0;3;4;4
60200;;;ROBOT_LAUNDRY;XIRECS;9022.0;3;4;4
60200;;;ROBOT_MOPPING;XIRECS;11670.0;3;4;4
60200;;;ROBOT_VACUUMING;XIRECS;8876.0;3;4;4
60200;;;SLEEP_POD_COTTON;XIRECS;12491.0;3;4;4
60200;;;SLEEP_POD_LAMB_WOOL;XIRECS;10512.0;3;4;4
60200;;;SLEEP_POD_NYLON;XIRECS;9950.0;3;4;4
60200;;;SLEEP_POD_POLYESTER;XIRECS;13218.0;3;4;4
60200;;;SLEEP_POD_SUEDE;XIRECS;12408.0;3;4;4
60200;;;SNACKPACK_CHOCOLATE;XIRECS;9652.0;3;4;4
60200;;;SNACKPACK_PISTACHIO;XIRECS;9451.0;3;4;4
60200;;;SNACKPACK_RASPBERRY;XIRECS;10027.0;3;4;4
60200;;;SNACKPACK_STRAWBERRY;XIRECS;10889.0;3;4;4
60200;;;SNACKPACK_VANILLA;XIRECS;10210.0;3;4;4
60200;;;TRANSLATOR_ASTRO_BLACK;XIRECS;9376.0;3;4;4
60200;;;TRANSLATOR_ECLIPSE_CHARCOAL;XIRECS;9789.0;3;4;4
60200;;;TRANSLATOR_GRAPHITE_MIST;XIRECS;11381.0;3;4;4
60200;;;TRANSLATOR_SPACE_GRAY;XIRECS;9990.0;3;4;4
60200;;;TRANSLATOR_VOID_BLUE;XIRECS;10654.0;3;4;4
60200;;;UV_VISOR_AMBER;XIRECS;6842.0;3;4;4
60200;;;UV_VISOR_MAGENTA;XIRECS;11290.0;3;4;4
60200;;;UV_VISOR_ORANGE;XIRECS;10383.0;3;4;4
60200;;;UV_VISOR_RED;XIRECS;11264.0;3;4;4
60200;;;UV_VISOR_YELLOW;XIRECS;12185.0;3;4;4
60900;;;MICROCHIP_CIRCLE;XIRECS;8589.0;2;4;4
60900;;;MICROCHIP_OVAL;XIRECS;7314.0;2;4;4
60900;;;MICROCHIP_RECTANGLE;XIRECS;7638.0;2;4;4
60900;;;MICROCHIP_SQUARE;XIRECS;15875.0;2;4;4
60900;;;MICROCHIP_TRIANGLE;XIRECS;9507.0;2;4;4
61700;;SUBMISSION;MICROCHIP_OVAL;XIRECS;7301.0;5;4;4
63100;;;MICROCHIP_CIRCLE;XIRECS;8580.0;3;4;4
63100;;;MICROCHIP_OVAL;XIRECS;7241.0;3;4;4
63100;;;MICROCHIP_RECTANGLE;XIRECS;7636.0;3;4;4
63100;;;MICROCHIP_SQUARE;XIRECS;15794.0;3;4;4
63100;;;MICROCHIP_TRIANGLE;XIRECS;9466.0;3;4;4
63200;;SUBMISSION;MICROCHIP_OVAL;XIRECS;7232.0;5;4;4
63500;;;GALAXY_SOUNDS_BLACK_HOLES;XIRECS;11784.0;2;4;4
63500;;;GALAXY_SOUNDS_DARK_MATTER;XIRECS;10931.0;2;4;4
63500;;;GALAXY_SOUNDS_PLANETARY_RINGS;XIRECS;10871.0;2;4;4
63500;;;GALAXY_SOUNDS_SOLAR_FLAMES;XIRECS;10701.0;2;4;4
63500;;;GALAXY_SOUNDS_SOLAR_WINDS;XIRECS;10518.0;2;4;4
63500;;;OXYGEN_SHAKE_CHOCOLATE;XIRECS;9026.0;2;4;4
63500;;;OXYGEN_SHAKE_EVENING_BREATH;XIRECS;9364.0;2;4;4
63500;;;OXYGEN_SHAKE_GARLIC;XIRECS;11674.0;2;4;4
63500;;;OXYGEN_SHAKE_MINT;XIRECS;9617.0;2;4;4
63500;;;OXYGEN_SHAKE_MORNING_BREATH;XIRECS;9696.0;2;4;4
63500;;;PANEL_1X2;XIRECS;8782.0;2;4;4
63500;;;PANEL_1X4;XIRECS;8539.0;2;4;4
63500;;;PANEL_2X2;XIRECS;8951.0;2;4;4
63500;;;PANEL_2X4;XIRECS;10968.0;2;4;4
63500;;;PANEL_4X4;XIRECS;10843.0;2;4;4
63500;;;ROBOT_DISHES;XIRECS;10200.0;2;4;4
63500;;;ROBOT_IRONING;XIRECS;7837.0;2;4;4
63500;;;ROBOT_LAUNDRY;XIRECS;9059.0;2;4;4
63500;;;ROBOT_MOPPING;XIRECS;11685.0;2;4;4
63500;;;ROBOT_VACUUMING;XIRECS;8815.0;2;4;4
63500;;;SLEEP_POD_COTTON;XIRECS;12398.0;2;4;4
63500;;;SLEEP_POD_LAMB_WOOL;XIRECS;10544.0;2;4;4
63500;;;SLEEP_POD_NYLON;XIRECS;9937.0;2;4;4
63500;;;SLEEP_POD_POLYESTER;XIRECS;13133.0;2;4;4
63500;;;SLEEP_POD_SUEDE;XIRECS;12417.0;2;4;4
63500;;;SNACKPACK_CHOCOLATE;XIRECS;9680.0;2;4;4
63500;;;SNACKPACK_PISTACHIO;XIRECS;9428.0;2;4;4
63500;;;SNACKPACK_RASPBERRY;XIRECS;10045.0;2;4;4
63500;;;SNACKPACK_STRAWBERRY;XIRECS;10866.0;2;4;4
63500;;;SNACKPACK_VANILLA;XIRECS;10177.0;2;4;4
63500;;;TRANSLATOR_ASTRO_BLACK;XIRECS;9415.0;2;4;4
63500;;;TRANSLATOR_ECLIPSE_CHARCOAL;XIRECS;9822.0;2;4;4
63500;;;TRANSLATOR_GRAPHITE_MIST;XIRECS;11432.0;2;4;4
63500;;;TRANSLATOR_SPACE_GRAY;XIRECS;9907.0;2;4;4
63500;;;TRANSLATOR_VOID_BLUE;XIRECS;10593.0;2;4;4
63500;;;UV_VISOR_AMBER;XIRECS;6849.0;2;4;4
63500;;;UV_VISOR_MAGENTA;XIRECS;11324.0;2;4;4
63500;;;UV_VISOR_ORANGE;XIRECS;10359.0;2;4;4
63500;;;UV_VISOR_RED;XIRECS;11336.0;2;4;4
63500;;;UV_VISOR_YELLOW;XIRECS;12084.0;2;4;4
63700;;SUBMISSION;PEBBLES_XL;XIRECS;12006.0;4;4;4
64400;;SUBMISSION;MICROCHIP_CIRCLE;XIRECS;8528.0;5;4;4
65000;;SUBMISSION;SNACKPACK_PISTACHIO;XIRECS;9405.0;1;4;4
65000;;SUBMISSION;SNACKPACK_STRAWBERRY;XIRECS;10813.0;1;4;4
65000;;SUBMISSION;SNACKPACK_VANILLA;XIRECS;10197.0;1;4;4
65000;;;GALAXY_SOUNDS_BLACK_HOLES;XIRECS;11850.0;4;4;4
65000;;;GALAXY_SOUNDS_DARK_MATTER;XIRECS;10903.0;4;4;4
65000;;;GALAXY_SOUNDS_PLANETARY_RINGS;XIRECS;10810.0;4;4;4
65000;;;GALAXY_SOUNDS_SOLAR_FLAMES;XIRECS;10781.0;4;4;4
65000;;;GALAXY_SOUNDS_SOLAR_WINDS;XIRECS;10517.0;4;4;4
65000;;;OXYGEN_SHAKE_CHOCOLATE;XIRECS;9068.0;4;4;4
65000;;;OXYGEN_SHAKE_EVENING_BREATH;XIRECS;9406.0;4;4;4
65000;;;OXYGEN_SHAKE_GARLIC;XIRECS;11733.0;4;4;4
65000;;;OXYGEN_SHAKE_MINT;XIRECS;9599.0;4;4;4
65000;;;OXYGEN_SHAKE_MORNING_BREATH;XIRECS;9652.0;4;4;4
65000;;;PANEL_1X2;XIRECS;8832.0;4;4;4
65000;;;PANEL_1X4;XIRECS;8531.0;4;4;4
65000;;;PANEL_2X2;XIRECS;8924.0;4;4;4
65000;;;PANEL_2X4;XIRECS;10965.0;4;4;4
65000;;;PANEL_4X4;XIRECS;10883.0;4;4;4
65000;;;ROBOT_DISHES;XIRECS;10193.0;4;4;4
65000;;;ROBOT_IRONING;XIRECS;7833.0;4;4;4
65000;;;ROBOT_LAUNDRY;XIRECS;9018.0;4;4;4
65000;;;ROBOT_MOPPING;XIRECS;11680.0;4;4;4
65000;;;ROBOT_VACUUMING;XIRECS;8875.0;4;4;4
65000;;;SLEEP_POD_COTTON;XIRECS;12421.0;4;4;4
65000;;;SLEEP_POD_LAMB_WOOL;XIRECS;10514.0;4;4;4
65000;;;SLEEP_POD_NYLON;XIRECS;9955.0;4;4;4
65000;;;SLEEP_POD_POLYESTER;XIRECS;13094.0;4;4;4
65000;;;SLEEP_POD_SUEDE;XIRECS;12477.0;4;4;4
65000;;;SNACKPACK_CHOCOLATE;XIRECS;9692.0;4;4;4
65000;;;SNACKPACK_RASPBERRY;XIRECS;10135.0;4;4;4
65000;;;TRANSLATOR_ASTRO_BLACK;XIRECS;9451.0;4;4;4
65000;;;TRANSLATOR_ECLIPSE_CHARCOAL;XIRECS;9820.0;4;4;4
65000;;;TRANSLATOR_GRAPHITE_MIST;XIRECS;11419.0;4;4;4
65000;;;TRANSLATOR_SPACE_GRAY;XIRECS;9859.0;4;4;4
65000;;;TRANSLATOR_VOID_BLUE;XIRECS;10604.0;4;4;4
65000;;;UV_VISOR_AMBER;XIRECS;6855.0;4;4;4
65000;;;UV_VISOR_MAGENTA;XIRECS;11275.0;4;4;4
65000;;;UV_VISOR_ORANGE;XIRECS;10470.0;4;4;4
65000;;;UV_VISOR_RED;XIRECS;11405.0;4;4;4
65000;;;UV_VISOR_YELLOW;XIRECS;12074.0;4;4;4
65100;SUBMISSION;;PEBBLES_XL;XIRECS;12163.0;6;4;4
65100;SUBMISSION;;PEBBLES_XL;XIRECS;12172.0;12;4;4
65700;;SUBMISSION;SNACKPACK_PISTACHIO;XIRECS;9408.0;4;4;4
65700;;SUBMISSION;SNACKPACK_STRAWBERRY;XIRECS;10812.0;4;4;4
65700;;SUBMISSION;SNACKPACK_VANILLA;XIRECS;10173.0;4;4;4
66300;SUBMISSION;;SNACKPACK_PISTACHIO;XIRECS;9400.0;2;4;4
66300;SUBMISSION;;SNACKPACK_STRAWBERRY;XIRECS;10813.0;2;4;4
66300;SUBMISSION;;SNACKPACK_VANILLA;XIRECS;10169.0;2;4;4
67500;SUBMISSION;;SNACKPACK_PISTACHIO;XIRECS;9349.0;5;4;4
67500;SUBMISSION;;SNACKPACK_STRAWBERRY;XIRECS;10744.0;5;4;4
67500;SUBMISSION;;SNACKPACK_VANILLA;XIRECS;10168.0;5;4;4
67900;;;MICROCHIP_CIRCLE;XIRECS;8571.0;2;4;4
67900;;;MICROCHIP_OVAL;XIRECS;7230.0;2;4;4
67900;;;MICROCHIP_RECTANGLE;XIRECS;7672.0;2;4;4
67900;;;MICROCHIP_SQUARE;XIRECS;15921.0;2;4;4
67900;;;MICROCHIP_TRIANGLE;XIRECS;9415.0;2;4;4
69600;SUBMISSION;;SNACKPACK_PISTACHIO;XIRECS;9348.0;1;4;4
69600;SUBMISSION;;SNACKPACK_STRAWBERRY;XIRECS;10763.0;1;4;4
69600;SUBMISSION;;SNACKPACK_VANILLA;XIRECS;10108.0;1;4;4
71300;;SUBMISSION;PEBBLES_XL;XIRECS;12252.0;6;4;4
71400;;SUBMISSION;OXYGEN_SHAKE_MORNING_BREATH;XIRECS;9679.0;5;4;4
72000;;;GALAXY_SOUNDS_BLACK_HOLES;XIRECS;11890.0;4;4;4
72000;;;GALAXY_SOUNDS_DARK_MATTER;XIRECS;10871.0;4;4;4
72000;;;GALAXY_SOUNDS_PLANETARY_RINGS;XIRECS;10873.0;4;4;4
72000;;;GALAXY_SOUNDS_SOLAR_FLAMES;XIRECS;10644.0;4;4;4
72000;;;GALAXY_SOUNDS_SOLAR_WINDS;XIRECS;10488.0;4;4;4
72000;;;OXYGEN_SHAKE_CHOCOLATE;XIRECS;9051.0;4;4;4
72000;;;OXYGEN_SHAKE_EVENING_BREATH;XIRECS;9524.0;4;4;4
72000;;;OXYGEN_SHAKE_GARLIC;XIRECS;11713.0;4;4;4
72000;;;OXYGEN_SHAKE_MINT;XIRECS;9570.0;4;4;4
72000;;;OXYGEN_SHAKE_MORNING_BREATH;XIRECS;9671.0;4;4;4
72000;;;PANEL_1X2;XIRECS;8706.0;4;4;4
72000;;;PANEL_1X4;XIRECS;8424.0;4;4;4
72000;;;PANEL_2X2;XIRECS;8933.0;4;4;4
72000;;;PANEL_2X4;XIRECS;10813.0;4;4;4
72000;;;PANEL_4X4;XIRECS;10808.0;4;4;4
72000;;;ROBOT_DISHES;XIRECS;10308.0;4;4;4
72000;;;ROBOT_IRONING;XIRECS;7867.0;4;4;4
72000;;;ROBOT_LAUNDRY;XIRECS;9074.0;4;4;4
72000;;;ROBOT_MOPPING;XIRECS;11758.0;4;4;4
72000;;;ROBOT_VACUUMING;XIRECS;8890.0;4;4;4
72000;;;SLEEP_POD_COTTON;XIRECS;12481.0;4;4;4
72000;;;SLEEP_POD_LAMB_WOOL;XIRECS;10267.0;4;4;4
72000;;;SLEEP_POD_NYLON;XIRECS;9822.0;4;4;4
72000;;;SLEEP_POD_POLYESTER;XIRECS;12910.0;4;4;4
72000;;;SLEEP_POD_SUEDE;XIRECS;12401.0;4;4;4
72000;;;SNACKPACK_CHOCOLATE;XIRECS;9761.0;4;4;4
72000;;;SNACKPACK_PISTACHIO;XIRECS;9363.0;4;4;4
72000;;;SNACKPACK_RASPBERRY;XIRECS;10126.0;4;4;4
72000;;;SNACKPACK_STRAWBERRY;XIRECS;10775.0;4;4;4
72000;;;SNACKPACK_VANILLA;XIRECS;10093.0;4;4;4
72000;;;TRANSLATOR_ASTRO_BLACK;XIRECS;9492.0;4;4;4
72000;;;TRANSLATOR_ECLIPSE_CHARCOAL;XIRECS;9841.0;4;4;4
72000;;;TRANSLATOR_GRAPHITE_MIST;XIRECS;11208.0;4;4;4
72000;;;TRANSLATOR_SPACE_GRAY;XIRECS;9799.0;4;4;4
72000;;;TRANSLATOR_VOID_BLUE;XIRECS;10590.0;4;4;4
72000;;;UV_VISOR_AMBER;XIRECS;6857.0;4;4;4
72000;;;UV_VISOR_MAGENTA;XIRECS;11146.0;4;4;4
72000;;;UV_VISOR_ORANGE;XIRECS;10633.0;4;4;4
72000;;;UV_VISOR_RED;XIRECS;11440.0;4;4;4
72000;;;UV_VISOR_YELLOW;XIRECS;12072.0;4;4;4
72500;;SUBMISSION;PEBBLES_XL;XIRECS;12381.0;2;4;4
72500;;;PEBBLES_L;XIRECS;10906.0;4;4;4
72500;;;PEBBLES_M;XIRECS;11135.0;4;4;4
72500;;;PEBBLES_S;XIRECS;8618.0;4;4;4
72500;;;PEBBLES_XS;XIRECS;6991.0;4;4;4
72900;;SUBMISSION;MICROCHIP_CIRCLE;XIRECS;8493.0;5;4;4
73100;;;MICROCHIP_CIRCLE;XIRECS;8486.0;3;4;4
73100;;;MICROCHIP_OVAL;XIRECS;7150.0;3;4;4
73100;;;MICROCHIP_RECTANGLE;XIRECS;7657.0;3;4;4
73100;;;MICROCHIP_SQUARE;XIRECS;15852.0;3;4;4
73100;;;MICROCHIP_TRIANGLE;XIRECS;9345.0;3;4;4
73600;;SUBMISSION;SNACKPACK_PISTACHIO;XIRECS;9345.0;2;4;4
73600;;SUBMISSION;SNACKPACK_STRAWBERRY;XIRECS;10759.0;2;4;4
73600;SUBMISSION;;PEBBLES_XL;XIRECS;12199.0;5;4;4
73600;SUBMISSION;;PEBBLES_XL;XIRECS;12207.0;3;4;4
73600;;SUBMISSION;SNACKPACK_VANILLA;XIRECS;10155.0;2;4;4
73600;;;GALAXY_SOUNDS_BLACK_HOLES;XIRECS;11974.0;2;4;4
73600;;;GALAXY_SOUNDS_DARK_MATTER;XIRECS;10802.0;2;4;4
73600;;;GALAXY_SOUNDS_PLANETARY_RINGS;XIRECS;10895.0;2;4;4
73600;;;GALAXY_SOUNDS_SOLAR_FLAMES;XIRECS;10731.0;2;4;4
73600;;;GALAXY_SOUNDS_SOLAR_WINDS;XIRECS;10453.0;2;4;4
73600;;;OXYGEN_SHAKE_CHOCOLATE;XIRECS;9083.0;2;4;4
73600;;;OXYGEN_SHAKE_EVENING_BREATH;XIRECS;9486.0;2;4;4
73600;;;OXYGEN_SHAKE_GARLIC;XIRECS;11708.0;2;4;4
73600;;;OXYGEN_SHAKE_MINT;XIRECS;9630.0;2;4;4
73600;;;OXYGEN_SHAKE_MORNING_BREATH;XIRECS;9620.0;2;4;4
73600;;;PANEL_1X2;XIRECS;8689.0;2;4;4
73600;;;PANEL_1X4;XIRECS;8477.0;2;4;4
73600;;;PANEL_2X2;XIRECS;8879.0;2;4;4
73600;;;PANEL_2X4;XIRECS;10836.0;2;4;4
73600;;;PANEL_4X4;XIRECS;10830.0;2;4;4
73600;;;ROBOT_DISHES;XIRECS;10319.0;2;4;4
73600;;;ROBOT_IRONING;XIRECS;7863.0;2;4;4
73600;;;ROBOT_LAUNDRY;XIRECS;9103.0;2;4;4
73600;;;ROBOT_MOPPING;XIRECS;11763.0;2;4;4
73600;;;ROBOT_VACUUMING;XIRECS;8866.0;2;4;4
73600;;;SLEEP_POD_COTTON;XIRECS;12537.0;2;4;4
73600;;;SLEEP_POD_LAMB_WOOL;XIRECS;10335.0;2;4;4
73600;;;SLEEP_POD_NYLON;XIRECS;9835.0;2;4;4
73600;;;SLEEP_POD_POLYESTER;XIRECS;12869.0;2;4;4
73600;;;SLEEP_POD_SUEDE;XIRECS;12481.0;2;4;4
73600;;;SNACKPACK_CHOCOLATE;XIRECS;9740.0;2;4;4
73600;;;SNACKPACK_RASPBERRY;XIRECS;10171.0;2;4;4
73600;;;TRANSLATOR_ASTRO_BLACK;XIRECS;9480.0;2;4;4
73600;;;TRANSLATOR_ECLIPSE_CHARCOAL;XIRECS;9821.0;2;4;4
73600;;;TRANSLATOR_GRAPHITE_MIST;XIRECS;11246.0;2;4;4
73600;;;TRANSLATOR_SPACE_GRAY;XIRECS;9804.0;2;4;4
73600;;;TRANSLATOR_VOID_BLUE;XIRECS;10650.0;2;4;4
73600;;;UV_VISOR_AMBER;XIRECS;6928.0;2;4;4
73600;;;UV_VISOR_MAGENTA;XIRECS;11077.0;2;4;4
73600;;;UV_VISOR_ORANGE;XIRECS;10630.0;2;4;4
73600;;;UV_VISOR_RED;XIRECS;11440.0;2;4;4
73600;;;UV_VISOR_YELLOW;XIRECS;12133.0;2;4;4
75300;;;GALAXY_SOUNDS_BLACK_HOLES;XIRECS;11933.0;1;4;4
75300;;;GALAXY_SOUNDS_DARK_MATTER;XIRECS;10771.0;1;4;4
75300;;;GALAXY_SOUNDS_PLANETARY_RINGS;XIRECS;10925.0;1;4;4
75300;;;GALAXY_SOUNDS_SOLAR_FLAMES;XIRECS;10621.0;1;4;4
75300;;;GALAXY_SOUNDS_SOLAR_WINDS;XIRECS;10471.0;1;4;4
75300;;;OXYGEN_SHAKE_CHOCOLATE;XIRECS;9071.0;1;4;4
75300;;;OXYGEN_SHAKE_EVENING_BREATH;XIRECS;9534.0;1;4;4
75300;;;OXYGEN_SHAKE_GARLIC;XIRECS;11855.0;1;4;4
75300;;;OXYGEN_SHAKE_MINT;XIRECS;9584.0;1;4;4
75300;;;OXYGEN_SHAKE_MORNING_BREATH;XIRECS;9632.0;1;4;4
75300;;;PANEL_1X2;XIRECS;8652.0;1;4;4
75300;;;PANEL_1X4;XIRECS;8439.0;1;4;4
75300;;;PANEL_2X2;XIRECS;8874.0;1;4;4
75300;;;PANEL_2X4;XIRECS;10823.0;1;4;4
75300;;;PANEL_4X4;XIRECS;10773.0;1;4;4
75300;;;ROBOT_DISHES;XIRECS;10387.0;1;4;4
75300;;;ROBOT_IRONING;XIRECS;7847.0;1;4;4
75300;;;ROBOT_LAUNDRY;XIRECS;9057.0;1;4;4
75300;;;ROBOT_MOPPING;XIRECS;11754.0;1;4;4
75300;;;ROBOT_VACUUMING;XIRECS;8857.0;1;4;4
75300;;;SLEEP_POD_COTTON;XIRECS;12503.0;1;4;4
75300;;;SLEEP_POD_LAMB_WOOL;XIRECS;10310.0;1;4;4
75300;;;SLEEP_POD_NYLON;XIRECS;9842.0;1;4;4
75300;;;SLEEP_POD_POLYESTER;XIRECS;12761.0;1;4;4
75300;;;SLEEP_POD_SUEDE;XIRECS;12417.0;1;4;4
75300;;;SNACKPACK_CHOCOLATE;XIRECS;9758.0;1;4;4
75300;;;SNACKPACK_PISTACHIO;XIRECS;9300.0;1;4;4
75300;;;SNACKPACK_RASPBERRY;XIRECS;10175.0;1;4;4
75300;;;SNACKPACK_STRAWBERRY;XIRECS;10733.0;1;4;4
75300;;;SNACKPACK_VANILLA;XIRECS;10098.0;1;4;4
75300;;;TRANSLATOR_ASTRO_BLACK;XIRECS;9415.0;1;4;4
75300;;;TRANSLATOR_ECLIPSE_CHARCOAL;XIRECS;9836.0;1;4;4
75300;;;TRANSLATOR_GRAPHITE_MIST;XIRECS;11225.0;1;4;4
75300;;;TRANSLATOR_SPACE_GRAY;XIRECS;9707.0;1;4;4
75300;;;TRANSLATOR_VOID_BLUE;XIRECS;10663.0;1;4;4
75300;;;UV_VISOR_AMBER;XIRECS;6941.0;1;4;4
75300;;;UV_VISOR_MAGENTA;XIRECS;11167.0;1;4;4
75300;;;UV_VISOR_ORANGE;XIRECS;10605.0;1;4;4
75300;;;UV_VISOR_RED;XIRECS;11418.0;1;4;4
75300;;;UV_VISOR_YELLOW;XIRECS;12089.0;1;4;4
75700;;SUBMISSION;OXYGEN_SHAKE_MORNING_BREATH;XIRECS;9619.0;5;4;4
76000;SUBMISSION;;SNACKPACK_PISTACHIO;XIRECS;9314.0;2;4;4
76000;SUBMISSION;;SNACKPACK_STRAWBERRY;XIRECS;10760.0;2;4;4
76000;SUBMISSION;;SNACKPACK_VANILLA;XIRECS;10089.0;2;4;4
76600;;SUBMISSION;SNACKPACK_PISTACHIO;XIRECS;9342.0;4;4;4
76600;;SUBMISSION;SNACKPACK_STRAWBERRY;XIRECS;10794.0;4;4;4
76600;;SUBMISSION;SNACKPACK_VANILLA;XIRECS;10109.0;4;4;4
77600;SUBMISSION;;SNACKPACK_PISTACHIO;XIRECS;9336.0;3;4;4
77600;SUBMISSION;;SNACKPACK_STRAWBERRY;XIRECS;10783.0;3;4;4
77600;SUBMISSION;;SNACKPACK_VANILLA;XIRECS;10106.0;3;4;4
79300;;SUBMISSION;SNACKPACK_PISTACHIO;XIRECS;9321.0;5;4;4
79300;;SUBMISSION;SNACKPACK_STRAWBERRY;XIRECS;10767.0;5;4;4
79300;;SUBMISSION;SNACKPACK_VANILLA;XIRECS;10109.0;5;4;4
79300;;;MICROCHIP_CIRCLE;XIRECS;8497.0;3;4;4
79300;;;MICROCHIP_OVAL;XIRECS;7127.0;3;4;4
79300;;;MICROCHIP_RECTANGLE;XIRECS;7590.0;3;4;4
79300;;;MICROCHIP_SQUARE;XIRECS;16126.0;3;4;4
79300;;;MICROCHIP_TRIANGLE;XIRECS;9429.0;3;4;4
79600;;SUBMISSION;SNACKPACK_PISTACHIO;XIRECS;9319.0;2;4;4
79600;;SUBMISSION;SNACKPACK_STRAWBERRY;XIRECS;10762.0;2;4;4
79600;;SUBMISSION;SNACKPACK_VANILLA;XIRECS;10117.0;2;4;4
79700;;SUBMISSION;OXYGEN_SHAKE_MORNING_BREATH;XIRECS;9510.0;5;4;4
81000;;SUBMISSION;MICROCHIP_CIRCLE;XIRECS;8415.0;5;4;4
81000;;;PEBBLES_L;XIRECS;10935.0;3;4;4
81000;;;PEBBLES_M;XIRECS;11143.0;3;4;4
81000;;;PEBBLES_S;XIRECS;8627.0;3;4;4
81000;;;PEBBLES_XL;XIRECS;12550.0;3;4;4
81000;;;PEBBLES_XS;XIRECS;6713.0;3;4;4
81500;;;MICROCHIP_CIRCLE;XIRECS;8416.0;3;4;4
81500;;;MICROCHIP_OVAL;XIRECS;7138.0;3;4;4
81500;;;MICROCHIP_RECTANGLE;XIRECS;7547.0;3;4;4
81500;;;MICROCHIP_SQUARE;XIRECS;16058.0;3;4;4
81500;;;MICROCHIP_TRIANGLE;XIRECS;9437.0;3;4;4
82800;;SUBMISSION;OXYGEN_SHAKE_MORNING_BREATH;XIRECS;9470.0;5;4;4
83400;SUBMISSION;;SNACKPACK_PISTACHIO;XIRECS;9343.0;2;4;4
83400;SUBMISSION;;SNACKPACK_STRAWBERRY;XIRECS;10794.0;2;4;4
83400;SUBMISSION;;SNACKPACK_VANILLA;XIRECS;10065.0;2;4;4
83400;;;GALAXY_SOUNDS_BLACK_HOLES;XIRECS;11895.0;3;4;4
83400;;;GALAXY_SOUNDS_DARK_MATTER;XIRECS;10904.0;3;4;4
83400;;;GALAXY_SOUNDS_PLANETARY_RINGS;XIRECS;10776.0;3;4;4
83400;;;GALAXY_SOUNDS_SOLAR_FLAMES;XIRECS;10731.0;3;4;4
83400;;;GALAXY_SOUNDS_SOLAR_WINDS;XIRECS;10589.0;3;4;4
83400;;;OXYGEN_SHAKE_CHOCOLATE;XIRECS;9070.0;3;4;4
83400;;;OXYGEN_SHAKE_EVENING_BREATH;XIRECS;9494.0;3;4;4
83400;;;OXYGEN_SHAKE_GARLIC;XIRECS;11924.0;3;4;4
83400;;;OXYGEN_SHAKE_MINT;XIRECS;9625.0;3;4;4
83400;;;OXYGEN_SHAKE_MORNING_BREATH;XIRECS;9444.0;3;4;4
83400;;;PANEL_1X2;XIRECS;8617.0;3;4;4
83400;;;PANEL_1X4;XIRECS;8435.0;3;4;4
83400;;;PANEL_2X2;XIRECS;8806.0;3;4;4
83400;;;PANEL_2X4;XIRECS;10858.0;3;4;4
83400;;;PANEL_4X4;XIRECS;10800.0;3;4;4
83400;;;ROBOT_DISHES;XIRECS;10297.0;3;4;4
83400;;;ROBOT_IRONING;XIRECS;7907.0;3;4;4
83400;;;ROBOT_LAUNDRY;XIRECS;8930.0;3;4;4
83400;;;ROBOT_MOPPING;XIRECS;11878.0;3;4;4
83400;;;ROBOT_VACUUMING;XIRECS;8749.0;3;4;4
83400;;;SLEEP_POD_COTTON;XIRECS;12831.0;3;4;4
83400;;;SLEEP_POD_LAMB_WOOL;XIRECS;10357.0;3;4;4
83400;;;SLEEP_POD_NYLON;XIRECS;9863.0;3;4;4
83400;;;SLEEP_POD_POLYESTER;XIRECS;12845.0;3;4;4
83400;;;SLEEP_POD_SUEDE;XIRECS;12303.0;3;4;4
83400;;;SNACKPACK_CHOCOLATE;XIRECS;9819.0;3;4;4
83400;;;SNACKPACK_RASPBERRY;XIRECS;10127.0;3;4;4
83400;;;TRANSLATOR_ASTRO_BLACK;XIRECS;9432.0;3;4;4
83400;;;TRANSLATOR_ECLIPSE_CHARCOAL;XIRECS;9823.0;3;4;4
83400;;;TRANSLATOR_GRAPHITE_MIST;XIRECS;11291.0;3;4;4
83400;;;TRANSLATOR_SPACE_GRAY;XIRECS;9670.0;3;4;4
83400;;;TRANSLATOR_VOID_BLUE;XIRECS;10612.0;3;4;4
83400;;;UV_VISOR_AMBER;XIRECS;6961.0;3;4;4
83400;;;UV_VISOR_MAGENTA;XIRECS;11050.0;3;4;4
83400;;;UV_VISOR_ORANGE;XIRECS;10746.0;3;4;4
83400;;;UV_VISOR_RED;XIRECS;11505.0;3;4;4
83400;;;UV_VISOR_YELLOW;XIRECS;12113.0;3;4;4
85400;;;PEBBLES_L;XIRECS;10982.0;3;4;4
85400;;;PEBBLES_M;XIRECS;10944.0;3;4;4
85400;;;PEBBLES_S;XIRECS;8679.0;3;4;4
85400;;;PEBBLES_XL;XIRECS;12689.0;3;4;4
85400;;;PEBBLES_XS;XIRECS;6673.0;3;4;4
86000;SUBMISSION;;SNACKPACK_PISTACHIO;XIRECS;9302.0;2;4;4
86000;SUBMISSION;;SNACKPACK_STRAWBERRY;XIRECS;10728.0;2;4;4
86000;SUBMISSION;;SNACKPACK_VANILLA;XIRECS;10043.0;2;4;4
86000;;;GALAXY_SOUNDS_BLACK_HOLES;XIRECS;11947.0;3;4;4
86000;;;GALAXY_SOUNDS_DARK_MATTER;XIRECS;10836.0;3;4;4
86000;;;GALAXY_SOUNDS_PLANETARY_RINGS;XIRECS;10714.0;3;4;4
86000;;;GALAXY_SOUNDS_SOLAR_FLAMES;XIRECS;10736.0;3;4;4
86000;;;GALAXY_SOUNDS_SOLAR_WINDS;XIRECS;10612.0;3;4;4
86000;;;OXYGEN_SHAKE_CHOCOLATE;XIRECS;9101.0;3;4;4
86000;;;OXYGEN_SHAKE_EVENING_BREATH;XIRECS;9484.0;3;4;4
86000;;;OXYGEN_SHAKE_GARLIC;XIRECS;11948.0;3;4;4
86000;;;OXYGEN_SHAKE_MINT;XIRECS;9580.0;3;4;4
86000;;;OXYGEN_SHAKE_MORNING_BREATH;XIRECS;9468.0;3;4;4
86000;;;PANEL_1X2;XIRECS;8586.0;3;4;4
86000;;;PANEL_1X4;XIRECS;8420.0;3;4;4
86000;;;PANEL_2X2;XIRECS;8818.0;3;4;4
86000;;;PANEL_2X4;XIRECS;10964.0;3;4;4
86000;;;PANEL_4X4;XIRECS;10818.0;3;4;4
86000;;;ROBOT_DISHES;XIRECS;10341.0;3;4;4
86000;;;ROBOT_IRONING;XIRECS;7887.0;3;4;4
86000;;;ROBOT_LAUNDRY;XIRECS;8860.0;3;4;4
86000;;;ROBOT_MOPPING;XIRECS;11903.0;3;4;4
86000;;;ROBOT_VACUUMING;XIRECS;8747.0;3;4;4
86000;;;SLEEP_POD_COTTON;XIRECS;12859.0;3;4;4
86000;;;SLEEP_POD_LAMB_WOOL;XIRECS;10370.0;3;4;4
86000;;;SLEEP_POD_NYLON;XIRECS;9916.0;3;4;4
86000;;;SLEEP_POD_POLYESTER;XIRECS;12791.0;3;4;4
86000;;;SLEEP_POD_SUEDE;XIRECS;12326.0;3;4;4
86000;;;SNACKPACK_CHOCOLATE;XIRECS;9838.0;3;4;4
86000;;;SNACKPACK_RASPBERRY;XIRECS;10177.0;3;4;4
86000;;;TRANSLATOR_ASTRO_BLACK;XIRECS;9412.0;3;4;4
86000;;;TRANSLATOR_ECLIPSE_CHARCOAL;XIRECS;9828.0;3;4;4
86000;;;TRANSLATOR_GRAPHITE_MIST;XIRECS;11300.0;3;4;4
86000;;;TRANSLATOR_SPACE_GRAY;XIRECS;9686.0;3;4;4
86000;;;TRANSLATOR_VOID_BLUE;XIRECS;10695.0;3;4;4
86000;;;UV_VISOR_AMBER;XIRECS;6973.0;3;4;4
86000;;;UV_VISOR_MAGENTA;XIRECS;11023.0;3;4;4
86000;;;UV_VISOR_ORANGE;XIRECS;10757.0;3;4;4
86000;;;UV_VISOR_RED;XIRECS;11527.0;3;4;4
86000;;;UV_VISOR_YELLOW;XIRECS;12013.0;3;4;4
87300;;;MICROCHIP_CIRCLE;XIRECS;8429.0;1;4;4
87300;;;MICROCHIP_OVAL;XIRECS;7045.0;1;4;4
87300;;;MICROCHIP_RECTANGLE;XIRECS;7573.0;1;4;4
87300;;;MICROCHIP_SQUARE;XIRECS;15772.0;1;4;4
87300;;;MICROCHIP_TRIANGLE;XIRECS;9507.0;1;4;4
87500;;SUBMISSION;PEBBLES_XL;XIRECS;12712.0;4;4;4
88100;SUBMISSION;;PEBBLES_XL;XIRECS;12724.0;4;4;4
88600;;SUBMISSION;SNACKPACK_PISTACHIO;XIRECS;9348.0;4;4;4
88600;;SUBMISSION;SNACKPACK_STRAWBERRY;XIRECS;10778.0;4;4;4
88600;;SUBMISSION;SNACKPACK_VANILLA;XIRECS;10042.0;4;4;4
88900;;;PEBBLES_L;XIRECS;10905.0;2;4;4
88900;;;PEBBLES_M;XIRECS;11033.0;2;4;4
88900;;;PEBBLES_S;XIRECS;8613.0;2;4;4
88900;;;PEBBLES_XL;XIRECS;12726.0;2;4;4
88900;;;PEBBLES_XS;XIRECS;6689.0;2;4;4
90100;SUBMISSION;;GALAXY_SOUNDS_BLACK_HOLES;XIRECS;11987.0;5;4;4
90500;;SUBMISSION;PEBBLES_XL;XIRECS;12796.0;8;4;4
91100;;;MICROCHIP_CIRCLE;XIRECS;8444.0;2;4;4
91100;;;MICROCHIP_OVAL;XIRECS;7077.0;2;4;4
91100;;;MICROCHIP_RECTANGLE;XIRECS;7608.0;2;4;4
91100;;;MICROCHIP_SQUARE;XIRECS;15525.0;2;4;4
91100;;;MICROCHIP_TRIANGLE;XIRECS;9476.0;2;4;4
92000;SUBMISSION;;PEBBLES_XL;XIRECS;12963.0;4;4;4
92000;SUBMISSION;;PEBBLES_XL;XIRECS;12972.0;4;4;4
92100;;;GALAXY_SOUNDS_BLACK_HOLES;XIRECS;11970.0;4;4;4
92100;;;GALAXY_SOUNDS_DARK_MATTER;XIRECS;10643.0;4;4;4
92100;;;GALAXY_SOUNDS_PLANETARY_RINGS;XIRECS;10740.0;4;4;4
92100;;;GALAXY_SOUNDS_SOLAR_FLAMES;XIRECS;10829.0;4;4;4
92100;;;GALAXY_SOUNDS_SOLAR_WINDS;XIRECS;10787.0;4;4;4
92100;;;OXYGEN_SHAKE_CHOCOLATE;XIRECS;9119.0;4;4;4
92100;;;OXYGEN_SHAKE_EVENING_BREATH;XIRECS;9426.0;4;4;4
92100;;;OXYGEN_SHAKE_GARLIC;XIRECS;12048.0;4;4;4
92100;;;OXYGEN_SHAKE_MINT;XIRECS;9498.0;4;4;4
92100;;;OXYGEN_SHAKE_MORNING_BREATH;XIRECS;9496.0;4;4;4
92100;;;PANEL_1X2;XIRECS;8588.0;4;4;4
92100;;;PANEL_1X4;XIRECS;8314.0;4;4;4
92100;;;PANEL_2X2;XIRECS;8810.0;4;4;4
92100;;;PANEL_2X4;XIRECS;11008.0;4;4;4
92100;;;PANEL_4X4;XIRECS;11035.0;4;4;4
92100;;;ROBOT_DISHES;XIRECS;10220.0;4;4;4
92100;;;ROBOT_IRONING;XIRECS;7883.0;4;4;4
92100;;;ROBOT_LAUNDRY;XIRECS;8897.0;4;4;4
92100;;;ROBOT_MOPPING;XIRECS;11939.0;4;4;4
92100;;;ROBOT_VACUUMING;XIRECS;8775.0;4;4;4
92100;;;SLEEP_POD_COTTON;XIRECS;12711.0;4;4;4
92100;;;SLEEP_POD_LAMB_WOOL;XIRECS;10392.0;4;4;4
92100;;;SLEEP_POD_NYLON;XIRECS;9873.0;4;4;4
92100;;;SLEEP_POD_POLYESTER;XIRECS;12808.0;4;4;4
92100;;;SLEEP_POD_SUEDE;XIRECS;12455.0;4;4;4
92100;;;SNACKPACK_CHOCOLATE;XIRECS;9886.0;4;4;4
92100;;;SNACKPACK_PISTACHIO;XIRECS;9376.0;4;4;4
92100;;;SNACKPACK_RASPBERRY;XIRECS;10087.0;4;4;4
92100;;;SNACKPACK_STRAWBERRY;XIRECS;10839.0;4;4;4
92100;;;SNACKPACK_VANILLA;XIRECS;10026.0;4;4;4
92100;;;TRANSLATOR_ASTRO_BLACK;XIRECS;9492.0;4;4;4
92100;;;TRANSLATOR_ECLIPSE_CHARCOAL;XIRECS;9892.0;4;4;4
92100;;;TRANSLATOR_GRAPHITE_MIST;XIRECS;11374.0;4;4;4
92100;;;TRANSLATOR_SPACE_GRAY;XIRECS;9567.0;4;4;4
92100;;;TRANSLATOR_VOID_BLUE;XIRECS;10678.0;4;4;4
92100;;;UV_VISOR_AMBER;XIRECS;6948.0;4;4;4
92100;;;UV_VISOR_MAGENTA;XIRECS;10931.0;4;4;4
92100;;;UV_VISOR_ORANGE;XIRECS;10793.0;4;4;4
92100;;;UV_VISOR_RED;XIRECS;11585.0;4;4;4
92100;;;UV_VISOR_YELLOW;XIRECS;12035.0;4;4;4
92400;SUBMISSION;;SNACKPACK_PISTACHIO;XIRECS;9367.0;2;4;4
92400;SUBMISSION;;SNACKPACK_STRAWBERRY;XIRECS;10832.0;2;4;4
92400;SUBMISSION;;SNACKPACK_VANILLA;XIRECS;10000.0;2;4;4
92400;;;GALAXY_SOUNDS_BLACK_HOLES;XIRECS;11953.0;3;4;4
92400;;;GALAXY_SOUNDS_DARK_MATTER;XIRECS;10615.0;3;4;4
92400;;;GALAXY_SOUNDS_PLANETARY_RINGS;XIRECS;10717.0;3;4;4
92400;;;GALAXY_SOUNDS_SOLAR_FLAMES;XIRECS;10812.0;3;4;4
92400;;;GALAXY_SOUNDS_SOLAR_WINDS;XIRECS;10790.0;3;4;4
92400;;;OXYGEN_SHAKE_CHOCOLATE;XIRECS;9115.0;3;4;4
92400;;;OXYGEN_SHAKE_EVENING_BREATH;XIRECS;9394.0;3;4;4
92400;;;OXYGEN_SHAKE_GARLIC;XIRECS;12004.0;3;4;4
92400;;;OXYGEN_SHAKE_MINT;XIRECS;9473.0;3;4;4
92400;;;OXYGEN_SHAKE_MORNING_BREATH;XIRECS;9479.0;3;4;4
92400;;;PANEL_1X2;XIRECS;8583.0;3;4;4
92400;;;PANEL_1X4;XIRECS;8300.0;3;4;4
92400;;;PANEL_2X2;XIRECS;8784.0;3;4;4
92400;;;PANEL_2X4;XIRECS;10999.0;3;4;4
92400;;;PANEL_4X4;XIRECS;11028.0;3;4;4
92400;;;ROBOT_DISHES;XIRECS;10240.0;3;4;4
92400;;;ROBOT_IRONING;XIRECS;7857.0;3;4;4
92400;;;ROBOT_LAUNDRY;XIRECS;8868.0;3;4;4
92400;;;ROBOT_MOPPING;XIRECS;11909.0;3;4;4
92400;;;ROBOT_VACUUMING;XIRECS;8787.0;3;4;4
92400;;;SLEEP_POD_COTTON;XIRECS;12718.0;3;4;4
92400;;;SLEEP_POD_LAMB_WOOL;XIRECS;10400.0;3;4;4
92400;;;SLEEP_POD_NYLON;XIRECS;9868.0;3;4;4
92400;;;SLEEP_POD_POLYESTER;XIRECS;12826.0;3;4;4
92400;;;SLEEP_POD_SUEDE;XIRECS;12455.0;3;4;4
92400;;;SNACKPACK_CHOCOLATE;XIRECS;9880.0;3;4;4
92400;;;SNACKPACK_RASPBERRY;XIRECS;10059.0;3;4;4
92400;;;TRANSLATOR_ASTRO_BLACK;XIRECS;9478.0;3;4;4
92400;;;TRANSLATOR_ECLIPSE_CHARCOAL;XIRECS;9902.0;3;4;4
92400;;;TRANSLATOR_GRAPHITE_MIST;XIRECS;11339.0;3;4;4
92400;;;TRANSLATOR_SPACE_GRAY;XIRECS;9561.0;3;4;4
92400;;;TRANSLATOR_VOID_BLUE;XIRECS;10666.0;3;4;4
92400;;;UV_VISOR_AMBER;XIRECS;6941.0;3;4;4
92400;;;UV_VISOR_MAGENTA;XIRECS;10937.0;3;4;4
92400;;;UV_VISOR_ORANGE;XIRECS;10800.0;3;4;4
92400;;;UV_VISOR_RED;XIRECS;11548.0;3;4;4
92400;;;UV_VISOR_YELLOW;XIRECS;12029.0;3;4;4
92600;;SUBMISSION;PEBBLES_XL;XIRECS;12933.0;2;4;4
92600;;;PEBBLES_L;XIRECS;11085.0;5;4;4
92600;;;PEBBLES_M;XIRECS;10762.0;5;4;4
92600;;;PEBBLES_S;XIRECS;8531.0;5;4;4
92600;;;PEBBLES_XS;XIRECS;6721.0;5;4;4
93100;SUBMISSION;;SNACKPACK_PISTACHIO;XIRECS;9375.0;2;4;4
93100;SUBMISSION;;SNACKPACK_STRAWBERRY;XIRECS;10844.0;2;4;4
93100;SUBMISSION;;SNACKPACK_VANILLA;XIRECS;9999.0;2;4;4
93100;;;GALAXY_SOUNDS_BLACK_HOLES;XIRECS;11968.0;2;4;4
93100;;;GALAXY_SOUNDS_DARK_MATTER;XIRECS;10609.0;2;4;4
93100;;;GALAXY_SOUNDS_PLANETARY_RINGS;XIRECS;10674.0;2;4;4
93100;;;GALAXY_SOUNDS_SOLAR_FLAMES;XIRECS;10863.0;2;4;4
93100;;;GALAXY_SOUNDS_SOLAR_WINDS;XIRECS;10816.0;2;4;4
93100;;;OXYGEN_SHAKE_CHOCOLATE;XIRECS;9117.0;2;4;4
93100;;;OXYGEN_SHAKE_EVENING_BREATH;XIRECS;9384.0;2;4;4
93100;;;OXYGEN_SHAKE_GARLIC;XIRECS;12082.0;2;4;4
93100;;;OXYGEN_SHAKE_MINT;XIRECS;9430.0;2;4;4
93100;;;OXYGEN_SHAKE_MORNING_BREATH;XIRECS;9448.0;2;4;4
93100;;;PANEL_1X2;XIRECS;8539.0;2;4;4
93100;;;PANEL_1X4;XIRECS;8293.0;2;4;4
93100;;;PANEL_2X2;XIRECS;8753.0;2;4;4
93100;;;PANEL_2X4;XIRECS;11003.0;2;4;4
93100;;;PANEL_4X4;XIRECS;11008.0;2;4;4
93100;;;ROBOT_DISHES;XIRECS;10256.0;2;4;4
93100;;;ROBOT_IRONING;XIRECS;7887.0;2;4;4
93100;;;ROBOT_LAUNDRY;XIRECS;8868.0;2;4;4
93100;;;ROBOT_MOPPING;XIRECS;11898.0;2;4;4
93100;;;ROBOT_VACUUMING;XIRECS;8773.0;2;4;4
93100;;;SLEEP_POD_COTTON;XIRECS;12731.0;2;4;4
93100;;;SLEEP_POD_LAMB_WOOL;XIRECS;10367.0;2;4;4
93100;;;SLEEP_POD_NYLON;XIRECS;9867.0;2;4;4
93100;;;SLEEP_POD_POLYESTER;XIRECS;12859.0;2;4;4
93100;;;SLEEP_POD_SUEDE;XIRECS;12432.0;2;4;4
93100;;;SNACKPACK_CHOCOLATE;XIRECS;9884.0;2;4;4
93100;;;SNACKPACK_RASPBERRY;XIRECS;10044.0;2;4;4
93100;;;TRANSLATOR_ASTRO_BLACK;XIRECS;9482.0;2;4;4
93100;;;TRANSLATOR_ECLIPSE_CHARCOAL;XIRECS;9912.0;2;4;4
93100;;;TRANSLATOR_GRAPHITE_MIST;XIRECS;11356.0;2;4;4
93100;;;TRANSLATOR_SPACE_GRAY;XIRECS;9563.0;2;4;4
93100;;;TRANSLATOR_VOID_BLUE;XIRECS;10703.0;2;4;4
93100;;;UV_VISOR_AMBER;XIRECS;6910.0;2;4;4
93100;;;UV_VISOR_MAGENTA;XIRECS;10986.0;2;4;4
93100;;;UV_VISOR_ORANGE;XIRECS;10785.0;2;4;4
93100;;;UV_VISOR_RED;XIRECS;11536.0;2;4;4
93100;;;UV_VISOR_YELLOW;XIRECS;11991.0;2;4;4
94300;;;MICROCHIP_CIRCLE;XIRECS;8385.0;3;4;4
94300;;;MICROCHIP_OVAL;XIRECS;7128.0;3;4;4
94300;;;MICROCHIP_RECTANGLE;XIRECS;7604.0;3;4;4
94300;;;MICROCHIP_SQUARE;XIRECS;15371.0;3;4;4
94300;;;MICROCHIP_TRIANGLE;XIRECS;9503.0;3;4;4
94500;;SUBMISSION;GALAXY_SOUNDS_BLACK_HOLES;XIRECS;11931.0;5;4;4
94600;;;GALAXY_SOUNDS_BLACK_HOLES;XIRECS;11948.0;4;4;4
94600;;;GALAXY_SOUNDS_DARK_MATTER;XIRECS;10552.0;4;4;4
94600;;;GALAXY_SOUNDS_PLANETARY_RINGS;XIRECS;10699.0;4;4;4
94600;;;GALAXY_SOUNDS_SOLAR_FLAMES;XIRECS;10840.0;4;4;4
94600;;;GALAXY_SOUNDS_SOLAR_WINDS;XIRECS;10807.0;4;4;4
94600;;;OXYGEN_SHAKE_CHOCOLATE;XIRECS;9158.0;4;4;4
94600;;;OXYGEN_SHAKE_EVENING_BREATH;XIRECS;9324.0;4;4;4
94600;;;OXYGEN_SHAKE_GARLIC;XIRECS;12136.0;4;4;4
94600;;;OXYGEN_SHAKE_MINT;XIRECS;9441.0;4;4;4
94600;;;OXYGEN_SHAKE_MORNING_BREATH;XIRECS;9409.0;4;4;4
94600;;;PANEL_1X2;XIRECS;8505.0;4;4;4
94600;;;PANEL_1X4;XIRECS;8311.0;4;4;4
94600;;;PANEL_2X2;XIRECS;8759.0;4;4;4
94600;;;PANEL_2X4;XIRECS;11011.0;4;4;4
94600;;;PANEL_4X4;XIRECS;10993.0;4;4;4
94600;;;ROBOT_DISHES;XIRECS;10308.0;4;4;4
94600;;;ROBOT_IRONING;XIRECS;7847.0;4;4;4
94600;;;ROBOT_LAUNDRY;XIRECS;8849.0;4;4;4
94600;;;ROBOT_MOPPING;XIRECS;11868.0;4;4;4
94600;;;ROBOT_VACUUMING;XIRECS;8794.0;4;4;4
94600;;;SLEEP_POD_COTTON;XIRECS;12727.0;4;4;4
94600;;;SLEEP_POD_LAMB_WOOL;XIRECS;10371.0;4;4;4
94600;;;SLEEP_POD_NYLON;XIRECS;9840.0;4;4;4
94600;;;SLEEP_POD_POLYESTER;XIRECS;12867.0;4;4;4
94600;;;SLEEP_POD_SUEDE;XIRECS;12445.0;4;4;4
94600;;;SNACKPACK_CHOCOLATE;XIRECS;9866.0;4;4;4
94600;;;SNACKPACK_PISTACHIO;XIRECS;9366.0;4;4;4
94600;;;SNACKPACK_RASPBERRY;XIRECS;10059.0;4;4;4
94600;;;SNACKPACK_STRAWBERRY;XIRECS;10831.0;4;4;4
94600;;;SNACKPACK_VANILLA;XIRECS;10015.0;4;4;4
94600;;;TRANSLATOR_ASTRO_BLACK;XIRECS;9486.0;4;4;4
94600;;;TRANSLATOR_ECLIPSE_CHARCOAL;XIRECS;9930.0;4;4;4
94600;;;TRANSLATOR_GRAPHITE_MIST;XIRECS;11397.0;4;4;4
94600;;;TRANSLATOR_SPACE_GRAY;XIRECS;9560.0;4;4;4
94600;;;TRANSLATOR_VOID_BLUE;XIRECS;10794.0;4;4;4
94600;;;UV_VISOR_AMBER;XIRECS;6922.0;4;4;4
94600;;;UV_VISOR_MAGENTA;XIRECS;11059.0;4;4;4
94600;;;UV_VISOR_ORANGE;XIRECS;10794.0;4;4;4
94600;;;UV_VISOR_RED;XIRECS;11535.0;4;4;4
94600;;;UV_VISOR_YELLOW;XIRECS;12092.0;4;4;4
94800;SUBMISSION;;GALAXY_SOUNDS_BLACK_HOLES;XIRECS;11973.0;5;4;4
95300;SUBMISSION;;PEBBLES_XL;XIRECS;12971.0;2;4;4
95300;;;PEBBLES_L;XIRECS;11001.0;2;4;4
95300;;;PEBBLES_M;XIRECS;10800.0;2;4;4
95300;;;PEBBLES_S;XIRECS;8475.0;2;4;4
95300;;;PEBBLES_XS;XIRECS;6721.0;2;4;4
96100;;;MICROCHIP_CIRCLE;XIRECS;8360.0;2;4;4
96100;;;MICROCHIP_OVAL;XIRECS;7045.0;2;4;4
96100;;;MICROCHIP_RECTANGLE;XIRECS;7574.0;2;4;4
96100;;;MICROCHIP_SQUARE;XIRECS;15360.0;2;4;4
96100;;;MICROCHIP_TRIANGLE;XIRECS;9499.0;2;4;4
96800;;SUBMISSION;PEBBLES_XL;XIRECS;12926.0;4;4;4
97400;;;MICROCHIP_CIRCLE;XIRECS;8357.0;1;4;4
97400;;;MICROCHIP_OVAL;XIRECS;7041.0;1;4;4
97400;;;MICROCHIP_RECTANGLE;XIRECS;7614.0;1;4;4
97400;;;MICROCHIP_SQUARE;XIRECS;15465.0;1;4;4
97400;;;MICROCHIP_TRIANGLE;XIRECS;9452.0;1;4;4
99200;SUBMISSION;;SNACKPACK_PISTACHIO;XIRECS;9330.0;4;4;4
99200;SUBMISSION;;SNACKPACK_STRAWBERRY;XIRECS;10750.0;4;4;4
99200;SUBMISSION;;SNACKPACK_VANILLA;XIRECS;9972.0;4;4;4
99400;;SUBMISSION;SNACKPACK_PISTACHIO;XIRECS;9351.0;2;4;4
99400;;SUBMISSION;SNACKPACK_STRAWBERRY;XIRECS;10783.0;2;4;4
99400;;SUBMISSION;SNACKPACK_VANILLA;XIRECS;9971.0;2;4;4
99400;;;GALAXY_SOUNDS_BLACK_HOLES;XIRECS;12049.0;3;4;4
99400;;;GALAXY_SOUNDS_DARK_MATTER;XIRECS;10479.0;3;4;4
99400;;;GALAXY_SOUNDS_PLANETARY_RINGS;XIRECS;10655.0;3;4;4
99400;;;GALAXY_SOUNDS_SOLAR_FLAMES;XIRECS;10787.0;3;4;4
99400;;;GALAXY_SOUNDS_SOLAR_WINDS;XIRECS;10777.0;3;4;4
99400;;;OXYGEN_SHAKE_CHOCOLATE;XIRECS;9286.0;3;4;4
99400;;;OXYGEN_SHAKE_EVENING_BREATH;XIRECS;9346.0;3;4;4
99400;;;OXYGEN_SHAKE_GARLIC;XIRECS;12148.0;3;4;4
99400;;;OXYGEN_SHAKE_MINT;XIRECS;9438.0;3;4;4
99400;;;OXYGEN_SHAKE_MORNING_BREATH;XIRECS;9329.0;3;4;4
99400;;;PANEL_1X2;XIRECS;8488.0;3;4;4
99400;;;PANEL_1X4;XIRECS;8361.0;3;4;4
99400;;;PANEL_2X2;XIRECS;8815.0;3;4;4
99400;;;PANEL_2X4;XIRECS;11108.0;3;4;4
99400;;;PANEL_4X4;XIRECS;11076.0;3;4;4
99400;;;ROBOT_DISHES;XIRECS;10176.0;3;4;4
99400;;;ROBOT_IRONING;XIRECS;8003.0;3;4;4
99400;;;ROBOT_LAUNDRY;XIRECS;8926.0;3;4;4
99400;;;ROBOT_MOPPING;XIRECS;11831.0;3;4;4
99400;;;ROBOT_VACUUMING;XIRECS;8806.0;3;4;4
99400;;;SLEEP_POD_COTTON;XIRECS;12888.0;3;4;4
99400;;;SLEEP_POD_LAMB_WOOL;XIRECS;10202.0;3;4;4
99400;;;SLEEP_POD_NYLON;XIRECS;9890.0;3;4;4
99400;;;SLEEP_POD_POLYESTER;XIRECS;12977.0;3;4;4
99400;;;SLEEP_POD_SUEDE;XIRECS;12302.0;3;4;4
99400;;;SNACKPACK_CHOCOLATE;XIRECS;9943.0;3;4;4
99400;;;SNACKPACK_RASPBERRY;XIRECS;10142.0;3;4;4
99400;;;TRANSLATOR_ASTRO_BLACK;XIRECS;9513.0;3;4;4
99400;;;TRANSLATOR_ECLIPSE_CHARCOAL;XIRECS;9995.0;3;4;4
99400;;;TRANSLATOR_GRAPHITE_MIST;XIRECS;11526.0;3;4;4
99400;;;TRANSLATOR_SPACE_GRAY;XIRECS;9464.0;3;4;4
99400;;;TRANSLATOR_VOID_BLUE;XIRECS;10869.0;3;4;4
99400;;;UV_VISOR_AMBER;XIRECS;6951.0;3;4;4
99400;;;UV_VISOR_MAGENTA;XIRECS;11211.0;3;4;4
99400;;;UV_VISOR_ORANGE;XIRECS;10730.0;3;4;4
99400;;;UV_VISOR_RED;XIRECS;11611.0;3;4;4
99400;;;UV_VISOR_YELLOW;XIRECS;12017.0;3;4;4
100100;SUBMISSION;;GALAXY_SOUNDS_BLACK_HOLES;XIRECS;12087.0;5;4;4
101600;;SUBMISSION;PEBBLES_XL;XIRECS;13015.0;2;4;4
101600;;;PEBBLES_L;XIRECS;10969.0;3;4;4
101600;;;PEBBLES_M;XIRECS;10894.0;3;4;4
101600;;;PEBBLES_S;XIRECS;8434.0;3;4;4
101600;;;PEBBLES_XS;XIRECS;6720.0;3;4;4
101800;;SUBMISSION;PEBBLES_XL;XIRECS;12982.0;7;4;4
102200;;SUBMISSION;PEBBLES_XL;XIRECS;12948.0;2;4;4
102200;;;PEBBLES_L;XIRECS;11024.0;3;4;4
102200;;;PEBBLES_M;XIRECS;10955.0;3;4;4
102200;;;PEBBLES_S;XIRECS;8415.0;3;4;4
102200;;;PEBBLES_XS;XIRECS;6691.0;3;4;4
102300;;SUBMISSION;SNACKPACK_PISTACHIO;XIRECS;9380.0;5;4;4
102300;;SUBMISSION;SNACKPACK_STRAWBERRY;XIRECS;10828.0;5;4;4
102300;;SUBMISSION;SNACKPACK_VANILLA;XIRECS;10002.0;5;4;4
102500;;;GALAXY_SOUNDS_BLACK_HOLES;XIRECS;12025.0;3;4;4
102500;;;GALAXY_SOUNDS_DARK_MATTER;XIRECS;10469.0;3;4;4
102500;;;GALAXY_SOUNDS_PLANETARY_RINGS;XIRECS;10687.0;3;4;4
102500;;;GALAXY_SOUNDS_SOLAR_FLAMES;XIRECS;10742.0;3;4;4
102500;;;GALAXY_SOUNDS_SOLAR_WINDS;XIRECS;10748.0;3;4;4
102500;;;OXYGEN_SHAKE_CHOCOLATE;XIRECS;9307.0;3;4;4
102500;;;OXYGEN_SHAKE_EVENING_BREATH;XIRECS;9296.0;3;4;4
102500;;;OXYGEN_SHAKE_GARLIC;XIRECS;12172.0;3;4;4
102500;;;OXYGEN_SHAKE_MINT;XIRECS;9432.0;3;4;4
102500;;;OXYGEN_SHAKE_MORNING_BREATH;XIRECS;9379.0;3;4;4
102500;;;PANEL_1X2;XIRECS;8499.0;3;4;4
102500;;;PANEL_1X4;XIRECS;8374.0;3;4;4
102500;;;PANEL_2X2;XIRECS;8793.0;3;4;4
102500;;;PANEL_2X4;XIRECS;11108.0;3;4;4
102500;;;PANEL_4X4;XIRECS;11077.0;3;4;4
102500;;;ROBOT_DISHES;XIRECS;10187.0;3;4;4
102500;;;ROBOT_IRONING;XIRECS;8053.0;3;4;4
102500;;;ROBOT_LAUNDRY;XIRECS;8979.0;3;4;4
102500;;;ROBOT_MOPPING;XIRECS;11752.0;3;4;4
102500;;;ROBOT_VACUUMING;XIRECS;8881.0;3;4;4
102500;;;SLEEP_POD_COTTON;XIRECS;12946.0;3;4;4
102500;;;SLEEP_POD_LAMB_WOOL;XIRECS;10240.0;3;4;4
102500;;;SLEEP_POD_NYLON;XIRECS;9875.0;3;4;4
102500;;;SLEEP_POD_POLYESTER;XIRECS;12943.0;3;4;4
102500;;;SLEEP_POD_SUEDE;XIRECS;12278.0;3;4;4
102500;;;SNACKPACK_CHOCOLATE;XIRECS;9898.0;3;4;4
102500;;;SNACKPACK_PISTACHIO;XIRECS;9377.0;3;4;4
102500;;;SNACKPACK_RASPBERRY;XIRECS;10105.0;3;4;4
102500;;;SNACKPACK_STRAWBERRY;XIRECS;10817.0;3;4;4
102500;;;SNACKPACK_VANILLA;XIRECS;10017.0;3;4;4
102500;;;TRANSLATOR_ASTRO_BLACK;XIRECS;9606.0;3;4;4
102500;;;TRANSLATOR_ECLIPSE_CHARCOAL;XIRECS;10035.0;3;4;4
102500;;;TRANSLATOR_GRAPHITE_MIST;XIRECS;11376.0;3;4;4
102500;;;TRANSLATOR_SPACE_GRAY;XIRECS;9500.0;3;4;4
102500;;;TRANSLATOR_VOID_BLUE;XIRECS;10924.0;3;4;4
102500;;;UV_VISOR_AMBER;XIRECS;6915.0;3;4;4
102500;;;UV_VISOR_MAGENTA;XIRECS;11199.0;3;4;4
102500;;;UV_VISOR_ORANGE;XIRECS;10836.0;3;4;4
102500;;;UV_VISOR_RED;XIRECS;11552.0;3;4;4
102500;;;UV_VISOR_YELLOW;XIRECS;11966.0;3;4;4
103600;SUBMISSION;;PEBBLES_XL;XIRECS;12887.0;5;4;4
103600;SUBMISSION;;PEBBLES_XL;XIRECS;12895.0;10;4;4
104800;;SUBMISSION;SNACKPACK_PISTACHIO;XIRECS;9365.0;1;4;4
104800;;SUBMISSION;SNACKPACK_STRAWBERRY;XIRECS;10802.0;1;4;4
104800;;SUBMISSION;SNACKPACK_VANILLA;XIRECS;9983.0;1;4;4
107800;SUBMISSION;;GALAXY_SOUNDS_BLACK_HOLES;XIRECS;12126.0;5;4;4
108000;;SUBMISSION;PEBBLES_XL;XIRECS;12867.0;7;4;4
108500;;;GALAXY_SOUNDS_BLACK_HOLES;XIRECS;12117.0;1;4;4
108500;;;GALAXY_SOUNDS_DARK_MATTER;XIRECS;10555.0;1;4;4
108500;;;GALAXY_SOUNDS_PLANETARY_RINGS;XIRECS;10586.0;1;4;4
108500;;;GALAXY_SOUNDS_SOLAR_FLAMES;XIRECS;10613.0;1;4;4
108500;;;GALAXY_SOUNDS_SOLAR_WINDS;XIRECS;10776.0;1;4;4
108500;;;OXYGEN_SHAKE_CHOCOLATE;XIRECS;9294.0;1;4;4
108500;;;OXYGEN_SHAKE_EVENING_BREATH;XIRECS;9316.0;1;4;4
108500;;;OXYGEN_SHAKE_GARLIC;XIRECS;11964.0;1;4;4
108500;;;OXYGEN_SHAKE_MINT;XIRECS;9505.0;1;4;4
108500;;;OXYGEN_SHAKE_MORNING_BREATH;XIRECS;9433.0;1;4;4
108500;;;PANEL_1X2;XIRECS;8487.0;1;4;4
108500;;;PANEL_1X4;XIRECS;8527.0;1;4;4
108500;;;PANEL_2X2;XIRECS;8766.0;1;4;4
108500;;;PANEL_2X4;XIRECS;11202.0;1;4;4
108500;;;PANEL_4X4;XIRECS;10999.0;1;4;4
108500;;;ROBOT_DISHES;XIRECS;10203.0;1;4;4
108500;;;ROBOT_IRONING;XIRECS;8173.0;1;4;4
108500;;;ROBOT_LAUNDRY;XIRECS;8858.0;1;4;4
108500;;;ROBOT_MOPPING;XIRECS;11715.0;1;4;4
108500;;;ROBOT_VACUUMING;XIRECS;8833.0;1;4;4
108500;;;SLEEP_POD_COTTON;XIRECS;13012.0;1;4;4
108500;;;SLEEP_POD_LAMB_WOOL;XIRECS;10363.0;1;4;4
108500;;;SLEEP_POD_NYLON;XIRECS;9766.0;1;4;4
108500;;;SLEEP_POD_POLYESTER;XIRECS;12945.0;1;4;4
108500;;;SLEEP_POD_SUEDE;XIRECS;12288.0;1;4;4
108500;;;SNACKPACK_CHOCOLATE;XIRECS;9908.0;1;4;4
108500;;;SNACKPACK_PISTACHIO;XIRECS;9400.0;1;4;4
108500;;;SNACKPACK_RASPBERRY;XIRECS;10028.0;1;4;4
108500;;;SNACKPACK_STRAWBERRY;XIRECS;10893.0;1;4;4
108500;;;SNACKPACK_VANILLA;XIRECS;9995.0;1;4;4
108500;;;TRANSLATOR_ASTRO_BLACK;XIRECS;9493.0;1;4;4
108500;;;TRANSLATOR_ECLIPSE_CHARCOAL;XIRECS;10162.0;1;4;4
108500;;;TRANSLATOR_GRAPHITE_MIST;XIRECS;11376.0;1;4;4
108500;;;TRANSLATOR_SPACE_GRAY;XIRECS;9616.0;1;4;4
108500;;;TRANSLATOR_VOID_BLUE;XIRECS;10888.0;1;4;4
108500;;;UV_VISOR_AMBER;XIRECS;6892.0;1;4;4
108500;;;UV_VISOR_MAGENTA;XIRECS;11364.0;1;4;4
108500;;;UV_VISOR_ORANGE;XIRECS;10854.0;1;4;4
108500;;;UV_VISOR_RED;XIRECS;11585.0;1;4;4
108500;;;UV_VISOR_YELLOW;XIRECS;11798.0;1;4;4
109300;SUBMISSION;;SNACKPACK_PISTACHIO;XIRECS;9386.0;2;4;4
109300;SUBMISSION;;SNACKPACK_STRAWBERRY;XIRECS;10879.0;2;4;4
109300;SUBMISSION;;SNACKPACK_VANILLA;XIRECS;9975.0;2;4;4
109300;;;GALAXY_SOUNDS_BLACK_HOLES;XIRECS;12104.0;2;4;4
109300;;;GALAXY_SOUNDS_DARK_MATTER;XIRECS;10534.0;2;4;4
109300;;;GALAXY_SOUNDS_PLANETARY_RINGS;XIRECS;10596.0;2;4;4
109300;;;GALAXY_SOUNDS_SOLAR_FLAMES;XIRECS;10598.0;2;4;4
109300;;;GALAXY_SOUNDS_SOLAR_WINDS;XIRECS;10766.0;2;4;4
109300;;;OXYGEN_SHAKE_CHOCOLATE;XIRECS;9291.0;2;4;4
109300;;;OXYGEN_SHAKE_EVENING_BREATH;XIRECS;9264.0;2;4;4
109300;;;OXYGEN_SHAKE_GARLIC;XIRECS;12042.0;2;4;4
109300;;;OXYGEN_SHAKE_MINT;XIRECS;9478.0;2;4;4
109300;;;OXYGEN_SHAKE_MORNING_BREATH;XIRECS;9394.0;2;4;4
109300;;;PANEL_1X2;XIRECS;8509.0;2;4;4
109300;;;PANEL_1X4;XIRECS;8550.0;2;4;4
109300;;;PANEL_2X2;XIRECS;8777.0;2;4;4
109300;;;PANEL_2X4;XIRECS;11240.0;2;4;4
109300;;;PANEL_4X4;XIRECS;10967.0;2;4;4
109300;;;ROBOT_DISHES;XIRECS;10172.0;2;4;4
109300;;;ROBOT_IRONING;XIRECS;8197.0;2;4;4
109300;;;ROBOT_LAUNDRY;XIRECS;8832.0;2;4;4
109300;;;ROBOT_MOPPING;XIRECS;11718.0;2;4;4
109300;;;ROBOT_VACUUMING;XIRECS;8840.0;2;4;4
109300;;;SLEEP_POD_COTTON;XIRECS;12990.0;2;4;4
109300;;;SLEEP_POD_LAMB_WOOL;XIRECS;10387.0;2;4;4
109300;;;SLEEP_POD_NYLON;XIRECS;9767.0;2;4;4
109300;;;SLEEP_POD_POLYESTER;XIRECS;12955.0;2;4;4
109300;;;SLEEP_POD_SUEDE;XIRECS;12302.0;2;4;4
109300;;;SNACKPACK_CHOCOLATE;XIRECS;9894.0;2;4;4
109300;;;SNACKPACK_RASPBERRY;XIRECS;10004.0;2;4;4
109300;;;TRANSLATOR_ASTRO_BLACK;XIRECS;9519.0;2;4;4
109300;;;TRANSLATOR_ECLIPSE_CHARCOAL;XIRECS;10155.0;2;4;4
109300;;;TRANSLATOR_GRAPHITE_MIST;XIRECS;11309.0;2;4;4
109300;;;TRANSLATOR_SPACE_GRAY;XIRECS;9661.0;2;4;4
109300;;;TRANSLATOR_VOID_BLUE;XIRECS;10942.0;2;4;4
109300;;;UV_VISOR_AMBER;XIRECS;6887.0;2;4;4
109300;;;UV_VISOR_MAGENTA;XIRECS;11351.0;2;4;4
109300;;;UV_VISOR_ORANGE;XIRECS;10847.0;2;4;4
109300;;;UV_VISOR_RED;XIRECS;11673.0;2;4;4
109300;;;UV_VISOR_YELLOW;XIRECS;11783.0;2;4;4
109600;;SUBMISSION;PEBBLES_XL;XIRECS;12728.0;2;4;4
109600;;;GALAXY_SOUNDS_BLACK_HOLES;XIRECS;12106.0;4;4;4
109600;;;GALAXY_SOUNDS_DARK_MATTER;XIRECS;10537.0;4;4;4
109600;;;GALAXY_SOUNDS_PLANETARY_RINGS;XIRECS;10581.0;4;4;4
109600;;;GALAXY_SOUNDS_SOLAR_FLAMES;XIRECS;10602.0;4;4;4
109600;;;GALAXY_SOUNDS_SOLAR_WINDS;XIRECS;10775.0;4;4;4
109600;;;OXYGEN_SHAKE_CHOCOLATE;XIRECS;9285.0;4;4;4
109600;;;OXYGEN_SHAKE_EVENING_BREATH;XIRECS;9246.0;4;4;4
109600;;;OXYGEN_SHAKE_GARLIC;XIRECS;12050.0;4;4;4
109600;;;OXYGEN_SHAKE_MINT;XIRECS;9507.0;4;4;4
109600;;;OXYGEN_SHAKE_MORNING_BREATH;XIRECS;9407.0;4;4;4
109600;;;PANEL_1X2;XIRECS;8526.0;4;4;4
109600;;;PANEL_1X4;XIRECS;8558.0;4;4;4
109600;;;PANEL_2X2;XIRECS;8769.0;4;4;4
109600;;;PANEL_2X4;XIRECS;11236.0;4;4;4
109600;;;PANEL_4X4;XIRECS;10969.0;4;4;4
109600;;;PEBBLES_L;XIRECS;11092.0;4;4;4
109600;;;PEBBLES_M;XIRECS;11220.0;4;4;4
109600;;;PEBBLES_S;XIRECS;8490.0;4;4;4
109600;;;PEBBLES_XS;XIRECS;6502.0;4;4;4
109600;;;ROBOT_DISHES;XIRECS;10194.0;4;4;4
109600;;;ROBOT_IRONING;XIRECS;8193.0;4;4;4
109600;;;ROBOT_LAUNDRY;XIRECS;8840.0;4;4;4
109600;;;ROBOT_MOPPING;XIRECS;11734.0;4;4;4
109600;;;ROBOT_VACUUMING;XIRECS;8823.0;4;4;4
109600;;;SLEEP_POD_COTTON;XIRECS;12999.0;4;4;4
109600;;;SLEEP_POD_LAMB_WOOL;XIRECS;10401.0;4;4;4
109600;;;SLEEP_POD_NYLON;XIRECS;9771.0;4;4;4
109600;;;SLEEP_POD_POLYESTER;XIRECS;12982.0;4;4;4
109600;;;SLEEP_POD_SUEDE;XIRECS;12318.0;4;4;4
109600;;;SNACKPACK_CHOCOLATE;XIRECS;9905.0;4;4;4
109600;;;SNACKPACK_PISTACHIO;XIRECS;9402.0;4;4;4
109600;;;SNACKPACK_RASPBERRY;XIRECS;10029.0;4;4;4
109600;;;SNACKPACK_STRAWBERRY;XIRECS;10895.0;4;4;4
109600;;;SNACKPACK_VANILLA;XIRECS;9998.0;4;4;4
109600;;;TRANSLATOR_ASTRO_BLACK;XIRECS;9504.0;4;4;4
109600;;;TRANSLATOR_ECLIPSE_CHARCOAL;XIRECS;10156.0;4;4;4
109600;;;TRANSLATOR_GRAPHITE_MIST;XIRECS;11343.0;4;4;4
109600;;;TRANSLATOR_SPACE_GRAY;XIRECS;9660.0;4;4;4
109600;;;TRANSLATOR_VOID_BLUE;XIRECS;10911.0;4;4;4
109600;;;UV_VISOR_AMBER;XIRECS;6896.0;4;4;4
109600;;;UV_VISOR_MAGENTA;XIRECS;11346.0;4;4;4
109600;;;UV_VISOR_ORANGE;XIRECS;10856.0;4;4;4
109600;;;UV_VISOR_RED;XIRECS;11704.0;4;4;4
109600;;;UV_VISOR_YELLOW;XIRECS;11763.0;4;4;4
110000;;SUBMISSION;SNACKPACK_PISTACHIO;XIRECS;9397.0;2;4;4
110000;;SUBMISSION;SNACKPACK_STRAWBERRY;XIRECS;10887.0;2;4;4
110000;;SUBMISSION;SNACKPACK_VANILLA;XIRECS;9999.0;2;4;4
111200;SUBMISSION;;GALAXY_SOUNDS_BLACK_HOLES;XIRECS;12143.0;5;4;4
112900;;;GALAXY_SOUNDS_BLACK_HOLES;XIRECS;12194.0;3;4;4
112900;;;GALAXY_SOUNDS_DARK_MATTER;XIRECS;10555.0;3;4;4
112900;;;GALAXY_SOUNDS_PLANETARY_RINGS;XIRECS;10563.0;3;4;4
112900;;;GALAXY_SOUNDS_SOLAR_FLAMES;XIRECS;10563.0;3;4;4
112900;;;GALAXY_SOUNDS_SOLAR_WINDS;XIRECS;10803.0;3;4;4
112900;;;OXYGEN_SHAKE_CHOCOLATE;XIRECS;9337.0;3;4;4
112900;;;OXYGEN_SHAKE_EVENING_BREATH;XIRECS;9136.0;3;4;4
112900;;;OXYGEN_SHAKE_GARLIC;XIRECS;12022.0;3;4;4
112900;;;OXYGEN_SHAKE_MINT;XIRECS;9514.0;3;4;4
112900;;;OXYGEN_SHAKE_MORNING_BREATH;XIRECS;9351.0;3;4;4
112900;;;PANEL_1X2;XIRECS;8514.0;3;4;4
112900;;;PANEL_1X4;XIRECS;8620.0;3;4;4
112900;;;PANEL_2X2;XIRECS;8703.0;3;4;4
112900;;;PANEL_2X4;XIRECS;11125.0;3;4;4
112900;;;PANEL_4X4;XIRECS;10897.0;3;4;4
112900;;;ROBOT_DISHES;XIRECS;10204.0;3;4;4
112900;;;ROBOT_IRONING;XIRECS;8233.0;3;4;4
112900;;;ROBOT_LAUNDRY;XIRECS;8871.0;3;4;4
112900;;;ROBOT_MOPPING;XIRECS;11786.0;3;4;4
112900;;;ROBOT_VACUUMING;XIRECS;8772.0;3;4;4
112900;;;SLEEP_POD_COTTON;XIRECS;13019.0;3;4;4
112900;;;SLEEP_POD_LAMB_WOOL;XIRECS;10397.0;3;4;4
112900;;;SLEEP_POD_NYLON;XIRECS;9777.0;3;4;4
112900;;;SLEEP_POD_POLYESTER;XIRECS;13004.0;3;4;4
112900;;;SLEEP_POD_SUEDE;XIRECS;12530.0;3;4;4
112900;;;SNACKPACK_CHOCOLATE;XIRECS;9910.0;3;4;4
112900;;;SNACKPACK_PISTACHIO;XIRECS;9403.0;3;4;4
112900;;;SNACKPACK_RASPBERRY;XIRECS;10007.0;3;4;4
112900;;;SNACKPACK_STRAWBERRY;XIRECS;10913.0;3;4;4
112900;;;SNACKPACK_VANILLA;XIRECS;9982.0;3;4;4
112900;;;TRANSLATOR_ASTRO_BLACK;XIRECS;9533.0;3;4;4
112900;;;TRANSLATOR_ECLIPSE_CHARCOAL;XIRECS;10172.0;3;4;4
112900;;;TRANSLATOR_GRAPHITE_MIST;XIRECS;11386.0;3;4;4
112900;;;TRANSLATOR_SPACE_GRAY;XIRECS;9663.0;3;4;4
112900;;;TRANSLATOR_VOID_BLUE;XIRECS;10866.0;3;4;4
112900;;;UV_VISOR_AMBER;XIRECS;6864.0;3;4;4
112900;;;UV_VISOR_MAGENTA;XIRECS;11371.0;3;4;4
112900;;;UV_VISOR_ORANGE;XIRECS;10900.0;3;4;4
112900;;;UV_VISOR_RED;XIRECS;11630.0;3;4;4
112900;;;UV_VISOR_YELLOW;XIRECS;11757.0;3;4;4
113400;;SUBMISSION;PEBBLES_XL;XIRECS;12910.0;8;4;4
113600;SUBMISSION;;PEBBLES_XL;XIRECS;12931.0;2;4;4
113600;;;PEBBLES_L;XIRECS;11068.0;2;4;4
113600;;;PEBBLES_M;XIRECS;11166.0;2;4;4
113600;;;PEBBLES_S;XIRECS;8330.0;2;4;4
113600;;;PEBBLES_XS;XIRECS;6474.0;2;4;4
114000;SUBMISSION;;SNACKPACK_PISTACHIO;XIRECS;9371.0;2;4;4
114000;SUBMISSION;;SNACKPACK_STRAWBERRY;XIRECS;10876.0;2;4;4
114000;SUBMISSION;;SNACKPACK_VANILLA;XIRECS;9946.0;2;4;4
114000;;;GALAXY_SOUNDS_BLACK_HOLES;XIRECS;12111.0;4;4;4
114000;;;GALAXY_SOUNDS_DARK_MATTER;XIRECS;10560.0;4;4;4
114000;;;GALAXY_SOUNDS_PLANETARY_RINGS;XIRECS;10569.0;4;4;4
114000;;;GALAXY_SOUNDS_SOLAR_FLAMES;XIRECS;10589.0;4;4;4
114000;;;GALAXY_SOUNDS_SOLAR_WINDS;XIRECS;10816.0;4;4;4
114000;;;OXYGEN_SHAKE_CHOCOLATE;XIRECS;9303.0;4;4;4
114000;;;OXYGEN_SHAKE_EVENING_BREATH;XIRECS;9114.0;4;4;4
114000;;;OXYGEN_SHAKE_GARLIC;XIRECS;11996.0;4;4;4
114000;;;OXYGEN_SHAKE_MINT;XIRECS;9477.0;4;4;4
114000;;;OXYGEN_SHAKE_MORNING_BREATH;XIRECS;9377.0;4;4;4
114000;;;PANEL_1X2;XIRECS;8487.0;4;4;4
114000;;;PANEL_1X4;XIRECS;8589.0;4;4;4
114000;;;PANEL_2X2;XIRECS;8688.0;4;4;4
114000;;;PANEL_2X4;XIRECS;11075.0;4;4;4
114000;;;PANEL_4X4;XIRECS;10918.0;4;4;4
114000;;;ROBOT_DISHES;XIRECS;10196.0;4;4;4
114000;;;ROBOT_IRONING;XIRECS;8237.0;4;4;4
114000;;;ROBOT_LAUNDRY;XIRECS;8868.0;4;4;4
114000;;;ROBOT_MOPPING;XIRECS;11774.0;4;4;4
114000;;;ROBOT_VACUUMING;XIRECS;8758.0;4;4;4
114000;;;SLEEP_POD_COTTON;XIRECS;12944.0;4;4;4
114000;;;SLEEP_POD_LAMB_WOOL;XIRECS;10402.0;4;4;4
114000;;;SLEEP_POD_NYLON;XIRECS;9802.0;4;4;4
114000;;;SLEEP_POD_POLYESTER;XIRECS;12969.0;4;4;4
114000;;;SLEEP_POD_SUEDE;XIRECS;12536.0;4;4;4
114000;;;SNACKPACK_CHOCOLATE;XIRECS;9914.0;4;4;4
114000;;;SNACKPACK_RASPBERRY;XIRECS;10015.0;4;4;4
114000;;;TRANSLATOR_ASTRO_BLACK;XIRECS;9489.0;4;4;4
114000;;;TRANSLATOR_ECLIPSE_CHARCOAL;XIRECS;10224.0;4;4;4
114000;;;TRANSLATOR_GRAPHITE_MIST;XIRECS;11367.0;4;4;4
114000;;;TRANSLATOR_SPACE_GRAY;XIRECS;9662.0;4;4;4
114000;;;TRANSLATOR_VOID_BLUE;XIRECS;10822.0;4;4;4
114000;;;UV_VISOR_AMBER;XIRECS;6878.0;4;4;4
114000;;;UV_VISOR_MAGENTA;XIRECS;11372.0;4;4;4
114000;;;UV_VISOR_ORANGE;XIRECS;10914.0;4;4;4
114000;;;UV_VISOR_RED;XIRECS;11599.0;4;4;4
114000;;;UV_VISOR_YELLOW;XIRECS;11732.0;4;4;4
114300;;;PEBBLES_L;XIRECS;11121.0;5;4;4
114300;;;PEBBLES_M;XIRECS;11164.0;5;4;4
114300;;;PEBBLES_S;XIRECS;8326.0;5;4;4
114300;;;PEBBLES_XL;XIRECS;13069.0;5;4;4
114300;;;PEBBLES_XS;XIRECS;6352.0;5;4;4
114400;;SUBMISSION;SNACKPACK_PISTACHIO;XIRECS;9376.0;2;4;4
114400;;SUBMISSION;SNACKPACK_STRAWBERRY;XIRECS;10883.0;2;4;4
114400;;SUBMISSION;SNACKPACK_VANILLA;XIRECS;9949.0;2;4;4
115100;;SUBMISSION;PEBBLES_XL;XIRECS;13088.0;4;4;4
115300;;;GALAXY_SOUNDS_BLACK_HOLES;XIRECS;12063.0;1;4;4
115300;;;GALAXY_SOUNDS_DARK_MATTER;XIRECS;10551.0;1;4;4
115300;;;GALAXY_SOUNDS_PLANETARY_RINGS;XIRECS;10584.0;1;4;4
115300;;;GALAXY_SOUNDS_SOLAR_FLAMES;XIRECS;10557.0;1;4;4
115300;;;GALAXY_SOUNDS_SOLAR_WINDS;XIRECS;10803.0;1;4;4
115300;;;OXYGEN_SHAKE_CHOCOLATE;XIRECS;9317.0;1;4;4
115300;;;OXYGEN_SHAKE_EVENING_BREATH;XIRECS;9066.0;1;4;4
115300;;;OXYGEN_SHAKE_GARLIC;XIRECS;12010.0;1;4;4
115300;;;OXYGEN_SHAKE_MINT;XIRECS;9455.0;1;4;4
115300;;;OXYGEN_SHAKE_MORNING_BREATH;XIRECS;9402.0;1;4;4
115300;;;PANEL_1X2;XIRECS;8501.0;1;4;4
115300;;;PANEL_1X4;XIRECS;8570.0;1;4;4
115300;;;PANEL_2X2;XIRECS;8684.0;1;4;4
115300;;;PANEL_2X4;XIRECS;11055.0;1;4;4
115300;;;PANEL_4X4;XIRECS;10951.0;1;4;4
115300;;;ROBOT_DISHES;XIRECS;10304.0;1;4;4
115300;;;ROBOT_IRONING;XIRECS;8233.0;1;4;4
115300;;;ROBOT_LAUNDRY;XIRECS;8860.0;1;4;4
115300;;;ROBOT_MOPPING;XIRECS;11768.0;1;4;4
115300;;;ROBOT_VACUUMING;XIRECS;8758.0;1;4;4
115300;;;SLEEP_POD_COTTON;XIRECS;12987.0;1;4;4
115300;;;SLEEP_POD_LAMB_WOOL;XIRECS;10407.0;1;4;4
115300;;;SLEEP_POD_NYLON;XIRECS;9778.0;1;4;4
115300;;;SLEEP_POD_POLYESTER;XIRECS;12936.0;1;4;4
115300;;;SLEEP_POD_SUEDE;XIRECS;12521.0;1;4;4
115300;;;SNACKPACK_CHOCOLATE;XIRECS;9909.0;1;4;4
115300;;;SNACKPACK_PISTACHIO;XIRECS;9388.0;1;4;4
115300;;;SNACKPACK_RASPBERRY;XIRECS;10027.0;1;4;4
115300;;;SNACKPACK_STRAWBERRY;XIRECS;10891.0;1;4;4
115300;;;SNACKPACK_VANILLA;XIRECS;9981.0;1;4;4
115300;;;TRANSLATOR_ASTRO_BLACK;XIRECS;9454.0;1;4;4
115300;;;TRANSLATOR_ECLIPSE_CHARCOAL;XIRECS;10233.0;1;4;4
115300;;;TRANSLATOR_GRAPHITE_MIST;XIRECS;11340.0;1;4;4
115300;;;TRANSLATOR_SPACE_GRAY;XIRECS;9660.0;1;4;4
115300;;;TRANSLATOR_VOID_BLUE;XIRECS;10800.0;1;4;4
115300;;;UV_VISOR_AMBER;XIRECS;6927.0;1;4;4
115300;;;UV_VISOR_MAGENTA;XIRECS;11394.0;1;4;4
115300;;;UV_VISOR_ORANGE;XIRECS;10903.0;1;4;4
115300;;;UV_VISOR_RED;XIRECS;11595.0;1;4;4
115300;;;UV_VISOR_YELLOW;XIRECS;11764.0;1;4;4
117000;SUBMISSION;;SNACKPACK_PISTACHIO;XIRECS;9336.0;2;4;4
117000;SUBMISSION;;SNACKPACK_STRAWBERRY;XIRECS;10828.0;2;4;4
117000;SUBMISSION;;SNACKPACK_VANILLA;XIRECS;9933.0;2;4;4
117000;;;GALAXY_SOUNDS_BLACK_HOLES;XIRECS;12056.0;2;4;4
117000;;;GALAXY_SOUNDS_DARK_MATTER;XIRECS;10504.0;2;4;4
117000;;;GALAXY_SOUNDS_PLANETARY_RINGS;XIRECS;10634.0;2;4;4
117000;;;GALAXY_SOUNDS_SOLAR_FLAMES;XIRECS;10485.0;2;4;4
117000;;;GALAXY_SOUNDS_SOLAR_WINDS;XIRECS;10835.0;2;4;4
117000;;;OXYGEN_SHAKE_CHOCOLATE;XIRECS;9356.0;2;4;4
117000;;;OXYGEN_SHAKE_EVENING_BREATH;XIRECS;9124.0;2;4;4
117000;;;OXYGEN_SHAKE_GARLIC;XIRECS;12023.0;2;4;4
117000;;;OXYGEN_SHAKE_MINT;XIRECS;9420.0;2;4;4
117000;;;OXYGEN_SHAKE_MORNING_BREATH;XIRECS;9410.0;2;4;4
117000;;;PANEL_1X2;XIRECS;8363.0;2;4;4
117000;;;PANEL_1X4;XIRECS;8519.0;2;4;4
117000;;;PANEL_2X2;XIRECS;8700.0;2;4;4
117000;;;PANEL_2X4;XIRECS;10982.0;2;4;4
117000;;;PANEL_4X4;XIRECS;10943.0;2;4;4
117000;;;ROBOT_DISHES;XIRECS;10296.0;2;4;4
117000;;;ROBOT_IRONING;XIRECS;8257.0;2;4;4
117000;;;ROBOT_LAUNDRY;XIRECS;8893.0;2;4;4
117000;;;ROBOT_MOPPING;XIRECS;11777.0;2;4;4
117000;;;ROBOT_VACUUMING;XIRECS;8688.0;2;4;4
117000;;;SLEEP_POD_COTTON;XIRECS;12887.0;2;4;4
117000;;;SLEEP_POD_LAMB_WOOL;XIRECS;10418.0;2;4;4
117000;;;SLEEP_POD_NYLON;XIRECS;9726.0;2;4;4
117000;;;SLEEP_POD_POLYESTER;XIRECS;12908.0;2;4;4
117000;;;SLEEP_POD_SUEDE;XIRECS;12510.0;2;4;4
117000;;;SNACKPACK_CHOCOLATE;XIRECS;9917.0;2;4;4
117000;;;SNACKPACK_RASPBERRY;XIRECS;10055.0;2;4;4
117000;;;TRANSLATOR_ASTRO_BLACK;XIRECS;9426.0;2;4;4
117000;;;TRANSLATOR_ECLIPSE_CHARCOAL;XIRECS;10200.0;2;4;4
117000;;;TRANSLATOR_GRAPHITE_MIST;XIRECS;11359.0;2;4;4
117000;;;TRANSLATOR_SPACE_GRAY;XIRECS;9693.0;2;4;4
117000;;;TRANSLATOR_VOID_BLUE;XIRECS;10802.0;2;4;4
117000;;;UV_VISOR_AMBER;XIRECS;6884.0;2;4;4
117000;;;UV_VISOR_MAGENTA;XIRECS;11410.0;2;4;4
117000;;;UV_VISOR_ORANGE;XIRECS;10894.0;2;4;4
117000;;;UV_VISOR_RED;XIRECS;11653.0;2;4;4
117000;;;UV_VISOR_YELLOW;XIRECS;11662.0;2;4;4
117700;;SUBMISSION;PEBBLES_XL;XIRECS;13275.0;1;4;4
118000;SUBMISSION;;PEBBLES_XL;XIRECS;13312.0;3;4;4
118000;SUBMISSION;;PEBBLES_XL;XIRECS;13321.0;15;4;4
118500;SUBMISSION;;SNACKPACK_PISTACHIO;XIRECS;9325.0;3;4;4
118500;SUBMISSION;;SNACKPACK_STRAWBERRY;XIRECS;10823.0;3;4;4
118500;SUBMISSION;;SNACKPACK_VANILLA;XIRECS;9921.0;3;4;4
119500;SUBMISSION;;MICROCHIP_CIRCLE;XIRECS;8533.0;5;4;4
120000;;SUBMISSION;PEBBLES_XL;XIRECS;13488.0;4;4;4
121300;;SUBMISSION;SNACKPACK_PISTACHIO;XIRECS;9336.0;2;4;4
121300;;SUBMISSION;SNACKPACK_STRAWBERRY;XIRECS;10862.0;2;4;4
121300;;SUBMISSION;SNACKPACK_VANILLA;XIRECS;9888.0;2;4;4
122100;SUBMISSION;;MICROCHIP_CIRCLE;XIRECS;8592.0;5;4;4
122800;SUBMISSION;;PEBBLES_XL;XIRECS;13313.0;2;4;4
122800;;;PEBBLES_L;XIRECS;10910.0;3;4;4
122800;;;PEBBLES_M;XIRECS;11151.0;3;4;4
122800;;;PEBBLES_S;XIRECS;8171.0;3;4;4
122800;;;PEBBLES_XS;XIRECS;6424.0;3;4;4
123600;;SUBMISSION;PEBBLES_XL;XIRECS;13258.0;3;4;4
123900;;;GALAXY_SOUNDS_BLACK_HOLES;XIRECS;12185.0;1;4;4
123900;;;GALAXY_SOUNDS_DARK_MATTER;XIRECS;10378.0;1;4;4
123900;;;GALAXY_SOUNDS_PLANETARY_RINGS;XIRECS;10580.0;1;4;4
123900;;;GALAXY_SOUNDS_SOLAR_FLAMES;XIRECS;10500.0;1;4;4
123900;;;GALAXY_SOUNDS_SOLAR_WINDS;XIRECS;10854.0;1;4;4
123900;;;OXYGEN_SHAKE_CHOCOLATE;XIRECS;9416.0;1;4;4
123900;;;OXYGEN_SHAKE_EVENING_BREATH;XIRECS;9096.0;1;4;4
123900;;;OXYGEN_SHAKE_GARLIC;XIRECS;12231.0;1;4;4
123900;;;OXYGEN_SHAKE_MINT;XIRECS;9375.0;1;4;4
123900;;;OXYGEN_SHAKE_MORNING_BREATH;XIRECS;9459.0;1;4;4
123900;;;PANEL_1X2;XIRECS;8364.0;1;4;4
123900;;;PANEL_1X4;XIRECS;8528.0;1;4;4
123900;;;PANEL_2X2;XIRECS;8653.0;1;4;4
123900;;;PANEL_2X4;XIRECS;11061.0;1;4;4
123900;;;PANEL_4X4;XIRECS;10842.0;1;4;4
123900;;;ROBOT_DISHES;XIRECS;10204.0;1;4;4
123900;;;ROBOT_IRONING;XIRECS;8203.0;1;4;4
123900;;;ROBOT_LAUNDRY;XIRECS;8950.0;1;4;4
123900;;;ROBOT_MOPPING;XIRECS;11917.0;1;4;4
123900;;;ROBOT_VACUUMING;XIRECS;8668.0;1;4;4
123900;;;SLEEP_POD_COTTON;XIRECS;12737.0;1;4;4
123900;;;SLEEP_POD_LAMB_WOOL;XIRECS;10327.0;1;4;4
123900;;;SLEEP_POD_NYLON;XIRECS;9648.0;1;4;4
123900;;;SLEEP_POD_POLYESTER;XIRECS;12910.0;1;4;4
123900;;;SLEEP_POD_SUEDE;XIRECS;12442.0;1;4;4
123900;;;SNACKPACK_CHOCOLATE;XIRECS;9950.0;1;4;4
123900;;;SNACKPACK_PISTACHIO;XIRECS;9328.0;1;4;4
123900;;;SNACKPACK_RASPBERRY;XIRECS;10011.0;1;4;4
123900;;;SNACKPACK_STRAWBERRY;XIRECS;10874.0;1;4;4
123900;;;SNACKPACK_VANILLA;XIRECS;9918.0;1;4;4
123900;;;TRANSLATOR_ASTRO_BLACK;XIRECS;9346.0;1;4;4
123900;;;TRANSLATOR_ECLIPSE_CHARCOAL;XIRECS;10189.0;1;4;4
123900;;;TRANSLATOR_GRAPHITE_MIST;XIRECS;11409.0;1;4;4
123900;;;TRANSLATOR_SPACE_GRAY;XIRECS;9624.0;1;4;4
123900;;;TRANSLATOR_VOID_BLUE;XIRECS;10837.0;1;4;4
123900;;;UV_VISOR_AMBER;XIRECS;6843.0;1;4;4
123900;;;UV_VISOR_MAGENTA;XIRECS;11526.0;1;4;4
123900;;;UV_VISOR_ORANGE;XIRECS;10921.0;1;4;4
123900;;;UV_VISOR_RED;XIRECS;11764.0;1;4;4
123900;;;UV_VISOR_YELLOW;XIRECS;11604.0;1;4;4
124300;SUBMISSION;;PEBBLES_XL;XIRECS;13307.0;4;4;4
124300;SUBMISSION;;PEBBLES_XL;XIRECS;13316.0;3;4;4
124300;;;MICROCHIP_CIRCLE;XIRECS;8565.0;3;4;4
124300;;;MICROCHIP_OVAL;XIRECS;6777.0;3;4;4
124300;;;MICROCHIP_RECTANGLE;XIRECS;7687.0;3;4;4
124300;;;MICROCHIP_SQUARE;XIRECS;14708.0;3;4;4
124300;;;MICROCHIP_TRIANGLE;XIRECS;9128.0;3;4;4
124800;;SUBMISSION;PEBBLES_XL;XIRECS;13295.0;5;4;4
124900;SUBMISSION;;OXYGEN_SHAKE_MORNING_BREATH;XIRECS;9523.0;5;4;4
126700;SUBMISSION;;SNACKPACK_PISTACHIO;XIRECS;9349.0;3;4;4
126700;SUBMISSION;;SNACKPACK_STRAWBERRY;XIRECS;10907.0;3;4;4
126700;SUBMISSION;;SNACKPACK_VANILLA;XIRECS;9878.0;3;4;4
127900;SUBMISSION;;MICROCHIP_CIRCLE;XIRECS;8564.0;5;4;4
128700;;;GALAXY_SOUNDS_BLACK_HOLES;XIRECS;12170.0;4;4;4
128700;;;GALAXY_SOUNDS_DARK_MATTER;XIRECS;10343.0;4;4;4
128700;;;GALAXY_SOUNDS_PLANETARY_RINGS;XIRECS;10562.0;4;4;4
128700;;;GALAXY_SOUNDS_SOLAR_FLAMES;XIRECS;10480.0;4;4;4
128700;;;GALAXY_SOUNDS_SOLAR_WINDS;XIRECS;10889.0;4;4;4
128700;;;OXYGEN_SHAKE_CHOCOLATE;XIRECS;9487.0;4;4;4
128700;;;OXYGEN_SHAKE_EVENING_BREATH;XIRECS;9124.0;4;4;4
128700;;;OXYGEN_SHAKE_GARLIC;XIRECS;12270.0;4;4;4
128700;;;OXYGEN_SHAKE_MINT;XIRECS;9306.0;4;4;4
128700;;;OXYGEN_SHAKE_MORNING_BREATH;XIRECS;9460.0;4;4;4
128700;;;PANEL_1X2;XIRECS;8412.0;4;4;4
128700;;;PANEL_1X4;XIRECS;8497.0;4;4;4
128700;;;PANEL_2X2;XIRECS;8635.0;4;4;4
128700;;;PANEL_2X4;XIRECS;11120.0;4;4;4
128700;;;PANEL_4X4;XIRECS;10835.0;4;4;4
128700;;;ROBOT_DISHES;XIRECS;10196.0;4;4;4
128700;;;ROBOT_IRONING;XIRECS;8157.0;4;4;4
128700;;;ROBOT_LAUNDRY;XIRECS;8970.0;4;4;4
128700;;;ROBOT_MOPPING;XIRECS;11834.0;4;4;4
128700;;;ROBOT_VACUUMING;XIRECS;8645.0;4;4;4
128700;;;SLEEP_POD_COTTON;XIRECS;12728.0;4;4;4
128700;;;SLEEP_POD_LAMB_WOOL;XIRECS;10311.0;4;4;4
128700;;;SLEEP_POD_NYLON;XIRECS;9738.0;4;4;4
128700;;;SLEEP_POD_POLYESTER;XIRECS;12939.0;4;4;4
128700;;;SLEEP_POD_SUEDE;XIRECS;12312.0;4;4;4
128700;;;SNACKPACK_CHOCOLATE;XIRECS;9970.0;4;4;4
128700;;;SNACKPACK_PISTACHIO;XIRECS;9342.0;4;4;4
128700;;;SNACKPACK_RASPBERRY;XIRECS;9977.0;4;4;4
128700;;;SNACKPACK_STRAWBERRY;XIRECS;10883.0;4;4;4
128700;;;SNACKPACK_VANILLA;XIRECS;9873.0;4;4;4
128700;;;TRANSLATOR_ASTRO_BLACK;XIRECS;9340.0;4;4;4
128700;;;TRANSLATOR_ECLIPSE_CHARCOAL;XIRECS;10072.0;4;4;4
128700;;;TRANSLATOR_GRAPHITE_MIST;XIRECS;11358.0;4;4;4
128700;;;TRANSLATOR_SPACE_GRAY;XIRECS;9564.0;4;4;4
128700;;;TRANSLATOR_VOID_BLUE;XIRECS;10953.0;4;4;4
128700;;;UV_VISOR_AMBER;XIRECS;6857.0;4;4;4
128700;;;UV_VISOR_MAGENTA;XIRECS;11635.0;4;4;4
128700;;;UV_VISOR_ORANGE;XIRECS;10902.0;4;4;4
128700;;;UV_VISOR_RED;XIRECS;11769.0;4;4;4
128700;;;UV_VISOR_YELLOW;XIRECS;11569.0;4;4;4
129000;;SUBMISSION;SNACKPACK_PISTACHIO;XIRECS;9356.0;5;4;4
129000;;SUBMISSION;SNACKPACK_STRAWBERRY;XIRECS;10889.0;5;4;4
129000;;SUBMISSION;SNACKPACK_VANILLA;XIRECS;9894.0;5;4;4
129400;;SUBMISSION;PEBBLES_XL;XIRECS;13194.0;2;4;4
129400;;;PEBBLES_L;XIRECS;11016.0;2;4;4
129400;;;PEBBLES_M;XIRECS;11336.0;2;4;4
129400;;;PEBBLES_S;XIRECS;8033.0;2;4;4
129400;;;PEBBLES_XS;XIRECS;6453.0;2;4;4
129600;SUBMISSION;;SNACKPACK_PISTACHIO;XIRECS;9361.0;3;4;4
129600;SUBMISSION;;SNACKPACK_STRAWBERRY;XIRECS;10902.0;3;4;4
129600;SUBMISSION;;SNACKPACK_VANILLA;XIRECS;9914.0;3;4;4
130200;;SUBMISSION;SNACKPACK_PISTACHIO;XIRECS;9364.0;4;4;4
130200;;SUBMISSION;SNACKPACK_STRAWBERRY;XIRECS;10903.0;4;4;4
130200;;SUBMISSION;SNACKPACK_VANILLA;XIRECS;9924.0;4;4;4
130200;;;GALAXY_SOUNDS_BLACK_HOLES;XIRECS;12183.0;2;4;4
130200;;;GALAXY_SOUNDS_DARK_MATTER;XIRECS;10334.0;2;4;4
130200;;;GALAXY_SOUNDS_PLANETARY_RINGS;XIRECS;10593.0;2;4;4
130200;;;GALAXY_SOUNDS_SOLAR_FLAMES;XIRECS;10507.0;2;4;4
130200;;;GALAXY_SOUNDS_SOLAR_WINDS;XIRECS;10920.0;2;4;4
130200;;;OXYGEN_SHAKE_CHOCOLATE;XIRECS;9536.0;2;4;4
130200;;;OXYGEN_SHAKE_EVENING_BREATH;XIRECS;9160.0;2;4;4
130200;;;OXYGEN_SHAKE_GARLIC;XIRECS;12256.0;2;4;4
130200;;;OXYGEN_SHAKE_MINT;XIRECS;9311.0;2;4;4
130200;;;OXYGEN_SHAKE_MORNING_BREATH;XIRECS;9512.0;2;4;4
130200;;;PANEL_1X2;XIRECS;8411.0;2;4;4
130200;;;PANEL_1X4;XIRECS;8518.0;2;4;4
130200;;;PANEL_2X2;XIRECS;8618.0;2;4;4
130200;;;PANEL_2X4;XIRECS;11224.0;2;4;4
130200;;;PANEL_4X4;XIRECS;10847.0;2;4;4
130200;;;ROBOT_DISHES;XIRECS;10200.0;2;4;4
130200;;;ROBOT_IRONING;XIRECS;8130.0;2;4;4
130200;;;ROBOT_LAUNDRY;XIRECS;8948.0;2;4;4
130200;;;ROBOT_MOPPING;XIRECS;11859.0;2;4;4
130200;;;ROBOT_VACUUMING;XIRECS;8581.0;2;4;4
130200;;;SLEEP_POD_COTTON;XIRECS;12744.0;2;4;4
130200;;;SLEEP_POD_LAMB_WOOL;XIRECS;10265.0;2;4;4
130200;;;SLEEP_POD_NYLON;XIRECS;9749.0;2;4;4
130200;;;SLEEP_POD_POLYESTER;XIRECS;12904.0;2;4;4
130200;;;SLEEP_POD_SUEDE;XIRECS;12371.0;2;4;4
130200;;;SNACKPACK_CHOCOLATE;XIRECS;9933.0;2;4;4
130200;;;SNACKPACK_PISTACHIO;XIRECS;9364.0;2;4;4
130200;;;SNACKPACK_RASPBERRY;XIRECS;9961.0;2;4;4
130200;;;SNACKPACK_STRAWBERRY;XIRECS;10903.0;2;4;4
130200;;;SNACKPACK_VANILLA;XIRECS;9924.0;2;4;4
130200;;;TRANSLATOR_ASTRO_BLACK;XIRECS;9312.0;2;4;4
130200;;;TRANSLATOR_ECLIPSE_CHARCOAL;XIRECS;9988.0;2;4;4
130200;;;TRANSLATOR_GRAPHITE_MIST;XIRECS;11413.0;2;4;4
130200;;;TRANSLATOR_SPACE_GRAY;XIRECS;9608.0;2;4;4
130200;;;TRANSLATOR_VOID_BLUE;XIRECS;10863.0;2;4;4
130200;;;UV_VISOR_AMBER;XIRECS;6850.0;2;4;4
130200;;;UV_VISOR_MAGENTA;XIRECS;11699.0;2;4;4
130200;;;UV_VISOR_ORANGE;XIRECS;10837.0;2;4;4
130200;;;UV_VISOR_RED;XIRECS;11843.0;2;4;4
130200;;;UV_VISOR_YELLOW;XIRECS;11514.0;2;4;4
130300;;SUBMISSION;PEBBLES_XL;XIRECS;13128.0;2;4;4
130300;;;PEBBLES_L;XIRECS;11005.0;4;4;4
130300;;;PEBBLES_M;XIRECS;11361.0;4;4;4
130300;;;PEBBLES_S;XIRECS;8061.0;4;4;4
130300;;;PEBBLES_XS;XIRECS;6477.0;4;4;4
131300;;;MICROCHIP_CIRCLE;XIRECS;8562.0;1;4;4
131300;;;MICROCHIP_OVAL;XIRECS;6793.0;1;4;4
131300;;;MICROCHIP_RECTANGLE;XIRECS;7894.0;1;4;4
131300;;;MICROCHIP_SQUARE;XIRECS;14627.0;1;4;4
131300;;;MICROCHIP_TRIANGLE;XIRECS;9111.0;1;4;4
131500;;;MICROCHIP_CIRCLE;XIRECS;8582.0;2;4;4
131500;;;MICROCHIP_OVAL;XIRECS;6798.0;2;4;4
131500;;;MICROCHIP_RECTANGLE;XIRECS;7925.0;2;4;4
131500;;;MICROCHIP_SQUARE;XIRECS;14618.0;2;4;4
131500;;;MICROCHIP_TRIANGLE;XIRECS;9142.0;2;4;4
131900;SUBMISSION;;SNACKPACK_PISTACHIO;XIRECS;9383.0;1;4;4
131900;SUBMISSION;;SNACKPACK_STRAWBERRY;XIRECS;10927.0;1;4;4
131900;SUBMISSION;;SNACKPACK_VANILLA;XIRECS;9915.0;1;4;4
131900;;;GALAXY_SOUNDS_BLACK_HOLES;XIRECS;12123.0;1;4;4
131900;;;GALAXY_SOUNDS_DARK_MATTER;XIRECS;10343.0;1;4;4
131900;;;GALAXY_SOUNDS_PLANETARY_RINGS;XIRECS;10652.0;1;4;4
131900;;;GALAXY_SOUNDS_SOLAR_FLAMES;XIRECS;10554.0;1;4;4
131900;;;GALAXY_SOUNDS_SOLAR_WINDS;XIRECS;10969.0;1;4;4
131900;;;OXYGEN_SHAKE_CHOCOLATE;XIRECS;9492.0;1;4;4
131900;;;OXYGEN_SHAKE_EVENING_BREATH;XIRECS;9224.0;1;4;4
131900;;;OXYGEN_SHAKE_GARLIC;XIRECS;12222.0;1;4;4
131900;;;OXYGEN_SHAKE_MINT;XIRECS;9359.0;1;4;4
131900;;;OXYGEN_SHAKE_MORNING_BREATH;XIRECS;9479.0;1;4;4
131900;;;PANEL_1X2;XIRECS;8403.0;1;4;4
131900;;;PANEL_1X4;XIRECS;8427.0;1;4;4
131900;;;PANEL_2X2;XIRECS;8645.0;1;4;4
131900;;;PANEL_2X4;XIRECS;11185.0;1;4;4
131900;;;PANEL_4X4;XIRECS;10881.0;1;4;4
131900;;;ROBOT_DISHES;XIRECS;10225.0;1;4;4
131900;;;ROBOT_IRONING;XIRECS;8087.0;1;4;4
131900;;;ROBOT_LAUNDRY;XIRECS;8994.0;1;4;4
131900;;;ROBOT_MOPPING;XIRECS;11858.0;1;4;4
131900;;;ROBOT_VACUUMING;XIRECS;8560.0;1;4;4
131900;;;SLEEP_POD_COTTON;XIRECS;12784.0;1;4;4
131900;;;SLEEP_POD_LAMB_WOOL;XIRECS;10299.0;1;4;4
131900;;;SLEEP_POD_NYLON;XIRECS;9770.0;1;4;4
131900;;;SLEEP_POD_POLYESTER;XIRECS;12880.0;1;4;4
131900;;;SLEEP_POD_SUEDE;XIRECS;12339.0;1;4;4
131900;;;SNACKPACK_CHOCOLATE;XIRECS;9924.0;1;4;4
131900;;;SNACKPACK_RASPBERRY;XIRECS;9919.0;1;4;4
131900;;;TRANSLATOR_ASTRO_BLACK;XIRECS;9329.0;1;4;4
131900;;;TRANSLATOR_ECLIPSE_CHARCOAL;XIRECS;10040.0;1;4;4
131900;;;TRANSLATOR_GRAPHITE_MIST;XIRECS;11378.0;1;4;4
131900;;;TRANSLATOR_SPACE_GRAY;XIRECS;9584.0;1;4;4
131900;;;TRANSLATOR_VOID_BLUE;XIRECS;10847.0;1;4;4
131900;;;UV_VISOR_AMBER;XIRECS;6860.0;1;4;4
131900;;;UV_VISOR_MAGENTA;XIRECS;11679.0;1;4;4
131900;;;UV_VISOR_ORANGE;XIRECS;10777.0;1;4;4
131900;;;UV_VISOR_RED;XIRECS;11845.0;1;4;4
131900;;;UV_VISOR_YELLOW;XIRECS;11547.0;1;4;4
132300;;;MICROCHIP_CIRCLE;XIRECS;8591.0;3;4;4
132300;;;MICROCHIP_OVAL;XIRECS;6758.0;3;4;4
132300;;;MICROCHIP_RECTANGLE;XIRECS;7945.0;3;4;4
132300;;;MICROCHIP_SQUARE;XIRECS;14614.0;3;4;4
132300;;;MICROCHIP_TRIANGLE;XIRECS;9034.0;3;4;4
133200;SUBMISSION;;OXYGEN_SHAKE_MORNING_BREATH;XIRECS;9532.0;5;4;4
133400;;SUBMISSION;SNACKPACK_PISTACHIO;XIRECS;9368.0;1;4;4
133400;;SUBMISSION;SNACKPACK_STRAWBERRY;XIRECS;10901.0;1;4;4
133400;;SUBMISSION;SNACKPACK_VANILLA;XIRECS;9896.0;1;4;4
134600;;;GALAXY_SOUNDS_BLACK_HOLES;XIRECS;12057.0;1;4;4
134600;;;GALAXY_SOUNDS_DARK_MATTER;XIRECS;10260.0;1;4;4
134600;;;GALAXY_SOUNDS_PLANETARY_RINGS;XIRECS;10670.0;1;4;4
134600;;;GALAXY_SOUNDS_SOLAR_FLAMES;XIRECS;10479.0;1;4;4
134600;;;GALAXY_SOUNDS_SOLAR_WINDS;XIRECS;11014.0;1;4;4
134600;;;OXYGEN_SHAKE_CHOCOLATE;XIRECS;9436.0;1;4;4
134600;;;OXYGEN_SHAKE_EVENING_BREATH;XIRECS;9266.0;1;4;4
134600;;;OXYGEN_SHAKE_GARLIC;XIRECS;12095.0;1;4;4
134600;;;OXYGEN_SHAKE_MINT;XIRECS;9269.0;1;4;4
134600;;;OXYGEN_SHAKE_MORNING_BREATH;XIRECS;9549.0;1;4;4
134600;;;PANEL_1X2;XIRECS;8482.0;1;4;4
134600;;;PANEL_1X4;XIRECS;8448.0;1;4;4
134600;;;PANEL_2X2;XIRECS;8691.0;1;4;4
134600;;;PANEL_2X4;XIRECS;11095.0;1;4;4
134600;;;PANEL_4X4;XIRECS;10923.0;1;4;4
134600;;;ROBOT_DISHES;XIRECS;10304.0;1;4;4
134600;;;ROBOT_IRONING;XIRECS;8083.0;1;4;4
134600;;;ROBOT_LAUNDRY;XIRECS;9000.0;1;4;4
134600;;;ROBOT_MOPPING;XIRECS;11875.0;1;4;4
134600;;;ROBOT_VACUUMING;XIRECS;8629.0;1;4;4
134600;;;SLEEP_POD_COTTON;XIRECS;12929.0;1;4;4
134600;;;SLEEP_POD_LAMB_WOOL;XIRECS;10347.0;1;4;4
134600;;;SLEEP_POD_NYLON;XIRECS;9813.0;1;4;4
134600;;;SLEEP_POD_POLYESTER;XIRECS;12906.0;1;4;4
134600;;;SLEEP_POD_SUEDE;XIRECS;12359.0;1;4;4
134600;;;SNACKPACK_CHOCOLATE;XIRECS;9947.0;1;4;4
134600;;;SNACKPACK_PISTACHIO;XIRECS;9411.0;1;4;4
134600;;;SNACKPACK_RASPBERRY;XIRECS;9903.0;1;4;4
134600;;;SNACKPACK_STRAWBERRY;XIRECS;10979.0;1;4;4
134600;;;SNACKPACK_VANILLA;XIRECS;9923.0;1;4;4
134600;;;TRANSLATOR_ASTRO_BLACK;XIRECS;9271.0;1;4;4
134600;;;TRANSLATOR_ECLIPSE_CHARCOAL;XIRECS;10080.0;1;4;4
134600;;;TRANSLATOR_GRAPHITE_MIST;XIRECS;11304.0;1;4;4
134600;;;TRANSLATOR_SPACE_GRAY;XIRECS;9604.0;1;4;4
134600;;;TRANSLATOR_VOID_BLUE;XIRECS;10852.0;1;4;4
134600;;;UV_VISOR_AMBER;XIRECS;6869.0;1;4;4
134600;;;UV_VISOR_MAGENTA;XIRECS;11665.0;1;4;4
134600;;;UV_VISOR_ORANGE;XIRECS;10742.0;1;4;4
134600;;;UV_VISOR_RED;XIRECS;11964.0;1;4;4
134600;;;UV_VISOR_YELLOW;XIRECS;11464.0;1;4;4
135500;SUBMISSION;;PEBBLES_XL;XIRECS;13135.0;2;4;4
135500;;;PEBBLES_L;XIRECS;11101.0;4;4;4
135500;;;PEBBLES_M;XIRECS;11223.0;4;4;4
135500;;;PEBBLES_S;XIRECS;7929.0;4;4;4
135500;;;PEBBLES_XS;XIRECS;6581.0;4;4;4
136600;SUBMISSION;;MICROCHIP_CIRCLE;XIRECS;8654.0;5;4;4
137000;SUBMISSION;;SNACKPACK_PISTACHIO;XIRECS;9396.0;4;4;4
137000;SUBMISSION;;SNACKPACK_STRAWBERRY;XIRECS;10952.0;4;4;4
137000;SUBMISSION;;SNACKPACK_VANILLA;XIRECS;9892.0;4;4;4
137300;;SUBMISSION;SNACKPACK_PISTACHIO;XIRECS;9400.0;4;4;4
137300;;SUBMISSION;SNACKPACK_STRAWBERRY;XIRECS;10958.0;4;4;4
137300;;SUBMISSION;SNACKPACK_VANILLA;XIRECS;9895.0;4;4;4
137700;SUBMISSION;;SNACKPACK_PISTACHIO;XIRECS;9401.0;3;4;4
137700;SUBMISSION;;SNACKPACK_STRAWBERRY;XIRECS;10964.0;3;4;4
137700;SUBMISSION;;SNACKPACK_VANILLA;XIRECS;9916.0;3;4;4
139100;;SUBMISSION;GALAXY_SOUNDS_BLACK_HOLES;XIRECS;12028.0;5;4;4
140200;SUBMISSION;;SNACKPACK_PISTACHIO;XIRECS;9426.0;1;4;4
140200;SUBMISSION;;SNACKPACK_STRAWBERRY;XIRECS;11038.0;1;4;4
140200;SUBMISSION;;SNACKPACK_VANILLA;XIRECS;9901.0;1;4;4
140200;;;GALAXY_SOUNDS_BLACK_HOLES;XIRECS;11973.0;1;4;4
140200;;;GALAXY_SOUNDS_DARK_MATTER;XIRECS;10345.0;1;4;4
140200;;;GALAXY_SOUNDS_PLANETARY_RINGS;XIRECS;10685.0;1;4;4
140200;;;GALAXY_SOUNDS_SOLAR_FLAMES;XIRECS;10483.0;1;4;4
140200;;;GALAXY_SOUNDS_SOLAR_WINDS;XIRECS;10933.0;1;4;4
140200;;;OXYGEN_SHAKE_CHOCOLATE;XIRECS;9368.0;1;4;4
140200;;;OXYGEN_SHAKE_EVENING_BREATH;XIRECS;9214.0;1;4;4
140200;;;OXYGEN_SHAKE_GARLIC;XIRECS;12095.0;1;4;4
140200;;;OXYGEN_SHAKE_MINT;XIRECS;9254.0;1;4;4
140200;;;OXYGEN_SHAKE_MORNING_BREATH;XIRECS;9415.0;1;4;4
140200;;;PANEL_1X2;XIRECS;8597.0;1;4;4
140200;;;PANEL_1X4;XIRECS;8411.0;1;4;4
140200;;;PANEL_2X2;XIRECS;8562.0;1;4;4
140200;;;PANEL_2X4;XIRECS;11167.0;1;4;4
140200;;;PANEL_4X4;XIRECS;10841.0;1;4;4
140200;;;ROBOT_DISHES;XIRECS;10196.0;1;4;4
140200;;;ROBOT_IRONING;XIRECS;8057.0;1;4;4
140200;;;ROBOT_LAUNDRY;XIRECS;8911.0;1;4;4
140200;;;ROBOT_MOPPING;XIRECS;11974.0;1;4;4
140200;;;ROBOT_VACUUMING;XIRECS;8633.0;1;4;4
140200;;;SLEEP_POD_COTTON;XIRECS;12869.0;1;4;4
140200;;;SLEEP_POD_LAMB_WOOL;XIRECS;10297.0;1;4;4
140200;;;SLEEP_POD_NYLON;XIRECS;9731.0;1;4;4
140200;;;SLEEP_POD_POLYESTER;XIRECS;12892.0;1;4;4
140200;;;SLEEP_POD_SUEDE;XIRECS;12380.0;1;4;4
140200;;;SNACKPACK_CHOCOLATE;XIRECS;9942.0;1;4;4
140200;;;SNACKPACK_RASPBERRY;XIRECS;9835.0;1;4;4
140200;;;TRANSLATOR_ASTRO_BLACK;XIRECS;9270.0;1;4;4
140200;;;TRANSLATOR_ECLIPSE_CHARCOAL;XIRECS;10035.0;1;4;4
140200;;;TRANSLATOR_GRAPHITE_MIST;XIRECS;11304.0;1;4;4
140200;;;TRANSLATOR_SPACE_GRAY;XIRECS;9556.0;1;4;4
140200;;;TRANSLATOR_VOID_BLUE;XIRECS;10811.0;1;4;4
140200;;;UV_VISOR_AMBER;XIRECS;6872.0;1;4;4
140200;;;UV_VISOR_MAGENTA;XIRECS;11671.0;1;4;4
140200;;;UV_VISOR_ORANGE;XIRECS;10776.0;1;4;4
140200;;;UV_VISOR_RED;XIRECS;11773.0;1;4;4
140200;;;UV_VISOR_YELLOW;XIRECS;11348.0;1;4;4
140400;;SUBMISSION;OXYGEN_SHAKE_MORNING_BREATH;XIRECS;9408.0;5;4;4
140700;SUBMISSION;;ROBOT_MOPPING;XIRECS;12000.0;5;4;4
141400;;SUBMISSION;GALAXY_SOUNDS_BLACK_HOLES;XIRECS;11945.0;5;4;4
142100;SUBMISSION;;SNACKPACK_PISTACHIO;XIRECS;9416.0;3;4;4
142100;SUBMISSION;;SNACKPACK_STRAWBERRY;XIRECS;11031.0;3;4;4
142100;SUBMISSION;;SNACKPACK_VANILLA;XIRECS;9887.0;3;4;4
143300;;SUBMISSION;SNACKPACK_PISTACHIO;XIRECS;9418.0;1;4;4
143300;;SUBMISSION;SNACKPACK_STRAWBERRY;XIRECS;11011.0;1;4;4
143300;;SUBMISSION;SNACKPACK_VANILLA;XIRECS;9878.0;1;4;4
143300;;;GALAXY_SOUNDS_BLACK_HOLES;XIRECS;11939.0;1;4;4
143300;;;GALAXY_SOUNDS_DARK_MATTER;XIRECS;10281.0;1;4;4
143300;;;GALAXY_SOUNDS_PLANETARY_RINGS;XIRECS;10791.0;1;4;4
143300;;;GALAXY_SOUNDS_SOLAR_FLAMES;XIRECS;10492.0;1;4;4
143300;;;GALAXY_SOUNDS_SOLAR_WINDS;XIRECS;10972.0;1;4;4
143300;;;OXYGEN_SHAKE_CHOCOLATE;XIRECS;9327.0;1;4;4
143300;;;OXYGEN_SHAKE_EVENING_BREATH;XIRECS;9226.0;1;4;4
143300;;;OXYGEN_SHAKE_GARLIC;XIRECS;11940.0;1;4;4
143300;;;OXYGEN_SHAKE_MINT;XIRECS;9249.0;1;4;4
143300;;;OXYGEN_SHAKE_MORNING_BREATH;XIRECS;9424.0;1;4;4
143300;;;PANEL_1X2;XIRECS;8676.0;1;4;4
143300;;;PANEL_1X4;XIRECS;8376.0;1;4;4
143300;;;PANEL_2X2;XIRECS;8573.0;1;4;4
143300;;;PANEL_2X4;XIRECS;11232.0;1;4;4
143300;;;PANEL_4X4;XIRECS;10894.0;1;4;4
143300;;;ROBOT_DISHES;XIRECS;10204.0;1;4;4
143300;;;ROBOT_IRONING;XIRECS;8103.0;1;4;4
143300;;;ROBOT_LAUNDRY;XIRECS;8893.0;1;4;4
143300;;;ROBOT_MOPPING;XIRECS;12025.0;1;4;4
143300;;;ROBOT_VACUUMING;XIRECS;8626.0;1;4;4
143300;;;SLEEP_POD_COTTON;XIRECS;12831.0;1;4;4
143300;;;SLEEP_POD_LAMB_WOOL;XIRECS;10347.0;1;4;4
143300;;;SLEEP_POD_NYLON;XIRECS;9722.0;1;4;4
143300;;;SLEEP_POD_POLYESTER;XIRECS;13037.0;1;4;4
143300;;;SLEEP_POD_SUEDE;XIRECS;12373.0;1;4;4
143300;;;SNACKPACK_CHOCOLATE;XIRECS;10001.0;1;4;4
143300;;;SNACKPACK_RASPBERRY;XIRECS;9898.0;1;4;4
143300;;;TRANSLATOR_ASTRO_BLACK;XIRECS;9301.0;1;4;4
143300;;;TRANSLATOR_ECLIPSE_CHARCOAL;XIRECS;10055.0;1;4;4
143300;;;TRANSLATOR_GRAPHITE_MIST;XIRECS;11240.0;1;4;4
143300;;;TRANSLATOR_SPACE_GRAY;XIRECS;9513.0;1;4;4
143300;;;TRANSLATOR_VOID_BLUE;XIRECS;10883.0;1;4;4
143300;;;UV_VISOR_AMBER;XIRECS;6938.0;1;4;4
143300;;;UV_VISOR_MAGENTA;XIRECS;11706.0;1;4;4
143300;;;UV_VISOR_ORANGE;XIRECS;10857.0;1;4;4
143300;;;UV_VISOR_RED;XIRECS;11893.0;1;4;4
143300;;;UV_VISOR_YELLOW;XIRECS;11359.0;1;4;4
143400;;SUBMISSION;GALAXY_SOUNDS_BLACK_HOLES;XIRECS;11905.0;5;4;4
143500;SUBMISSION;;ROBOT_MOPPING;XIRECS;12029.0;5;4;4
144200;SUBMISSION;;SNACKPACK_PISTACHIO;XIRECS;9374.0;2;4;4
144200;SUBMISSION;;SNACKPACK_STRAWBERRY;XIRECS;10958.0;2;4;4
144200;SUBMISSION;;SNACKPACK_VANILLA;XIRECS;9870.0;2;4;4
144300;;;MICROCHIP_CIRCLE;XIRECS;8743.0;2;4;4
144300;;;MICROCHIP_OVAL;XIRECS;6814.0;2;4;4
144300;;;MICROCHIP_RECTANGLE;XIRECS;7970.0;2;4;4
144300;;;MICROCHIP_SQUARE;XIRECS;14466.0;2;4;4
144300;;;MICROCHIP_TRIANGLE;XIRECS;8926.0;2;4;4
145100;SUBMISSION;;ROBOT_MOPPING;XIRECS;12147.0;5;4;4
145100;;SUBMISSION;PEBBLES_XL;XIRECS;13178.0;2;4;4
145100;;;PEBBLES_L;XIRECS;10949.0;5;4;4
145100;;;PEBBLES_M;XIRECS;11348.0;5;4;4
145100;;;PEBBLES_S;XIRECS;7966.0;5;4;4
145100;;;PEBBLES_XS;XIRECS;6590.0;5;4;4
145400;SUBMISSION;;PEBBLES_XL;XIRECS;13212.0;2;4;4
145400;;;PEBBLES_L;XIRECS;10938.0;4;4;4
145400;;;PEBBLES_M;XIRECS;11268.0;4;4;4
145400;;;PEBBLES_S;XIRECS;7956.0;4;4;4
145400;;;PEBBLES_XS;XIRECS;6594.0;4;4;4
145500;;SUBMISSION;SNACKPACK_PISTACHIO;XIRECS;9373.0;2;4;4
145500;;SUBMISSION;SNACKPACK_STRAWBERRY;XIRECS;10968.0;2;4;4
145500;;SUBMISSION;SNACKPACK_VANILLA;XIRECS;9852.0;2;4;4
145900;;SUBMISSION;GALAXY_SOUNDS_BLACK_HOLES;XIRECS;11916.0;5;4;4
146300;SUBMISSION;;ROBOT_MOPPING;XIRECS;12152.0;5;4;4
146400;;SUBMISSION;PEBBLES_XL;XIRECS;13143.0;2;4;4
146400;;;PEBBLES_L;XIRECS;10990.0;4;4;4
146400;;;PEBBLES_M;XIRECS;11349.0;4;4;4
146400;;;PEBBLES_S;XIRECS;7951.0;4;4;4
146400;;;PEBBLES_XS;XIRECS;6599.0;4;4;4
147000;SUBMISSION;;SNACKPACK_PISTACHIO;XIRECS;9373.0;2;4;4
147000;SUBMISSION;;SNACKPACK_STRAWBERRY;XIRECS;10944.0;2;4;4
147000;SUBMISSION;;SNACKPACK_VANILLA;XIRECS;9845.0;2;4;4
148000;;SUBMISSION;OXYGEN_SHAKE_MORNING_BREATH;XIRECS;9328.0;5;4;4
148500;;SUBMISSION;SNACKPACK_PISTACHIO;XIRECS;9384.0;3;4;4
148500;;SUBMISSION;SNACKPACK_STRAWBERRY;XIRECS;10967.0;3;4;4
148500;;SUBMISSION;SNACKPACK_VANILLA;XIRECS;9848.0;3;4;4
148800;;SUBMISSION;SNACKPACK_PISTACHIO;XIRECS;9391.0;1;4;4
148800;;SUBMISSION;SNACKPACK_STRAWBERRY;XIRECS;10977.0;1;4;4
148800;;SUBMISSION;SNACKPACK_VANILLA;XIRECS;9855.0;1;4;4
148800;;;GALAXY_SOUNDS_BLACK_HOLES;XIRECS;11944.0;3;4;4
148800;;;GALAXY_SOUNDS_DARK_MATTER;XIRECS;10348.0;3;4;4
148800;;;GALAXY_SOUNDS_PLANETARY_RINGS;XIRECS;10755.0;3;4;4
148800;;;GALAXY_SOUNDS_SOLAR_FLAMES;XIRECS;10539.0;3;4;4
148800;;;GALAXY_SOUNDS_SOLAR_WINDS;XIRECS;10882.0;3;4;4
148800;;;OXYGEN_SHAKE_CHOCOLATE;XIRECS;9378.0;3;4;4
148800;;;OXYGEN_SHAKE_EVENING_BREATH;XIRECS;9216.0;3;4;4
148800;;;OXYGEN_SHAKE_GARLIC;XIRECS;12073.0;3;4;4
148800;;;OXYGEN_SHAKE_MINT;XIRECS;9141.0;3;4;4
148800;;;OXYGEN_SHAKE_MORNING_BREATH;XIRECS;9346.0;3;4;4
148800;;;PANEL_1X2;XIRECS;8746.0;3;4;4
148800;;;PANEL_1X4;XIRECS;8418.0;3;4;4
148800;;;PANEL_2X2;XIRECS;8492.0;3;4;4
148800;;;PANEL_2X4;XIRECS;11345.0;3;4;4
148800;;;PANEL_4X4;XIRECS;10966.0;3;4;4
148800;;;ROBOT_DISHES;XIRECS;10104.0;3;4;4
148800;;;ROBOT_IRONING;XIRECS;8173.0;3;4;4
148800;;;ROBOT_LAUNDRY;XIRECS;8914.0;3;4;4
148800;;;ROBOT_MOPPING;XIRECS;12136.0;3;4;4
148800;;;ROBOT_VACUUMING;XIRECS;8584.0;3;4;4
148800;;;SLEEP_POD_COTTON;XIRECS;12900.0;3;4;4
148800;;;SLEEP_POD_LAMB_WOOL;XIRECS;10241.0;3;4;4
148800;;;SLEEP_POD_NYLON;XIRECS;9745.0;3;4;4
148800;;;SLEEP_POD_POLYESTER;XIRECS;13061.0;3;4;4
148800;;;SLEEP_POD_SUEDE;XIRECS;12366.0;3;4;4
148800;;;SNACKPACK_CHOCOLATE;XIRECS;10014.0;3;4;4
148800;;;SNACKPACK_RASPBERRY;XIRECS;9913.0;3;4;4
148800;;;TRANSLATOR_ASTRO_BLACK;XIRECS;9365.0;3;4;4
148800;;;TRANSLATOR_ECLIPSE_CHARCOAL;XIRECS;10149.0;3;4;4
148800;;;TRANSLATOR_GRAPHITE_MIST;XIRECS;11220.0;3;4;4
148800;;;TRANSLATOR_SPACE_GRAY;XIRECS;9343.0;3;4;4
148800;;;TRANSLATOR_VOID_BLUE;XIRECS;10782.0;3;4;4
148800;;;UV_VISOR_AMBER;XIRECS;6863.0;3;4;4
148800;;;UV_VISOR_MAGENTA;XIRECS;11669.0;3;4;4
148800;;;UV_VISOR_ORANGE;XIRECS;10946.0;3;4;4
148800;;;UV_VISOR_RED;XIRECS;11941.0;3;4;4
148800;;;UV_VISOR_YELLOW;XIRECS;11374.0;3;4;4
149000;SUBMISSION;;PEBBLES_XL;XIRECS;13142.0;8;4;4
149000;SUBMISSION;;PEBBLES_XL;XIRECS;13150.0;1;4;4
149300;;SUBMISSION;SNACKPACK_PISTACHIO;XIRECS;9379.0;4;4;4
149300;;SUBMISSION;SNACKPACK_STRAWBERRY;XIRECS;10980.0;4;4;4
149300;;SUBMISSION;SNACKPACK_VANILLA;XIRECS;9845.0;4;4;4
150600;;SUBMISSION;PEBBLES_XL;XIRECS;13233.0;2;4;4
150600;;;PEBBLES_L;XIRECS;11042.0;2;4;4
150600;;;PEBBLES_M;XIRECS;11188.0;2;4;4
150600;;;PEBBLES_S;XIRECS;7904.0;2;4;4
150600;;;PEBBLES_XS;XIRECS;6666.0;2;4;4
151400;SUBMISSION;;PEBBLES_XL;XIRECS;13330.0;2;4;4
151400;;;PEBBLES_L;XIRECS;10967.0;3;4;4
151400;;;PEBBLES_M;XIRECS;11187.0;3;4;4
151400;;;PEBBLES_S;XIRECS;7846.0;3;4;4
151400;;;PEBBLES_XS;XIRECS;6640.0;3;4;4
151600;;;PEBBLES_L;XIRECS;10975.0;4;4;4
151600;;;PEBBLES_M;XIRECS;11177.0;4;4;4
151600;;;PEBBLES_S;XIRECS;7865.0;4;4;4
151600;;;PEBBLES_XL;XIRECS;13283.0;4;4;4
151600;;;PEBBLES_XS;XIRECS;6668.0;4;4;4
151800;;;MICROCHIP_CIRCLE;XIRECS;8763.0;1;4;4
151800;;;MICROCHIP_OVAL;XIRECS;6770.0;1;4;4
151800;;;MICROCHIP_RECTANGLE;XIRECS;8293.0;1;4;4
151800;;;MICROCHIP_SQUARE;XIRECS;14535.0;1;4;4
151800;;;MICROCHIP_TRIANGLE;XIRECS;8997.0;1;4;4
152500;SUBMISSION;;SNACKPACK_PISTACHIO;XIRECS;9383.0;5;4;4
152500;SUBMISSION;;SNACKPACK_STRAWBERRY;XIRECS;10976.0;5;4;4
152500;SUBMISSION;;SNACKPACK_VANILLA;XIRECS;9816.0;5;4;4
152500;SUBMISSION;;GALAXY_SOUNDS_BLACK_HOLES;XIRECS;12058.0;5;4;4
152900;;;MICROCHIP_CIRCLE;XIRECS;8755.0;3;4;4
152900;;;MICROCHIP_OVAL;XIRECS;6772.0;3;4;4
152900;;;MICROCHIP_RECTANGLE;XIRECS;8287.0;3;4;4
152900;;;MICROCHIP_SQUARE;XIRECS;14628.0;3;4;4
152900;;;MICROCHIP_TRIANGLE;XIRECS;9001.0;3;4;4
153500;;;MICROCHIP_CIRCLE;XIRECS;8728.0;1;4;4
153500;;;MICROCHIP_OVAL;XIRECS;6783.0;1;4;4
153500;;;MICROCHIP_RECTANGLE;XIRECS;8246.0;1;4;4
153500;;;MICROCHIP_SQUARE;XIRECS;14661.0;1;4;4
153500;;;MICROCHIP_TRIANGLE;XIRECS;9049.0;1;4;4
153800;;SUBMISSION;SNACKPACK_PISTACHIO;XIRECS;9361.0;5;4;4
153800;;SUBMISSION;SNACKPACK_STRAWBERRY;XIRECS;10953.0;5;4;4
153800;;SUBMISSION;SNACKPACK_VANILLA;XIRECS;9814.0;5;4;4
154400;SUBMISSION;;SNACKPACK_PISTACHIO;XIRECS;9366.0;5;4;4
154400;SUBMISSION;;SNACKPACK_STRAWBERRY;XIRECS;10970.0;5;4;4
154400;SUBMISSION;;SNACKPACK_VANILLA;XIRECS;9833.0;5;4;4
154500;SUBMISSION;;SNACKPACK_PISTACHIO;XIRECS;9364.0;3;4;4
154500;SUBMISSION;;SNACKPACK_STRAWBERRY;XIRECS;10969.0;3;4;4
154500;SUBMISSION;;SNACKPACK_VANILLA;XIRECS;9834.0;3;4;4
154500;;;GALAXY_SOUNDS_BLACK_HOLES;XIRECS;12047.0;2;4;4
154500;;;GALAXY_SOUNDS_DARK_MATTER;XIRECS;10275.0;2;4;4
154500;;;GALAXY_SOUNDS_PLANETARY_RINGS;XIRECS;10556.0;2;4;4
154500;;;GALAXY_SOUNDS_SOLAR_FLAMES;XIRECS;10615.0;2;4;4
154500;;;GALAXY_SOUNDS_SOLAR_WINDS;XIRECS;10876.0;2;4;4
154500;;;OXYGEN_SHAKE_CHOCOLATE;XIRECS;9443.0;2;4;4
154500;;;OXYGEN_SHAKE_EVENING_BREATH;XIRECS;9264.0;2;4;4
154500;;;OXYGEN_SHAKE_GARLIC;XIRECS;12002.0;2;4;4
154500;;;OXYGEN_SHAKE_MINT;XIRECS;9120.0;2;4;4
154500;;;OXYGEN_SHAKE_MORNING_BREATH;XIRECS;9367.0;2;4;4
154500;;;PANEL_1X2;XIRECS;8681.0;2;4;4
154500;;;PANEL_1X4;XIRECS;8393.0;2;4;4
154500;;;PANEL_2X2;XIRECS;8391.0;2;4;4
154500;;;PANEL_2X4;XIRECS;11471.0;2;4;4
154500;;;PANEL_4X4;XIRECS;11003.0;2;4;4
154500;;;ROBOT_DISHES;XIRECS;10296.0;2;4;4
154500;;;ROBOT_IRONING;XIRECS;8207.0;2;4;4
154500;;;ROBOT_LAUNDRY;XIRECS;8783.0;2;4;4
154500;;;ROBOT_MOPPING;XIRECS;12098.0;2;4;4
154500;;;ROBOT_VACUUMING;XIRECS;8540.0;2;4;4
154500;;;SLEEP_POD_COTTON;XIRECS;13055.0;2;4;4
154500;;;SLEEP_POD_LAMB_WOOL;XIRECS;10220.0;2;4;4
154500;;;SLEEP_POD_NYLON;XIRECS;9691.0;2;4;4
154500;;;SLEEP_POD_POLYESTER;XIRECS;13001.0;2;4;4
154500;;;SLEEP_POD_SUEDE;XIRECS;12219.0;2;4;4
154500;;;SNACKPACK_CHOCOLATE;XIRECS;10032.0;2;4;4
154500;;;SNACKPACK_PISTACHIO;XIRECS;9357.0;2;4;4
154500;;;SNACKPACK_RASPBERRY;XIRECS;9909.0;2;4;4
154500;;;SNACKPACK_STRAWBERRY;XIRECS;10960.0;2;4;4
154500;;;SNACKPACK_VANILLA;XIRECS;9827.0;2;4;4
154500;;;TRANSLATOR_ASTRO_BLACK;XIRECS;9292.0;2;4;4
154500;;;TRANSLATOR_ECLIPSE_CHARCOAL;XIRECS;10173.0;2;4;4
154500;;;TRANSLATOR_GRAPHITE_MIST;XIRECS;11299.0;2;4;4
154500;;;TRANSLATOR_SPACE_GRAY;XIRECS;9272.0;2;4;4
154500;;;TRANSLATOR_VOID_BLUE;XIRECS;10871.0;2;4;4
154500;;;UV_VISOR_AMBER;XIRECS;6904.0;2;4;4
154500;;;UV_VISOR_MAGENTA;XIRECS;11824.0;2;4;4
154500;;;UV_VISOR_ORANGE;XIRECS;10863.0;2;4;4
154500;;;UV_VISOR_RED;XIRECS;11950.0;2;4;4
154500;;;UV_VISOR_YELLOW;XIRECS;11352.0;2;4;4
155000;SUBMISSION;;GALAXY_SOUNDS_BLACK_HOLES;XIRECS;12107.0;5;4;4
155400;;;GALAXY_SOUNDS_BLACK_HOLES;XIRECS;12112.0;1;4;4
155400;;;GALAXY_SOUNDS_DARK_MATTER;XIRECS;10231.0;1;4;4
155400;;;GALAXY_SOUNDS_PLANETARY_RINGS;XIRECS;10563.0;1;4;4
155400;;;GALAXY_SOUNDS_SOLAR_FLAMES;XIRECS;10652.0;1;4;4
155400;;;GALAXY_SOUNDS_SOLAR_WINDS;XIRECS;10839.0;1;4;4
155400;;;OXYGEN_SHAKE_CHOCOLATE;XIRECS;9430.0;1;4;4
155400;;;OXYGEN_SHAKE_EVENING_BREATH;XIRECS;9304.0;1;4;4
155400;;;OXYGEN_SHAKE_GARLIC;XIRECS;12016.0;1;4;4
155400;;;OXYGEN_SHAKE_MINT;XIRECS;9076.0;1;4;4
155400;;;OXYGEN_SHAKE_MORNING_BREATH;XIRECS;9361.0;1;4;4
155400;;;PANEL_1X2;XIRECS;8661.0;1;4;4
155400;;;PANEL_1X4;XIRECS;8398.0;1;4;4
155400;;;PANEL_2X2;XIRECS;8375.0;1;4;4
155400;;;PANEL_2X4;XIRECS;11481.0;1;4;4
155400;;;PANEL_4X4;XIRECS;11004.0;1;4;4
155400;;;ROBOT_DISHES;XIRECS;10296.0;1;4;4
155400;;;ROBOT_IRONING;XIRECS;8167.0;1;4;4
155400;;;ROBOT_LAUNDRY;XIRECS;8754.0;1;4;4
155400;;;ROBOT_MOPPING;XIRECS;12083.0;1;4;4
155400;;;ROBOT_VACUUMING;XIRECS;8559.0;1;4;4
155400;;;SLEEP_POD_COTTON;XIRECS;13060.0;1;4;4
155400;;;SLEEP_POD_LAMB_WOOL;XIRECS;10189.0;1;4;4
155400;;;SLEEP_POD_NYLON;XIRECS;9708.0;1;4;4
155400;;;SLEEP_POD_POLYESTER;XIRECS;13020.0;1;4;4
155400;;;SLEEP_POD_SUEDE;XIRECS;12265.0;1;4;4
155400;;;SNACKPACK_CHOCOLATE;XIRECS;10029.0;1;4;4
155400;;;SNACKPACK_PISTACHIO;XIRECS;9355.0;1;4;4
155400;;;SNACKPACK_RASPBERRY;XIRECS;9916.0;1;4;4
155400;;;SNACKPACK_STRAWBERRY;XIRECS;10959.0;1;4;4
155400;;;SNACKPACK_VANILLA;XIRECS;9828.0;1;4;4
155400;;;TRANSLATOR_ASTRO_BLACK;XIRECS;9254.0;1;4;4
155400;;;TRANSLATOR_ECLIPSE_CHARCOAL;XIRECS;10166.0;1;4;4
155400;;;TRANSLATOR_GRAPHITE_MIST;XIRECS;11266.0;1;4;4
155400;;;TRANSLATOR_SPACE_GRAY;XIRECS;9240.0;1;4;4
155400;;;TRANSLATOR_VOID_BLUE;XIRECS;10844.0;1;4;4
155400;;;UV_VISOR_AMBER;XIRECS;6899.0;1;4;4
155400;;;UV_VISOR_MAGENTA;XIRECS;11822.0;1;4;4
155400;;;UV_VISOR_ORANGE;XIRECS;10915.0;1;4;4
155400;;;UV_VISOR_RED;XIRECS;11897.0;1;4;4
155400;;;UV_VISOR_YELLOW;XIRECS;11354.0;1;4;4
156200;;;GALAXY_SOUNDS_BLACK_HOLES;XIRECS;12120.0;4;4;4
156200;;;GALAXY_SOUNDS_DARK_MATTER;XIRECS;10201.0;4;4;4
156200;;;GALAXY_SOUNDS_PLANETARY_RINGS;XIRECS;10574.0;4;4;4
156200;;;GALAXY_SOUNDS_SOLAR_FLAMES;XIRECS;10578.0;4;4;4
156200;;;GALAXY_SOUNDS_SOLAR_WINDS;XIRECS;10831.0;4;4;4
156200;;;OXYGEN_SHAKE_CHOCOLATE;XIRECS;9436.0;4;4;4
156200;;;OXYGEN_SHAKE_EVENING_BREATH;XIRECS;9304.0;4;4;4
156200;;;OXYGEN_SHAKE_GARLIC;XIRECS;12067.0;4;4;4
156200;;;OXYGEN_SHAKE_MINT;XIRECS;9095.0;4;4;4
156200;;;OXYGEN_SHAKE_MORNING_BREATH;XIRECS;9362.0;4;4;4
156200;;;PANEL_1X2;XIRECS;8656.0;4;4;4
156200;;;PANEL_1X4;XIRECS;8383.0;4;4;4
156200;;;PANEL_2X2;XIRECS;8408.0;4;4;4
156200;;;PANEL_2X4;XIRECS;11516.0;4;4;4
156200;;;PANEL_4X4;XIRECS;10991.0;4;4;4
156200;;;ROBOT_DISHES;XIRECS;10296.0;4;4;4
156200;;;ROBOT_IRONING;XIRECS;8177.0;4;4;4
156200;;;ROBOT_LAUNDRY;XIRECS;8721.0;4;4;4
156200;;;ROBOT_MOPPING;XIRECS;12030.0;4;4;4
156200;;;ROBOT_VACUUMING;XIRECS;8576.0;4;4;4
156200;;;SLEEP_POD_COTTON;XIRECS;13079.0;4;4;4
156200;;;SLEEP_POD_LAMB_WOOL;XIRECS;10204.0;4;4;4
156200;;;SLEEP_POD_NYLON;XIRECS;9715.0;4;4;4
156200;;;SLEEP_POD_POLYESTER;XIRECS;13034.0;4;4;4
156200;;;SLEEP_POD_SUEDE;XIRECS;12218.0;4;4;4
156200;;;SNACKPACK_CHOCOLATE;XIRECS;10005.0;4;4;4
156200;;;SNACKPACK_PISTACHIO;XIRECS;9350.0;4;4;4
156200;;;SNACKPACK_RASPBERRY;XIRECS;9919.0;4;4;4
156200;;;SNACKPACK_STRAWBERRY;XIRECS;10958.0;4;4;4
156200;;;SNACKPACK_VANILLA;XIRECS;9848.0;4;4;4
156200;;;TRANSLATOR_ASTRO_BLACK;XIRECS;9218.0;4;4;4
156200;;;TRANSLATOR_ECLIPSE_CHARCOAL;XIRECS;10175.0;4;4;4
156200;;;TRANSLATOR_GRAPHITE_MIST;XIRECS;11251.0;4;4;4
156200;;;TRANSLATOR_SPACE_GRAY;XIRECS;9236.0;4;4;4
156200;;;TRANSLATOR_VOID_BLUE;XIRECS;10863.0;4;4;4
156200;;;UV_VISOR_AMBER;XIRECS;6912.0;4;4;4
156200;;;UV_VISOR_MAGENTA;XIRECS;11846.0;4;4;4
156200;;;UV_VISOR_ORANGE;XIRECS;10894.0;4;4;4
156200;;;UV_VISOR_RED;XIRECS;11868.0;4;4;4
156200;;;UV_VISOR_YELLOW;XIRECS;11320.0;4;4;4
156400;;SUBMISSION;SNACKPACK_PISTACHIO;XIRECS;9373.0;1;4;4
156400;;SUBMISSION;SNACKPACK_STRAWBERRY;XIRECS;10983.0;1;4;4
156400;;SUBMISSION;SNACKPACK_VANILLA;XIRECS;9859.0;1;4;4
156400;;;GALAXY_SOUNDS_BLACK_HOLES;XIRECS;12125.0;1;4;4
156400;;;GALAXY_SOUNDS_DARK_MATTER;XIRECS;10204.0;1;4;4
156400;;;GALAXY_SOUNDS_PLANETARY_RINGS;XIRECS;10573.0;1;4;4
156400;;;GALAXY_SOUNDS_SOLAR_FLAMES;XIRECS;10597.0;1;4;4
156400;;;GALAXY_SOUNDS_SOLAR_WINDS;XIRECS;10864.0;1;4;4
156400;;;OXYGEN_SHAKE_CHOCOLATE;XIRECS;9439.0;1;4;4
156400;;;OXYGEN_SHAKE_EVENING_BREATH;XIRECS;9306.0;1;4;4
156400;;;OXYGEN_SHAKE_GARLIC;XIRECS;12100.0;1;4;4
156400;;;OXYGEN_SHAKE_MINT;XIRECS;9084.0;1;4;4
156400;;;OXYGEN_SHAKE_MORNING_BREATH;XIRECS;9382.0;1;4;4
156400;;;PANEL_1X2;XIRECS;8676.0;1;4;4
156400;;;PANEL_1X4;XIRECS;8398.0;1;4;4
156400;;;PANEL_2X2;XIRECS;8416.0;1;4;4
156400;;;PANEL_2X4;XIRECS;11500.0;1;4;4
156400;;;PANEL_4X4;XIRECS;10986.0;1;4;4
156400;;;ROBOT_DISHES;XIRECS;10304.0;1;4;4
156400;;;ROBOT_IRONING;XIRECS;8173.0;1;4;4
156400;;;ROBOT_LAUNDRY;XIRECS;8739.0;1;4;4
156400;;;ROBOT_MOPPING;XIRECS;12045.0;1;4;4
156400;;;ROBOT_VACUUMING;XIRECS;8604.0;1;4;4
156400;;;SLEEP_POD_COTTON;XIRECS;13065.0;1;4;4
156400;;;SLEEP_POD_LAMB_WOOL;XIRECS;10210.0;1;4;4
156400;;;SLEEP_POD_NYLON;XIRECS;9721.0;1;4;4
156400;;;SLEEP_POD_POLYESTER;XIRECS;13039.0;1;4;4
156400;;;SLEEP_POD_SUEDE;XIRECS;12217.0;1;4;4
156400;;;SNACKPACK_CHOCOLATE;XIRECS;10027.0;1;4;4
156400;;;SNACKPACK_RASPBERRY;XIRECS;9931.0;1;4;4
156400;;;TRANSLATOR_ASTRO_BLACK;XIRECS;9201.0;1;4;4
156400;;;TRANSLATOR_ECLIPSE_CHARCOAL;XIRECS;10172.0;1;4;4
156400;;;TRANSLATOR_GRAPHITE_MIST;XIRECS;11274.0;1;4;4
156400;;;TRANSLATOR_SPACE_GRAY;XIRECS;9233.0;1;4;4
156400;;;TRANSLATOR_VOID_BLUE;XIRECS;10885.0;1;4;4
156400;;;UV_VISOR_AMBER;XIRECS;6933.0;1;4;4
156400;;;UV_VISOR_MAGENTA;XIRECS;11853.0;1;4;4
156400;;;UV_VISOR_ORANGE;XIRECS;10895.0;1;4;4
156400;;;UV_VISOR_RED;XIRECS;11844.0;1;4;4
156400;;;UV_VISOR_YELLOW;XIRECS;11359.0;1;4;4
157400;SUBMISSION;;GALAXY_SOUNDS_BLACK_HOLES;XIRECS;12122.0;5;4;4
157500;;SUBMISSION;PEBBLES_XL;XIRECS;12916.0;5;4;4
158000;;;GALAXY_SOUNDS_BLACK_HOLES;XIRECS;12096.0;4;4;4
158000;;;GALAXY_SOUNDS_DARK_MATTER;XIRECS;10164.0;4;4;4
158000;;;GALAXY_SOUNDS_PLANETARY_RINGS;XIRECS;10542.0;4;4;4
158000;;;GALAXY_SOUNDS_SOLAR_FLAMES;XIRECS;10608.0;4;4;4
158000;;;GALAXY_SOUNDS_SOLAR_WINDS;XIRECS;10921.0;4;4;4
158000;;;OXYGEN_SHAKE_CHOCOLATE;XIRECS;9480.0;4;4;4
158000;;;OXYGEN_SHAKE_EVENING_BREATH;XIRECS;9364.0;4;4;4
158000;;;OXYGEN_SHAKE_GARLIC;XIRECS;12142.0;4;4;4
158000;;;OXYGEN_SHAKE_MINT;XIRECS;9070.0;4;4;4
158000;;;OXYGEN_SHAKE_MORNING_BREATH;XIRECS;9334.0;4;4;4
158000;;;PANEL_1X2;XIRECS;8718.0;4;4;4
158000;;;PANEL_1X4;XIRECS;8375.0;4;4;4
158000;;;PANEL_2X2;XIRECS;8412.0;4;4;4
158000;;;PANEL_2X4;XIRECS;11411.0;4;4;4
158000;;;PANEL_4X4;XIRECS;10996.0;4;4;4
158000;;;ROBOT_DISHES;XIRECS;10296.0;4;4;4
158000;;;ROBOT_IRONING;XIRECS;8167.0;4;4;4
158000;;;ROBOT_LAUNDRY;XIRECS;8752.0;4;4;4
158000;;;ROBOT_MOPPING;XIRECS;12072.0;4;4;4
158000;;;ROBOT_VACUUMING;XIRECS;8544.0;4;4;4
158000;;;SLEEP_POD_COTTON;XIRECS;13027.0;4;4;4
158000;;;SLEEP_POD_LAMB_WOOL;XIRECS;10173.0;4;4;4
158000;;;SLEEP_POD_NYLON;XIRECS;9722.0;4;4;4
158000;;;SLEEP_POD_POLYESTER;XIRECS;12997.0;4;4;4
158000;;;SLEEP_POD_SUEDE;XIRECS;12177.0;4;4;4
158000;;;SNACKPACK_CHOCOLATE;XIRECS;10010.0;4;4;4
158000;;;SNACKPACK_PISTACHIO;XIRECS;9343.0;4;4;4
158000;;;SNACKPACK_RASPBERRY;XIRECS;9939.0;4;4;4
158000;;;SNACKPACK_STRAWBERRY;XIRECS;10941.0;4;4;4
158000;;;SNACKPACK_VANILLA;XIRECS;9844.0;4;4;4
158000;;;TRANSLATOR_ASTRO_BLACK;XIRECS;9208.0;4;4;4
158000;;;TRANSLATOR_ECLIPSE_CHARCOAL;XIRECS;10156.0;4;4;4
158000;;;TRANSLATOR_GRAPHITE_MIST;XIRECS;11210.0;4;4;4
158000;;;TRANSLATOR_SPACE_GRAY;XIRECS;9221.0;4;4;4
158000;;;TRANSLATOR_VOID_BLUE;XIRECS;10895.0;4;4;4
158000;;;UV_VISOR_AMBER;XIRECS;6938.0;4;4;4
158000;;;UV_VISOR_MAGENTA;XIRECS;11961.0;4;4;4
158000;;;UV_VISOR_ORANGE;XIRECS;10843.0;4;4;4
158000;;;UV_VISOR_RED;XIRECS;11886.0;4;4;4
158000;;;UV_VISOR_YELLOW;XIRECS;11273.0;4;4;4
159000;;;GALAXY_SOUNDS_BLACK_HOLES;XIRECS;12105.0;1;4;4
159000;;;GALAXY_SOUNDS_DARK_MATTER;XIRECS;10208.0;1;4;4
159000;;;GALAXY_SOUNDS_PLANETARY_RINGS;XIRECS;10538.0;1;4;4
159000;;;GALAXY_SOUNDS_SOLAR_FLAMES;XIRECS;10626.0;1;4;4
159000;;;GALAXY_SOUNDS_SOLAR_WINDS;XIRECS;10975.0;1;4;4
159000;;;OXYGEN_SHAKE_CHOCOLATE;XIRECS;9443.0;1;4;4
159000;;;OXYGEN_SHAKE_EVENING_BREATH;XIRECS;9364.0;1;4;4
159000;;;OXYGEN_SHAKE_GARLIC;XIRECS;12130.0;1;4;4
159000;;;OXYGEN_SHAKE_MINT;XIRECS;9053.0;1;4;4
159000;;;OXYGEN_SHAKE_MORNING_BREATH;XIRECS;9351.0;1;4;4
159000;;;PANEL_1X2;XIRECS;8683.0;1;4;4
159000;;;PANEL_1X4;XIRECS;8380.0;1;4;4
159000;;;PANEL_2X2;XIRECS;8448.0;1;4;4
159000;;;PANEL_2X4;XIRECS;11464.0;1;4;4
159000;;;PANEL_4X4;XIRECS;11025.0;1;4;4
159000;;;ROBOT_DISHES;XIRECS;10396.0;1;4;4
159000;;;ROBOT_IRONING;XIRECS;8207.0;1;4;4
159000;;;ROBOT_LAUNDRY;XIRECS;8729.0;1;4;4
159000;;;ROBOT_MOPPING;XIRECS;12086.0;1;4;4
159000;;;ROBOT_VACUUMING;XIRECS;8527.0;1;4;4
159000;;;SLEEP_POD_COTTON;XIRECS;13133.0;1;4;4
159000;;;SLEEP_POD_LAMB_WOOL;XIRECS;10134.0;1;4;4
159000;;;SLEEP_POD_NYLON;XIRECS;9711.0;1;4;4
159000;;;SLEEP_POD_POLYESTER;XIRECS;12971.0;1;4;4
159000;;;SLEEP_POD_SUEDE;XIRECS;12195.0;1;4;4
159000;;;SNACKPACK_CHOCOLATE;XIRECS;10043.0;1;4;4
159000;;;SNACKPACK_PISTACHIO;XIRECS;9366.0;1;4;4
159000;;;SNACKPACK_RASPBERRY;XIRECS;9928.0;1;4;4
159000;;;SNACKPACK_STRAWBERRY;XIRECS;10947.0;1;4;4
159000;;;SNACKPACK_VANILLA;XIRECS;9821.0;1;4;4
159000;;;TRANSLATOR_ASTRO_BLACK;XIRECS;9212.0;1;4;4
159000;;;TRANSLATOR_ECLIPSE_CHARCOAL;XIRECS;10180.0;1;4;4
159000;;;TRANSLATOR_GRAPHITE_MIST;XIRECS;11218.0;1;4;4
159000;;;TRANSLATOR_SPACE_GRAY;XIRECS;9266.0;1;4;4
159000;;;TRANSLATOR_VOID_BLUE;XIRECS;10911.0;1;4;4
159000;;;UV_VISOR_AMBER;XIRECS;6979.0;1;4;4
159000;;;UV_VISOR_MAGENTA;XIRECS;11983.0;1;4;4
159000;;;UV_VISOR_ORANGE;XIRECS;10814.0;1;4;4
159000;;;UV_VISOR_RED;XIRECS;11922.0;1;4;4
159000;;;UV_VISOR_YELLOW;XIRECS;11328.0;1;4;4
159400;;SUBMISSION;SNACKPACK_PISTACHIO;XIRECS;9380.0;2;4;4
159400;;SUBMISSION;SNACKPACK_STRAWBERRY;XIRECS;10954.0;2;4;4
159400;;SUBMISSION;SNACKPACK_VANILLA;XIRECS;9820.0;2;4;4
159400;;;GALAXY_SOUNDS_BLACK_HOLES;XIRECS;12100.0;2;4;4
159400;;;GALAXY_SOUNDS_DARK_MATTER;XIRECS;10215.0;2;4;4
159400;;;GALAXY_SOUNDS_PLANETARY_RINGS;XIRECS;10564.0;2;4;4
159400;;;GALAXY_SOUNDS_SOLAR_FLAMES;XIRECS;10635.0;2;4;4
159400;;;GALAXY_SOUNDS_SOLAR_WINDS;XIRECS;11045.0;2;4;4
159400;;;OXYGEN_SHAKE_CHOCOLATE;XIRECS;9481.0;2;4;4
159400;;;OXYGEN_SHAKE_EVENING_BREATH;XIRECS;9376.0;2;4;4
159400;;;OXYGEN_SHAKE_GARLIC;XIRECS;12117.0;2;4;4
159400;;;OXYGEN_SHAKE_MINT;XIRECS;9068.0;2;4;4
159400;;;OXYGEN_SHAKE_MORNING_BREATH;XIRECS;9356.0;2;4;4
159400;;;PANEL_1X2;XIRECS;8697.0;2;4;4
159400;;;PANEL_1X4;XIRECS;8391.0;2;4;4
159400;;;PANEL_2X2;XIRECS;8473.0;2;4;4
159400;;;PANEL_2X4;XIRECS;11469.0;2;4;4
159400;;;PANEL_4X4;XIRECS;11038.0;2;4;4
159400;;;ROBOT_DISHES;XIRECS;10404.0;2;4;4
159400;;;ROBOT_IRONING;XIRECS;8213.0;2;4;4
159400;;;ROBOT_LAUNDRY;XIRECS;8757.0;2;4;4
159400;;;ROBOT_MOPPING;XIRECS;12072.0;2;4;4
159400;;;ROBOT_VACUUMING;XIRECS;8542.0;2;4;4
159400;;;SLEEP_POD_COTTON;XIRECS;13167.0;2;4;4
159400;;;SLEEP_POD_LAMB_WOOL;XIRECS;10170.0;2;4;4
159400;;;SLEEP_POD_NYLON;XIRECS;9741.0;2;4;4
159400;;;SLEEP_POD_POLYESTER;XIRECS;12974.0;2;4;4
159400;;;SLEEP_POD_SUEDE;XIRECS;12250.0;2;4;4
159400;;;SNACKPACK_CHOCOLATE;XIRECS;10071.0;2;4;4
159400;;;SNACKPACK_RASPBERRY;XIRECS;9955.0;2;4;4
159400;;;TRANSLATOR_ASTRO_BLACK;XIRECS;9225.0;2;4;4
159400;;;TRANSLATOR_ECLIPSE_CHARCOAL;XIRECS;10183.0;2;4;4
159400;;;TRANSLATOR_GRAPHITE_MIST;XIRECS;11215.0;2;4;4
159400;;;TRANSLATOR_SPACE_GRAY;XIRECS;9302.0;2;4;4
159400;;;TRANSLATOR_VOID_BLUE;XIRECS;10917.0;2;4;4
159400;;;UV_VISOR_AMBER;XIRECS;6980.0;2;4;4
159400;;;UV_VISOR_MAGENTA;XIRECS;12011.0;2;4;4
159400;;;UV_VISOR_ORANGE;XIRECS;10828.0;2;4;4
159400;;;UV_VISOR_RED;XIRECS;11944.0;2;4;4
159400;;;UV_VISOR_YELLOW;XIRECS;11311.0;2;4;4
160400;;SUBMISSION;PEBBLES_XL;XIRECS;12927.0;6;4;4
161100;SUBMISSION;;SNACKPACK_PISTACHIO;XIRECS;9398.0;3;4;4
161100;SUBMISSION;;SNACKPACK_STRAWBERRY;XIRECS;10989.0;3;4;4
161100;SUBMISSION;;SNACKPACK_VANILLA;XIRECS;9810.0;3;4;4
161700;SUBMISSION;;PEBBLES_XL;XIRECS;12713.0;6;4;4
161700;SUBMISSION;;PEBBLES_XL;XIRECS;12722.0;5;4;4
162700;;SUBMISSION;GALAXY_SOUNDS_BLACK_HOLES;XIRECS;11990.0;5;4;4
162800;;;MICROCHIP_CIRCLE;XIRECS;8797.0;3;4;4
162800;;;MICROCHIP_OVAL;XIRECS;6815.0;3;4;4
162800;;;MICROCHIP_RECTANGLE;XIRECS;8015.0;3;4;4
162800;;;MICROCHIP_SQUARE;XIRECS;14641.0;3;4;4
162800;;;MICROCHIP_TRIANGLE;XIRECS;9180.0;3;4;4
164700;;SUBMISSION;PEBBLES_XL;XIRECS;12557.0;5;4;4
165200;;SUBMISSION;ROBOT_MOPPING;XIRECS;11983.0;5;4;4
167600;SUBMISSION;;PEBBLES_XL;XIRECS;12780.0;3;4;4
167600;SUBMISSION;;PEBBLES_XL;XIRECS;12789.0;2;4;4
167700;SUBMISSION;;GALAXY_SOUNDS_BLACK_HOLES;XIRECS;12081.0;5;4;4
168400;;;GALAXY_SOUNDS_BLACK_HOLES;XIRECS;12044.0;2;4;4
168400;;;GALAXY_SOUNDS_DARK_MATTER;XIRECS;10154.0;2;4;4
168400;;;GALAXY_SOUNDS_PLANETARY_RINGS;XIRECS;10397.0;2;4;4
168400;;;GALAXY_SOUNDS_SOLAR_FLAMES;XIRECS;10607.0;2;4;4
168400;;;GALAXY_SOUNDS_SOLAR_WINDS;XIRECS;10984.0;2;4;4
168400;;;OXYGEN_SHAKE_CHOCOLATE;XIRECS;9474.0;2;4;4
168400;;;OXYGEN_SHAKE_EVENING_BREATH;XIRECS;9404.0;2;4;4
168400;;;OXYGEN_SHAKE_GARLIC;XIRECS;12146.0;2;4;4
168400;;;OXYGEN_SHAKE_MINT;XIRECS;9128.0;2;4;4
168400;;;OXYGEN_SHAKE_MORNING_BREATH;XIRECS;9246.0;2;4;4
168400;;;PANEL_1X2;XIRECS;8764.0;2;4;4
168400;;;PANEL_1X4;XIRECS;8495.0;2;4;4
168400;;;PANEL_2X2;XIRECS;8525.0;2;4;4
168400;;;PANEL_2X4;XIRECS;11531.0;2;4;4
168400;;;PANEL_4X4;XIRECS;11045.0;2;4;4
168400;;;ROBOT_DISHES;XIRECS;10296.0;2;4;4
168400;;;ROBOT_IRONING;XIRECS;8197.0;2;4;4
168400;;;ROBOT_LAUNDRY;XIRECS;8741.0;2;4;4
168400;;;ROBOT_MOPPING;XIRECS;12082.0;2;4;4
168400;;;ROBOT_VACUUMING;XIRECS;8453.0;2;4;4
168400;;;SLEEP_POD_COTTON;XIRECS;13038.0;2;4;4
168400;;;SLEEP_POD_LAMB_WOOL;XIRECS;10281.0;2;4;4
168400;;;SLEEP_POD_NYLON;XIRECS;9812.0;2;4;4
168400;;;SLEEP_POD_POLYESTER;XIRECS;13004.0;2;4;4
168400;;;SLEEP_POD_SUEDE;XIRECS;12191.0;2;4;4
168400;;;SNACKPACK_CHOCOLATE;XIRECS;10001.0;2;4;4
168400;;;SNACKPACK_PISTACHIO;XIRECS;9392.0;2;4;4
168400;;;SNACKPACK_RASPBERRY;XIRECS;9893.0;2;4;4
168400;;;SNACKPACK_STRAWBERRY;XIRECS;10984.0;2;4;4
168400;;;SNACKPACK_VANILLA;XIRECS;9855.0;2;4;4
168400;;;TRANSLATOR_ASTRO_BLACK;XIRECS;9253.0;2;4;4
168400;;;TRANSLATOR_ECLIPSE_CHARCOAL;XIRECS;10089.0;2;4;4
168400;;;TRANSLATOR_GRAPHITE_MIST;XIRECS;11242.0;2;4;4
168400;;;TRANSLATOR_SPACE_GRAY;XIRECS;9181.0;2;4;4
168400;;;TRANSLATOR_VOID_BLUE;XIRECS;10996.0;2;4;4
168400;;;UV_VISOR_AMBER;XIRECS;6961.0;2;4;4
168400;;;UV_VISOR_MAGENTA;XIRECS;12140.0;2;4;4
168400;;;UV_VISOR_ORANGE;XIRECS;10889.0;2;4;4
168400;;;UV_VISOR_RED;XIRECS;11990.0;2;4;4
168400;;;UV_VISOR_YELLOW;XIRECS;11398.0;2;4;4
168800;;;MICROCHIP_CIRCLE;XIRECS;8835.0;1;4;4
168800;;;MICROCHIP_OVAL;XIRECS;6881.0;1;4;4
168800;;;MICROCHIP_RECTANGLE;XIRECS;8060.0;1;4;4
168800;;;MICROCHIP_SQUARE;XIRECS;14450.0;1;4;4
168800;;;MICROCHIP_TRIANGLE;XIRECS;9231.0;1;4;4
169700;;SUBMISSION;GALAXY_SOUNDS_BLACK_HOLES;XIRECS;12023.0;5;4;4
169900;;;PEBBLES_L;XIRECS;11022.0;2;4;4
169900;;;PEBBLES_M;XIRECS;11258.0;2;4;4
169900;;;PEBBLES_S;XIRECS;8176.0;2;4;4
169900;;;PEBBLES_XL;XIRECS;12852.0;2;4;4
169900;;;PEBBLES_XS;XIRECS;6659.0;2;4;4
172200;;SUBMISSION;PEBBLES_XL;XIRECS;12813.0;4;4;4
172700;SUBMISSION;;ROBOT_MOPPING;XIRECS;12121.0;5;4;4
173200;SUBMISSION;;PEBBLES_XL;XIRECS;12856.0;2;4;4
173200;;;PEBBLES_L;XIRECS;11019.0;3;4;4
173200;;;PEBBLES_M;XIRECS;11229.0;3;4;4
173200;;;PEBBLES_S;XIRECS;8284.0;3;4;4
173200;;;PEBBLES_XS;XIRECS;6581.0;3;4;4
173600;;SUBMISSION;PEBBLES_XL;XIRECS;12825.0;5;4;4
174100;;;GALAXY_SOUNDS_BLACK_HOLES;XIRECS;12042.0;1;4;4
174100;;;GALAXY_SOUNDS_DARK_MATTER;XIRECS;10243.0;1;4;4
174100;;;GALAXY_SOUNDS_PLANETARY_RINGS;XIRECS;10356.0;1;4;4
174100;;;GALAXY_SOUNDS_SOLAR_FLAMES;XIRECS;10633.0;1;4;4
174100;;;GALAXY_SOUNDS_SOLAR_WINDS;XIRECS;11075.0;1;4;4
174100;;;OXYGEN_SHAKE_CHOCOLATE;XIRECS;9353.0;1;4;4
174100;;;OXYGEN_SHAKE_EVENING_BREATH;XIRECS;9564.0;1;4;4
174100;;;OXYGEN_SHAKE_GARLIC;XIRECS;12216.0;1;4;4
174100;;;OXYGEN_SHAKE_MINT;XIRECS;9024.0;1;4;4
174100;;;OXYGEN_SHAKE_MORNING_BREATH;XIRECS;9312.0;1;4;4
174100;;;PANEL_1X2;XIRECS;8788.0;1;4;4
174100;;;PANEL_1X4;XIRECS;8539.0;1;4;4
174100;;;PANEL_2X2;XIRECS;8535.0;1;4;4
174100;;;PANEL_2X4;XIRECS;11499.0;1;4;4
174100;;;PANEL_4X4;XIRECS;11162.0;1;4;4
174100;;;ROBOT_DISHES;XIRECS;10496.0;1;4;4
174100;;;ROBOT_IRONING;XIRECS;8237.0;1;4;4
174100;;;ROBOT_LAUNDRY;XIRECS;8703.0;1;4;4
174100;;;ROBOT_MOPPING;XIRECS;12094.0;1;4;4
174100;;;ROBOT_VACUUMING;XIRECS;8497.0;1;4;4
174100;;;SLEEP_POD_COTTON;XIRECS;13297.0;1;4;4
174100;;;SLEEP_POD_LAMB_WOOL;XIRECS;10455.0;1;4;4
174100;;;SLEEP_POD_NYLON;XIRECS;9790.0;1;4;4
174100;;;SLEEP_POD_POLYESTER;XIRECS;13136.0;1;4;4
174100;;;SLEEP_POD_SUEDE;XIRECS;12148.0;1;4;4
174100;;;SNACKPACK_CHOCOLATE;XIRECS;10011.0;1;4;4
174100;;;SNACKPACK_PISTACHIO;XIRECS;9400.0;1;4;4
174100;;;SNACKPACK_RASPBERRY;XIRECS;9945.0;1;4;4
174100;;;SNACKPACK_STRAWBERRY;XIRECS;10952.0;1;4;4
174100;;;SNACKPACK_VANILLA;XIRECS;9860.0;1;4;4
174100;;;TRANSLATOR_ASTRO_BLACK;XIRECS;9195.0;1;4;4
174100;;;TRANSLATOR_ECLIPSE_CHARCOAL;XIRECS;10064.0;1;4;4
174100;;;TRANSLATOR_GRAPHITE_MIST;XIRECS;11323.0;1;4;4
174100;;;TRANSLATOR_SPACE_GRAY;XIRECS;9159.0;1;4;4
174100;;;TRANSLATOR_VOID_BLUE;XIRECS;11040.0;1;4;4
174100;;;UV_VISOR_AMBER;XIRECS;6941.0;1;4;4
174100;;;UV_VISOR_MAGENTA;XIRECS;12092.0;1;4;4
174100;;;UV_VISOR_ORANGE;XIRECS;10909.0;1;4;4
174100;;;UV_VISOR_RED;XIRECS;11913.0;1;4;4
174100;;;UV_VISOR_YELLOW;XIRECS;11370.0;1;4;4
174500;;SUBMISSION;PEBBLES_XL;XIRECS;12876.0;2;4;4
174500;;;PEBBLES_L;XIRECS;10988.0;4;4;4
174500;;;PEBBLES_M;XIRECS;11226.0;4;4;4
174500;;;PEBBLES_S;XIRECS;8224.0;4;4;4
174500;;;PEBBLES_XS;XIRECS;6717.0;4;4;4
174600;;SUBMISSION;SNACKPACK_PISTACHIO;XIRECS;9403.0;2;4;4
174600;;SUBMISSION;SNACKPACK_STRAWBERRY;XIRECS;10957.0;2;4;4
174600;;SUBMISSION;SNACKPACK_VANILLA;XIRECS;9872.0;2;4;4
174700;SUBMISSION;;SNACKPACK_PISTACHIO;XIRECS;9407.0;2;4;4
174700;SUBMISSION;;SNACKPACK_STRAWBERRY;XIRECS;10962.0;2;4;4
174700;SUBMISSION;;SNACKPACK_VANILLA;XIRECS;9872.0;2;4;4
175600;SUBMISSION;;GALAXY_SOUNDS_BLACK_HOLES;XIRECS;12161.0;5;4;4
176300;;;MICROCHIP_CIRCLE;XIRECS;8883.0;1;4;4
176300;;;MICROCHIP_OVAL;XIRECS;6881.0;1;4;4
176300;;;MICROCHIP_RECTANGLE;XIRECS;8015.0;1;4;4
176300;;;MICROCHIP_SQUARE;XIRECS;14542.0;1;4;4
176300;;;MICROCHIP_TRIANGLE;XIRECS;9416.0;1;4;4
177900;SUBMISSION;;GALAXY_SOUNDS_BLACK_HOLES;XIRECS;12162.0;5;4;4
179700;SUBMISSION;;PANEL_1X4;XIRECS;8532.0;5;4;4
182300;;SUBMISSION;SNACKPACK_PISTACHIO;XIRECS;9370.0;1;4;4
182300;;SUBMISSION;SNACKPACK_STRAWBERRY;XIRECS;10901.0;1;4;4
182300;;SUBMISSION;SNACKPACK_VANILLA;XIRECS;9922.0;1;4;4
182300;;;GALAXY_SOUNDS_BLACK_HOLES;XIRECS;12121.0;1;4;4
182300;;;GALAXY_SOUNDS_DARK_MATTER;XIRECS;10099.0;1;4;4
182300;;;GALAXY_SOUNDS_PLANETARY_RINGS;XIRECS;10368.0;1;4;4
182300;;;GALAXY_SOUNDS_SOLAR_FLAMES;XIRECS;10569.0;1;4;4
182300;;;GALAXY_SOUNDS_SOLAR_WINDS;XIRECS;11111.0;1;4;4
182300;;;OXYGEN_SHAKE_CHOCOLATE;XIRECS;9376.0;1;4;4
182300;;;OXYGEN_SHAKE_EVENING_BREATH;XIRECS;9616.0;1;4;4
182300;;;OXYGEN_SHAKE_GARLIC;XIRECS;12024.0;1;4;4
182300;;;OXYGEN_SHAKE_MINT;XIRECS;8902.0;1;4;4
182300;;;OXYGEN_SHAKE_MORNING_BREATH;XIRECS;9323.0;1;4;4
182300;;;PANEL_1X2;XIRECS;8809.0;1;4;4
182300;;;PANEL_1X4;XIRECS;8527.0;1;4;4
182300;;;PANEL_2X2;XIRECS;8514.0;1;4;4
182300;;;PANEL_2X4;XIRECS;11450.0;1;4;4
182300;;;PANEL_4X4;XIRECS;11158.0;1;4;4
182300;;;ROBOT_DISHES;XIRECS;10504.0;1;4;4
182300;;;ROBOT_IRONING;XIRECS;8133.0;1;4;4
182300;;;ROBOT_LAUNDRY;XIRECS;8792.0;1;4;4
182300;;;ROBOT_MOPPING;XIRECS;12015.0;1;4;4
182300;;;ROBOT_VACUUMING;XIRECS;8492.0;1;4;4
182300;;;SLEEP_POD_COTTON;XIRECS;13313.0;1;4;4
182300;;;SLEEP_POD_LAMB_WOOL;XIRECS;10544.0;1;4;4
182300;;;SLEEP_POD_NYLON;XIRECS;9846.0;1;4;4
182300;;;SLEEP_POD_POLYESTER;XIRECS;13264.0;1;4;4
182300;;;SLEEP_POD_SUEDE;XIRECS;12127.0;1;4;4
182300;;;SNACKPACK_CHOCOLATE;XIRECS;9956.0;1;4;4
182300;;;SNACKPACK_RASPBERRY;XIRECS;10025.0;1;4;4
182300;;;TRANSLATOR_ASTRO_BLACK;XIRECS;9132.0;1;4;4
182300;;;TRANSLATOR_ECLIPSE_CHARCOAL;XIRECS;10042.0;1;4;4
182300;;;TRANSLATOR_GRAPHITE_MIST;XIRECS;11378.0;1;4;4
182300;;;TRANSLATOR_SPACE_GRAY;XIRECS;9124.0;1;4;4
182300;;;TRANSLATOR_VOID_BLUE;XIRECS;10943.0;1;4;4
182300;;;UV_VISOR_AMBER;XIRECS;7049.0;1;4;4
182300;;;UV_VISOR_MAGENTA;XIRECS;11901.0;1;4;4
182300;;;UV_VISOR_ORANGE;XIRECS;10905.0;1;4;4
182300;;;UV_VISOR_RED;XIRECS;11693.0;1;4;4
182300;;;UV_VISOR_YELLOW;XIRECS;11443.0;1;4;4
182900;;SUBMISSION;SNACKPACK_PISTACHIO;XIRECS;9349.0;5;4;4
182900;;SUBMISSION;SNACKPACK_STRAWBERRY;XIRECS;10870.0;5;4;4
182900;;SUBMISSION;SNACKPACK_VANILLA;XIRECS;9913.0;5;4;4
184200;;SUBMISSION;SNACKPACK_PISTACHIO;XIRECS;9350.0;2;4;4
184200;;SUBMISSION;SNACKPACK_STRAWBERRY;XIRECS;10891.0;2;4;4
184200;;SUBMISSION;SNACKPACK_VANILLA;XIRECS;9891.0;2;4;4
184300;;SUBMISSION;PEBBLES_XL;XIRECS;12954.0;5;4;4
184500;;SUBMISSION;ROBOT_MOPPING;XIRECS;11985.0;4;4;4
184600;;SUBMISSION;ROBOT_MOPPING;XIRECS;11986.0;1;4;4
185500;SUBMISSION;;PANEL_1X4;XIRECS;8644.0;5;4;4
186200;SUBMISSION;;PEBBLES_XL;XIRECS;12806.0;2;4;4
186200;;;PEBBLES_L;XIRECS;11209.0;4;4;4
186200;;;PEBBLES_M;XIRECS;11151.0;4;4;4
186200;;;PEBBLES_S;XIRECS;8195.0;4;4;4
186200;;;PEBBLES_XS;XIRECS;6608.0;4;4;4
186700;;SUBMISSION;ROBOT_MOPPING;XIRECS;11900.0;4;4;4
186800;;SUBMISSION;ROBOT_MOPPING;XIRECS;11904.0;1;4;4
187800;SUBMISSION;;PEBBLES_XL;XIRECS;12771.0;8;4;4
187800;SUBMISSION;;PEBBLES_XL;XIRECS;12780.0;4;4;4
188800;SUBMISSION;;SNACKPACK_PISTACHIO;XIRECS;9365.0;2;4;4
188800;SUBMISSION;;SNACKPACK_STRAWBERRY;XIRECS;10947.0;2;4;4
188800;SUBMISSION;;SNACKPACK_VANILLA;XIRECS;9958.0;2;4;4
188800;;;GALAXY_SOUNDS_BLACK_HOLES;XIRECS;12193.0;3;4;4
188800;;;GALAXY_SOUNDS_DARK_MATTER;XIRECS;10214.0;3;4;4
188800;;;GALAXY_SOUNDS_PLANETARY_RINGS;XIRECS;10289.0;3;4;4
188800;;;GALAXY_SOUNDS_SOLAR_FLAMES;XIRECS;10535.0;3;4;4
188800;;;GALAXY_SOUNDS_SOLAR_WINDS;XIRECS;11138.0;3;4;4
188800;;;OXYGEN_SHAKE_CHOCOLATE;XIRECS;9351.0;3;4;4
188800;;;OXYGEN_SHAKE_EVENING_BREATH;XIRECS;9544.0;3;4;4
188800;;;OXYGEN_SHAKE_GARLIC;XIRECS;12037.0;3;4;4
188800;;;OXYGEN_SHAKE_MINT;XIRECS;8877.0;3;4;4
188800;;;OXYGEN_SHAKE_MORNING_BREATH;XIRECS;9403.0;3;4;4
188800;;;PANEL_1X2;XIRECS;8764.0;3;4;4
188800;;;PANEL_1X4;XIRECS;8567.0;3;4;4
188800;;;PANEL_2X2;XIRECS;8579.0;3;4;4
188800;;;PANEL_2X4;XIRECS;11380.0;3;4;4
188800;;;PANEL_4X4;XIRECS;11058.0;3;4;4
188800;;;ROBOT_DISHES;XIRECS;10496.0;3;4;4
188800;;;ROBOT_IRONING;XIRECS;8187.0;3;4;4
188800;;;ROBOT_LAUNDRY;XIRECS;8851.0;3;4;4
188800;;;ROBOT_MOPPING;XIRECS;11936.0;3;4;4
188800;;;ROBOT_VACUUMING;XIRECS;8469.0;3;4;4
188800;;;SLEEP_POD_COTTON;XIRECS;13217.0;3;4;4
188800;;;SLEEP_POD_LAMB_WOOL;XIRECS;10474.0;3;4;4
188800;;;SLEEP_POD_NYLON;XIRECS;9857.0;3;4;4
188800;;;SLEEP_POD_POLYESTER;XIRECS;13172.0;3;4;4
188800;;;SLEEP_POD_SUEDE;XIRECS;11970.0;3;4;4
188800;;;SNACKPACK_CHOCOLATE;XIRECS;9905.0;3;4;4
188800;;;SNACKPACK_RASPBERRY;XIRECS;9951.0;3;4;4
188800;;;TRANSLATOR_ASTRO_BLACK;XIRECS;9183.0;3;4;4
188800;;;TRANSLATOR_ECLIPSE_CHARCOAL;XIRECS;10105.0;3;4;4
188800;;;TRANSLATOR_GRAPHITE_MIST;XIRECS;11482.0;3;4;4
188800;;;TRANSLATOR_SPACE_GRAY;XIRECS;9048.0;3;4;4
188800;;;TRANSLATOR_VOID_BLUE;XIRECS;10857.0;3;4;4
188800;;;UV_VISOR_AMBER;XIRECS;7086.0;3;4;4
188800;;;UV_VISOR_MAGENTA;XIRECS;12080.0;3;4;4
188800;;;UV_VISOR_ORANGE;XIRECS;10824.0;3;4;4
188800;;;UV_VISOR_RED;XIRECS;11653.0;3;4;4
188800;;;UV_VISOR_YELLOW;XIRECS;11422.0;3;4;4
189600;;SUBMISSION;PEBBLES_XL;XIRECS;12828.0;3;4;4
189900;SUBMISSION;;SNACKPACK_PISTACHIO;XIRECS;9395.0;2;4;4
189900;SUBMISSION;;SNACKPACK_STRAWBERRY;XIRECS;10993.0;2;4;4
189900;SUBMISSION;;SNACKPACK_VANILLA;XIRECS;9987.0;2;4;4
190900;;SUBMISSION;ROBOT_MOPPING;XIRECS;11924.0;5;4;4
191000;SUBMISSION;;OXYGEN_SHAKE_MORNING_BREATH;XIRECS;9359.0;5;4;4
191300;SUBMISSION;;SNACKPACK_PISTACHIO;XIRECS;9386.0;4;4;4
191300;SUBMISSION;;SNACKPACK_STRAWBERRY;XIRECS;10977.0;4;4;4
191300;SUBMISSION;;SNACKPACK_VANILLA;XIRECS;9960.0;4;4;4
191400;;SUBMISSION;SNACKPACK_PISTACHIO;XIRECS;9391.0;2;4;4
191400;;SUBMISSION;SNACKPACK_STRAWBERRY;XIRECS;10982.0;2;4;4
191400;;SUBMISSION;SNACKPACK_VANILLA;XIRECS;9949.0;2;4;4
192100;;SUBMISSION;PANEL_1X4;XIRECS;8527.0;5;4;4
193300;SUBMISSION;;PANEL_1X4;XIRECS;8580.0;5;4;4
193800;;SUBMISSION;PEBBLES_XL;XIRECS;13058.0;2;4;4
193800;;;PEBBLES_L;XIRECS;11123.0;5;4;4
193800;;;PEBBLES_M;XIRECS;11010.0;5;4;4
193800;;;PEBBLES_S;XIRECS;8165.0;5;4;4
193800;;;PEBBLES_XS;XIRECS;6677.0;5;4;4
193900;;SUBMISSION;PANEL_1X4;XIRECS;8543.0;5;4;4
194400;;SUBMISSION;PEBBLES_XL;XIRECS;12988.0;2;4;4
194400;;;PEBBLES_L;XIRECS;11121.0;4;4;4
194400;;;PEBBLES_M;XIRECS;11041.0;4;4;4
194400;;;PEBBLES_S;XIRECS;8129.0;4;4;4
194400;;;PEBBLES_XS;XIRECS;6753.0;4;4;4
194700;SUBMISSION;;ROBOT_MOPPING;XIRECS;12014.0;4;4;4
194800;SUBMISSION;;ROBOT_MOPPING;XIRECS;12000.0;1;4;4
196100;;SUBMISSION;SNACKPACK_PISTACHIO;XIRECS;9408.0;5;4;4
196100;;SUBMISSION;SNACKPACK_STRAWBERRY;XIRECS;11014.0;5;4;4
196100;;SUBMISSION;SNACKPACK_VANILLA;XIRECS;9951.0;5;4;4
196600;;SUBMISSION;ROBOT_MOPPING;XIRECS;11907.0;5;4;4
199100;;SUBMISSION;ROBOT_MOPPING;XIRECS;11851.0;5;4;4
199500;;SUBMISSION;PANEL_1X4;XIRECS;8474.0;5;4;4
199500;SUBMISSION;;OXYGEN_SHAKE_MORNING_BREATH;XIRECS;9419.0;5;4;4
200100;SUBMISSION;;SNACKPACK_PISTACHIO;XIRECS;9462.0;5;4;4
200100;SUBMISSION;;SNACKPACK_STRAWBERRY;XIRECS;11068.0;5;4;4
200100;SUBMISSION;;SNACKPACK_VANILLA;XIRECS;9970.0;5;4;4
200900;;;GALAXY_SOUNDS_BLACK_HOLES;XIRECS;12182.0;2;4;4
200900;;;GALAXY_SOUNDS_DARK_MATTER;XIRECS;10221.0;2;4;4
200900;;;GALAXY_SOUNDS_PLANETARY_RINGS;XIRECS;10237.0;2;4;4
200900;;;GALAXY_SOUNDS_SOLAR_FLAMES;XIRECS;10632.0;2;4;4
200900;;;GALAXY_SOUNDS_SOLAR_WINDS;XIRECS;11278.0;2;4;4
200900;;;OXYGEN_SHAKE_CHOCOLATE;XIRECS;9419.0;2;4;4
200900;;;OXYGEN_SHAKE_EVENING_BREATH;XIRECS;9604.0;2;4;4
200900;;;OXYGEN_SHAKE_GARLIC;XIRECS;12008.0;2;4;4
200900;;;OXYGEN_SHAKE_MINT;XIRECS;8878.0;2;4;4
200900;;;OXYGEN_SHAKE_MORNING_BREATH;XIRECS;9386.0;2;4;4
200900;;;PANEL_1X2;XIRECS;8719.0;2;4;4
200900;;;PANEL_1X4;XIRECS;8430.0;2;4;4
200900;;;PANEL_2X2;XIRECS;8528.0;2;4;4
200900;;;PANEL_2X4;XIRECS;11578.0;2;4;4
200900;;;PANEL_4X4;XIRECS;11025.0;2;4;4
200900;;;ROBOT_DISHES;XIRECS;10396.0;2;4;4
200900;;;ROBOT_IRONING;XIRECS;8187.0;2;4;4
200900;;;ROBOT_LAUNDRY;XIRECS;8958.0;2;4;4
200900;;;ROBOT_MOPPING;XIRECS;11792.0;2;4;4
200900;;;ROBOT_VACUUMING;XIRECS;8652.0;2;4;4
200900;;;SLEEP_POD_COTTON;XIRECS;13180.0;2;4;4
200900;;;SLEEP_POD_LAMB_WOOL;XIRECS;10386.0;2;4;4
200900;;;SLEEP_POD_NYLON;XIRECS;9923.0;2;4;4
200900;;;SLEEP_POD_POLYESTER;XIRECS;13233.0;2;4;4
200900;;;SLEEP_POD_SUEDE;XIRECS;11867.0;2;4;4
200900;;;SNACKPACK_CHOCOLATE;XIRECS;9849.0;2;4;4
200900;;;SNACKPACK_PISTACHIO;XIRECS;9468.0;2;4;4
200900;;;SNACKPACK_RASPBERRY;XIRECS;9857.0;2;4;4
200900;;;SNACKPACK_STRAWBERRY;XIRECS;11073.0;2;4;4
200900;;;SNACKPACK_VANILLA;XIRECS;9987.0;2;4;4
200900;;;TRANSLATOR_ASTRO_BLACK;XIRECS;9308.0;2;4;4
200900;;;TRANSLATOR_ECLIPSE_CHARCOAL;XIRECS;10052.0;2;4;4
200900;;;TRANSLATOR_GRAPHITE_MIST;XIRECS;11506.0;2;4;4
200900;;;TRANSLATOR_SPACE_GRAY;XIRECS;9067.0;2;4;4
200900;;;TRANSLATOR_VOID_BLUE;XIRECS;10894.0;2;4;4
200900;;;UV_VISOR_AMBER;XIRECS;7131.0;2;4;4
200900;;;UV_VISOR_MAGENTA;XIRECS;11854.0;2;4;4
200900;;;UV_VISOR_ORANGE;XIRECS;10869.0;2;4;4
200900;;;UV_VISOR_RED;XIRECS;11845.0;2;4;4
200900;;;UV_VISOR_YELLOW;XIRECS;11157.0;2;4;4
201800;SUBMISSION;;SNACKPACK_PISTACHIO;XIRECS;9461.0;2;4;4
201800;SUBMISSION;;SNACKPACK_STRAWBERRY;XIRECS;11053.0;2;4;4
201800;SUBMISSION;;SNACKPACK_VANILLA;XIRECS;10018.0;2;4;4
202100;;;GALAXY_SOUNDS_BLACK_HOLES;XIRECS;12245.0;2;4;4
202100;;;GALAXY_SOUNDS_DARK_MATTER;XIRECS;10179.0;2;4;4
202100;;;GALAXY_SOUNDS_PLANETARY_RINGS;XIRECS;10213.0;2;4;4
202100;;;GALAXY_SOUNDS_SOLAR_FLAMES;XIRECS;10630.0;2;4;4
202100;;;GALAXY_SOUNDS_SOLAR_WINDS;XIRECS;11327.0;2;4;4
202100;;;OXYGEN_SHAKE_CHOCOLATE;XIRECS;9379.0;2;4;4
202100;;;OXYGEN_SHAKE_EVENING_BREATH;XIRECS;9624.0;2;4;4
202100;;;OXYGEN_SHAKE_GARLIC;XIRECS;12021.0;2;4;4
202100;;;OXYGEN_SHAKE_MINT;XIRECS;8922.0;2;4;4
202100;;;OXYGEN_SHAKE_MORNING_BREATH;XIRECS;9429.0;2;4;4
202100;;;PANEL_1X2;XIRECS;8760.0;2;4;4
202100;;;PANEL_1X4;XIRECS;8398.0;2;4;4
202100;;;PANEL_2X2;XIRECS;8504.0;2;4;4
202100;;;PANEL_2X4;XIRECS;11564.0;2;4;4
202100;;;PANEL_4X4;XIRECS;11012.0;2;4;4
202100;;;ROBOT_DISHES;XIRECS;10396.0;2;4;4
202100;;;ROBOT_IRONING;XIRECS;8207.0;2;4;4
202100;;;ROBOT_LAUNDRY;XIRECS;8964.0;2;4;4
202100;;;ROBOT_MOPPING;XIRECS;11787.0;2;4;4
202100;;;ROBOT_VACUUMING;XIRECS;8651.0;2;4;4
202100;;;SLEEP_POD_COTTON;XIRECS;13135.0;2;4;4
202100;;;SLEEP_POD_LAMB_WOOL;XIRECS;10415.0;2;4;4
202100;;;SLEEP_POD_NYLON;XIRECS;9937.0;2;4;4
202100;;;SLEEP_POD_POLYESTER;XIRECS;13287.0;2;4;4
202100;;;SLEEP_POD_SUEDE;XIRECS;11900.0;2;4;4
202100;;;SNACKPACK_CHOCOLATE;XIRECS;9824.0;2;4;4
202100;;;SNACKPACK_PISTACHIO;XIRECS;9449.0;2;4;4
202100;;;SNACKPACK_RASPBERRY;XIRECS;9890.0;2;4;4
202100;;;SNACKPACK_STRAWBERRY;XIRECS;11041.0;2;4;4
202100;;;SNACKPACK_VANILLA;XIRECS;10021.0;2;4;4
202100;;;TRANSLATOR_ASTRO_BLACK;XIRECS;9318.0;2;4;4
202100;;;TRANSLATOR_ECLIPSE_CHARCOAL;XIRECS;10141.0;2;4;4
202100;;;TRANSLATOR_GRAPHITE_MIST;XIRECS;11452.0;2;4;4
202100;;;TRANSLATOR_SPACE_GRAY;XIRECS;9098.0;2;4;4
202100;;;TRANSLATOR_VOID_BLUE;XIRECS;10883.0;2;4;4
202100;;;UV_VISOR_AMBER;XIRECS;7105.0;2;4;4
202100;;;UV_VISOR_MAGENTA;XIRECS;11841.0;2;4;4
202100;;;UV_VISOR_ORANGE;XIRECS;10855.0;2;4;4
202100;;;UV_VISOR_RED;XIRECS;11773.0;2;4;4
202100;;;UV_VISOR_YELLOW;XIRECS;11209.0;2;4;4
202500;;;MICROCHIP_CIRCLE;XIRECS;8911.0;1;4;4
202500;;;MICROCHIP_OVAL;XIRECS;6768.0;1;4;4
202500;;;MICROCHIP_RECTANGLE;XIRECS;8170.0;1;4;4
202500;;;MICROCHIP_SQUARE;XIRECS;14694.0;1;4;4
202500;;;MICROCHIP_TRIANGLE;XIRECS;9297.0;1;4;4
203000;SUBMISSION;;PEBBLES_XL;XIRECS;12742.0;2;4;4
203000;;;PEBBLES_L;XIRECS;11414.0;2;4;4
203000;;;PEBBLES_M;XIRECS;11038.0;2;4;4
203000;;;PEBBLES_S;XIRECS;8135.0;2;4;4
203000;;;PEBBLES_XS;XIRECS;6639.0;2;4;4
204400;SUBMISSION;;UV_VISOR_AMBER;XIRECS;7121.0;5;4;4
204700;SUBMISSION;;OXYGEN_SHAKE_MORNING_BREATH;XIRECS;9466.0;5;4;4
205500;SUBMISSION;;PEBBLES_XL;XIRECS;12574.0;4;4;4
205500;SUBMISSION;;PEBBLES_XL;XIRECS;12583.0;1;4;4
206000;;;GALAXY_SOUNDS_BLACK_HOLES;XIRECS;12275.0;4;4;4
206000;;;GALAXY_SOUNDS_DARK_MATTER;XIRECS;10221.0;4;4;4
206000;;;GALAXY_SOUNDS_PLANETARY_RINGS;XIRECS;10248.0;4;4;4
206000;;;GALAXY_SOUNDS_SOLAR_FLAMES;XIRECS;10587.0;4;4;4
206000;;;GALAXY_SOUNDS_SOLAR_WINDS;XIRECS;11306.0;4;4;4
206000;;;OXYGEN_SHAKE_CHOCOLATE;XIRECS;9374.0;4;4;4
206000;;;OXYGEN_SHAKE_EVENING_BREATH;XIRECS;9684.0;4;4;4
206000;;;OXYGEN_SHAKE_GARLIC;XIRECS;11978.0;4;4;4
206000;;;OXYGEN_SHAKE_MINT;XIRECS;8981.0;4;4;4
206000;;;OXYGEN_SHAKE_MORNING_BREATH;XIRECS;9413.0;4;4;4
206000;;;PANEL_1X2;XIRECS;8850.0;4;4;4
206000;;;PANEL_1X4;XIRECS;8394.0;4;4;4
206000;;;PANEL_2X2;XIRECS;8539.0;4;4;4
206000;;;PANEL_2X4;XIRECS;11600.0;4;4;4
206000;;;PANEL_4X4;XIRECS;10979.0;4;4;4
206000;;;ROBOT_DISHES;XIRECS;10596.0;4;4;4
206000;;;ROBOT_IRONING;XIRECS;8227.0;4;4;4
206000;;;ROBOT_LAUNDRY;XIRECS;9099.0;4;4;4
206000;;;ROBOT_MOPPING;XIRECS;11894.0;4;4;4
206000;;;ROBOT_VACUUMING;XIRECS;8619.0;4;4;4
206000;;;SLEEP_POD_COTTON;XIRECS;13045.0;4;4;4
206000;;;SLEEP_POD_LAMB_WOOL;XIRECS;10386.0;4;4;4
206000;;;SLEEP_POD_NYLON;XIRECS;9951.0;4;4;4
206000;;;SLEEP_POD_POLYESTER;XIRECS;13337.0;4;4;4
206000;;;SLEEP_POD_SUEDE;XIRECS;11897.0;4;4;4
206000;;;SNACKPACK_CHOCOLATE;XIRECS;9811.0;4;4;4
206000;;;SNACKPACK_PISTACHIO;XIRECS;9438.0;4;4;4
206000;;;SNACKPACK_RASPBERRY;XIRECS;9918.0;4;4;4
206000;;;SNACKPACK_STRAWBERRY;XIRECS;11015.0;4;4;4
206000;;;SNACKPACK_VANILLA;XIRECS;10035.0;4;4;4
206000;;;TRANSLATOR_ASTRO_BLACK;XIRECS;9265.0;4;4;4
206000;;;TRANSLATOR_ECLIPSE_CHARCOAL;XIRECS;10084.0;4;4;4
206000;;;TRANSLATOR_GRAPHITE_MIST;XIRECS;11394.0;4;4;4
206000;;;TRANSLATOR_SPACE_GRAY;XIRECS;9094.0;4;4;4
206000;;;TRANSLATOR_VOID_BLUE;XIRECS;10812.0;4;4;4
206000;;;UV_VISOR_AMBER;XIRECS;7133.0;4;4;4
206000;;;UV_VISOR_MAGENTA;XIRECS;11916.0;4;4;4
206000;;;UV_VISOR_ORANGE;XIRECS;10899.0;4;4;4
206000;;;UV_VISOR_RED;XIRECS;11663.0;4;4;4
206000;;;UV_VISOR_YELLOW;XIRECS;11222.0;4;4;4
206300;;;MICROCHIP_CIRCLE;XIRECS;8880.0;1;4;4
206300;;;MICROCHIP_OVAL;XIRECS;6669.0;1;4;4
206300;;;MICROCHIP_RECTANGLE;XIRECS;8266.0;1;4;4
206300;;;MICROCHIP_SQUARE;XIRECS;14728.0;1;4;4
206300;;;MICROCHIP_TRIANGLE;XIRECS;9390.0;1;4;4
206800;;SUBMISSION;PEBBLES_XL;XIRECS;12413.0;8;4;4
207700;;SUBMISSION;OXYGEN_SHAKE_MORNING_BREATH;XIRECS;9368.0;5;4;4
208100;SUBMISSION;;PEBBLES_XL;XIRECS;12391.0;2;4;4
208100;;;PEBBLES_L;XIRECS;11614.0;2;4;4
208100;;;PEBBLES_M;XIRECS;11021.0;2;4;4
208100;;;PEBBLES_S;XIRECS;8242.0;2;4;4
208100;;;PEBBLES_XS;XIRECS;6701.0;2;4;4
208900;;SUBMISSION;SNACKPACK_PISTACHIO;XIRECS;9432.0;2;4;4
208900;;SUBMISSION;SNACKPACK_STRAWBERRY;XIRECS;11010.0;2;4;4
208900;;SUBMISSION;SNACKPACK_VANILLA;XIRECS;9973.0;2;4;4
208900;;;GALAXY_SOUNDS_BLACK_HOLES;XIRECS;12160.0;4;4;4
208900;;;GALAXY_SOUNDS_DARK_MATTER;XIRECS;10260.0;4;4;4
208900;;;GALAXY_SOUNDS_PLANETARY_RINGS;XIRECS;10235.0;4;4;4
208900;;;GALAXY_SOUNDS_SOLAR_FLAMES;XIRECS;10550.0;4;4;4
208900;;;GALAXY_SOUNDS_SOLAR_WINDS;XIRECS;11403.0;4;4;4
208900;;;OXYGEN_SHAKE_CHOCOLATE;XIRECS;9327.0;4;4;4
208900;;;OXYGEN_SHAKE_EVENING_BREATH;XIRECS;9686.0;4;4;4
208900;;;OXYGEN_SHAKE_GARLIC;XIRECS;12042.0;4;4;4
208900;;;OXYGEN_SHAKE_MINT;XIRECS;8954.0;4;4;4
208900;;;OXYGEN_SHAKE_MORNING_BREATH;XIRECS;9403.0;4;4;4
208900;;;PANEL_1X2;XIRECS;8889.0;4;4;4
208900;;;PANEL_1X4;XIRECS;8348.0;4;4;4
208900;;;PANEL_2X2;XIRECS;8525.0;4;4;4
208900;;;PANEL_2X4;XIRECS;11582.0;4;4;4
208900;;;PANEL_4X4;XIRECS;11032.0;4;4;4
208900;;;ROBOT_DISHES;XIRECS;10504.0;4;4;4
208900;;;ROBOT_IRONING;XIRECS;8103.0;4;4;4
208900;;;ROBOT_LAUNDRY;XIRECS;9141.0;4;4;4
208900;;;ROBOT_MOPPING;XIRECS;11941.0;4;4;4
208900;;;ROBOT_VACUUMING;XIRECS;8697.0;4;4;4
208900;;;SLEEP_POD_COTTON;XIRECS;12998.0;4;4;4
208900;;;SLEEP_POD_LAMB_WOOL;XIRECS;10378.0;4;4;4
208900;;;SLEEP_POD_NYLON;XIRECS;9865.0;4;4;4
208900;;;SLEEP_POD_POLYESTER;XIRECS;13399.0;4;4;4
208900;;;SLEEP_POD_SUEDE;XIRECS;11952.0;4;4;4
208900;;;SNACKPACK_CHOCOLATE;XIRECS;9915.0;4;4;4
208900;;;SNACKPACK_RASPBERRY;XIRECS;9944.0;4;4;4
208900;;;TRANSLATOR_ASTRO_BLACK;XIRECS;9366.0;4;4;4
208900;;;TRANSLATOR_ECLIPSE_CHARCOAL;XIRECS;10100.0;4;4;4
208900;;;TRANSLATOR_GRAPHITE_MIST;XIRECS;11395.0;4;4;4
208900;;;TRANSLATOR_SPACE_GRAY;XIRECS;9147.0;4;4;4
208900;;;TRANSLATOR_VOID_BLUE;XIRECS;10772.0;4;4;4
208900;;;UV_VISOR_AMBER;XIRECS;7149.0;4;4;4
208900;;;UV_VISOR_MAGENTA;XIRECS;12005.0;4;4;4
208900;;;UV_VISOR_ORANGE;XIRECS;10944.0;4;4;4
208900;;;UV_VISOR_RED;XIRECS;11654.0;4;4;4
208900;;;UV_VISOR_YELLOW;XIRECS;11188.0;4;4;4
209100;;;MICROCHIP_CIRCLE;XIRECS;8849.0;2;4;4
209100;;;MICROCHIP_OVAL;XIRECS;6698.0;2;4;4
209100;;;MICROCHIP_RECTANGLE;XIRECS;8279.0;2;4;4
209100;;;MICROCHIP_SQUARE;XIRECS;14782.0;2;4;4
209100;;;MICROCHIP_TRIANGLE;XIRECS;9363.0;2;4;4
209500;;SUBMISSION;SLEEP_POD_COTTON;XIRECS;12991.0;5;4;4
209600;;SUBMISSION;SNACKPACK_PISTACHIO;XIRECS;9437.0;2;4;4
209600;;SUBMISSION;SNACKPACK_STRAWBERRY;XIRECS;11026.0;2;4;4
209600;;SUBMISSION;SNACKPACK_VANILLA;XIRECS;9965.0;2;4;4
209600;;;GALAXY_SOUNDS_BLACK_HOLES;XIRECS;12170.0;2;4;4
209600;;;GALAXY_SOUNDS_DARK_MATTER;XIRECS;10293.0;2;4;4
209600;;;GALAXY_SOUNDS_PLANETARY_RINGS;XIRECS;10205.0;2;4;4
209600;;;GALAXY_SOUNDS_SOLAR_FLAMES;XIRECS;10569.0;2;4;4
209600;;;GALAXY_SOUNDS_SOLAR_WINDS;XIRECS;11411.0;2;4;4
209600;;;OXYGEN_SHAKE_CHOCOLATE;XIRECS;9311.0;2;4;4
209600;;;OXYGEN_SHAKE_EVENING_BREATH;XIRECS;9646.0;2;4;4
209600;;;OXYGEN_SHAKE_GARLIC;XIRECS;12037.0;2;4;4
209600;;;OXYGEN_SHAKE_MINT;XIRECS;8931.0;2;4;4
209600;;;OXYGEN_SHAKE_MORNING_BREATH;XIRECS;9432.0;2;4;4
209600;;;PANEL_1X2;XIRECS;8851.0;2;4;4
209600;;;PANEL_1X4;XIRECS;8355.0;2;4;4
209600;;;PANEL_2X2;XIRECS;8520.0;2;4;4
209600;;;PANEL_2X4;XIRECS;11527.0;2;4;4
209600;;;PANEL_4X4;XIRECS;11028.0;2;4;4
209600;;;ROBOT_DISHES;XIRECS;10404.0;2;4;4
209600;;;ROBOT_IRONING;XIRECS;8103.0;2;4;4
209600;;;ROBOT_LAUNDRY;XIRECS;9118.0;2;4;4
209600;;;ROBOT_MOPPING;XIRECS;11921.0;2;4;4
209600;;;ROBOT_VACUUMING;XIRECS;8731.0;2;4;4
209600;;;SLEEP_POD_COTTON;XIRECS;13005.0;2;4;4
209600;;;SLEEP_POD_LAMB_WOOL;XIRECS;10348.0;2;4;4
209600;;;SLEEP_POD_NYLON;XIRECS;9864.0;2;4;4
209600;;;SLEEP_POD_POLYESTER;XIRECS;13317.0;2;4;4
209600;;;SLEEP_POD_SUEDE;XIRECS;11957.0;2;4;4
209600;;;SNACKPACK_CHOCOLATE;XIRECS;9926.0;2;4;4
209600;;;SNACKPACK_RASPBERRY;XIRECS;9922.0;2;4;4
209600;;;TRANSLATOR_ASTRO_BLACK;XIRECS;9401.0;2;4;4
209600;;;TRANSLATOR_ECLIPSE_CHARCOAL;XIRECS;10120.0;2;4;4
209600;;;TRANSLATOR_GRAPHITE_MIST;XIRECS;11396.0;2;4;4
209600;;;TRANSLATOR_SPACE_GRAY;XIRECS;9113.0;2;4;4
209600;;;TRANSLATOR_VOID_BLUE;XIRECS;10753.0;2;4;4
209600;;;UV_VISOR_AMBER;XIRECS;7163.0;2;4;4
209600;;;UV_VISOR_MAGENTA;XIRECS;11978.0;2;4;4
209600;;;UV_VISOR_ORANGE;XIRECS;10941.0;2;4;4
209600;;;UV_VISOR_RED;XIRECS;11646.0;2;4;4
209600;;;UV_VISOR_YELLOW;XIRECS;11232.0;2;4;4
210700;;;MICROCHIP_CIRCLE;XIRECS;8869.0;1;4;4
210700;;;MICROCHIP_OVAL;XIRECS;6718.0;1;4;4
210700;;;MICROCHIP_RECTANGLE;XIRECS;8287.0;1;4;4
210700;;;MICROCHIP_SQUARE;XIRECS;14823.0;1;4;4
210700;;;MICROCHIP_TRIANGLE;XIRECS;9400.0;1;4;4
211200;;SUBMISSION;SNACKPACK_PISTACHIO;XIRECS;9457.0;3;4;4
211200;;SUBMISSION;SNACKPACK_STRAWBERRY;XIRECS;11043.0;3;4;4
211200;;SUBMISSION;PEBBLES_XL;XIRECS;12455.0;3;4;4
211200;;SUBMISSION;SNACKPACK_VANILLA;XIRECS;9950.0;3;4;4
212000;;;GALAXY_SOUNDS_BLACK_HOLES;XIRECS;12095.0;1;4;4
212000;;;GALAXY_SOUNDS_DARK_MATTER;XIRECS;10227.0;1;4;4
212000;;;GALAXY_SOUNDS_PLANETARY_RINGS;XIRECS;10145.0;1;4;4
212000;;;GALAXY_SOUNDS_SOLAR_FLAMES;XIRECS;10547.0;1;4;4
212000;;;GALAXY_SOUNDS_SOLAR_WINDS;XIRECS;11409.0;1;4;4
212000;;;OXYGEN_SHAKE_CHOCOLATE;XIRECS;9307.0;1;4;4
212000;;;OXYGEN_SHAKE_EVENING_BREATH;XIRECS;9706.0;1;4;4
212000;;;OXYGEN_SHAKE_GARLIC;XIRECS;12020.0;1;4;4
212000;;;OXYGEN_SHAKE_MINT;XIRECS;8963.0;1;4;4
212000;;;OXYGEN_SHAKE_MORNING_BREATH;XIRECS;9439.0;1;4;4
212000;;;PANEL_1X2;XIRECS;8894.0;1;4;4
212000;;;PANEL_1X4;XIRECS;8452.0;1;4;4
212000;;;PANEL_2X2;XIRECS;8502.0;1;4;4
212000;;;PANEL_2X4;XIRECS;11588.0;1;4;4
212000;;;PANEL_4X4;XIRECS;10958.0;1;4;4
212000;;;ROBOT_DISHES;XIRECS;10604.0;1;4;4
212000;;;ROBOT_IRONING;XIRECS;8113.0;1;4;4
212000;;;ROBOT_LAUNDRY;XIRECS;9031.0;1;4;4
212000;;;ROBOT_MOPPING;XIRECS;11793.0;1;4;4
212000;;;ROBOT_VACUUMING;XIRECS;8708.0;1;4;4
212000;;;SLEEP_POD_COTTON;XIRECS;13043.0;1;4;4
212000;;;SLEEP_POD_LAMB_WOOL;XIRECS;10370.0;1;4;4
212000;;;SLEEP_POD_NYLON;XIRECS;9936.0;1;4;4
212000;;;SLEEP_POD_POLYESTER;XIRECS;13232.0;1;4;4
212000;;;SLEEP_POD_SUEDE;XIRECS;11920.0;1;4;4
212000;;;SNACKPACK_CHOCOLATE;XIRECS;9927.0;1;4;4
212000;;;SNACKPACK_PISTACHIO;XIRECS;9448.0;1;4;4
212000;;;SNACKPACK_RASPBERRY;XIRECS;9934.0;1;4;4
212000;;;SNACKPACK_STRAWBERRY;XIRECS;11030.0;1;4;4
212000;;;SNACKPACK_VANILLA;XIRECS;9973.0;1;4;4
212000;;;TRANSLATOR_ASTRO_BLACK;XIRECS;9338.0;1;4;4
212000;;;TRANSLATOR_ECLIPSE_CHARCOAL;XIRECS;10110.0;1;4;4
212000;;;TRANSLATOR_GRAPHITE_MIST;XIRECS;11341.0;1;4;4
212000;;;TRANSLATOR_SPACE_GRAY;XIRECS;9126.0;1;4;4
212000;;;TRANSLATOR_VOID_BLUE;XIRECS;10809.0;1;4;4
212000;;;UV_VISOR_AMBER;XIRECS;7119.0;1;4;4
212000;;;UV_VISOR_MAGENTA;XIRECS;11980.0;1;4;4
212000;;;UV_VISOR_ORANGE;XIRECS;11059.0;1;4;4
212000;;;UV_VISOR_RED;XIRECS;11522.0;1;4;4
212000;;;UV_VISOR_YELLOW;XIRECS;11138.0;1;4;4
212200;SUBMISSION;;OXYGEN_SHAKE_MORNING_BREATH;XIRECS;9449.0;5;4;4
212600;SUBMISSION;;SNACKPACK_PISTACHIO;XIRECS;9446.0;2;4;4
212600;SUBMISSION;;SNACKPACK_STRAWBERRY;XIRECS;11015.0;2;4;4
212600;SUBMISSION;;SNACKPACK_VANILLA;XIRECS;9963.0;2;4;4
212700;;SUBMISSION;SLEEP_POD_COTTON;XIRECS;12997.0;5;4;4
214000;SUBMISSION;;SNACKPACK_PISTACHIO;XIRECS;9401.0;1;4;4
214000;SUBMISSION;;SNACKPACK_STRAWBERRY;XIRECS;10941.0;1;4;4
214000;SUBMISSION;;SNACKPACK_VANILLA;XIRECS;9927.0;1;4;4
214000;;;GALAXY_SOUNDS_BLACK_HOLES;XIRECS;12146.0;3;4;4
214000;;;GALAXY_SOUNDS_DARK_MATTER;XIRECS;10332.0;3;4;4
214000;;;GALAXY_SOUNDS_PLANETARY_RINGS;XIRECS;10176.0;3;4;4
214000;;;GALAXY_SOUNDS_SOLAR_FLAMES;XIRECS;10555.0;3;4;4
214000;;;GALAXY_SOUNDS_SOLAR_WINDS;XIRECS;11419.0;3;4;4
214000;;;OXYGEN_SHAKE_CHOCOLATE;XIRECS;9336.0;3;4;4
214000;;;OXYGEN_SHAKE_EVENING_BREATH;XIRECS;9694.0;3;4;4
214000;;;OXYGEN_SHAKE_GARLIC;XIRECS;11947.0;3;4;4
214000;;;OXYGEN_SHAKE_MINT;XIRECS;8877.0;3;4;4
214000;;;OXYGEN_SHAKE_MORNING_BREATH;XIRECS;9506.0;3;4;4
214000;;;PANEL_1X2;XIRECS;8889.0;3;4;4
214000;;;PANEL_1X4;XIRECS;8450.0;3;4;4
214000;;;PANEL_2X2;XIRECS;8564.0;3;4;4
214000;;;PANEL_2X4;XIRECS;11547.0;3;4;4
214000;;;PANEL_4X4;XIRECS;10948.0;3;4;4
214000;;;ROBOT_DISHES;XIRECS;10596.0;3;4;4
214000;;;ROBOT_IRONING;XIRECS;8137.0;3;4;4
214000;;;ROBOT_LAUNDRY;XIRECS;9081.0;3;4;4
214000;;;ROBOT_MOPPING;XIRECS;11735.0;3;4;4
214000;;;ROBOT_VACUUMING;XIRECS;8746.0;3;4;4
214000;;;SLEEP_POD_COTTON;XIRECS;13020.0;3;4;4
214000;;;SLEEP_POD_LAMB_WOOL;XIRECS;10409.0;3;4;4
214000;;;SLEEP_POD_NYLON;XIRECS;9957.0;3;4;4
214000;;;SLEEP_POD_POLYESTER;XIRECS;13330.0;3;4;4
214000;;;SLEEP_POD_SUEDE;XIRECS;11966.0;3;4;4
214000;;;SNACKPACK_CHOCOLATE;XIRECS;9929.0;3;4;4
214000;;;SNACKPACK_RASPBERRY;XIRECS;9982.0;3;4;4
214000;;;TRANSLATOR_ASTRO_BLACK;XIRECS;9260.0;3;4;4
214000;;;TRANSLATOR_ECLIPSE_CHARCOAL;XIRECS;10115.0;3;4;4
214000;;;TRANSLATOR_GRAPHITE_MIST;XIRECS;11324.0;3;4;4
214000;;;TRANSLATOR_SPACE_GRAY;XIRECS;9095.0;3;4;4
214000;;;TRANSLATOR_VOID_BLUE;XIRECS;10819.0;3;4;4
214000;;;UV_VISOR_AMBER;XIRECS;7079.0;3;4;4
214000;;;UV_VISOR_MAGENTA;XIRECS;12016.0;3;4;4
214000;;;UV_VISOR_ORANGE;XIRECS;10991.0;3;4;4
214000;;;UV_VISOR_RED;XIRECS;11476.0;3;4;4
214000;;;UV_VISOR_YELLOW;XIRECS;11085.0;3;4;4
214500;;SUBMISSION;UV_VISOR_AMBER;XIRECS;7060.0;5;4;4
214800;;;GALAXY_SOUNDS_BLACK_HOLES;XIRECS;12165.0;3;4;4
214800;;;GALAXY_SOUNDS_DARK_MATTER;XIRECS;10323.0;3;4;4
214800;;;GALAXY_SOUNDS_PLANETARY_RINGS;XIRECS;10138.0;3;4;4
214800;;;GALAXY_SOUNDS_SOLAR_FLAMES;XIRECS;10588.0;3;4;4
214800;;;GALAXY_SOUNDS_SOLAR_WINDS;XIRECS;11372.0;3;4;4
214800;;;OXYGEN_SHAKE_CHOCOLATE;XIRECS;9284.0;3;4;4
214800;;;OXYGEN_SHAKE_EVENING_BREATH;XIRECS;9644.0;3;4;4
214800;;;OXYGEN_SHAKE_GARLIC;XIRECS;11943.0;3;4;4
214800;;;OXYGEN_SHAKE_MINT;XIRECS;8889.0;3;4;4
214800;;;OXYGEN_SHAKE_MORNING_BREATH;XIRECS;9487.0;3;4;4
214800;;;PANEL_1X2;XIRECS;8842.0;3;4;4
214800;;;PANEL_1X4;XIRECS;8463.0;3;4;4
214800;;;PANEL_2X2;XIRECS;8565.0;3;4;4
214800;;;PANEL_2X4;XIRECS;11485.0;3;4;4
214800;;;PANEL_4X4;XIRECS;11005.0;3;4;4
214800;;;ROBOT_DISHES;XIRECS;10596.0;3;4;4
214800;;;ROBOT_IRONING;XIRECS;8117.0;3;4;4
214800;;;ROBOT_LAUNDRY;XIRECS;9093.0;3;4;4
214800;;;ROBOT_MOPPING;XIRECS;11770.0;3;4;4
214800;;;ROBOT_VACUUMING;XIRECS;8763.0;3;4;4
214800;;;SLEEP_POD_COTTON;XIRECS;12963.0;3;4;4
214800;;;SLEEP_POD_LAMB_WOOL;XIRECS;10421.0;3;4;4
214800;;;SLEEP_POD_NYLON;XIRECS;9959.0;3;4;4
214800;;;SLEEP_POD_POLYESTER;XIRECS;13271.0;3;4;4
214800;;;SLEEP_POD_SUEDE;XIRECS;11979.0;3;4;4
214800;;;SNACKPACK_CHOCOLATE;XIRECS;9892.0;3;4;4
214800;;;SNACKPACK_PISTACHIO;XIRECS;9387.0;3;4;4
214800;;;SNACKPACK_RASPBERRY;XIRECS;9998.0;3;4;4
214800;;;SNACKPACK_STRAWBERRY;XIRECS;10926.0;3;4;4
214800;;;SNACKPACK_VANILLA;XIRECS;9960.0;3;4;4
214800;;;TRANSLATOR_ASTRO_BLACK;XIRECS;9275.0;3;4;4
214800;;;TRANSLATOR_ECLIPSE_CHARCOAL;XIRECS;10121.0;3;4;4
214800;;;TRANSLATOR_GRAPHITE_MIST;XIRECS;11322.0;3;4;4
214800;;;TRANSLATOR_SPACE_GRAY;XIRECS;9077.0;3;4;4
214800;;;TRANSLATOR_VOID_BLUE;XIRECS;10783.0;3;4;4
214800;;;UV_VISOR_AMBER;XIRECS;7048.0;3;4;4
214800;;;UV_VISOR_MAGENTA;XIRECS;12046.0;3;4;4
214800;;;UV_VISOR_ORANGE;XIRECS;10954.0;3;4;4
214800;;;UV_VISOR_RED;XIRECS;11437.0;3;4;4
214800;;;UV_VISOR_YELLOW;XIRECS;11033.0;3;4;4
216000;;;MICROCHIP_CIRCLE;XIRECS;8860.0;3;4;4
216000;;;MICROCHIP_OVAL;XIRECS;6699.0;3;4;4
216000;;;MICROCHIP_RECTANGLE;XIRECS;8331.0;3;4;4
216000;;;MICROCHIP_SQUARE;XIRECS;14879.0;3;4;4
216000;;;MICROCHIP_TRIANGLE;XIRECS;9221.0;3;4;4
216100;;;GALAXY_SOUNDS_BLACK_HOLES;XIRECS;12177.0;4;4;4
216100;;;GALAXY_SOUNDS_DARK_MATTER;XIRECS;10314.0;4;4;4
216100;;;GALAXY_SOUNDS_PLANETARY_RINGS;XIRECS;10195.0;4;4;4
216100;;;GALAXY_SOUNDS_SOLAR_FLAMES;XIRECS;10570.0;4;4;4
216100;;;GALAXY_SOUNDS_SOLAR_WINDS;XIRECS;11387.0;4;4;4
216100;;;OXYGEN_SHAKE_CHOCOLATE;XIRECS;9310.0;4;4;4
216100;;;OXYGEN_SHAKE_EVENING_BREATH;XIRECS;9704.0;4;4;4
216100;;;OXYGEN_SHAKE_GARLIC;XIRECS;11980.0;4;4;4
216100;;;OXYGEN_SHAKE_MINT;XIRECS;8859.0;4;4;4
216100;;;OXYGEN_SHAKE_MORNING_BREATH;XIRECS;9484.0;4;4;4
216100;;;PANEL_1X2;XIRECS;8896.0;4;4;4
216100;;;PANEL_1X4;XIRECS;8513.0;4;4;4
216100;;;PANEL_2X2;XIRECS;8630.0;4;4;4
216100;;;PANEL_2X4;XIRECS;11526.0;4;4;4
216100;;;PANEL_4X4;XIRECS;10974.0;4;4;4
216100;;;ROBOT_DISHES;XIRECS;10596.0;4;4;4
216100;;;ROBOT_IRONING;XIRECS;8107.0;4;4;4
216100;;;ROBOT_LAUNDRY;XIRECS;9123.0;4;4;4
216100;;;ROBOT_MOPPING;XIRECS;11799.0;4;4;4
216100;;;ROBOT_VACUUMING;XIRECS;8713.0;4;4;4
216100;;;SLEEP_POD_COTTON;XIRECS;12931.0;4;4;4
216100;;;SLEEP_POD_LAMB_WOOL;XIRECS;10414.0;4;4;4
216100;;;SLEEP_POD_NYLON;XIRECS;9943.0;4;4;4
216100;;;SLEEP_POD_POLYESTER;XIRECS;13246.0;4;4;4
216100;;;SLEEP_POD_SUEDE;XIRECS;11955.0;4;4;4
216100;;;SNACKPACK_CHOCOLATE;XIRECS;9887.0;4;4;4
216100;;;SNACKPACK_PISTACHIO;XIRECS;9385.0;4;4;4
216100;;;SNACKPACK_RASPBERRY;XIRECS;10017.0;4;4;4
216100;;;SNACKPACK_STRAWBERRY;XIRECS;10900.0;4;4;4
216100;;;SNACKPACK_VANILLA;XIRECS;9969.0;4;4;4
216100;;;TRANSLATOR_ASTRO_BLACK;XIRECS;9261.0;4;4;4
216100;;;TRANSLATOR_ECLIPSE_CHARCOAL;XIRECS;10165.0;4;4;4
216100;;;TRANSLATOR_GRAPHITE_MIST;XIRECS;11291.0;4;4;4
216100;;;TRANSLATOR_SPACE_GRAY;XIRECS;9092.0;4;4;4
216100;;;TRANSLATOR_VOID_BLUE;XIRECS;10771.0;4;4;4
216100;;;UV_VISOR_AMBER;XIRECS;7040.0;4;4;4
216100;;;UV_VISOR_MAGENTA;XIRECS;11997.0;4;4;4
216100;;;UV_VISOR_ORANGE;XIRECS;10923.0;4;4;4
216100;;;UV_VISOR_RED;XIRECS;11345.0;4;4;4
216100;;;UV_VISOR_YELLOW;XIRECS;10978.0;4;4;4
216500;;SUBMISSION;SLEEP_POD_COTTON;XIRECS;12915.0;5;4;4
218100;;;MICROCHIP_CIRCLE;XIRECS;8890.0;2;4;4
218100;;;MICROCHIP_OVAL;XIRECS;6704.0;2;4;4
218100;;;MICROCHIP_RECTANGLE;XIRECS;8258.0;2;4;4
218100;;;MICROCHIP_SQUARE;XIRECS;14986.0;2;4;4
218100;;;MICROCHIP_TRIANGLE;XIRECS;9223.0;2;4;4
219500;;;GALAXY_SOUNDS_BLACK_HOLES;XIRECS;12239.0;4;4;4
219500;;;GALAXY_SOUNDS_DARK_MATTER;XIRECS;10411.0;4;4;4
219500;;;GALAXY_SOUNDS_PLANETARY_RINGS;XIRECS;10187.0;4;4;4
219500;;;GALAXY_SOUNDS_SOLAR_FLAMES;XIRECS;10604.0;4;4;4
219500;;;GALAXY_SOUNDS_SOLAR_WINDS;XIRECS;11413.0;4;4;4
219500;;;OXYGEN_SHAKE_CHOCOLATE;XIRECS;9330.0;4;4;4
219500;;;OXYGEN_SHAKE_EVENING_BREATH;XIRECS;9674.0;4;4;4
219500;;;OXYGEN_SHAKE_GARLIC;XIRECS;12093.0;4;4;4
219500;;;OXYGEN_SHAKE_MINT;XIRECS;8825.0;4;4;4
219500;;;OXYGEN_SHAKE_MORNING_BREATH;XIRECS;9451.0;4;4;4
219500;;;PANEL_1X2;XIRECS;8940.0;4;4;4
219500;;;PANEL_1X4;XIRECS;8493.0;4;4;4
219500;;;PANEL_2X2;XIRECS;8707.0;4;4;4
219500;;;PANEL_2X4;XIRECS;11629.0;4;4;4
219500;;;PANEL_4X4;XIRECS;10946.0;4;4;4
219500;;;ROBOT_DISHES;XIRECS;10696.0;4;4;4
219500;;;ROBOT_IRONING;XIRECS;8127.0;4;4;4
219500;;;ROBOT_LAUNDRY;XIRECS;9077.0;4;4;4
219500;;;ROBOT_MOPPING;XIRECS;11827.0;4;4;4
219500;;;ROBOT_VACUUMING;XIRECS;8704.0;4;4;4
219500;;;SLEEP_POD_COTTON;XIRECS;12966.0;4;4;4
219500;;;SLEEP_POD_LAMB_WOOL;XIRECS;10430.0;4;4;4
219500;;;SLEEP_POD_NYLON;XIRECS;9915.0;4;4;4
219500;;;SLEEP_POD_POLYESTER;XIRECS;13236.0;4;4;4
219500;;;SLEEP_POD_SUEDE;XIRECS;11913.0;4;4;4
219500;;;SNACKPACK_CHOCOLATE;XIRECS;9958.0;4;4;4
219500;;;SNACKPACK_PISTACHIO;XIRECS;9392.0;4;4;4
219500;;;SNACKPACK_RASPBERRY;XIRECS;9994.0;4;4;4
219500;;;SNACKPACK_STRAWBERRY;XIRECS;10923.0;4;4;4
219500;;;SNACKPACK_VANILLA;XIRECS;9906.0;4;4;4
219500;;;TRANSLATOR_ASTRO_BLACK;XIRECS;9242.0;4;4;4
219500;;;TRANSLATOR_ECLIPSE_CHARCOAL;XIRECS;10164.0;4;4;4
219500;;;TRANSLATOR_GRAPHITE_MIST;XIRECS;11196.0;4;4;4
219500;;;TRANSLATOR_SPACE_GRAY;XIRECS;9202.0;4;4;4
219500;;;TRANSLATOR_VOID_BLUE;XIRECS;10778.0;4;4;4
219500;;;UV_VISOR_AMBER;XIRECS;6987.0;4;4;4
219500;;;UV_VISOR_MAGENTA;XIRECS;11823.0;4;4;4
219500;;;UV_VISOR_ORANGE;XIRECS;11006.0;4;4;4
219500;;;UV_VISOR_RED;XIRECS;11322.0;4;4;4
219500;;;UV_VISOR_YELLOW;XIRECS;10959.0;4;4;4
219900;;;GALAXY_SOUNDS_BLACK_HOLES;XIRECS;12264.0;4;4;4
219900;;;GALAXY_SOUNDS_DARK_MATTER;XIRECS;10455.0;4;4;4
219900;;;GALAXY_SOUNDS_PLANETARY_RINGS;XIRECS;10180.0;4;4;4
219900;;;GALAXY_SOUNDS_SOLAR_FLAMES;XIRECS;10641.0;4;4;4
219900;;;GALAXY_SOUNDS_SOLAR_WINDS;XIRECS;11418.0;4;4;4
219900;;;OXYGEN_SHAKE_CHOCOLATE;XIRECS;9324.0;4;4;4
219900;;;OXYGEN_SHAKE_EVENING_BREATH;XIRECS;9726.0;4;4;4
219900;;;OXYGEN_SHAKE_GARLIC;XIRECS;12122.0;4;4;4
219900;;;OXYGEN_SHAKE_MINT;XIRECS;8843.0;4;4;4
219900;;;OXYGEN_SHAKE_MORNING_BREATH;XIRECS;9449.0;4;4;4
219900;;;PANEL_1X2;XIRECS;8946.0;4;4;4
219900;;;PANEL_1X4;XIRECS;8482.0;4;4;4
219900;;;PANEL_2X2;XIRECS;8713.0;4;4;4
219900;;;PANEL_2X4;XIRECS;11609.0;4;4;4
219900;;;PANEL_4X4;XIRECS;10961.0;4;4;4
219900;;;ROBOT_DISHES;XIRECS;10704.0;4;4;4
219900;;;ROBOT_IRONING;XIRECS;8123.0;4;4;4
219900;;;ROBOT_LAUNDRY;XIRECS;9092.0;4;4;4
219900;;;ROBOT_MOPPING;XIRECS;11816.0;4;4;4
219900;;;ROBOT_VACUUMING;XIRECS;8722.0;4;4;4
219900;;;SLEEP_POD_COTTON;XIRECS;13012.0;4;4;4
219900;;;SLEEP_POD_LAMB_WOOL;XIRECS;10404.0;4;4;4
219900;;;SLEEP_POD_NYLON;XIRECS;9924.0;4;4;4
219900;;;SLEEP_POD_POLYESTER;XIRECS;13260.0;4;4;4
219900;;;SLEEP_POD_SUEDE;XIRECS;11909.0;4;4;4
219900;;;SNACKPACK_CHOCOLATE;XIRECS;9961.0;4;4;4
219900;;;SNACKPACK_PISTACHIO;XIRECS;9419.0;4;4;4
219900;;;SNACKPACK_RASPBERRY;XIRECS;9981.0;4;4;4
219900;;;SNACKPACK_STRAWBERRY;XIRECS;10969.0;4;4;4
219900;;;SNACKPACK_VANILLA;XIRECS;9938.0;4;4;4
219900;;;TRANSLATOR_ASTRO_BLACK;XIRECS;9277.0;4;4;4
219900;;;TRANSLATOR_ECLIPSE_CHARCOAL;XIRECS;10181.0;4;4;4
219900;;;TRANSLATOR_GRAPHITE_MIST;XIRECS;11226.0;4;4;4
219900;;;TRANSLATOR_SPACE_GRAY;XIRECS;9220.0;4;4;4
219900;;;TRANSLATOR_VOID_BLUE;XIRECS;10784.0;4;4;4
219900;;;UV_VISOR_AMBER;XIRECS;6990.0;4;4;4
219900;;;UV_VISOR_MAGENTA;XIRECS;11832.0;4;4;4
219900;;;UV_VISOR_ORANGE;XIRECS;11026.0;4;4;4
219900;;;UV_VISOR_RED;XIRECS;11330.0;4;4;4
219900;;;UV_VISOR_YELLOW;XIRECS;10981.0;4;4;4
220400;;SUBMISSION;SNACKPACK_PISTACHIO;XIRECS;9426.0;2;4;4
220400;;SUBMISSION;SNACKPACK_STRAWBERRY;XIRECS;10993.0;2;4;4
220400;;SUBMISSION;SNACKPACK_VANILLA;XIRECS;9918.0;2;4;4
220600;SUBMISSION;;PEBBLES_XL;XIRECS;13091.0;2;4;4
220600;;;PEBBLES_L;XIRECS;11556.0;3;4;4
220600;;;PEBBLES_M;XIRECS;10634.0;3;4;4
220600;;;PEBBLES_S;XIRECS;8155.0;3;4;4
220600;;;PEBBLES_XS;XIRECS;6533.0;3;4;4
221900;;;MICROCHIP_CIRCLE;XIRECS;8866.0;2;4;4
221900;;;MICROCHIP_OVAL;XIRECS;6730.0;2;4;4
221900;;;MICROCHIP_RECTANGLE;XIRECS;8209.0;2;4;4
221900;;;MICROCHIP_SQUARE;XIRECS;14890.0;2;4;4
221900;;;MICROCHIP_TRIANGLE;XIRECS;8978.0;2;4;4
222000;;SUBMISSION;SNACKPACK_PISTACHIO;XIRECS;9412.0;2;4;4
222000;;SUBMISSION;SNACKPACK_STRAWBERRY;XIRECS;10973.0;2;4;4
222000;;SUBMISSION;SNACKPACK_VANILLA;XIRECS;9903.0;2;4;4
224000;;SUBMISSION;PEBBLES_XL;XIRECS;13159.0;4;4;4
224400;;;GALAXY_SOUNDS_BLACK_HOLES;XIRECS;12082.0;1;4;4
224400;;;GALAXY_SOUNDS_DARK_MATTER;XIRECS;10450.0;1;4;4
224400;;;GALAXY_SOUNDS_PLANETARY_RINGS;XIRECS;10083.0;1;4;4
224400;;;GALAXY_SOUNDS_SOLAR_FLAMES;XIRECS;10680.0;1;4;4
224400;;;GALAXY_SOUNDS_SOLAR_WINDS;XIRECS;11422.0;1;4;4
224400;;;OXYGEN_SHAKE_CHOCOLATE;XIRECS;9288.0;1;4;4
224400;;;OXYGEN_SHAKE_EVENING_BREATH;XIRECS;9626.0;1;4;4
224400;;;OXYGEN_SHAKE_GARLIC;XIRECS;12110.0;1;4;4
224400;;;OXYGEN_SHAKE_MINT;XIRECS;8811.0;1;4;4
224400;;;OXYGEN_SHAKE_MORNING_BREATH;XIRECS;9440.0;1;4;4
224400;;;PANEL_1X2;XIRECS;9055.0;1;4;4
224400;;;PANEL_1X4;XIRECS;8360.0;1;4;4
224400;;;PANEL_2X2;XIRECS;8679.0;1;4;4
224400;;;PANEL_2X4;XIRECS;11525.0;1;4;4
224400;;;PANEL_4X4;XIRECS;10842.0;1;4;4
224400;;;ROBOT_DISHES;XIRECS;10704.0;1;4;4
224400;;;ROBOT_IRONING;XIRECS;8143.0;1;4;4
224400;;;ROBOT_LAUNDRY;XIRECS;9062.0;1;4;4
224400;;;ROBOT_MOPPING;XIRECS;11759.0;1;4;4
224400;;;ROBOT_VACUUMING;XIRECS;8677.0;1;4;4
224400;;;SLEEP_POD_COTTON;XIRECS;12961.0;1;4;4
224400;;;SLEEP_POD_LAMB_WOOL;XIRECS;10527.0;1;4;4
224400;;;SLEEP_POD_NYLON;XIRECS;9800.0;1;4;4
224400;;;SLEEP_POD_POLYESTER;XIRECS;13180.0;1;4;4
224400;;;SLEEP_POD_SUEDE;XIRECS;11788.0;1;4;4
224400;;;SNACKPACK_CHOCOLATE;XIRECS;10023.0;1;4;4
224400;;;SNACKPACK_PISTACHIO;XIRECS;9421.0;1;4;4
224400;;;SNACKPACK_RASPBERRY;XIRECS;9952.0;1;4;4
224400;;;SNACKPACK_STRAWBERRY;XIRECS;11009.0;1;4;4
224400;;;SNACKPACK_VANILLA;XIRECS;9866.0;1;4;4
224400;;;TRANSLATOR_ASTRO_BLACK;XIRECS;9275.0;1;4;4
224400;;;TRANSLATOR_ECLIPSE_CHARCOAL;XIRECS;10203.0;1;4;4
224400;;;TRANSLATOR_GRAPHITE_MIST;XIRECS;11303.0;1;4;4
224400;;;TRANSLATOR_SPACE_GRAY;XIRECS;9393.0;1;4;4
224400;;;TRANSLATOR_VOID_BLUE;XIRECS;10758.0;1;4;4
224400;;;UV_VISOR_AMBER;XIRECS;7054.0;1;4;4
224400;;;UV_VISOR_MAGENTA;XIRECS;11835.0;1;4;4
224400;;;UV_VISOR_ORANGE;XIRECS;11099.0;1;4;4
224400;;;UV_VISOR_RED;XIRECS;11236.0;1;4;4
224400;;;UV_VISOR_YELLOW;XIRECS;11041.0;1;4;4
225500;;SUBMISSION;SLEEP_POD_COTTON;XIRECS;12872.0;5;4;4
226000;;SUBMISSION;GALAXY_SOUNDS_BLACK_HOLES;XIRECS;12038.0;5;4;4
227000;;SUBMISSION;PEBBLES_XL;XIRECS;13272.0;2;4;4
227000;;;PEBBLES_L;XIRECS;11517.0;3;4;4
227000;;;PEBBLES_M;XIRECS;10462.0;3;4;4
227000;;;PEBBLES_S;XIRECS;8168.0;3;4;4
227000;;;PEBBLES_XS;XIRECS;6613.0;3;4;4
227400;;SUBMISSION;PEBBLES_XL;XIRECS;13345.0;3;4;4
227400;;;MICROCHIP_CIRCLE;XIRECS;8942.0;3;4;4
227400;;;MICROCHIP_OVAL;XIRECS;6594.0;3;4;4
227400;;;MICROCHIP_RECTANGLE;XIRECS;8140.0;3;4;4
227400;;;MICROCHIP_SQUARE;XIRECS;14833.0;3;4;4
227400;;;MICROCHIP_TRIANGLE;XIRECS;8924.0;3;4;4
227600;SUBMISSION;;SNACKPACK_PISTACHIO;XIRECS;9380.0;1;4;4
227600;SUBMISSION;;SNACKPACK_STRAWBERRY;XIRECS;10960.0;1;4;4
227600;SUBMISSION;;SNACKPACK_VANILLA;XIRECS;9866.0;1;4;4
227600;;;GALAXY_SOUNDS_BLACK_HOLES;XIRECS;12088.0;1;4;4
227600;;;GALAXY_SOUNDS_DARK_MATTER;XIRECS;10380.0;1;4;4
227600;;;GALAXY_SOUNDS_PLANETARY_RINGS;XIRECS;9992.0;1;4;4
227600;;;GALAXY_SOUNDS_SOLAR_FLAMES;XIRECS;10603.0;1;4;4
227600;;;GALAXY_SOUNDS_SOLAR_WINDS;XIRECS;11417.0;1;4;4
227600;;;OXYGEN_SHAKE_CHOCOLATE;XIRECS;9271.0;1;4;4
227600;;;OXYGEN_SHAKE_EVENING_BREATH;XIRECS;9544.0;1;4;4
227600;;;OXYGEN_SHAKE_GARLIC;XIRECS;12091.0;1;4;4
227600;;;OXYGEN_SHAKE_MINT;XIRECS;8815.0;1;4;4
227600;;;OXYGEN_SHAKE_MORNING_BREATH;XIRECS;9403.0;1;4;4
227600;;;PANEL_1X2;XIRECS;9076.0;1;4;4
227600;;;PANEL_1X4;XIRECS;8273.0;1;4;4
227600;;;PANEL_2X2;XIRECS;8703.0;1;4;4
227600;;;PANEL_2X4;XIRECS;11619.0;1;4;4
227600;;;PANEL_4X4;XIRECS;10786.0;1;4;4
227600;;;ROBOT_DISHES;XIRECS;10796.0;1;4;4
227600;;;ROBOT_IRONING;XIRECS;8157.0;1;4;4
227600;;;ROBOT_LAUNDRY;XIRECS;8989.0;1;4;4
227600;;;ROBOT_MOPPING;XIRECS;11745.0;1;4;4
227600;;;ROBOT_VACUUMING;XIRECS;8711.0;1;4;4
227600;;;SLEEP_POD_COTTON;XIRECS;12879.0;1;4;4
227600;;;SLEEP_POD_LAMB_WOOL;XIRECS;10514.0;1;4;4
227600;;;SLEEP_POD_NYLON;XIRECS;9780.0;1;4;4
227600;;;SLEEP_POD_POLYESTER;XIRECS;13278.0;1;4;4
227600;;;SLEEP_POD_SUEDE;XIRECS;11885.0;1;4;4
227600;;;SNACKPACK_CHOCOLATE;XIRECS;9992.0;1;4;4
227600;;;SNACKPACK_RASPBERRY;XIRECS;9975.0;1;4;4
227600;;;TRANSLATOR_ASTRO_BLACK;XIRECS;9361.0;1;4;4
227600;;;TRANSLATOR_ECLIPSE_CHARCOAL;XIRECS;10158.0;1;4;4
227600;;;TRANSLATOR_GRAPHITE_MIST;XIRECS;11243.0;1;4;4
227600;;;TRANSLATOR_SPACE_GRAY;XIRECS;9376.0;1;4;4
227600;;;TRANSLATOR_VOID_BLUE;XIRECS;10714.0;1;4;4
227600;;;UV_VISOR_AMBER;XIRECS;7081.0;1;4;4
227600;;;UV_VISOR_MAGENTA;XIRECS;11901.0;1;4;4
227600;;;UV_VISOR_ORANGE;XIRECS;11081.0;1;4;4
227600;;;UV_VISOR_RED;XIRECS;11189.0;1;4;4
227600;;;UV_VISOR_YELLOW;XIRECS;10930.0;1;4;4
228700;;SUBMISSION;SNACKPACK_PISTACHIO;XIRECS;9404.0;1;4;4
228700;;SUBMISSION;SNACKPACK_STRAWBERRY;XIRECS;10978.0;1;4;4
228700;;SUBMISSION;SNACKPACK_VANILLA;XIRECS;9888.0;1;4;4
228900;SUBMISSION;;SNACKPACK_PISTACHIO;XIRECS;9399.0;2;4;4
228900;SUBMISSION;;SNACKPACK_STRAWBERRY;XIRECS;10976.0;2;4;4
228900;SUBMISSION;;SNACKPACK_VANILLA;XIRECS;9883.0;2;4;4
229200;;SUBMISSION;OXYGEN_SHAKE_MORNING_BREATH;XIRECS;9415.0;5;4;4
229300;SUBMISSION;;SNACKPACK_PISTACHIO;XIRECS;9386.0;2;4;4
229300;SUBMISSION;;SNACKPACK_STRAWBERRY;XIRECS;10965.0;2;4;4
229300;SUBMISSION;;SNACKPACK_VANILLA;XIRECS;9878.0;2;4;4
229700;;;GALAXY_SOUNDS_BLACK_HOLES;XIRECS;12139.0;4;4;4
229700;;;GALAXY_SOUNDS_DARK_MATTER;XIRECS;10315.0;4;4;4
229700;;;GALAXY_SOUNDS_PLANETARY_RINGS;XIRECS;9975.0;4;4;4
229700;;;GALAXY_SOUNDS_SOLAR_FLAMES;XIRECS;10633.0;4;4;4
229700;;;GALAXY_SOUNDS_SOLAR_WINDS;XIRECS;11460.0;4;4;4
229700;;;OXYGEN_SHAKE_CHOCOLATE;XIRECS;9267.0;4;4;4
229700;;;OXYGEN_SHAKE_EVENING_BREATH;XIRECS;9536.0;4;4;4
229700;;;OXYGEN_SHAKE_GARLIC;XIRECS;12059.0;4;4;4
229700;;;OXYGEN_SHAKE_MINT;XIRECS;8752.0;4;4;4
229700;;;OXYGEN_SHAKE_MORNING_BREATH;XIRECS;9447.0;4;4;4
229700;;;PANEL_1X2;XIRECS;9061.0;4;4;4
229700;;;PANEL_1X4;XIRECS;8286.0;4;4;4
229700;;;PANEL_2X2;XIRECS;8667.0;4;4;4
229700;;;PANEL_2X4;XIRECS;11639.0;4;4;4
229700;;;PANEL_4X4;XIRECS;10645.0;4;4;4
229700;;;ROBOT_DISHES;XIRECS;10804.0;4;4;4
229700;;;ROBOT_IRONING;XIRECS;8183.0;4;4;4
229700;;;ROBOT_LAUNDRY;XIRECS;9024.0;4;4;4
229700;;;ROBOT_MOPPING;XIRECS;11661.0;4;4;4
229700;;;ROBOT_VACUUMING;XIRECS;8767.0;4;4;4
229700;;;SLEEP_POD_COTTON;XIRECS;12885.0;4;4;4
229700;;;SLEEP_POD_LAMB_WOOL;XIRECS;10473.0;4;4;4
229700;;;SLEEP_POD_NYLON;XIRECS;9854.0;4;4;4
229700;;;SLEEP_POD_POLYESTER;XIRECS;13282.0;4;4;4
229700;;;SLEEP_POD_SUEDE;XIRECS;11865.0;4;4;4
229700;;;SNACKPACK_CHOCOLATE;XIRECS;10002.0;4;4;4
229700;;;SNACKPACK_PISTACHIO;XIRECS;9388.0;4;4;4
229700;;;SNACKPACK_RASPBERRY;XIRECS;9981.0;4;4;4
229700;;;SNACKPACK_STRAWBERRY;XIRECS;10975.0;4;4;4
229700;;;SNACKPACK_VANILLA;XIRECS;9883.0;4;4;4
229700;;;TRANSLATOR_ASTRO_BLACK;XIRECS;9397.0;4;4;4
229700;;;TRANSLATOR_ECLIPSE_CHARCOAL;XIRECS;10177.0;4;4;4
229700;;;TRANSLATOR_GRAPHITE_MIST;XIRECS;11221.0;4;4;4
229700;;;TRANSLATOR_SPACE_GRAY;XIRECS;9422.0;4;4;4
229700;;;TRANSLATOR_VOID_BLUE;XIRECS;10767.0;4;4;4
229700;;;UV_VISOR_AMBER;XIRECS;7105.0;4;4;4
229700;;;UV_VISOR_MAGENTA;XIRECS;11965.0;4;4;4
229700;;;UV_VISOR_ORANGE;XIRECS;11056.0;4;4;4
229700;;;UV_VISOR_RED;XIRECS;11267.0;4;4;4
229700;;;UV_VISOR_YELLOW;XIRECS;10987.0;4;4;4
230800;;;MICROCHIP_CIRCLE;XIRECS;8927.0;1;4;4
230800;;;MICROCHIP_OVAL;XIRECS;6585.0;1;4;4
230800;;;MICROCHIP_RECTANGLE;XIRECS;8195.0;1;4;4
230800;;;MICROCHIP_SQUARE;XIRECS;14865.0;1;4;4
230800;;;MICROCHIP_TRIANGLE;XIRECS;8962.0;1;4;4
231500;SUBMISSION;;OXYGEN_SHAKE_MORNING_BREATH;XIRECS;9482.0;5;4;4
231800;SUBMISSION;;PEBBLES_XL;XIRECS;13108.0;2;4;4
231800;;;PEBBLES_L;XIRECS;11524.0;3;4;4
231800;;;PEBBLES_M;XIRECS;10582.0;3;4;4
231800;;;PEBBLES_S;XIRECS;8192.0;3;4;4
231800;;;PEBBLES_XS;XIRECS;6563.0;3;4;4
232800;;SUBMISSION;SNACKPACK_PISTACHIO;XIRECS;9389.0;4;4;4
232800;;SUBMISSION;SNACKPACK_STRAWBERRY;XIRECS;10984.0;4;4;4
232800;;SUBMISSION;SNACKPACK_VANILLA;XIRECS;9861.0;4;4;4
233600;;SUBMISSION;PEBBLES_XL;XIRECS;13086.0;6;4;4
234000;;;MICROCHIP_CIRCLE;XIRECS;8829.0;3;4;4
234000;;;MICROCHIP_OVAL;XIRECS;6564.0;3;4;4
234000;;;MICROCHIP_RECTANGLE;XIRECS;8180.0;3;4;4
234000;;;MICROCHIP_SQUARE;XIRECS;15164.0;3;4;4
234000;;;MICROCHIP_TRIANGLE;XIRECS;8904.0;3;4;4
234500;SUBMISSION;;GALAXY_SOUNDS_BLACK_HOLES;XIRECS;12240.0;5;4;4
235000;SUBMISSION;;SNACKPACK_PISTACHIO;XIRECS;9374.0;2;4;4
235000;SUBMISSION;;SNACKPACK_STRAWBERRY;XIRECS;10972.0;2;4;4
235000;SUBMISSION;;SNACKPACK_VANILLA;XIRECS;9874.0;2;4;4
235200;;SUBMISSION;SNACKPACK_PISTACHIO;XIRECS;9375.0;2;4;4
235200;;SUBMISSION;SNACKPACK_STRAWBERRY;XIRECS;10973.0;2;4;4
235200;;SUBMISSION;SNACKPACK_VANILLA;XIRECS;9856.0;2;4;4
236800;SUBMISSION;;PEBBLES_XL;XIRECS;13287.0;2;4;4
236800;;;PEBBLES_L;XIRECS;11416.0;3;4;4
236800;;;PEBBLES_M;XIRECS;10529.0;3;4;4
236800;;;PEBBLES_S;XIRECS;8185.0;3;4;4
236800;;;PEBBLES_XS;XIRECS;6551.0;3;4;4
238900;;;MICROCHIP_CIRCLE;XIRECS;8857.0;3;4;4
238900;;;MICROCHIP_OVAL;XIRECS;6655.0;3;4;4
238900;;;MICROCHIP_RECTANGLE;XIRECS;8057.0;3;4;4
238900;;;MICROCHIP_SQUARE;XIRECS;15038.0;3;4;4
238900;;;MICROCHIP_TRIANGLE;XIRECS;8892.0;3;4;4
239800;;;MICROCHIP_CIRCLE;XIRECS;8884.0;2;4;4
239800;;;MICROCHIP_OVAL;XIRECS;6654.0;2;4;4
239800;;;MICROCHIP_RECTANGLE;XIRECS;8077.0;2;4;4
239800;;;MICROCHIP_SQUARE;XIRECS;15002.0;2;4;4
239800;;;MICROCHIP_TRIANGLE;XIRECS;8905.0;2;4;4
241000;SUBMISSION;;OXYGEN_SHAKE_MORNING_BREATH;XIRECS;9588.0;5;4;4
242500;SUBMISSION;;SNACKPACK_PISTACHIO;XIRECS;9350.0;1;4;4
242500;SUBMISSION;;SNACKPACK_STRAWBERRY;XIRECS;10976.0;1;4;4
242500;SUBMISSION;;SNACKPACK_VANILLA;XIRECS;9937.0;1;4;4
242500;;SUBMISSION;TRANSLATOR_GRAPHITE_MIST;XIRECS;11113.0;5;4;4
242500;;;GALAXY_SOUNDS_BLACK_HOLES;XIRECS;12307.0;1;4;4
242500;;;GALAXY_SOUNDS_DARK_MATTER;XIRECS;10358.0;1;4;4
242500;;;GALAXY_SOUNDS_PLANETARY_RINGS;XIRECS;10137.0;1;4;4
242500;;;GALAXY_SOUNDS_SOLAR_FLAMES;XIRECS;10619.0;1;4;4
242500;;;GALAXY_SOUNDS_SOLAR_WINDS;XIRECS;11294.0;1;4;4
242500;;;OXYGEN_SHAKE_CHOCOLATE;XIRECS;9384.0;1;4;4
242500;;;OXYGEN_SHAKE_EVENING_BREATH;XIRECS;9674.0;1;4;4
242500;;;OXYGEN_SHAKE_GARLIC;XIRECS;12190.0;1;4;4
242500;;;OXYGEN_SHAKE_MINT;XIRECS;8604.0;1;4;4
242500;;;OXYGEN_SHAKE_MORNING_BREATH;XIRECS;9599.0;1;4;4
242500;;;PANEL_1X2;XIRECS;9057.0;1;4;4
242500;;;PANEL_1X4;XIRECS;8205.0;1;4;4
242500;;;PANEL_2X2;XIRECS;8515.0;1;4;4
242500;;;PANEL_2X4;XIRECS;11639.0;1;4;4
242500;;;PANEL_4X4;XIRECS;10501.0;1;4;4
242500;;;ROBOT_DISHES;XIRECS;10896.0;1;4;4
242500;;;ROBOT_IRONING;XIRECS;8357.0;1;4;4
242500;;;ROBOT_LAUNDRY;XIRECS;9072.0;1;4;4
242500;;;ROBOT_MOPPING;XIRECS;11642.0;1;4;4
242500;;;ROBOT_VACUUMING;XIRECS;8750.0;1;4;4
242500;;;SLEEP_POD_COTTON;XIRECS;12674.0;1;4;4
242500;;;SLEEP_POD_LAMB_WOOL;XIRECS;10384.0;1;4;4
242500;;;SLEEP_POD_NYLON;XIRECS;9884.0;1;4;4
242500;;;SLEEP_POD_POLYESTER;XIRECS;13077.0;1;4;4
242500;;;SLEEP_POD_SUEDE;XIRECS;11798.0;1;4;4
242500;;;SNACKPACK_CHOCOLATE;XIRECS;9872.0;1;4;4
242500;;;SNACKPACK_RASPBERRY;XIRECS;9889.0;1;4;4
242500;;;TRANSLATOR_ASTRO_BLACK;XIRECS;9216.0;1;4;4
242500;;;TRANSLATOR_ECLIPSE_CHARCOAL;XIRECS;10080.0;1;4;4
242500;;;TRANSLATOR_GRAPHITE_MIST;XIRECS;11113.0;1;4;4
242500;;;TRANSLATOR_SPACE_GRAY;XIRECS;9329.0;1;4;4
242500;;;TRANSLATOR_VOID_BLUE;XIRECS;10952.0;1;4;4
242500;;;UV_VISOR_AMBER;XIRECS;6991.0;1;4;4
242500;;;UV_VISOR_MAGENTA;XIRECS;12011.0;1;4;4
242500;;;UV_VISOR_ORANGE;XIRECS;11160.0;1;4;4
242500;;;UV_VISOR_RED;XIRECS;11313.0;1;4;4
242500;;;UV_VISOR_YELLOW;XIRECS;11040.0;1;4;4
243000;;SUBMISSION;PEBBLES_XL;XIRECS;13127.0;2;4;4
243700;SUBMISSION;;SNACKPACK_PISTACHIO;XIRECS;9354.0;3;4;4
243700;SUBMISSION;;SNACKPACK_STRAWBERRY;XIRECS;10994.0;3;4;4
243700;SUBMISSION;;SNACKPACK_VANILLA;XIRECS;9983.0;3;4;4
246500;;;GALAXY_SOUNDS_BLACK_HOLES;XIRECS;12379.0;3;4;4
246500;;;GALAXY_SOUNDS_DARK_MATTER;XIRECS;10315.0;3;4;4
246500;;;GALAXY_SOUNDS_PLANETARY_RINGS;XIRECS;10193.0;3;4;4
246500;;;GALAXY_SOUNDS_SOLAR_FLAMES;XIRECS;10603.0;3;4;4
246500;;;GALAXY_SOUNDS_SOLAR_WINDS;XIRECS;11280.0;3;4;4
246500;;;OXYGEN_SHAKE_CHOCOLATE;XIRECS;9286.0;3;4;4
246500;;;OXYGEN_SHAKE_EVENING_BREATH;XIRECS;9714.0;3;4;4
246500;;;OXYGEN_SHAKE_GARLIC;XIRECS;12109.0;3;4;4
246500;;;OXYGEN_SHAKE_MINT;XIRECS;8574.0;3;4;4
246500;;;OXYGEN_SHAKE_MORNING_BREATH;XIRECS;9533.0;3;4;4
246500;;;PANEL_1X2;XIRECS;9032.0;3;4;4
246500;;;PANEL_1X4;XIRECS;8223.0;3;4;4
246500;;;PANEL_2X2;XIRECS;8463.0;3;4;4
246500;;;PANEL_2X4;XIRECS;11645.0;3;4;4
246500;;;PANEL_4X4;XIRECS;10670.0;3;4;4
246500;;;ROBOT_DISHES;XIRECS;10896.0;3;4;4
246500;;;ROBOT_IRONING;XIRECS;8357.0;3;4;4
246500;;;ROBOT_LAUNDRY;XIRECS;9084.0;3;4;4
246500;;;ROBOT_MOPPING;XIRECS;11576.0;3;4;4
246500;;;ROBOT_VACUUMING;XIRECS;8760.0;3;4;4
246500;;;SLEEP_POD_COTTON;XIRECS;12639.0;3;4;4
246500;;;SLEEP_POD_LAMB_WOOL;XIRECS;10531.0;3;4;4
246500;;;SLEEP_POD_NYLON;XIRECS;9969.0;3;4;4
246500;;;SLEEP_POD_POLYESTER;XIRECS;13196.0;3;4;4
246500;;;SLEEP_POD_SUEDE;XIRECS;11786.0;3;4;4
246500;;;SNACKPACK_CHOCOLATE;XIRECS;9819.0;3;4;4
246500;;;SNACKPACK_PISTACHIO;XIRECS;9342.0;3;4;4
246500;;;SNACKPACK_RASPBERRY;XIRECS;9866.0;3;4;4
246500;;;SNACKPACK_STRAWBERRY;XIRECS;10996.0;3;4;4
246500;;;SNACKPACK_VANILLA;XIRECS;9985.0;3;4;4
246500;;;TRANSLATOR_ASTRO_BLACK;XIRECS;9194.0;3;4;4
246500;;;TRANSLATOR_ECLIPSE_CHARCOAL;XIRECS;10157.0;3;4;4
246500;;;TRANSLATOR_GRAPHITE_MIST;XIRECS;11120.0;3;4;4
246500;;;TRANSLATOR_SPACE_GRAY;XIRECS;9305.0;3;4;4
246500;;;TRANSLATOR_VOID_BLUE;XIRECS;10965.0;3;4;4
246500;;;UV_VISOR_AMBER;XIRECS;6986.0;3;4;4
246500;;;UV_VISOR_MAGENTA;XIRECS;12025.0;3;4;4
246500;;;UV_VISOR_ORANGE;XIRECS;11200.0;3;4;4
246500;;;UV_VISOR_RED;XIRECS;11389.0;3;4;4
246500;;;UV_VISOR_YELLOW;XIRECS;11045.0;3;4;4
247400;;SUBMISSION;TRANSLATOR_GRAPHITE_MIST;XIRECS;11131.0;5;4;4
249100;SUBMISSION;;SNACKPACK_PISTACHIO;XIRECS;9368.0;2;4;4
249100;SUBMISSION;;SNACKPACK_STRAWBERRY;XIRECS;11033.0;2;4;4
249100;SUBMISSION;;SNACKPACK_VANILLA;XIRECS;9997.0;2;4;4
249500;;SUBMISSION;SNACKPACK_PISTACHIO;XIRECS;9376.0;2;4;4
249500;;SUBMISSION;SNACKPACK_STRAWBERRY;XIRECS;11033.0;2;4;4
249500;;SUBMISSION;SNACKPACK_VANILLA;XIRECS;10010.0;2;4;4
249500;;;GALAXY_SOUNDS_BLACK_HOLES;XIRECS;12400.0;3;4;4
249500;;;GALAXY_SOUNDS_DARK_MATTER;XIRECS;10368.0;3;4;4
249500;;;GALAXY_SOUNDS_PLANETARY_RINGS;XIRECS;10343.0;3;4;4
249500;;;GALAXY_SOUNDS_SOLAR_FLAMES;XIRECS;10712.0;3;4;4
249500;;;GALAXY_SOUNDS_SOLAR_WINDS;XIRECS;11268.0;3;4;4
249500;;;OXYGEN_SHAKE_CHOCOLATE;XIRECS;9288.0;3;4;4
249500;;;OXYGEN_SHAKE_EVENING_BREATH;XIRECS;9806.0;3;4;4
249500;;;OXYGEN_SHAKE_GARLIC;XIRECS;12102.0;3;4;4
249500;;;OXYGEN_SHAKE_MINT;XIRECS;8557.0;3;4;4
249500;;;OXYGEN_SHAKE_MORNING_BREATH;XIRECS;9553.0;3;4;4
249500;;;PANEL_1X2;XIRECS;8978.0;3;4;4
249500;;;PANEL_1X4;XIRECS;8207.0;3;4;4
249500;;;PANEL_2X2;XIRECS;8510.0;3;4;4
249500;;;PANEL_2X4;XIRECS;11648.0;3;4;4
249500;;;PANEL_4X4;XIRECS;10783.0;3;4;4
249500;;;ROBOT_DISHES;XIRECS;10904.0;3;4;4
249500;;;ROBOT_IRONING;XIRECS;8383.0;3;4;4
249500;;;ROBOT_LAUNDRY;XIRECS;8999.0;3;4;4
249500;;;ROBOT_MOPPING;XIRECS;11554.0;3;4;4
249500;;;ROBOT_VACUUMING;XIRECS;8774.0;3;4;4
249500;;;SLEEP_POD_COTTON;XIRECS;12597.0;3;4;4
249500;;;SLEEP_POD_LAMB_WOOL;XIRECS;10471.0;3;4;4
249500;;;SLEEP_POD_NYLON;XIRECS;9972.0;3;4;4
249500;;;SLEEP_POD_POLYESTER;XIRECS;13251.0;3;4;4
249500;;;SLEEP_POD_SUEDE;XIRECS;11813.0;3;4;4
249500;;;SNACKPACK_CHOCOLATE;XIRECS;9817.0;3;4;4
249500;;;SNACKPACK_RASPBERRY;XIRECS;9871.0;3;4;4
249500;;;TRANSLATOR_ASTRO_BLACK;XIRECS;9212.0;3;4;4
249500;;;TRANSLATOR_ECLIPSE_CHARCOAL;XIRECS;10159.0;3;4;4
249500;;;TRANSLATOR_GRAPHITE_MIST;XIRECS;11164.0;3;4;4
249500;;;TRANSLATOR_SPACE_GRAY;XIRECS;9287.0;3;4;4
249500;;;TRANSLATOR_VOID_BLUE;XIRECS;10959.0;3;4;4
249500;;;UV_VISOR_AMBER;XIRECS;6901.0;3;4;4
249500;;;UV_VISOR_MAGENTA;XIRECS;12053.0;3;4;4
249500;;;UV_VISOR_ORANGE;XIRECS;11267.0;3;4;4
249500;;;UV_VISOR_RED;XIRECS;11358.0;3;4;4
249500;;;UV_VISOR_YELLOW;XIRECS;11015.0;3;4;4
249600;SUBMISSION;;PEBBLES_XL;XIRECS;13489.0;2;4;4
249600;;;MICROCHIP_CIRCLE;XIRECS;8863.0;1;4;4
249600;;;MICROCHIP_OVAL;XIRECS;6622.0;1;4;4
249600;;;MICROCHIP_RECTANGLE;XIRECS;8303.0;1;4;4
249600;;;MICROCHIP_SQUARE;XIRECS;14869.0;1;4;4
249600;;;MICROCHIP_TRIANGLE;XIRECS;8792.0;1;4;4
249600;;;PEBBLES_L;XIRECS;11328.0;3;4;4
249600;;;PEBBLES_M;XIRECS;10299.0;3;4;4
249600;;;PEBBLES_S;XIRECS;8490.0;3;4;4
249600;;;PEBBLES_XS;XIRECS;6363.0;3;4;4
249700;;;PEBBLES_L;XIRECS;11333.0;4;4;4
249700;;;PEBBLES_M;XIRECS;10316.0;4;4;4
249700;;;PEBBLES_S;XIRECS;8491.0;4;4;4
249700;;;PEBBLES_XL;XIRECS;13500.0;4;4;4
249700;;;PEBBLES_XS;XIRECS;6392.0;4;4;4
250400;;;PEBBLES_L;XIRECS;11343.0;2;4;4
250400;;;PEBBLES_M;XIRECS;10343.0;2;4;4
250400;;;PEBBLES_S;XIRECS;8460.0;2;4;4
250400;;;PEBBLES_XL;XIRECS;13495.0;2;4;4
250400;;;PEBBLES_XS;XIRECS;6392.0;2;4;4
250500;;;GALAXY_SOUNDS_BLACK_HOLES;XIRECS;12490.0;4;4;4
250500;;;GALAXY_SOUNDS_DARK_MATTER;XIRECS;10353.0;4;4;4
250500;;;GALAXY_SOUNDS_PLANETARY_RINGS;XIRECS;10334.0;4;4;4
250500;;;GALAXY_SOUNDS_SOLAR_FLAMES;XIRECS;10675.0;4;4;4
250500;;;GALAXY_SOUNDS_SOLAR_WINDS;XIRECS;11317.0;4;4;4
250500;;;OXYGEN_SHAKE_CHOCOLATE;XIRECS;9301.0;4;4;4
250500;;;OXYGEN_SHAKE_EVENING_BREATH;XIRECS;9816.0;4;4;4
250500;;;OXYGEN_SHAKE_GARLIC;XIRECS;12064.0;4;4;4
250500;;;OXYGEN_SHAKE_MINT;XIRECS;8579.0;4;4;4
250500;;;OXYGEN_SHAKE_MORNING_BREATH;XIRECS;9559.0;4;4;4
250500;;;PANEL_1X2;XIRECS;9019.0;4;4;4
250500;;;PANEL_1X4;XIRECS;8214.0;4;4;4
250500;;;PANEL_2X2;XIRECS;8507.0;4;4;4
250500;;;PANEL_2X4;XIRECS;11717.0;4;4;4
250500;;;PANEL_4X4;XIRECS;10745.0;4;4;4
250500;;;ROBOT_DISHES;XIRECS;10904.0;4;4;4
250500;;;ROBOT_IRONING;XIRECS;8353.0;4;4;4
250500;;;ROBOT_LAUNDRY;XIRECS;8968.0;4;4;4
250500;;;ROBOT_MOPPING;XIRECS;11550.0;4;4;4
250500;;;ROBOT_VACUUMING;XIRECS;8782.0;4;4;4
250500;;;SLEEP_POD_COTTON;XIRECS;12606.0;4;4;4
250500;;;SLEEP_POD_LAMB_WOOL;XIRECS;10484.0;4;4;4
250500;;;SLEEP_POD_NYLON;XIRECS;9953.0;4;4;4
250500;;;SLEEP_POD_POLYESTER;XIRECS;13231.0;4;4;4
250500;;;SLEEP_POD_SUEDE;XIRECS;11771.0;4;4;4
250500;;;SNACKPACK_CHOCOLATE;XIRECS;9803.0;4;4;4
250500;;;SNACKPACK_PISTACHIO;XIRECS;9386.0;4;4;4
250500;;;SNACKPACK_RASPBERRY;XIRECS;9871.0;4;4;4
250500;;;SNACKPACK_STRAWBERRY;XIRECS;11040.0;4;4;4
250500;;;SNACKPACK_VANILLA;XIRECS;10021.0;4;4;4
250500;;;TRANSLATOR_ASTRO_BLACK;XIRECS;9186.0;4;4;4
250500;;;TRANSLATOR_ECLIPSE_CHARCOAL;XIRECS;10081.0;4;4;4
250500;;;TRANSLATOR_GRAPHITE_MIST;XIRECS;11153.0;4;4;4
250500;;;TRANSLATOR_SPACE_GRAY;XIRECS;9288.0;4;4;4
250500;;;TRANSLATOR_VOID_BLUE;XIRECS;10936.0;4;4;4
250500;;;UV_VISOR_AMBER;XIRECS;6897.0;4;4;4
250500;;;UV_VISOR_MAGENTA;XIRECS;12113.0;4;4;4
250500;;;UV_VISOR_ORANGE;XIRECS;11305.0;4;4;4
250500;;;UV_VISOR_RED;XIRECS;11325.0;4;4;4
250500;;;UV_VISOR_YELLOW;XIRECS;11047.0;4;4;4
252600;;SUBMISSION;SNACKPACK_PISTACHIO;XIRECS;9368.0;4;4;4
252600;;SUBMISSION;SNACKPACK_STRAWBERRY;XIRECS;10997.0;4;4;4
252600;;SUBMISSION;SNACKPACK_VANILLA;XIRECS;10030.0;4;4;4
254400;SUBMISSION;;SNACKPACK_PISTACHIO;XIRECS;9358.0;2;4;4
254400;SUBMISSION;;SNACKPACK_STRAWBERRY;XIRECS;10990.0;2;4;4
254400;SUBMISSION;;SNACKPACK_VANILLA;XIRECS;10033.0;2;4;4
254400;;;GALAXY_SOUNDS_BLACK_HOLES;XIRECS;12415.0;2;4;4
254400;;;GALAXY_SOUNDS_DARK_MATTER;XIRECS;10268.0;2;4;4
254400;;;GALAXY_SOUNDS_PLANETARY_RINGS;XIRECS;10406.0;2;4;4
254400;;;GALAXY_SOUNDS_SOLAR_FLAMES;XIRECS;10621.0;2;4;4
254400;;;GALAXY_SOUNDS_SOLAR_WINDS;XIRECS;11134.0;2;4;4
254400;;;OXYGEN_SHAKE_CHOCOLATE;XIRECS;9261.0;2;4;4
254400;;;OXYGEN_SHAKE_EVENING_BREATH;XIRECS;9834.0;2;4;4
254400;;;OXYGEN_SHAKE_GARLIC;XIRECS;12191.0;2;4;4
254400;;;OXYGEN_SHAKE_MINT;XIRECS;8648.0;2;4;4
254400;;;OXYGEN_SHAKE_MORNING_BREATH;XIRECS;9537.0;2;4;4
254400;;;PANEL_1X2;XIRECS;9009.0;2;4;4
254400;;;PANEL_1X4;XIRECS;8303.0;2;4;4
254400;;;PANEL_2X2;XIRECS;8579.0;2;4;4
254400;;;PANEL_2X4;XIRECS;11741.0;2;4;4
254400;;;PANEL_4X4;XIRECS;10668.0;2;4;4
254400;;;ROBOT_DISHES;XIRECS;10696.0;2;4;4
254400;;;ROBOT_IRONING;XIRECS;8367.0;2;4;4
254400;;;ROBOT_LAUNDRY;XIRECS;8991.0;2;4;4
254400;;;ROBOT_MOPPING;XIRECS;11608.0;2;4;4
254400;;;ROBOT_VACUUMING;XIRECS;8861.0;2;4;4
254400;;;SLEEP_POD_COTTON;XIRECS;12693.0;2;4;4
254400;;;SLEEP_POD_LAMB_WOOL;XIRECS;10495.0;2;4;4
254400;;;SLEEP_POD_NYLON;XIRECS;9851.0;2;4;4
254400;;;SLEEP_POD_POLYESTER;XIRECS;13118.0;2;4;4
254400;;;SLEEP_POD_SUEDE;XIRECS;11722.0;2;4;4
254400;;;SNACKPACK_CHOCOLATE;XIRECS;9766.0;2;4;4
254400;;;SNACKPACK_RASPBERRY;XIRECS;9886.0;2;4;4
254400;;;TRANSLATOR_ASTRO_BLACK;XIRECS;9288.0;2;4;4
254400;;;TRANSLATOR_ECLIPSE_CHARCOAL;XIRECS;9999.0;2;4;4
254400;;;TRANSLATOR_GRAPHITE_MIST;XIRECS;11125.0;2;4;4
254400;;;TRANSLATOR_SPACE_GRAY;XIRECS;9305.0;2;4;4
254400;;;TRANSLATOR_VOID_BLUE;XIRECS;10917.0;2;4;4
254400;;;UV_VISOR_AMBER;XIRECS;6830.0;2;4;4
254400;;;UV_VISOR_MAGENTA;XIRECS;12053.0;2;4;4
254400;;;UV_VISOR_ORANGE;XIRECS;11343.0;2;4;4
254400;;;UV_VISOR_RED;XIRECS;11296.0;2;4;4
254400;;;UV_VISOR_YELLOW;XIRECS;11017.0;2;4;4
256400;SUBMISSION;;SNACKPACK_PISTACHIO;XIRECS;9382.0;2;4;4
256400;SUBMISSION;;SNACKPACK_STRAWBERRY;XIRECS;11004.0;2;4;4
256400;SUBMISSION;;SNACKPACK_VANILLA;XIRECS;10010.0;2;4;4
256800;;SUBMISSION;OXYGEN_SHAKE_MORNING_BREATH;XIRECS;9430.0;5;4;4
257600;;SUBMISSION;TRANSLATOR_GRAPHITE_MIST;XIRECS;11011.0;5;4;4
257900;;;GALAXY_SOUNDS_BLACK_HOLES;XIRECS;12308.0;3;4;4
257900;;;GALAXY_SOUNDS_DARK_MATTER;XIRECS;10395.0;3;4;4
257900;;;GALAXY_SOUNDS_PLANETARY_RINGS;XIRECS;10442.0;3;4;4
257900;;;GALAXY_SOUNDS_SOLAR_FLAMES;XIRECS;10595.0;3;4;4
257900;;;GALAXY_SOUNDS_SOLAR_WINDS;XIRECS;11129.0;3;4;4
257900;;;OXYGEN_SHAKE_CHOCOLATE;XIRECS;9243.0;3;4;4
257900;;;OXYGEN_SHAKE_EVENING_BREATH;XIRECS;9774.0;3;4;4
257900;;;OXYGEN_SHAKE_GARLIC;XIRECS;12131.0;3;4;4
257900;;;OXYGEN_SHAKE_MINT;XIRECS;8640.0;3;4;4
257900;;;OXYGEN_SHAKE_MORNING_BREATH;XIRECS;9480.0;3;4;4
257900;;;PANEL_1X2;XIRECS;9016.0;3;4;4
257900;;;PANEL_1X4;XIRECS;8277.0;3;4;4
257900;;;PANEL_2X2;XIRECS;8488.0;3;4;4
257900;;;PANEL_2X4;XIRECS;11803.0;3;4;4
257900;;;PANEL_4X4;XIRECS;10716.0;3;4;4
257900;;;ROBOT_DISHES;XIRECS;10796.0;3;4;4
257900;;;ROBOT_IRONING;XIRECS;8367.0;3;4;4
257900;;;ROBOT_LAUNDRY;XIRECS;8967.0;3;4;4
257900;;;ROBOT_MOPPING;XIRECS;11579.0;3;4;4
257900;;;ROBOT_VACUUMING;XIRECS;8804.0;3;4;4
257900;;;SLEEP_POD_COTTON;XIRECS;12740.0;3;4;4
257900;;;SLEEP_POD_LAMB_WOOL;XIRECS;10559.0;3;4;4
257900;;;SLEEP_POD_NYLON;XIRECS;9906.0;3;4;4
257900;;;SLEEP_POD_POLYESTER;XIRECS;13212.0;3;4;4
257900;;;SLEEP_POD_SUEDE;XIRECS;11706.0;3;4;4
257900;;;SNACKPACK_CHOCOLATE;XIRECS;9756.0;3;4;4
257900;;;SNACKPACK_PISTACHIO;XIRECS;9383.0;3;4;4
257900;;;SNACKPACK_RASPBERRY;XIRECS;9878.0;3;4;4
257900;;;SNACKPACK_STRAWBERRY;XIRECS;11005.0;3;4;4
257900;;;SNACKPACK_VANILLA;XIRECS;10039.0;3;4;4
257900;;;TRANSLATOR_ASTRO_BLACK;XIRECS;9248.0;3;4;4
257900;;;TRANSLATOR_ECLIPSE_CHARCOAL;XIRECS;9880.0;3;4;4
257900;;;TRANSLATOR_GRAPHITE_MIST;XIRECS;11027.0;3;4;4
257900;;;TRANSLATOR_SPACE_GRAY;XIRECS;9221.0;3;4;4
257900;;;TRANSLATOR_VOID_BLUE;XIRECS;10860.0;3;4;4
257900;;;UV_VISOR_AMBER;XIRECS;6764.0;3;4;4
257900;;;UV_VISOR_MAGENTA;XIRECS;12177.0;3;4;4
257900;;;UV_VISOR_ORANGE;XIRECS;11317.0;3;4;4
257900;;;UV_VISOR_RED;XIRECS;11347.0;3;4;4
257900;;;UV_VISOR_YELLOW;XIRECS;11122.0;3;4;4
258400;SUBMISSION;;PEBBLES_XL;XIRECS;13222.0;2;4;4
258400;;;PEBBLES_L;XIRECS;11299.0;3;4;4
258400;;;PEBBLES_M;XIRECS;10423.0;3;4;4
258400;;;PEBBLES_S;XIRECS;8613.0;3;4;4
258400;;;PEBBLES_XS;XIRECS;6411.0;3;4;4
259700;;;GALAXY_SOUNDS_BLACK_HOLES;XIRECS;12249.0;1;4;4
259700;;;GALAXY_SOUNDS_DARK_MATTER;XIRECS;10402.0;1;4;4
259700;;;GALAXY_SOUNDS_PLANETARY_RINGS;XIRECS;10423.0;1;4;4
259700;;;GALAXY_SOUNDS_SOLAR_FLAMES;XIRECS;10630.0;1;4;4
259700;;;GALAXY_SOUNDS_SOLAR_WINDS;XIRECS;11146.0;1;4;4
259700;;;OXYGEN_SHAKE_CHOCOLATE;XIRECS;9240.0;1;4;4
259700;;;OXYGEN_SHAKE_EVENING_BREATH;XIRECS;9754.0;1;4;4
259700;;;OXYGEN_SHAKE_GARLIC;XIRECS;12187.0;1;4;4
259700;;;OXYGEN_SHAKE_MINT;XIRECS;8663.0;1;4;4
259700;;;OXYGEN_SHAKE_MORNING_BREATH;XIRECS;9497.0;1;4;4
259700;;;PANEL_1X2;XIRECS;9015.0;1;4;4
259700;;;PANEL_1X4;XIRECS;8269.0;1;4;4
259700;;;PANEL_2X2;XIRECS;8478.0;1;4;4
259700;;;PANEL_2X4;XIRECS;11839.0;1;4;4
259700;;;PANEL_4X4;XIRECS;10749.0;1;4;4
259700;;;ROBOT_DISHES;XIRECS;10696.0;1;4;4
259700;;;ROBOT_IRONING;XIRECS;8377.0;1;4;4
259700;;;ROBOT_LAUNDRY;XIRECS;8966.0;1;4;4
259700;;;ROBOT_MOPPING;XIRECS;11653.0;1;4;4
259700;;;ROBOT_VACUUMING;XIRECS;8800.0;1;4;4
259700;;;SLEEP_POD_COTTON;XIRECS;12793.0;1;4;4
259700;;;SLEEP_POD_LAMB_WOOL;XIRECS;10548.0;1;4;4
259700;;;SLEEP_POD_NYLON;XIRECS;9917.0;1;4;4
259700;;;SLEEP_POD_POLYESTER;XIRECS;13067.0;1;4;4
259700;;;SLEEP_POD_SUEDE;XIRECS;11631.0;1;4;4
259700;;;SNACKPACK_CHOCOLATE;XIRECS;9710.0;1;4;4
259700;;;SNACKPACK_PISTACHIO;XIRECS;9372.0;1;4;4
259700;;;SNACKPACK_RASPBERRY;XIRECS;9894.0;1;4;4
259700;;;SNACKPACK_STRAWBERRY;XIRECS;11004.0;1;4;4
259700;;;SNACKPACK_VANILLA;XIRECS;10085.0;1;4;4
259700;;;TRANSLATOR_ASTRO_BLACK;XIRECS;9346.0;1;4;4
259700;;;TRANSLATOR_ECLIPSE_CHARCOAL;XIRECS;9918.0;1;4;4
259700;;;TRANSLATOR_GRAPHITE_MIST;XIRECS;11040.0;1;4;4
259700;;;TRANSLATOR_SPACE_GRAY;XIRECS;9202.0;1;4;4
259700;;;TRANSLATOR_VOID_BLUE;XIRECS;10817.0;1;4;4
259700;;;UV_VISOR_AMBER;XIRECS;6801.0;1;4;4
259700;;;UV_VISOR_MAGENTA;XIRECS;12207.0;1;4;4
259700;;;UV_VISOR_ORANGE;XIRECS;11216.0;1;4;4
259700;;;UV_VISOR_RED;XIRECS;11400.0;1;4;4
259700;;;UV_VISOR_YELLOW;XIRECS;11181.0;1;4;4
259900;;SUBMISSION;TRANSLATOR_GRAPHITE_MIST;XIRECS;11030.0;5;4;4
260400;SUBMISSION;;PEBBLES_XL;XIRECS;13314.0;6;4;4
261900;;;MICROCHIP_CIRCLE;XIRECS;8794.0;3;4;4
261900;;;MICROCHIP_OVAL;XIRECS;6416.0;3;4;4
261900;;;MICROCHIP_RECTANGLE;XIRECS;8393.0;3;4;4
261900;;;MICROCHIP_SQUARE;XIRECS;15088.0;3;4;4
261900;;;MICROCHIP_TRIANGLE;XIRECS;8738.0;3;4;4
262700;;;MICROCHIP_CIRCLE;XIRECS;8782.0;3;4;4
262700;;;MICROCHIP_OVAL;XIRECS;6428.0;3;4;4
262700;;;MICROCHIP_RECTANGLE;XIRECS;8414.0;3;4;4
262700;;;MICROCHIP_SQUARE;XIRECS;15178.0;3;4;4
262700;;;MICROCHIP_TRIANGLE;XIRECS;8743.0;3;4;4
263200;;SUBMISSION;SNACKPACK_PISTACHIO;XIRECS;9368.0;3;4;4
263200;;SUBMISSION;SNACKPACK_STRAWBERRY;XIRECS;11001.0;3;4;4
263200;;SUBMISSION;SNACKPACK_VANILLA;XIRECS;10087.0;3;4;4
266300;;SUBMISSION;SNACKPACK_PISTACHIO;XIRECS;9340.0;1;4;4
266300;;SUBMISSION;SNACKPACK_STRAWBERRY;XIRECS;10953.0;1;4;4
266300;;SUBMISSION;SNACKPACK_VANILLA;XIRECS;10099.0;1;4;4
266600;;SUBMISSION;PEBBLES_XL;XIRECS;13509.0;2;4;4
266600;;;PEBBLES_L;XIRECS;11102.0;5;4;4
266600;;;PEBBLES_M;XIRECS;10423.0;5;4;4
266600;;;PEBBLES_S;XIRECS;8682.0;5;4;4
266600;;;PEBBLES_XS;XIRECS;6316.0;5;4;4
266900;SUBMISSION;;SNACKPACK_PISTACHIO;XIRECS;9349.0;3;4;4
266900;SUBMISSION;;SNACKPACK_STRAWBERRY;XIRECS;10963.0;3;4;4
266900;SUBMISSION;;SNACKPACK_VANILLA;XIRECS;10107.0;3;4;4
267300;SUBMISSION;;PEBBLES_XL;XIRECS;13573.0;2;4;4
267300;;;PEBBLES_L;XIRECS;11048.0;4;4;4
267300;;;PEBBLES_M;XIRECS;10423.0;4;4;4
267300;;;PEBBLES_S;XIRECS;8664.0;4;4;4
267300;;;PEBBLES_XS;XIRECS;6261.0;4;4;4
267500;SUBMISSION;;SNACKPACK_PISTACHIO;XIRECS;9380.0;4;4;4
267500;SUBMISSION;;SNACKPACK_STRAWBERRY;XIRECS;11001.0;4;4;4
267500;SUBMISSION;;SNACKPACK_VANILLA;XIRECS;10124.0;4;4;4
267600;SUBMISSION;;PEBBLES_XL;XIRECS;13592.0;2;4;4
267600;;;PEBBLES_L;XIRECS;11057.0;5;4;4
267600;;;PEBBLES_M;XIRECS;10436.0;5;4;4
267600;;;PEBBLES_S;XIRECS;8661.0;5;4;4
267600;;;PEBBLES_XS;XIRECS;6223.0;5;4;4
267800;SUBMISSION;;PEBBLES_XL;XIRECS;13679.0;5;4;4
267800;SUBMISSION;;PEBBLES_XL;XIRECS;13688.0;3;4;4
268200;SUBMISSION;;SNACKPACK_PISTACHIO;XIRECS;9367.0;1;4;4
268200;SUBMISSION;;SNACKPACK_STRAWBERRY;XIRECS;10986.0;1;4;4
268200;SUBMISSION;;SNACKPACK_VANILLA;XIRECS;10110.0;1;4;4
268200;;;MICROCHIP_CIRCLE;XIRECS;8753.0;3;4;4
268200;;;MICROCHIP_OVAL;XIRECS;6356.0;3;4;4
268200;;;MICROCHIP_RECTANGLE;XIRECS;8470.0;3;4;4
268200;;;MICROCHIP_SQUARE;XIRECS;15035.0;3;4;4
268200;;;MICROCHIP_TRIANGLE;XIRECS;8657.0;3;4;4
270400;;SUBMISSION;MICROCHIP_CIRCLE;XIRECS;8737.0;5;4;4
270700;;;PEBBLES_L;XIRECS;10903.0;5;4;4
270700;;;PEBBLES_M;XIRECS;10241.0;5;4;4
270700;;;PEBBLES_S;XIRECS;8685.0;5;4;4
270700;;;PEBBLES_XL;XIRECS;13829.0;5;4;4
270700;;;PEBBLES_XS;XIRECS;6308.0;5;4;4
271600;SUBMISSION;;ROBOT_MOPPING;XIRECS;11963.0;5;4;4
272800;SUBMISSION;;MICROCHIP_CIRCLE;XIRECS;8791.0;4;4;4
272900;SUBMISSION;;MICROCHIP_CIRCLE;XIRECS;8786.0;1;4;4
273300;SUBMISSION;;ROBOT_MOPPING;XIRECS;11933.0;4;4;4
273400;SUBMISSION;;ROBOT_MOPPING;XIRECS;11939.0;1;4;4
274500;;;MICROCHIP_CIRCLE;XIRECS;8792.0;1;4;4
274500;;;MICROCHIP_OVAL;XIRECS;6494.0;1;4;4
274500;;;MICROCHIP_RECTANGLE;XIRECS;8389.0;1;4;4
274500;;;MICROCHIP_SQUARE;XIRECS;15129.0;1;4;4
274500;;;MICROCHIP_TRIANGLE;XIRECS;8581.0;1;4;4
275100;;;MICROCHIP_CIRCLE;XIRECS;8827.0;2;4;4
275100;;;MICROCHIP_OVAL;XIRECS;6406.0;2;4;4
275100;;;MICROCHIP_RECTANGLE;XIRECS;8419.0;2;4;4
275100;;;MICROCHIP_SQUARE;XIRECS;15111.0;2;4;4
275100;;;MICROCHIP_TRIANGLE;XIRECS;8513.0;2;4;4
275300;;SUBMISSION;PEBBLES_XL;XIRECS;14098.0;2;4;4
275300;;;PEBBLES_L;XIRECS;10951.0;4;4;4
275300;;;PEBBLES_M;XIRECS;10143.0;4;4;4
275300;;;PEBBLES_S;XIRECS;8570.0;4;4;4
275300;;;PEBBLES_XS;XIRECS;6270.0;4;4;4
275800;;SUBMISSION;PEBBLES_XL;XIRECS;14015.0;2;4;4
275800;;;GALAXY_SOUNDS_BLACK_HOLES;XIRECS;12224.0;3;4;4
275800;;;GALAXY_SOUNDS_DARK_MATTER;XIRECS;10402.0;3;4;4
275800;;;GALAXY_SOUNDS_PLANETARY_RINGS;XIRECS;10404.0;3;4;4
275800;;;GALAXY_SOUNDS_SOLAR_FLAMES;XIRECS;10693.0;3;4;4
275800;;;GALAXY_SOUNDS_SOLAR_WINDS;XIRECS;11171.0;3;4;4
275800;;;OXYGEN_SHAKE_CHOCOLATE;XIRECS;9369.0;3;4;4
275800;;;OXYGEN_SHAKE_EVENING_BREATH;XIRECS;9664.0;3;4;4
275800;;;OXYGEN_SHAKE_GARLIC;XIRECS;12360.0;3;4;4
275800;;;OXYGEN_SHAKE_MINT;XIRECS;8472.0;3;4;4
275800;;;OXYGEN_SHAKE_MORNING_BREATH;XIRECS;9540.0;3;4;4
275800;;;PANEL_1X2;XIRECS;9094.0;3;4;4
275800;;;PANEL_1X4;XIRECS;8243.0;3;4;4
275800;;;PANEL_2X2;XIRECS;8594.0;3;4;4
275800;;;PANEL_2X4;XIRECS;11750.0;3;4;4
275800;;;PANEL_4X4;XIRECS;10632.0;3;4;4
275800;;;PEBBLES_L;XIRECS;10955.0;4;4;4
275800;;;PEBBLES_M;XIRECS;10207.0;4;4;4
275800;;;PEBBLES_S;XIRECS;8584.0;4;4;4
275800;;;PEBBLES_XS;XIRECS;6271.0;4;4;4
275800;;;ROBOT_DISHES;XIRECS;10596.0;3;4;4
275800;;;ROBOT_IRONING;XIRECS;8347.0;3;4;4
275800;;;ROBOT_LAUNDRY;XIRECS;8854.0;3;4;4
275800;;;ROBOT_MOPPING;XIRECS;11920.0;3;4;4
275800;;;ROBOT_VACUUMING;XIRECS;8732.0;3;4;4
275800;;;SLEEP_POD_COTTON;XIRECS;12727.0;3;4;4
275800;;;SLEEP_POD_LAMB_WOOL;XIRECS;10387.0;3;4;4
275800;;;SLEEP_POD_NYLON;XIRECS;9791.0;3;4;4
275800;;;SLEEP_POD_POLYESTER;XIRECS;12961.0;3;4;4
275800;;;SLEEP_POD_SUEDE;XIRECS;11777.0;3;4;4
275800;;;SNACKPACK_CHOCOLATE;XIRECS;9590.0;3;4;4
275800;;;SNACKPACK_PISTACHIO;XIRECS;9384.0;3;4;4
275800;;;SNACKPACK_RASPBERRY;XIRECS;9888.0;3;4;4
275800;;;SNACKPACK_STRAWBERRY;XIRECS;11023.0;3;4;4
275800;;;SNACKPACK_VANILLA;XIRECS;10210.0;3;4;4
275800;;;TRANSLATOR_ASTRO_BLACK;XIRECS;9270.0;3;4;4
275800;;;TRANSLATOR_ECLIPSE_CHARCOAL;XIRECS;10057.0;3;4;4
275800;;;TRANSLATOR_GRAPHITE_MIST;XIRECS;10884.0;3;4;4
275800;;;TRANSLATOR_SPACE_GRAY;XIRECS;9119.0;3;4;4
275800;;;TRANSLATOR_VOID_BLUE;XIRECS;10893.0;3;4;4
275800;;;UV_VISOR_AMBER;XIRECS;6738.0;3;4;4
275800;;;UV_VISOR_MAGENTA;XIRECS;12222.0;3;4;4
275800;;;UV_VISOR_ORANGE;XIRECS;11069.0;3;4;4
275800;;;UV_VISOR_RED;XIRECS;11395.0;3;4;4
275800;;;UV_VISOR_YELLOW;XIRECS;11346.0;3;4;4
276100;SUBMISSION;;PEBBLES_XL;XIRECS;13959.0;4;4;4
277100;;;GALAXY_SOUNDS_BLACK_HOLES;XIRECS;12211.0;3;4;4
277100;;;GALAXY_SOUNDS_DARK_MATTER;XIRECS;10448.0;3;4;4
277100;;;GALAXY_SOUNDS_PLANETARY_RINGS;XIRECS;10372.0;3;4;4
277100;;;GALAXY_SOUNDS_SOLAR_FLAMES;XIRECS;10655.0;3;4;4
277100;;;GALAXY_SOUNDS_SOLAR_WINDS;XIRECS;11167.0;3;4;4
277100;;;OXYGEN_SHAKE_CHOCOLATE;XIRECS;9387.0;3;4;4
277100;;;OXYGEN_SHAKE_EVENING_BREATH;XIRECS;9684.0;3;4;4
277100;;;OXYGEN_SHAKE_GARLIC;XIRECS;12286.0;3;4;4
277100;;;OXYGEN_SHAKE_MINT;XIRECS;8472.0;3;4;4
277100;;;OXYGEN_SHAKE_MORNING_BREATH;XIRECS;9545.0;3;4;4
277100;;;PANEL_1X2;XIRECS;9099.0;3;4;4
277100;;;PANEL_1X4;XIRECS;8287.0;3;4;4
277100;;;PANEL_2X2;XIRECS;8597.0;3;4;4
277100;;;PANEL_2X4;XIRECS;11720.0;3;4;4
277100;;;PANEL_4X4;XIRECS;10584.0;3;4;4
277100;;;ROBOT_DISHES;XIRECS;10596.0;3;4;4
277100;;;ROBOT_IRONING;XIRECS;8357.0;3;4;4
277100;;;ROBOT_LAUNDRY;XIRECS;8839.0;3;4;4
277100;;;ROBOT_MOPPING;XIRECS;11935.0;3;4;4
277100;;;ROBOT_VACUUMING;XIRECS;8720.0;3;4;4
277100;;;SLEEP_POD_COTTON;XIRECS;12665.0;3;4;4
277100;;;SLEEP_POD_LAMB_WOOL;XIRECS;10427.0;3;4;4
277100;;;SLEEP_POD_NYLON;XIRECS;9814.0;3;4;4
277100;;;SLEEP_POD_POLYESTER;XIRECS;12907.0;3;4;4
277100;;;SLEEP_POD_SUEDE;XIRECS;11744.0;3;4;4
277100;;;SNACKPACK_CHOCOLATE;XIRECS;9576.0;3;4;4
277100;;;SNACKPACK_PISTACHIO;XIRECS;9393.0;3;4;4
277100;;;SNACKPACK_RASPBERRY;XIRECS;9871.0;3;4;4
277100;;;SNACKPACK_STRAWBERRY;XIRECS;11042.0;3;4;4
277100;;;SNACKPACK_VANILLA;XIRECS;10226.0;3;4;4
277100;;;TRANSLATOR_ASTRO_BLACK;XIRECS;9265.0;3;4;4
277100;;;TRANSLATOR_ECLIPSE_CHARCOAL;XIRECS;10022.0;3;4;4
277100;;;TRANSLATOR_GRAPHITE_MIST;XIRECS;10854.0;3;4;4
277100;;;TRANSLATOR_SPACE_GRAY;XIRECS;9148.0;3;4;4
277100;;;TRANSLATOR_VOID_BLUE;XIRECS;10953.0;3;4;4
277100;;;UV_VISOR_AMBER;XIRECS;6748.0;3;4;4
277100;;;UV_VISOR_MAGENTA;XIRECS;12194.0;3;4;4
277100;;;UV_VISOR_ORANGE;XIRECS;11137.0;3;4;4
277100;;;UV_VISOR_RED;XIRECS;11399.0;3;4;4
277100;;;UV_VISOR_YELLOW;XIRECS;11354.0;3;4;4
277200;;SUBMISSION;SNACKPACK_PISTACHIO;XIRECS;9413.0;2;4;4
277200;;SUBMISSION;SNACKPACK_STRAWBERRY;XIRECS;11067.0;2;4;4
277200;;SUBMISSION;SNACKPACK_VANILLA;XIRECS;10238.0;2;4;4
277200;;;GALAXY_SOUNDS_BLACK_HOLES;XIRECS;12205.0;2;4;4
277200;;;GALAXY_SOUNDS_DARK_MATTER;XIRECS;10457.0;2;4;4
277200;;;GALAXY_SOUNDS_PLANETARY_RINGS;XIRECS;10407.0;2;4;4
277200;;;GALAXY_SOUNDS_SOLAR_FLAMES;XIRECS;10675.0;2;4;4
277200;;;GALAXY_SOUNDS_SOLAR_WINDS;XIRECS;11156.0;2;4;4
277200;;;OXYGEN_SHAKE_CHOCOLATE;XIRECS;9418.0;2;4;4
277200;;;OXYGEN_SHAKE_EVENING_BREATH;XIRECS;9696.0;2;4;4
277200;;;OXYGEN_SHAKE_GARLIC;XIRECS;12290.0;2;4;4
277200;;;OXYGEN_SHAKE_MINT;XIRECS;8486.0;2;4;4
277200;;;OXYGEN_SHAKE_MORNING_BREATH;XIRECS;9547.0;2;4;4
277200;;;PANEL_1X2;XIRECS;9119.0;2;4;4
277200;;;PANEL_1X4;XIRECS;8296.0;2;4;4
277200;;;PANEL_2X2;XIRECS;8594.0;2;4;4
277200;;;PANEL_2X4;XIRECS;11748.0;2;4;4
277200;;;PANEL_4X4;XIRECS;10587.0;2;4;4
277200;;;ROBOT_DISHES;XIRECS;10604.0;2;4;4
277200;;;ROBOT_IRONING;XIRECS;8363.0;2;4;4
277200;;;ROBOT_LAUNDRY;XIRECS;8850.0;2;4;4
277200;;;ROBOT_MOPPING;XIRECS;11951.0;2;4;4
277200;;;ROBOT_VACUUMING;XIRECS;8740.0;2;4;4
277200;;;SLEEP_POD_COTTON;XIRECS;12692.0;2;4;4
277200;;;SLEEP_POD_LAMB_WOOL;XIRECS;10456.0;2;4;4
277200;;;SLEEP_POD_NYLON;XIRECS;9825.0;2;4;4
277200;;;SLEEP_POD_POLYESTER;XIRECS;12909.0;2;4;4
277200;;;SLEEP_POD_SUEDE;XIRECS;11747.0;2;4;4
277200;;;SNACKPACK_CHOCOLATE;XIRECS;9598.0;2;4;4
277200;;;SNACKPACK_RASPBERRY;XIRECS;9880.0;2;4;4
277200;;;TRANSLATOR_ASTRO_BLACK;XIRECS;9284.0;2;4;4
277200;;;TRANSLATOR_ECLIPSE_CHARCOAL;XIRECS;10028.0;2;4;4
277200;;;TRANSLATOR_GRAPHITE_MIST;XIRECS;10859.0;2;4;4
277200;;;TRANSLATOR_SPACE_GRAY;XIRECS;9168.0;2;4;4
277200;;;TRANSLATOR_VOID_BLUE;XIRECS;10974.0;2;4;4
277200;;;UV_VISOR_AMBER;XIRECS;6755.0;2;4;4
277200;;;UV_VISOR_MAGENTA;XIRECS;12224.0;2;4;4
277200;;;UV_VISOR_ORANGE;XIRECS;11151.0;2;4;4
277200;;;UV_VISOR_RED;XIRECS;11402.0;2;4;4
277200;;;UV_VISOR_YELLOW;XIRECS;11381.0;2;4;4
278000;SUBMISSION;;ROBOT_MOPPING;XIRECS;11985.0;5;4;4
278600;;SUBMISSION;PEBBLES_XL;XIRECS;14069.0;2;4;4
278600;;;PEBBLES_L;XIRECS;10913.0;4;4;4
278600;;;PEBBLES_M;XIRECS;10200.0;4;4;4
278600;;;PEBBLES_S;XIRECS;8640.0;4;4;4
278600;;;PEBBLES_XS;XIRECS;6209.0;4;4;4
279800;SUBMISSION;;SNACKPACK_PISTACHIO;XIRECS;9390.0;2;4;4
279800;SUBMISSION;;SNACKPACK_STRAWBERRY;XIRECS;11060.0;2;4;4
279800;SUBMISSION;;SNACKPACK_VANILLA;XIRECS;10234.0;2;4;4
279900;SUBMISSION;;OXYGEN_SHAKE_MORNING_BREATH;XIRECS;9592.0;5;4;4
280200;SUBMISSION;;PEBBLES_XL;XIRECS;13904.0;2;4;4
280300;;SUBMISSION;PEBBLES_XL;XIRECS;13918.0;2;4;4
280300;;;PEBBLES_L;XIRECS;11048.0;2;4;4
280300;;;PEBBLES_M;XIRECS;10220.0;2;4;4
280300;;;PEBBLES_S;XIRECS;8620.0;2;4;4
280300;;;PEBBLES_XS;XIRECS;6226.0;2;4;4
282200;SUBMISSION;;SLEEP_POD_COTTON;XIRECS;12933.0;5;4;4
283400;;SUBMISSION;SNACKPACK_PISTACHIO;XIRECS;9415.0;2;4;4
283400;;SUBMISSION;SNACKPACK_STRAWBERRY;XIRECS;11084.0;2;4;4
283400;SUBMISSION;;SLEEP_POD_COTTON;XIRECS;12973.0;5;4;4
283400;;SUBMISSION;SNACKPACK_VANILLA;XIRECS;10191.0;2;4;4
285200;SUBMISSION;;SLEEP_POD_COTTON;XIRECS;12985.0;5;4;4
285400;SUBMISSION;;PEBBLES_XL;XIRECS;13774.0;2;4;4
286100;;;MICROCHIP_CIRCLE;XIRECS;8885.0;1;4;4
286100;;;MICROCHIP_OVAL;XIRECS;6386.0;1;4;4
286100;;;MICROCHIP_RECTANGLE;XIRECS;8405.0;1;4;4
286100;;;MICROCHIP_SQUARE;XIRECS;15330.0;1;4;4
286100;;;MICROCHIP_TRIANGLE;XIRECS;8640.0;1;4;4
286700;;;PEBBLES_L;XIRECS;10893.0;4;4;4
286700;;;PEBBLES_M;XIRECS;10260.0;4;4;4
286700;;;PEBBLES_S;XIRECS;8473.0;4;4;4
286700;;;PEBBLES_XL;XIRECS;13869.0;4;4;4
286700;;;PEBBLES_XS;XIRECS;6472.0;4;4;4
287300;SUBMISSION;;ROBOT_MOPPING;XIRECS;12058.0;4;4;4
287300;SUBMISSION;;ROBOT_MOPPING;XIRECS;12050.0;1;4;4
287300;;;GALAXY_SOUNDS_BLACK_HOLES;XIRECS;12309.0;3;4;4
287300;;;GALAXY_SOUNDS_DARK_MATTER;XIRECS;10501.0;3;4;4
287300;;;GALAXY_SOUNDS_PLANETARY_RINGS;XIRECS;10412.0;3;4;4
287300;;;GALAXY_SOUNDS_SOLAR_FLAMES;XIRECS;10546.0;3;4;4
287300;;;GALAXY_SOUNDS_SOLAR_WINDS;XIRECS;11176.0;3;4;4
287300;;;OXYGEN_SHAKE_CHOCOLATE;XIRECS;9431.0;3;4;4
287300;;;OXYGEN_SHAKE_EVENING_BREATH;XIRECS;9814.0;3;4;4
287300;;;OXYGEN_SHAKE_GARLIC;XIRECS;12169.0;3;4;4
287300;;;OXYGEN_SHAKE_MINT;XIRECS;8616.0;3;4;4
287300;;;OXYGEN_SHAKE_MORNING_BREATH;XIRECS;9673.0;3;4;4
287300;;;PANEL_1X2;XIRECS;9156.0;3;4;4
287300;;;PANEL_1X4;XIRECS;8425.0;3;4;4
287300;;;PANEL_2X2;XIRECS;8776.0;3;4;4
287300;;;PANEL_2X4;XIRECS;11776.0;3;4;4
287300;;;PANEL_4X4;XIRECS;10427.0;3;4;4
287300;;;ROBOT_DISHES;XIRECS;10596.0;3;4;4
287300;;;ROBOT_IRONING;XIRECS;8327.0;3;4;4
287300;;;ROBOT_LAUNDRY;XIRECS;8724.0;3;4;4
287300;;;ROBOT_VACUUMING;XIRECS;8643.0;3;4;4
287300;;;SLEEP_POD_COTTON;XIRECS;12943.0;3;4;4
287300;;;SLEEP_POD_LAMB_WOOL;XIRECS;10411.0;3;4;4
287300;;;SLEEP_POD_NYLON;XIRECS;9967.0;3;4;4
287300;;;SLEEP_POD_POLYESTER;XIRECS;12869.0;3;4;4
287300;;;SLEEP_POD_SUEDE;XIRECS;12021.0;3;4;4
287300;;;SNACKPACK_CHOCOLATE;XIRECS;9646.0;3;4;4
287300;;;SNACKPACK_PISTACHIO;XIRECS;9439.0;3;4;4
287300;;;SNACKPACK_RASPBERRY;XIRECS;9823.0;3;4;4
287300;;;SNACKPACK_STRAWBERRY;XIRECS;11132.0;3;4;4
287300;;;SNACKPACK_VANILLA;XIRECS;10156.0;3;4;4
287300;;;TRANSLATOR_ASTRO_BLACK;XIRECS;9305.0;3;4;4
287300;;;TRANSLATOR_ECLIPSE_CHARCOAL;XIRECS;10084.0;3;4;4
287300;;;TRANSLATOR_GRAPHITE_MIST;XIRECS;10658.0;3;4;4
287300;;;TRANSLATOR_SPACE_GRAY;XIRECS;8989.0;3;4;4
287300;;;TRANSLATOR_VOID_BLUE;XIRECS;10969.0;3;4;4
287300;;;UV_VISOR_AMBER;XIRECS;6756.0;3;4;4
287300;;;UV_VISOR_MAGENTA;XIRECS;12338.0;3;4;4
287300;;;UV_VISOR_ORANGE;XIRECS;11204.0;3;4;4
287300;;;UV_VISOR_RED;XIRECS;11551.0;3;4;4
287300;;;UV_VISOR_YELLOW;XIRECS;11479.0;3;4;4
287400;SUBMISSION;;SNACKPACK_PISTACHIO;XIRECS;9449.0;2;4;4
287400;SUBMISSION;;SNACKPACK_STRAWBERRY;XIRECS;11142.0;2;4;4
287400;SUBMISSION;;SNACKPACK_VANILLA;XIRECS;10163.0;2;4;4
287500;;SUBMISSION;SNACKPACK_PISTACHIO;XIRECS;9455.0;5;4;4
287500;;SUBMISSION;SNACKPACK_STRAWBERRY;XIRECS;11149.0;5;4;4
287500;;SUBMISSION;SNACKPACK_VANILLA;XIRECS;10150.0;5;4;4
287900;;SUBMISSION;PEBBLES_XL;XIRECS;14009.0;2;4;4
287900;;;PEBBLES_L;XIRECS;10799.0;5;4;4
287900;;;PEBBLES_M;XIRECS;10251.0;5;4;4
287900;;;PEBBLES_S;XIRECS;8488.0;5;4;4
287900;;;PEBBLES_XS;XIRECS;6485.0;5;4;4
288100;SUBMISSION;;SLEEP_POD_COTTON;XIRECS;12992.0;5;4;4
290200;SUBMISSION;;SNACKPACK_PISTACHIO;XIRECS;9437.0;1;4;4
290200;SUBMISSION;;SNACKPACK_STRAWBERRY;XIRECS;11130.0;1;4;4
290200;SUBMISSION;;SNACKPACK_VANILLA;XIRECS;10106.0;1;4;4
290200;;;GALAXY_SOUNDS_BLACK_HOLES;XIRECS;12377.0;4;4;4
290200;;;GALAXY_SOUNDS_DARK_MATTER;XIRECS;10452.0;4;4;4
290200;;;GALAXY_SOUNDS_PLANETARY_RINGS;XIRECS;10398.0;4;4;4
290200;;;GALAXY_SOUNDS_SOLAR_FLAMES;XIRECS;10642.0;4;4;4
290200;;;GALAXY_SOUNDS_SOLAR_WINDS;XIRECS;11152.0;4;4;4
290200;;;OXYGEN_SHAKE_CHOCOLATE;XIRECS;9467.0;4;4;4
290200;;;OXYGEN_SHAKE_EVENING_BREATH;XIRECS;9854.0;4;4;4
290200;;;OXYGEN_SHAKE_GARLIC;XIRECS;12170.0;4;4;4
290200;;;OXYGEN_SHAKE_MINT;XIRECS;8658.0;4;4;4
290200;;;OXYGEN_SHAKE_MORNING_BREATH;XIRECS;9644.0;4;4;4
290200;;;PANEL_1X2;XIRECS;9239.0;4;4;4
290200;;;PANEL_1X4;XIRECS;8439.0;4;4;4
290200;;;PANEL_2X2;XIRECS;8821.0;4;4;4
290200;;;PANEL_2X4;XIRECS;11760.0;4;4;4
290200;;;PANEL_4X4;XIRECS;10455.0;4;4;4
290200;;;ROBOT_DISHES;XIRECS;10596.0;4;4;4
290200;;;ROBOT_IRONING;XIRECS;8317.0;4;4;4
290200;;;ROBOT_LAUNDRY;XIRECS;8802.0;4;4;4
290200;;;ROBOT_MOPPING;XIRECS;12005.0;4;4;4
290200;;;ROBOT_VACUUMING;XIRECS;8619.0;4;4;4
290200;;;SLEEP_POD_COTTON;XIRECS;13032.0;4;4;4
290200;;;SLEEP_POD_LAMB_WOOL;XIRECS;10435.0;4;4;4
290200;;;SLEEP_POD_NYLON;XIRECS;9928.0;4;4;4
290200;;;SLEEP_POD_POLYESTER;XIRECS;12858.0;4;4;4
290200;;;SLEEP_POD_SUEDE;XIRECS;11896.0;4;4;4
290200;;;SNACKPACK_CHOCOLATE;XIRECS;9697.0;4;4;4
290200;;;SNACKPACK_RASPBERRY;XIRECS;9829.0;4;4;4
290200;;;TRANSLATOR_ASTRO_BLACK;XIRECS;9258.0;4;4;4
290200;;;TRANSLATOR_ECLIPSE_CHARCOAL;XIRECS;10089.0;4;4;4
290200;;;TRANSLATOR_GRAPHITE_MIST;XIRECS;10649.0;4;4;4
290200;;;TRANSLATOR_SPACE_GRAY;XIRECS;9048.0;4;4;4
290200;;;TRANSLATOR_VOID_BLUE;XIRECS;10956.0;4;4;4
290200;;;UV_VISOR_AMBER;XIRECS;6800.0;4;4;4
290200;;;UV_VISOR_MAGENTA;XIRECS;12317.0;4;4;4
290200;;;UV_VISOR_ORANGE;XIRECS;11259.0;4;4;4
290200;;;UV_VISOR_RED;XIRECS;11608.0;4;4;4
290200;;;UV_VISOR_YELLOW;XIRECS;11473.0;4;4;4
291400;;;MICROCHIP_CIRCLE;XIRECS;8916.0;3;4;4
291400;;;MICROCHIP_OVAL;XIRECS;6352.0;3;4;4
291400;;;MICROCHIP_RECTANGLE;XIRECS;8303.0;3;4;4
291400;;;MICROCHIP_SQUARE;XIRECS;15344.0;3;4;4
291400;;;MICROCHIP_TRIANGLE;XIRECS;8563.0;3;4;4
292700;SUBMISSION;;PANEL_1X4;XIRECS;8466.0;5;4;4
293000;;;GALAXY_SOUNDS_BLACK_HOLES;XIRECS;12435.0;2;4;4
293000;;;GALAXY_SOUNDS_DARK_MATTER;XIRECS;10397.0;2;4;4
293000;;;GALAXY_SOUNDS_PLANETARY_RINGS;XIRECS;10456.0;2;4;4
293000;;;GALAXY_SOUNDS_SOLAR_FLAMES;XIRECS;10606.0;2;4;4
293000;;;GALAXY_SOUNDS_SOLAR_WINDS;XIRECS;11097.0;2;4;4
293000;;;OXYGEN_SHAKE_CHOCOLATE;XIRECS;9476.0;2;4;4
293000;;;OXYGEN_SHAKE_EVENING_BREATH;XIRECS;9834.0;2;4;4
293000;;;OXYGEN_SHAKE_GARLIC;XIRECS;12108.0;2;4;4
293000;;;OXYGEN_SHAKE_MINT;XIRECS;8670.0;2;4;4
293000;;;OXYGEN_SHAKE_MORNING_BREATH;XIRECS;9582.0;2;4;4
293000;;;PANEL_1X2;XIRECS;9215.0;2;4;4
293000;;;PANEL_1X4;XIRECS;8477.0;2;4;4
293000;;;PANEL_2X2;XIRECS;8830.0;2;4;4
293000;;;PANEL_2X4;XIRECS;11850.0;2;4;4
293000;;;PANEL_4X4;XIRECS;10419.0;2;4;4
293000;;;ROBOT_DISHES;XIRECS;10496.0;2;4;4
293000;;;ROBOT_IRONING;XIRECS;8337.0;2;4;4
293000;;;ROBOT_LAUNDRY;XIRECS;8730.0;2;4;4
293000;;;ROBOT_MOPPING;XIRECS;12013.0;2;4;4
293000;;;ROBOT_VACUUMING;XIRECS;8661.0;2;4;4
293000;;;SLEEP_POD_COTTON;XIRECS;13153.0;2;4;4
293000;;;SLEEP_POD_LAMB_WOOL;XIRECS;10462.0;2;4;4
293000;;;SLEEP_POD_NYLON;XIRECS;9861.0;2;4;4
293000;;;SLEEP_POD_POLYESTER;XIRECS;12830.0;2;4;4
293000;;;SLEEP_POD_SUEDE;XIRECS;11863.0;2;4;4
293000;;;SNACKPACK_CHOCOLATE;XIRECS;9734.0;2;4;4
293000;;;SNACKPACK_PISTACHIO;XIRECS;9410.0;2;4;4
293000;;;SNACKPACK_RASPBERRY;XIRECS;9873.0;2;4;4
293000;;;SNACKPACK_STRAWBERRY;XIRECS;11093.0;2;4;4
293000;;;SNACKPACK_VANILLA;XIRECS;10055.0;2;4;4
293000;;;TRANSLATOR_ASTRO_BLACK;XIRECS;9212.0;2;4;4
293000;;;TRANSLATOR_ECLIPSE_CHARCOAL;XIRECS;10095.0;2;4;4
293000;;;TRANSLATOR_GRAPHITE_MIST;XIRECS;10611.0;2;4;4
293000;;;TRANSLATOR_SPACE_GRAY;XIRECS;9049.0;2;4;4
293000;;;TRANSLATOR_VOID_BLUE;XIRECS;11059.0;2;4;4
293000;;;UV_VISOR_AMBER;XIRECS;6790.0;2;4;4
293000;;;UV_VISOR_MAGENTA;XIRECS;12321.0;2;4;4
293000;;;UV_VISOR_ORANGE;XIRECS;11314.0;2;4;4
293000;;;UV_VISOR_RED;XIRECS;11693.0;2;4;4
293000;;;UV_VISOR_YELLOW;XIRECS;11552.0;2;4;4
294400;SUBMISSION;;SNACKPACK_PISTACHIO;XIRECS;9441.0;4;4;4
294400;SUBMISSION;;SNACKPACK_STRAWBERRY;XIRECS;11134.0;4;4;4
294400;SUBMISSION;;SNACKPACK_VANILLA;XIRECS;10073.0;4;4;4
295000;;;MICROCHIP_CIRCLE;XIRECS;8921.0;2;4;4
295000;;;MICROCHIP_OVAL;XIRECS;6447.0;2;4;4
295000;;;MICROCHIP_RECTANGLE;XIRECS;8367.0;2;4;4
295000;;;MICROCHIP_SQUARE;XIRECS;15400.0;2;4;4
295000;;;MICROCHIP_TRIANGLE;XIRECS;8587.0;2;4;4
295500;;SUBMISSION;PEBBLES_XL;XIRECS;13736.0;5;4;4
296300;SUBMISSION;;PEBBLES_XL;XIRECS;13838.0;6;4;4
296300;SUBMISSION;;PEBBLES_XL;XIRECS;13847.0;1;4;4
296700;;SUBMISSION;OXYGEN_SHAKE_MORNING_BREATH;XIRECS;9467.0;5;4;4
298100;;SUBMISSION;PEBBLES_XL;XIRECS;13982.0;7;4;4
299500;;;GALAXY_SOUNDS_BLACK_HOLES;XIRECS;12357.0;1;4;4
299500;;;GALAXY_SOUNDS_DARK_MATTER;XIRECS;10246.0;1;4;4
299500;;;GALAXY_SOUNDS_PLANETARY_RINGS;XIRECS;10467.0;1;4;4
299500;;;GALAXY_SOUNDS_SOLAR_FLAMES;XIRECS;10613.0;1;4;4
299500;;;GALAXY_SOUNDS_SOLAR_WINDS;XIRECS;11142.0;1;4;4
299500;;;OXYGEN_SHAKE_CHOCOLATE;XIRECS;9506.0;1;4;4
299500;;;OXYGEN_SHAKE_EVENING_BREATH;XIRECS;9844.0;1;4;4
299500;;;OXYGEN_SHAKE_GARLIC;XIRECS;12240.0;1;4;4
299500;;;OXYGEN_SHAKE_MINT;XIRECS;8747.0;1;4;4
299500;;;OXYGEN_SHAKE_MORNING_BREATH;XIRECS;9492.0;1;4;4
299500;;;PANEL_1X2;XIRECS;9234.0;1;4;4
299500;;;PANEL_1X4;XIRECS;8388.0;1;4;4
299500;;;PANEL_2X2;XIRECS;8817.0;1;4;4
299500;;;PANEL_2X4;XIRECS;11860.0;1;4;4
299500;;;PANEL_4X4;XIRECS;10389.0;1;4;4
299500;;;ROBOT_DISHES;XIRECS;10596.0;1;4;4
299500;;;ROBOT_IRONING;XIRECS;8307.0;1;4;4
299500;;;ROBOT_LAUNDRY;XIRECS;8721.0;1;4;4
299500;;;ROBOT_MOPPING;XIRECS;11979.0;1;4;4
299500;;;ROBOT_VACUUMING;XIRECS;8640.0;1;4;4
299500;;;SLEEP_POD_COTTON;XIRECS;13232.0;1;4;4
299500;;;SLEEP_POD_LAMB_WOOL;XIRECS;10486.0;1;4;4
299500;;;SLEEP_POD_NYLON;XIRECS;9925.0;1;4;4
299500;;;SLEEP_POD_POLYESTER;XIRECS;12816.0;1;4;4
299500;;;SLEEP_POD_SUEDE;XIRECS;12032.0;1;4;4
299500;;;SNACKPACK_CHOCOLATE;XIRECS;9737.0;1;4;4
299500;;;SNACKPACK_PISTACHIO;XIRECS;9501.0;1;4;4
299500;;;SNACKPACK_RASPBERRY;XIRECS;9775.0;1;4;4
299500;;;SNACKPACK_STRAWBERRY;XIRECS;11205.0;1;4;4
299500;;;SNACKPACK_VANILLA;XIRECS;10042.0;1;4;4
299500;;;TRANSLATOR_ASTRO_BLACK;XIRECS;9115.0;1;4;4
299500;;;TRANSLATOR_ECLIPSE_CHARCOAL;XIRECS;10032.0;1;4;4
299500;;;TRANSLATOR_GRAPHITE_MIST;XIRECS;10634.0;1;4;4
299500;;;TRANSLATOR_SPACE_GRAY;XIRECS;9031.0;1;4;4
299500;;;TRANSLATOR_VOID_BLUE;XIRECS;11192.0;1;4;4
299500;;;UV_VISOR_AMBER;XIRECS;6854.0;1;4;4
299500;;;UV_VISOR_MAGENTA;XIRECS;12328.0;1;4;4
299500;;;UV_VISOR_ORANGE;XIRECS;11297.0;1;4;4
299500;;;UV_VISOR_RED;XIRECS;11794.0;1;4;4
299500;;;UV_VISOR_YELLOW;XIRECS;11502.0;1;4;4
300000;;SUBMISSION;OXYGEN_SHAKE_MORNING_BREATH;XIRECS;9494.0;5;4;4
301400;SUBMISSION;;PEBBLES_XL;XIRECS;14130.0;6;4;4
301600;SUBMISSION;;PEBBLES_XL;XIRECS;14148.0;1;4;4
302200;;SUBMISSION;SNACKPACK_PISTACHIO;XIRECS;9537.0;5;4;4
302200;;SUBMISSION;SNACKPACK_STRAWBERRY;XIRECS;11268.0;5;4;4
302200;;SUBMISSION;SNACKPACK_VANILLA;XIRECS;10060.0;5;4;4
302800;;SUBMISSION;PEBBLES_XL;XIRECS;14137.0;2;4;4
302800;;;PEBBLES_L;XIRECS;10862.0;5;4;4
302800;;;PEBBLES_M;XIRECS;9967.0;5;4;4
302800;;;PEBBLES_S;XIRECS;8630.0;5;4;4
302800;;;PEBBLES_XS;XIRECS;6435.0;5;4;4
302900;SUBMISSION;;PEBBLES_XL;XIRECS;14134.0;2;4;4
303400;SUBMISSION;;GALAXY_SOUNDS_PLANETARY_RINGS;XIRECS;10530.0;5;4;4
305400;SUBMISSION;;SNACKPACK_PISTACHIO;XIRECS;9556.0;1;4;4
305400;SUBMISSION;;SNACKPACK_STRAWBERRY;XIRECS;11316.0;1;4;4
305400;SUBMISSION;;SNACKPACK_VANILLA;XIRECS;10118.0;1;4;4
305400;;;GALAXY_SOUNDS_BLACK_HOLES;XIRECS;12432.0;2;4;4
305400;;;GALAXY_SOUNDS_DARK_MATTER;XIRECS;10114.0;2;4;4
305400;;;GALAXY_SOUNDS_PLANETARY_RINGS;XIRECS;10538.0;2;4;4
305400;;;GALAXY_SOUNDS_SOLAR_FLAMES;XIRECS;10705.0;2;4;4
305400;;;GALAXY_SOUNDS_SOLAR_WINDS;XIRECS;11227.0;2;4;4
305400;;;OXYGEN_SHAKE_CHOCOLATE;XIRECS;9487.0;2;4;4
305400;;;OXYGEN_SHAKE_EVENING_BREATH;XIRECS;9874.0;2;4;4
305400;;;OXYGEN_SHAKE_GARLIC;XIRECS;12521.0;2;4;4
305400;;;OXYGEN_SHAKE_MINT;XIRECS;8774.0;2;4;4
305400;;;OXYGEN_SHAKE_MORNING_BREATH;XIRECS;9516.0;2;4;4
305400;;;PANEL_1X2;XIRECS;9090.0;2;4;4
305400;;;PANEL_1X4;XIRECS;8424.0;2;4;4
305400;;;PANEL_2X2;XIRECS;8817.0;2;4;4
305400;;;PANEL_2X4;XIRECS;11843.0;2;4;4
305400;;;PANEL_4X4;XIRECS;10392.0;2;4;4
305400;;;ROBOT_DISHES;XIRECS;10596.0;2;4;4
305400;;;ROBOT_IRONING;XIRECS;8207.0;2;4;4
305400;;;ROBOT_LAUNDRY;XIRECS;8640.0;2;4;4
305400;;;ROBOT_MOPPING;XIRECS;11958.0;2;4;4
305400;;;ROBOT_VACUUMING;XIRECS;8589.0;2;4;4
305400;;;SLEEP_POD_COTTON;XIRECS;13257.0;2;4;4
305400;;;SLEEP_POD_LAMB_WOOL;XIRECS;10472.0;2;4;4
305400;;;SLEEP_POD_NYLON;XIRECS;9982.0;2;4;4
305400;;;SLEEP_POD_POLYESTER;XIRECS;12825.0;2;4;4
305400;;;SLEEP_POD_SUEDE;XIRECS;11982.0;2;4;4
305400;;;SNACKPACK_CHOCOLATE;XIRECS;9666.0;2;4;4
305400;;;SNACKPACK_RASPBERRY;XIRECS;9697.0;2;4;4
305400;;;TRANSLATOR_ASTRO_BLACK;XIRECS;9116.0;2;4;4
305400;;;TRANSLATOR_ECLIPSE_CHARCOAL;XIRECS;10092.0;2;4;4
305400;;;TRANSLATOR_GRAPHITE_MIST;XIRECS;10654.0;2;4;4
305400;;;TRANSLATOR_SPACE_GRAY;XIRECS;9073.0;2;4;4
305400;;;TRANSLATOR_VOID_BLUE;XIRECS;11222.0;2;4;4
305400;;;UV_VISOR_AMBER;XIRECS;6805.0;2;4;4
305400;;;UV_VISOR_MAGENTA;XIRECS;12089.0;2;4;4
305400;;;UV_VISOR_ORANGE;XIRECS;11374.0;2;4;4
305400;;;UV_VISOR_RED;XIRECS;11865.0;2;4;4
305400;;;UV_VISOR_YELLOW;XIRECS;11422.0;2;4;4
306800;;;GALAXY_SOUNDS_BLACK_HOLES;XIRECS;12523.0;4;4;4
306800;;;GALAXY_SOUNDS_DARK_MATTER;XIRECS;10240.0;4;4;4
306800;;;GALAXY_SOUNDS_PLANETARY_RINGS;XIRECS;10622.0;4;4;4
306800;;;GALAXY_SOUNDS_SOLAR_FLAMES;XIRECS;10714.0;4;4;4
306800;;;GALAXY_SOUNDS_SOLAR_WINDS;XIRECS;11270.0;4;4;4
306800;;;OXYGEN_SHAKE_CHOCOLATE;XIRECS;9505.0;4;4;4
306800;;;OXYGEN_SHAKE_EVENING_BREATH;XIRECS;9846.0;4;4;4
306800;;;OXYGEN_SHAKE_GARLIC;XIRECS;12558.0;4;4;4
306800;;;OXYGEN_SHAKE_MINT;XIRECS;8847.0;4;4;4
306800;;;OXYGEN_SHAKE_MORNING_BREATH;XIRECS;9579.0;4;4;4
306800;;;PANEL_1X2;XIRECS;9157.0;4;4;4
306800;;;PANEL_1X4;XIRECS;8420.0;4;4;4
306800;;;PANEL_2X2;XIRECS;8840.0;4;4;4
306800;;;PANEL_2X4;XIRECS;11802.0;4;4;4
306800;;;PANEL_4X4;XIRECS;10398.0;4;4;4
306800;;;ROBOT_DISHES;XIRECS;10604.0;4;4;4
306800;;;ROBOT_IRONING;XIRECS;8263.0;4;4;4
306800;;;ROBOT_LAUNDRY;XIRECS;8657.0;4;4;4
306800;;;ROBOT_MOPPING;XIRECS;11935.0;4;4;4
306800;;;ROBOT_VACUUMING;XIRECS;8605.0;4;4;4
306800;;;SLEEP_POD_COTTON;XIRECS;13246.0;4;4;4
306800;;;SLEEP_POD_LAMB_WOOL;XIRECS;10411.0;4;4;4
306800;;;SLEEP_POD_NYLON;XIRECS;10022.0;4;4;4
306800;;;SLEEP_POD_POLYESTER;XIRECS;12891.0;4;4;4
306800;;;SLEEP_POD_SUEDE;XIRECS;11985.0;4;4;4
306800;;;SNACKPACK_CHOCOLATE;XIRECS;9688.0;4;4;4
306800;;;SNACKPACK_PISTACHIO;XIRECS;9570.0;4;4;4
306800;;;SNACKPACK_RASPBERRY;XIRECS;9733.0;4;4;4
306800;;;SNACKPACK_STRAWBERRY;XIRECS;11322.0;4;4;4
306800;;;SNACKPACK_VANILLA;XIRECS;10127.0;4;4;4
306800;;;TRANSLATOR_ASTRO_BLACK;XIRECS;9112.0;4;4;4
306800;;;TRANSLATOR_ECLIPSE_CHARCOAL;XIRECS;10115.0;4;4;4
306800;;;TRANSLATOR_GRAPHITE_MIST;XIRECS;10708.0;4;4;4
306800;;;TRANSLATOR_SPACE_GRAY;XIRECS;9118.0;4;4;4
306800;;;TRANSLATOR_VOID_BLUE;XIRECS;11297.0;4;4;4
306800;;;UV_VISOR_AMBER;XIRECS;6785.0;4;4;4
306800;;;UV_VISOR_MAGENTA;XIRECS;12100.0;4;4;4
306800;;;UV_VISOR_ORANGE;XIRECS;11370.0;4;4;4
306800;;;UV_VISOR_RED;XIRECS;11969.0;4;4;4
306800;;;UV_VISOR_YELLOW;XIRECS;11373.0;4;4;4
307000;SUBMISSION;;GALAXY_SOUNDS_PLANETARY_RINGS;XIRECS;10618.0;5;4;4
307000;SUBMISSION;;OXYGEN_SHAKE_MORNING_BREATH;XIRECS;9617.0;5;4;4
307100;SUBMISSION;;SNACKPACK_PISTACHIO;XIRECS;9560.0;4;4;4
307100;SUBMISSION;;SNACKPACK_STRAWBERRY;XIRECS;11303.0;4;4;4
307100;SUBMISSION;;SNACKPACK_VANILLA;XIRECS;10100.0;4;4;4
308300;;;PEBBLES_L;XIRECS;10848.0;2;4;4
308300;;;PEBBLES_M;XIRECS;10016.0;2;4;4
308300;;;PEBBLES_S;XIRECS;8560.0;2;4;4
308300;;;PEBBLES_XL;XIRECS;14238.0;2;4;4
308300;;;PEBBLES_XS;XIRECS;6305.0;2;4;4
308500;;SUBMISSION;SNACKPACK_PISTACHIO;XIRECS;9545.0;5;4;4
308500;;SUBMISSION;SNACKPACK_STRAWBERRY;XIRECS;11285.0;5;4;4
308500;;SUBMISSION;SNACKPACK_VANILLA;XIRECS;10109.0;5;4;4
308700;;SUBMISSION;ROBOT_MOPPING;XIRECS;11855.0;4;4;4
308800;;SUBMISSION;ROBOT_MOPPING;XIRECS;11852.0;1;4;4
308900;SUBMISSION;;GALAXY_SOUNDS_PLANETARY_RINGS;XIRECS;10699.0;5;4;4
309300;SUBMISSION;;SNACKPACK_PISTACHIO;XIRECS;9551.0;5;4;4
309300;SUBMISSION;;SNACKPACK_STRAWBERRY;XIRECS;11298.0;5;4;4
309300;SUBMISSION;;SNACKPACK_VANILLA;XIRECS;10098.0;5;4;4
309400;;SUBMISSION;PEBBLES_XL;XIRECS;14315.0;3;4;4
309500;;SUBMISSION;PEBBLES_XL;XIRECS;14300.0;5;4;4
309800;;;MICROCHIP_CIRCLE;XIRECS;8893.0;1;4;4
309800;;;MICROCHIP_OVAL;XIRECS;6514.0;1;4;4
309800;;;MICROCHIP_RECTANGLE;XIRECS;8495.0;1;4;4
309800;;;MICROCHIP_SQUARE;XIRECS;15499.0;1;4;4
309800;;;MICROCHIP_TRIANGLE;XIRECS;8710.0;1;4;4
310100;SUBMISSION;;GALAXY_SOUNDS_PLANETARY_RINGS;XIRECS;10729.0;5;4;4
310300;;SUBMISSION;SNACKPACK_PISTACHIO;XIRECS;9555.0;5;4;4
310300;;SUBMISSION;SNACKPACK_STRAWBERRY;XIRECS;11298.0;5;4;4
310300;;SUBMISSION;PANEL_1X4;XIRECS;8368.0;5;4;4
310300;;SUBMISSION;SNACKPACK_VANILLA;XIRECS;10092.0;5;4;4
310400;SUBMISSION;;OXYGEN_SHAKE_MORNING_BREATH;XIRECS;9656.0;5;4;4
310700;;SUBMISSION;PEBBLES_XL;XIRECS;14280.0;2;4;4
310700;;;PEBBLES_L;XIRECS;10853.0;4;4;4
310700;;;PEBBLES_M;XIRECS;10073.0;4;4;4
310700;;;PEBBLES_S;XIRECS;8461.0;4;4;4
310700;;;PEBBLES_XS;XIRECS;6364.0;4;4;4
310800;;;MICROCHIP_CIRCLE;XIRECS;8869.0;3;4;4
310800;;;MICROCHIP_OVAL;XIRECS;6531.0;3;4;4
310800;;;MICROCHIP_RECTANGLE;XIRECS;8506.0;3;4;4
310800;;;MICROCHIP_SQUARE;XIRECS;15462.0;3;4;4
310800;;;MICROCHIP_TRIANGLE;XIRECS;8735.0;3;4;4
311000;;SUBMISSION;ROBOT_MOPPING;XIRECS;11869.0;5;4;4
311900;;;GALAXY_SOUNDS_BLACK_HOLES;XIRECS;12706.0;1;4;4
311900;;;GALAXY_SOUNDS_DARK_MATTER;XIRECS;10175.0;1;4;4
311900;;;GALAXY_SOUNDS_PLANETARY_RINGS;XIRECS;10693.0;1;4;4
311900;;;GALAXY_SOUNDS_SOLAR_FLAMES;XIRECS;10734.0;1;4;4
311900;;;GALAXY_SOUNDS_SOLAR_WINDS;XIRECS;11312.0;1;4;4
311900;;;OXYGEN_SHAKE_CHOCOLATE;XIRECS;9611.0;1;4;4
311900;;;OXYGEN_SHAKE_EVENING_BREATH;XIRECS;9856.0;1;4;4
311900;;;OXYGEN_SHAKE_GARLIC;XIRECS;12610.0;1;4;4
311900;;;OXYGEN_SHAKE_MINT;XIRECS;8906.0;1;4;4
311900;;;OXYGEN_SHAKE_MORNING_BREATH;XIRECS;9601.0;1;4;4
311900;;;PANEL_1X2;XIRECS;9058.0;1;4;4
311900;;;PANEL_1X4;XIRECS;8323.0;1;4;4
311900;;;PANEL_2X2;XIRECS;8845.0;1;4;4
311900;;;PANEL_2X4;XIRECS;11773.0;1;4;4
311900;;;PANEL_4X4;XIRECS;10397.0;1;4;4
311900;;;ROBOT_DISHES;XIRECS;10604.0;1;4;4
311900;;;ROBOT_IRONING;XIRECS;8263.0;1;4;4
311900;;;ROBOT_LAUNDRY;XIRECS;8614.0;1;4;4
311900;;;ROBOT_MOPPING;XIRECS;11884.0;1;4;4
311900;;;ROBOT_VACUUMING;XIRECS;8473.0;1;4;4
311900;;;SLEEP_POD_COTTON;XIRECS;13065.0;1;4;4
311900;;;SLEEP_POD_LAMB_WOOL;XIRECS;10465.0;1;4;4
311900;;;SLEEP_POD_NYLON;XIRECS;9961.0;1;4;4
311900;;;SLEEP_POD_POLYESTER;XIRECS;13040.0;1;4;4
311900;;;SLEEP_POD_SUEDE;XIRECS;11972.0;1;4;4
311900;;;SNACKPACK_CHOCOLATE;XIRECS;9661.0;1;4;4
311900;;;SNACKPACK_PISTACHIO;XIRECS;9559.0;1;4;4
311900;;;SNACKPACK_RASPBERRY;XIRECS;9756.0;1;4;4
311900;;;SNACKPACK_STRAWBERRY;XIRECS;11295.0;1;4;4
311900;;;SNACKPACK_VANILLA;XIRECS;10140.0;1;4;4
311900;;;TRANSLATOR_ASTRO_BLACK;XIRECS;9177.0;1;4;4
311900;;;TRANSLATOR_ECLIPSE_CHARCOAL;XIRECS;9985.0;1;4;4
311900;;;TRANSLATOR_GRAPHITE_MIST;XIRECS;10622.0;1;4;4
311900;;;TRANSLATOR_SPACE_GRAY;XIRECS;9026.0;1;4;4
311900;;;TRANSLATOR_VOID_BLUE;XIRECS;11279.0;1;4;4
311900;;;UV_VISOR_AMBER;XIRECS;6792.0;1;4;4
311900;;;UV_VISOR_MAGENTA;XIRECS;12074.0;1;4;4
311900;;;UV_VISOR_ORANGE;XIRECS;11367.0;1;4;4
311900;;;UV_VISOR_RED;XIRECS;11973.0;1;4;4
311900;;;UV_VISOR_YELLOW;XIRECS;11321.0;1;4;4
312100;SUBMISSION;;SNACKPACK_PISTACHIO;XIRECS;9545.0;1;4;4
312100;SUBMISSION;;SNACKPACK_STRAWBERRY;XIRECS;11282.0;1;4;4
312100;SUBMISSION;;SNACKPACK_VANILLA;XIRECS;10125.0;1;4;4
312100;;;GALAXY_SOUNDS_BLACK_HOLES;XIRECS;12670.0;1;4;4
312100;;;GALAXY_SOUNDS_DARK_MATTER;XIRECS;10169.0;1;4;4
312100;;;GALAXY_SOUNDS_PLANETARY_RINGS;XIRECS;10693.0;1;4;4
312100;;;GALAXY_SOUNDS_SOLAR_FLAMES;XIRECS;10718.0;1;4;4
312100;;;GALAXY_SOUNDS_SOLAR_WINDS;XIRECS;11307.0;1;4;4
312100;;;OXYGEN_SHAKE_CHOCOLATE;XIRECS;9589.0;1;4;4
312100;;;OXYGEN_SHAKE_EVENING_BREATH;XIRECS;9834.0;1;4;4
312100;;;OXYGEN_SHAKE_GARLIC;XIRECS;12585.0;1;4;4
312100;;;OXYGEN_SHAKE_MINT;XIRECS;8897.0;1;4;4
312100;;;OXYGEN_SHAKE_MORNING_BREATH;XIRECS;9587.0;1;4;4
312100;;;PANEL_1X2;XIRECS;9047.0;1;4;4
312100;;;PANEL_1X4;XIRECS;8322.0;1;4;4
312100;;;PANEL_2X2;XIRECS;8817.0;1;4;4
312100;;;PANEL_2X4;XIRECS;11740.0;1;4;4
312100;;;PANEL_4X4;XIRECS;10363.0;1;4;4
312100;;;ROBOT_DISHES;XIRECS;10596.0;1;4;4
312100;;;ROBOT_IRONING;XIRECS;8267.0;1;4;4
312100;;;ROBOT_LAUNDRY;XIRECS;8617.0;1;4;4
312100;;;ROBOT_MOPPING;XIRECS;11883.0;1;4;4
312100;;;ROBOT_VACUUMING;XIRECS;8473.0;1;4;4
312100;;;SLEEP_POD_COTTON;XIRECS;13088.0;1;4;4
312100;;;SLEEP_POD_LAMB_WOOL;XIRECS;10452.0;1;4;4
312100;;;SLEEP_POD_NYLON;XIRECS;9982.0;1;4;4
312100;;;SLEEP_POD_POLYESTER;XIRECS;13021.0;1;4;4
312100;;;SLEEP_POD_SUEDE;XIRECS;11968.0;1;4;4
312100;;;SNACKPACK_CHOCOLATE;XIRECS;9640.0;1;4;4
312100;;;SNACKPACK_RASPBERRY;XIRECS;9732.0;1;4;4
312100;;;TRANSLATOR_ASTRO_BLACK;XIRECS;9151.0;1;4;4
312100;;;TRANSLATOR_ECLIPSE_CHARCOAL;XIRECS;9991.0;1;4;4
312100;;;TRANSLATOR_GRAPHITE_MIST;XIRECS;10634.0;1;4;4
312100;;;TRANSLATOR_SPACE_GRAY;XIRECS;8989.0;1;4;4
312100;;;TRANSLATOR_VOID_BLUE;XIRECS;11286.0;1;4;4
312100;;;UV_VISOR_AMBER;XIRECS;6782.0;1;4;4
312100;;;UV_VISOR_MAGENTA;XIRECS;12043.0;1;4;4
312100;;;UV_VISOR_ORANGE;XIRECS;11345.0;1;4;4
312100;;;UV_VISOR_RED;XIRECS;11959.0;1;4;4
312100;;;UV_VISOR_YELLOW;XIRECS;11312.0;1;4;4
314200;;SUBMISSION;ROBOT_MOPPING;XIRECS;11777.0;5;4;4
314700;;SUBMISSION;PEBBLES_XL;XIRECS;14318.0;2;4;4
314700;;;PEBBLES_L;XIRECS;10818.0;2;4;4
314700;;;PEBBLES_M;XIRECS;10131.0;2;4;4
314700;;;PEBBLES_S;XIRECS;8405.0;2;4;4
314700;;;PEBBLES_XS;XIRECS;6360.0;2;4;4
315100;;;MICROCHIP_CIRCLE;XIRECS;8944.0;2;4;4
315100;;;MICROCHIP_OVAL;XIRECS;6602.0;2;4;4
315100;;;MICROCHIP_RECTANGLE;XIRECS;8440.0;2;4;4
315100;;;MICROCHIP_SQUARE;XIRECS;15344.0;2;4;4
315100;;;MICROCHIP_TRIANGLE;XIRECS;8869.0;2;4;4
315600;SUBMISSION;;PEBBLES_XL;XIRECS;14302.0;6;4;4
316300;;;GALAXY_SOUNDS_BLACK_HOLES;XIRECS;12633.0;4;4;4
316300;;;GALAXY_SOUNDS_DARK_MATTER;XIRECS;10151.0;4;4;4
316300;;;GALAXY_SOUNDS_PLANETARY_RINGS;XIRECS;10643.0;4;4;4
316300;;;GALAXY_SOUNDS_SOLAR_FLAMES;XIRECS;10685.0;4;4;4
316300;;;GALAXY_SOUNDS_SOLAR_WINDS;XIRECS;11327.0;4;4;4
316300;;;OXYGEN_SHAKE_CHOCOLATE;XIRECS;9530.0;4;4;4
316300;;;OXYGEN_SHAKE_EVENING_BREATH;XIRECS;9794.0;4;4;4
316300;;;OXYGEN_SHAKE_GARLIC;XIRECS;12605.0;4;4;4
316300;;;OXYGEN_SHAKE_MINT;XIRECS;8909.0;4;4;4
316300;;;OXYGEN_SHAKE_MORNING_BREATH;XIRECS;9604.0;4;4;4
316300;;;PANEL_1X2;XIRECS;9052.0;4;4;4
316300;;;PANEL_1X4;XIRECS;8371.0;4;4;4
316300;;;PANEL_2X2;XIRECS;8887.0;4;4;4
316300;;;PANEL_2X4;XIRECS;11722.0;4;4;4
316300;;;PANEL_4X4;XIRECS;10298.0;4;4;4
316300;;;ROBOT_DISHES;XIRECS;10596.0;4;4;4
316300;;;ROBOT_IRONING;XIRECS;8277.0;4;4;4
316300;;;ROBOT_LAUNDRY;XIRECS;8574.0;4;4;4
316300;;;ROBOT_MOPPING;XIRECS;11800.0;4;4;4
316300;;;ROBOT_VACUUMING;XIRECS;8485.0;4;4;4
316300;;;SLEEP_POD_COTTON;XIRECS;13137.0;4;4;4
316300;;;SLEEP_POD_LAMB_WOOL;XIRECS;10352.0;4;4;4
316300;;;SLEEP_POD_NYLON;XIRECS;10116.0;4;4;4
316300;;;SLEEP_POD_POLYESTER;XIRECS;13129.0;4;4;4
316300;;;SLEEP_POD_SUEDE;XIRECS;12101.0;4;4;4
316300;;;SNACKPACK_CHOCOLATE;XIRECS;9678.0;4;4;4
316300;;;SNACKPACK_PISTACHIO;XIRECS;9502.0;4;4;4
316300;;;SNACKPACK_RASPBERRY;XIRECS;9772.0;4;4;4
316300;;;SNACKPACK_STRAWBERRY;XIRECS;11232.0;4;4;4
316300;;;SNACKPACK_VANILLA;XIRECS;10103.0;4;4;4
316300;;;TRANSLATOR_ASTRO_BLACK;XIRECS;9219.0;4;4;4
316300;;;TRANSLATOR_ECLIPSE_CHARCOAL;XIRECS;10046.0;4;4;4
316300;;;TRANSLATOR_GRAPHITE_MIST;XIRECS;10702.0;4;4;4
316300;;;TRANSLATOR_SPACE_GRAY;XIRECS;8835.0;4;4;4
316300;;;TRANSLATOR_VOID_BLUE;XIRECS;11411.0;4;4;4
316300;;;UV_VISOR_AMBER;XIRECS;6858.0;4;4;4
316300;;;UV_VISOR_MAGENTA;XIRECS;12043.0;4;4;4
316300;;;UV_VISOR_ORANGE;XIRECS;11296.0;4;4;4
316300;;;UV_VISOR_RED;XIRECS;12076.0;4;4;4
316300;;;UV_VISOR_YELLOW;XIRECS;11247.0;4;4;4
317100;;SUBMISSION;ROBOT_MOPPING;XIRECS;11755.0;5;4;4
317500;;;GALAXY_SOUNDS_BLACK_HOLES;XIRECS;12706.0;3;4;4
317500;;;GALAXY_SOUNDS_DARK_MATTER;XIRECS;10177.0;3;4;4
317500;;;GALAXY_SOUNDS_PLANETARY_RINGS;XIRECS;10615.0;3;4;4
317500;;;GALAXY_SOUNDS_SOLAR_FLAMES;XIRECS;10766.0;3;4;4
317500;;;GALAXY_SOUNDS_SOLAR_WINDS;XIRECS;11333.0;3;4;4
317500;;;OXYGEN_SHAKE_CHOCOLATE;XIRECS;9531.0;3;4;4
317500;;;OXYGEN_SHAKE_EVENING_BREATH;XIRECS;9764.0;3;4;4
317500;;;OXYGEN_SHAKE_GARLIC;XIRECS;12610.0;3;4;4
317500;;;OXYGEN_SHAKE_MINT;XIRECS;8950.0;3;4;4
317500;;;OXYGEN_SHAKE_MORNING_BREATH;XIRECS;9583.0;3;4;4
317500;;;PANEL_1X2;XIRECS;9057.0;3;4;4
317500;;;PANEL_1X4;XIRECS;8387.0;3;4;4
317500;;;PANEL_2X2;XIRECS;8811.0;3;4;4
317500;;;PANEL_2X4;XIRECS;11775.0;3;4;4
317500;;;PANEL_4X4;XIRECS;10284.0;3;4;4
317500;;;ROBOT_DISHES;XIRECS;10596.0;3;4;4
317500;;;ROBOT_IRONING;XIRECS;8187.0;3;4;4
317500;;;ROBOT_LAUNDRY;XIRECS;8619.0;3;4;4
317500;;;ROBOT_MOPPING;XIRECS;11765.0;3;4;4
317500;;;ROBOT_VACUUMING;XIRECS;8485.0;3;4;4
317500;;;SLEEP_POD_COTTON;XIRECS;13074.0;3;4;4
317500;;;SLEEP_POD_LAMB_WOOL;XIRECS;10381.0;3;4;4
317500;;;SLEEP_POD_NYLON;XIRECS;10106.0;3;4;4
317500;;;SLEEP_POD_POLYESTER;XIRECS;13124.0;3;4;4
317500;;;SLEEP_POD_SUEDE;XIRECS;12062.0;3;4;4
317500;;;SNACKPACK_CHOCOLATE;XIRECS;9684.0;3;4;4
317500;;;SNACKPACK_PISTACHIO;XIRECS;9497.0;3;4;4
317500;;;SNACKPACK_RASPBERRY;XIRECS;9791.0;3;4;4
317500;;;SNACKPACK_STRAWBERRY;XIRECS;11218.0;3;4;4
317500;;;SNACKPACK_VANILLA;XIRECS;10096.0;3;4;4
317500;;;TRANSLATOR_ASTRO_BLACK;XIRECS;9223.0;3;4;4
317500;;;TRANSLATOR_ECLIPSE_CHARCOAL;XIRECS;10014.0;3;4;4
317500;;;TRANSLATOR_GRAPHITE_MIST;XIRECS;10671.0;3;4;4
317500;;;TRANSLATOR_SPACE_GRAY;XIRECS;8804.0;3;4;4
317500;;;TRANSLATOR_VOID_BLUE;XIRECS;11447.0;3;4;4
317500;;;UV_VISOR_AMBER;XIRECS;6894.0;3;4;4
317500;;;UV_VISOR_MAGENTA;XIRECS;12104.0;3;4;4
317500;;;UV_VISOR_ORANGE;XIRECS;11278.0;3;4;4
317500;;;UV_VISOR_RED;XIRECS;12049.0;3;4;4
317500;;;UV_VISOR_YELLOW;XIRECS;11309.0;3;4;4
318000;;;GALAXY_SOUNDS_BLACK_HOLES;XIRECS;12699.0;3;4;4
318000;;;GALAXY_SOUNDS_DARK_MATTER;XIRECS;10192.0;3;4;4
318000;;;GALAXY_SOUNDS_PLANETARY_RINGS;XIRECS;10602.0;3;4;4
318000;;;GALAXY_SOUNDS_SOLAR_FLAMES;XIRECS;10778.0;3;4;4
318000;;;GALAXY_SOUNDS_SOLAR_WINDS;XIRECS;11361.0;3;4;4
318000;;;OXYGEN_SHAKE_CHOCOLATE;XIRECS;9486.0;3;4;4
318000;;;OXYGEN_SHAKE_EVENING_BREATH;XIRECS;9784.0;3;4;4
318000;;;OXYGEN_SHAKE_GARLIC;XIRECS;12595.0;3;4;4
318000;;;OXYGEN_SHAKE_MINT;XIRECS;8953.0;3;4;4
318000;;;OXYGEN_SHAKE_MORNING_BREATH;XIRECS;9601.0;3;4;4
318000;;;PANEL_1X2;XIRECS;9039.0;3;4;4
318000;;;PANEL_1X4;XIRECS;8361.0;3;4;4
318000;;;PANEL_2X2;XIRECS;8840.0;3;4;4
318000;;;PANEL_2X4;XIRECS;11761.0;3;4;4
318000;;;PANEL_4X4;XIRECS;10258.0;3;4;4
318000;;;ROBOT_DISHES;XIRECS;10596.0;3;4;4
318000;;;ROBOT_IRONING;XIRECS;8207.0;3;4;4
318000;;;ROBOT_LAUNDRY;XIRECS;8652.0;3;4;4
318000;;;ROBOT_MOPPING;XIRECS;11763.0;3;4;4
318000;;;ROBOT_VACUUMING;XIRECS;8499.0;3;4;4
318000;;;SLEEP_POD_COTTON;XIRECS;13114.0;3;4;4
318000;;;SLEEP_POD_LAMB_WOOL;XIRECS;10422.0;3;4;4
318000;;;SLEEP_POD_NYLON;XIRECS;10133.0;3;4;4
318000;;;SLEEP_POD_POLYESTER;XIRECS;13131.0;3;4;4
318000;;;SLEEP_POD_SUEDE;XIRECS;12071.0;3;4;4
318000;;;SNACKPACK_CHOCOLATE;XIRECS;9695.0;3;4;4
318000;;;SNACKPACK_PISTACHIO;XIRECS;9502.0;3;4;4
318000;;;SNACKPACK_RASPBERRY;XIRECS;9788.0;3;4;4
318000;;;SNACKPACK_STRAWBERRY;XIRECS;11229.0;3;4;4
318000;;;SNACKPACK_VANILLA;XIRECS;10087.0;3;4;4
318000;;;TRANSLATOR_ASTRO_BLACK;XIRECS;9213.0;3;4;4
318000;;;TRANSLATOR_ECLIPSE_CHARCOAL;XIRECS;10025.0;3;4;4
318000;;;TRANSLATOR_GRAPHITE_MIST;XIRECS;10634.0;3;4;4
318000;;;TRANSLATOR_SPACE_GRAY;XIRECS;8829.0;3;4;4
318000;;;TRANSLATOR_VOID_BLUE;XIRECS;11451.0;3;4;4
318000;;;UV_VISOR_AMBER;XIRECS;6903.0;3;4;4
318000;;;UV_VISOR_MAGENTA;XIRECS;12088.0;3;4;4
318000;;;UV_VISOR_ORANGE;XIRECS;11269.0;3;4;4
318000;;;UV_VISOR_RED;XIRECS;12039.0;3;4;4
318000;;;UV_VISOR_YELLOW;XIRECS;11291.0;3;4;4
319500;SUBMISSION;;SNACKPACK_PISTACHIO;XIRECS;9467.0;3;4;4
319500;SUBMISSION;;SNACKPACK_STRAWBERRY;XIRECS;11183.0;3;4;4
319500;SUBMISSION;;SNACKPACK_VANILLA;XIRECS;10131.0;3;4;4
319900;;SUBMISSION;SNACKPACK_PISTACHIO;XIRECS;9462.0;4;4;4
319900;;SUBMISSION;SNACKPACK_STRAWBERRY;XIRECS;11171.0;4;4;4
319900;;SUBMISSION;SNACKPACK_VANILLA;XIRECS;10145.0;4;4;4
320900;;;GALAXY_SOUNDS_BLACK_HOLES;XIRECS;12724.0;4;4;4
320900;;;GALAXY_SOUNDS_DARK_MATTER;XIRECS;10151.0;4;4;4
320900;;;GALAXY_SOUNDS_PLANETARY_RINGS;XIRECS;10559.0;4;4;4
320900;;;GALAXY_SOUNDS_SOLAR_FLAMES;XIRECS;10706.0;4;4;4
320900;;;GALAXY_SOUNDS_SOLAR_WINDS;XIRECS;11362.0;4;4;4
320900;;;OXYGEN_SHAKE_CHOCOLATE;XIRECS;9480.0;4;4;4
320900;;;OXYGEN_SHAKE_EVENING_BREATH;XIRECS;9756.0;4;4;4
320900;;;OXYGEN_SHAKE_GARLIC;XIRECS;12534.0;4;4;4
320900;;;OXYGEN_SHAKE_MINT;XIRECS;9001.0;4;4;4
320900;;;OXYGEN_SHAKE_MORNING_BREATH;XIRECS;9643.0;4;4;4
320900;;;PANEL_1X2;XIRECS;9034.0;4;4;4
320900;;;PANEL_1X4;XIRECS;8411.0;4;4;4
320900;;;PANEL_2X2;XIRECS;8847.0;4;4;4
320900;;;PANEL_2X4;XIRECS;11768.0;4;4;4
320900;;;PANEL_4X4;XIRECS;10305.0;4;4;4
320900;;;ROBOT_DISHES;XIRECS;10504.0;4;4;4
320900;;;ROBOT_IRONING;XIRECS;8213.0;4;4;4
320900;;;ROBOT_LAUNDRY;XIRECS;8719.0;4;4;4
320900;;;ROBOT_MOPPING;XIRECS;11796.0;4;4;4
320900;;;ROBOT_VACUUMING;XIRECS;8562.0;4;4;4
320900;;;SLEEP_POD_COTTON;XIRECS;13127.0;4;4;4
320900;;;SLEEP_POD_LAMB_WOOL;XIRECS;10458.0;4;4;4
320900;;;SLEEP_POD_NYLON;XIRECS;10126.0;4;4;4
320900;;;SLEEP_POD_POLYESTER;XIRECS;13211.0;4;4;4
320900;;;SLEEP_POD_SUEDE;XIRECS;12088.0;4;4;4
320900;;;SNACKPACK_CHOCOLATE;XIRECS;9652.0;4;4;4
320900;;;SNACKPACK_PISTACHIO;XIRECS;9456.0;4;4;4
320900;;;SNACKPACK_RASPBERRY;XIRECS;9866.0;4;4;4
320900;;;SNACKPACK_STRAWBERRY;XIRECS;11174.0;4;4;4
320900;;;SNACKPACK_VANILLA;XIRECS;10159.0;4;4;4
320900;;;TRANSLATOR_ASTRO_BLACK;XIRECS;9178.0;4;4;4
320900;;;TRANSLATOR_ECLIPSE_CHARCOAL;XIRECS;9987.0;4;4;4
320900;;;TRANSLATOR_GRAPHITE_MIST;XIRECS;10616.0;4;4;4
320900;;;TRANSLATOR_SPACE_GRAY;XIRECS;8763.0;4;4;4
320900;;;TRANSLATOR_VOID_BLUE;XIRECS;11487.0;4;4;4
320900;;;UV_VISOR_AMBER;XIRECS;6894.0;4;4;4
320900;;;UV_VISOR_MAGENTA;XIRECS;12007.0;4;4;4
320900;;;UV_VISOR_ORANGE;XIRECS;11308.0;4;4;4
320900;;;UV_VISOR_RED;XIRECS;12064.0;4;4;4
320900;;;UV_VISOR_YELLOW;XIRECS;11229.0;4;4;4
322300;;;GALAXY_SOUNDS_BLACK_HOLES;XIRECS;12737.0;2;4;4
322300;;;GALAXY_SOUNDS_DARK_MATTER;XIRECS;10156.0;2;4;4
322300;;;GALAXY_SOUNDS_PLANETARY_RINGS;XIRECS;10602.0;2;4;4
322300;;;GALAXY_SOUNDS_SOLAR_FLAMES;XIRECS;10731.0;2;4;4
322300;;;GALAXY_SOUNDS_SOLAR_WINDS;XIRECS;11315.0;2;4;4
322300;;;OXYGEN_SHAKE_CHOCOLATE;XIRECS;9498.0;2;4;4
322300;;;OXYGEN_SHAKE_EVENING_BREATH;XIRECS;9806.0;2;4;4
322300;;;OXYGEN_SHAKE_GARLIC;XIRECS;12596.0;2;4;4
322300;;;OXYGEN_SHAKE_MINT;XIRECS;9001.0;2;4;4
322300;;;OXYGEN_SHAKE_MORNING_BREATH;XIRECS;9667.0;2;4;4
322300;;;PANEL_1X2;XIRECS;9010.0;2;4;4
322300;;;PANEL_1X4;XIRECS;8452.0;2;4;4
322300;;;PANEL_2X2;XIRECS;8860.0;2;4;4
322300;;;PANEL_2X4;XIRECS;11789.0;2;4;4
322300;;;PANEL_4X4;XIRECS;10284.0;2;4;4
322300;;;ROBOT_DISHES;XIRECS;10604.0;2;4;4
322300;;;ROBOT_IRONING;XIRECS;8103.0;2;4;4
322300;;;ROBOT_LAUNDRY;XIRECS;8683.0;2;4;4
322300;;;ROBOT_MOPPING;XIRECS;11840.0;2;4;4
322300;;;ROBOT_VACUUMING;XIRECS;8495.0;2;4;4
322300;;;SLEEP_POD_COTTON;XIRECS;13101.0;2;4;4
322300;;;SLEEP_POD_LAMB_WOOL;XIRECS;10469.0;2;4;4
322300;;;SLEEP_POD_NYLON;XIRECS;10071.0;2;4;4
322300;;;SLEEP_POD_POLYESTER;XIRECS;13238.0;2;4;4
322300;;;SLEEP_POD_SUEDE;XIRECS;12067.0;2;4;4
322300;;;SNACKPACK_CHOCOLATE;XIRECS;9660.0;2;4;4
322300;;;SNACKPACK_PISTACHIO;XIRECS;9478.0;2;4;4
322300;;;SNACKPACK_RASPBERRY;XIRECS;9832.0;2;4;4
322300;;;SNACKPACK_STRAWBERRY;XIRECS;11221.0;2;4;4
322300;;;SNACKPACK_VANILLA;XIRECS;10153.0;2;4;4
322300;;;TRANSLATOR_ASTRO_BLACK;XIRECS;9117.0;2;4;4
322300;;;TRANSLATOR_ECLIPSE_CHARCOAL;XIRECS;9983.0;2;4;4
322300;;;TRANSLATOR_GRAPHITE_MIST;XIRECS;10591.0;2;4;4
322300;;;TRANSLATOR_SPACE_GRAY;XIRECS;8738.0;2;4;4
322300;;;TRANSLATOR_VOID_BLUE;XIRECS;11440.0;2;4;4
322300;;;UV_VISOR_AMBER;XIRECS;6882.0;2;4;4
322300;;;UV_VISOR_MAGENTA;XIRECS;11967.0;2;4;4
322300;;;UV_VISOR_ORANGE;XIRECS;11310.0;2;4;4
322300;;;UV_VISOR_RED;XIRECS;12077.0;2;4;4
322300;;;UV_VISOR_YELLOW;XIRECS;11142.0;2;4;4
322700;SUBMISSION;;PANEL_1X4;XIRECS;8472.0;5;4;4
324600;;SUBMISSION;PEBBLES_XL;XIRECS;14342.0;4;4;4
325800;SUBMISSION;;PANEL_1X4;XIRECS;8492.0;5;4;4
327500;SUBMISSION;;SNACKPACK_PISTACHIO;XIRECS;9475.0;5;4;4
327500;SUBMISSION;;SNACKPACK_STRAWBERRY;XIRECS;11240.0;5;4;4
327500;SUBMISSION;;SNACKPACK_VANILLA;XIRECS;10106.0;5;4;4
329600;SUBMISSION;;PANEL_1X4;XIRECS;8518.0;5;4;4
331000;;SUBMISSION;PEBBLES_XL;XIRECS;14324.0;7;4;4
331400;;SUBMISSION;ROBOT_IRONING;XIRECS;8107.0;5;4;4
333200;;SUBMISSION;PEBBLES_XL;XIRECS;14332.0;3;4;4
333200;;;GALAXY_SOUNDS_BLACK_HOLES;XIRECS;12630.0;2;4;4
333200;;;GALAXY_SOUNDS_DARK_MATTER;XIRECS;10061.0;2;4;4
333200;;;GALAXY_SOUNDS_PLANETARY_RINGS;XIRECS;10681.0;2;4;4
333200;;;GALAXY_SOUNDS_SOLAR_FLAMES;XIRECS;10677.0;2;4;4
333200;;;GALAXY_SOUNDS_SOLAR_WINDS;XIRECS;11227.0;2;4;4
333200;;;OXYGEN_SHAKE_CHOCOLATE;XIRECS;9525.0;2;4;4
333200;;;OXYGEN_SHAKE_EVENING_BREATH;XIRECS;9784.0;2;4;4
333200;;;OXYGEN_SHAKE_GARLIC;XIRECS;12652.0;2;4;4
333200;;;OXYGEN_SHAKE_MINT;XIRECS;9129.0;2;4;4
333200;;;OXYGEN_SHAKE_MORNING_BREATH;XIRECS;9679.0;2;4;4
333200;;;PANEL_1X2;XIRECS;9080.0;2;4;4
333200;;;PANEL_1X4;XIRECS;8537.0;2;4;4
333200;;;PANEL_2X2;XIRECS;8793.0;2;4;4
333200;;;PANEL_2X4;XIRECS;11875.0;2;4;4
333200;;;PANEL_4X4;XIRECS;10324.0;2;4;4
333200;;;ROBOT_DISHES;XIRECS;10696.0;2;4;4
333200;;;ROBOT_IRONING;XIRECS;8087.0;2;4;4
333200;;;ROBOT_LAUNDRY;XIRECS;8756.0;2;4;4
333200;;;ROBOT_MOPPING;XIRECS;11715.0;2;4;4
333200;;;ROBOT_VACUUMING;XIRECS;8594.0;2;4;4
333200;;;SLEEP_POD_COTTON;XIRECS;13181.0;2;4;4
333200;;;SLEEP_POD_LAMB_WOOL;XIRECS;10507.0;2;4;4
333200;;;SLEEP_POD_NYLON;XIRECS;10016.0;2;4;4
333200;;;SLEEP_POD_POLYESTER;XIRECS;12938.0;2;4;4
333200;;;SLEEP_POD_SUEDE;XIRECS;12125.0;2;4;4
333200;;;SNACKPACK_CHOCOLATE;XIRECS;9614.0;2;4;4
333200;;;SNACKPACK_PISTACHIO;XIRECS;9458.0;2;4;4
333200;;;SNACKPACK_RASPBERRY;XIRECS;9788.0;2;4;4
333200;;;SNACKPACK_STRAWBERRY;XIRECS;11223.0;2;4;4
333200;;;SNACKPACK_VANILLA;XIRECS;10182.0;2;4;4
333200;;;TRANSLATOR_ASTRO_BLACK;XIRECS;9078.0;2;4;4
333200;;;TRANSLATOR_ECLIPSE_CHARCOAL;XIRECS;9961.0;2;4;4
333200;;;TRANSLATOR_GRAPHITE_MIST;XIRECS;10556.0;2;4;4
333200;;;TRANSLATOR_SPACE_GRAY;XIRECS;8824.0;2;4;4
333200;;;TRANSLATOR_VOID_BLUE;XIRECS;11525.0;2;4;4
333200;;;UV_VISOR_AMBER;XIRECS;6836.0;2;4;4
333200;;;UV_VISOR_MAGENTA;XIRECS;11917.0;2;4;4
333200;;;UV_VISOR_ORANGE;XIRECS;11301.0;2;4;4
333200;;;UV_VISOR_RED;XIRECS;12027.0;2;4;4
333200;;;UV_VISOR_YELLOW;XIRECS;10963.0;2;4;4
334100;;;MICROCHIP_CIRCLE;XIRECS;9048.0;3;4;4
334100;;;MICROCHIP_OVAL;XIRECS;6482.0;3;4;4
334100;;;MICROCHIP_RECTANGLE;XIRECS;8436.0;3;4;4
334100;;;MICROCHIP_SQUARE;XIRECS;15351.0;3;4;4
334100;;;MICROCHIP_TRIANGLE;XIRECS;8689.0;3;4;4
334900;;;MICROCHIP_CIRCLE;XIRECS;9045.0;1;4;4
334900;;;MICROCHIP_OVAL;XIRECS;6407.0;1;4;4
334900;;;MICROCHIP_RECTANGLE;XIRECS;8364.0;1;4;4
334900;;;MICROCHIP_SQUARE;XIRECS;15316.0;1;4;4
334900;;;MICROCHIP_TRIANGLE;XIRECS;8713.0;1;4;4
336500;;;MICROCHIP_CIRCLE;XIRECS;9044.0;1;4;4
336500;;;MICROCHIP_OVAL;XIRECS;6438.0;1;4;4
336500;;;MICROCHIP_RECTANGLE;XIRECS;8373.0;1;4;4
336500;;;MICROCHIP_SQUARE;XIRECS;15451.0;1;4;4
336500;;;MICROCHIP_TRIANGLE;XIRECS;8787.0;1;4;4
336600;;;GALAXY_SOUNDS_BLACK_HOLES;XIRECS;12704.0;1;4;4
336600;;;GALAXY_SOUNDS_DARK_MATTER;XIRECS;10017.0;1;4;4
336600;;;GALAXY_SOUNDS_PLANETARY_RINGS;XIRECS;10765.0;1;4;4
336600;;;GALAXY_SOUNDS_SOLAR_FLAMES;XIRECS;10629.0;1;4;4
336600;;;GALAXY_SOUNDS_SOLAR_WINDS;XIRECS;11221.0;1;4;4
336600;;;OXYGEN_SHAKE_CHOCOLATE;XIRECS;9467.0;1;4;4
336600;;;OXYGEN_SHAKE_EVENING_BREATH;XIRECS;9844.0;1;4;4
336600;;;OXYGEN_SHAKE_GARLIC;XIRECS;12676.0;1;4;4
336600;;;OXYGEN_SHAKE_MINT;XIRECS;9149.0;1;4;4
336600;;;OXYGEN_SHAKE_MORNING_BREATH;XIRECS;9684.0;1;4;4
336600;;;PANEL_1X2;XIRECS;9084.0;1;4;4
336600;;;PANEL_1X4;XIRECS;8514.0;1;4;4
336600;;;PANEL_2X2;XIRECS;8746.0;1;4;4
336600;;;PANEL_2X4;XIRECS;11858.0;1;4;4
336600;;;PANEL_4X4;XIRECS;10305.0;1;4;4
336600;;;ROBOT_DISHES;XIRECS;10696.0;1;4;4
336600;;;ROBOT_IRONING;XIRECS;8177.0;1;4;4
336600;;;ROBOT_LAUNDRY;XIRECS;8754.0;1;4;4
336600;;;ROBOT_MOPPING;XIRECS;11789.0;1;4;4
336600;;;ROBOT_VACUUMING;XIRECS;8587.0;1;4;4
336600;;;SLEEP_POD_COTTON;XIRECS;13284.0;1;4;4
336600;;;SLEEP_POD_LAMB_WOOL;XIRECS;10586.0;1;4;4
336600;;;SLEEP_POD_NYLON;XIRECS;10028.0;1;4;4
336600;;;SLEEP_POD_POLYESTER;XIRECS;12884.0;1;4;4
336600;;;SLEEP_POD_SUEDE;XIRECS;12144.0;1;4;4
336600;;;SNACKPACK_CHOCOLATE;XIRECS;9633.0;1;4;4
336600;;;SNACKPACK_PISTACHIO;XIRECS;9473.0;1;4;4
336600;;;SNACKPACK_RASPBERRY;XIRECS;9761.0;1;4;4
336600;;;SNACKPACK_STRAWBERRY;XIRECS;11264.0;1;4;4
336600;;;SNACKPACK_VANILLA;XIRECS;10152.0;1;4;4
336600;;;TRANSLATOR_ASTRO_BLACK;XIRECS;9060.0;1;4;4
336600;;;TRANSLATOR_ECLIPSE_CHARCOAL;XIRECS;9929.0;1;4;4
336600;;;TRANSLATOR_GRAPHITE_MIST;XIRECS;10515.0;1;4;4
336600;;;TRANSLATOR_SPACE_GRAY;XIRECS;8860.0;1;4;4
336600;;;TRANSLATOR_VOID_BLUE;XIRECS;11540.0;1;4;4
336600;;;UV_VISOR_AMBER;XIRECS;6870.0;1;4;4
336600;;;UV_VISOR_MAGENTA;XIRECS;11950.0;1;4;4
336600;;;UV_VISOR_ORANGE;XIRECS;11221.0;1;4;4
336600;;;UV_VISOR_RED;XIRECS;12041.0;1;4;4
336600;;;UV_VISOR_YELLOW;XIRECS;10890.0;1;4;4
337100;;;MICROCHIP_CIRCLE;XIRECS;9039.0;1;4;4
337100;;;MICROCHIP_OVAL;XIRECS;6435.0;1;4;4
337100;;;MICROCHIP_RECTANGLE;XIRECS;8392.0;1;4;4
337100;;;MICROCHIP_SQUARE;XIRECS;15443.0;1;4;4
337100;;;MICROCHIP_TRIANGLE;XIRECS;8776.0;1;4;4
338800;;;MICROCHIP_CIRCLE;XIRECS;9028.0;2;4;4
338800;;;MICROCHIP_OVAL;XIRECS;6387.0;2;4;4
338800;;;MICROCHIP_RECTANGLE;XIRECS;8351.0;2;4;4
338800;;;MICROCHIP_SQUARE;XIRECS;15429.0;2;4;4
338800;;;MICROCHIP_TRIANGLE;XIRECS;8718.0;2;4;4
339600;;SUBMISSION;SNACKPACK_PISTACHIO;XIRECS;9533.0;4;4;4
339600;;SUBMISSION;SNACKPACK_STRAWBERRY;XIRECS;11339.0;4;4;4
339600;;SUBMISSION;SNACKPACK_VANILLA;XIRECS;10148.0;4;4;4
339900;;SUBMISSION;PANEL_1X4;XIRECS;8401.0;5;4;4
340000;;;PEBBLES_L;XIRECS;11102.0;2;4;4
340000;;;PEBBLES_M;XIRECS;10195.0;2;4;4
340000;;;PEBBLES_S;XIRECS;8365.0;2;4;4
340000;;;PEBBLES_XL;XIRECS;14259.0;2;4;4
340000;;;PEBBLES_XS;XIRECS;6112.0;2;4;4
341500;;;GALAXY_SOUNDS_BLACK_HOLES;XIRECS;12648.0;2;4;4
341500;;;GALAXY_SOUNDS_DARK_MATTER;XIRECS;10035.0;2;4;4
341500;;;GALAXY_SOUNDS_PLANETARY_RINGS;XIRECS;10889.0;2;4;4
341500;;;GALAXY_SOUNDS_SOLAR_FLAMES;XIRECS;10658.0;2;4;4
341500;;;GALAXY_SOUNDS_SOLAR_WINDS;XIRECS;10997.0;2;4;4
341500;;;OXYGEN_SHAKE_CHOCOLATE;XIRECS;9538.0;2;4;4
341500;;;OXYGEN_SHAKE_EVENING_BREATH;XIRECS;9894.0;2;4;4
341500;;;OXYGEN_SHAKE_GARLIC;XIRECS;12720.0;2;4;4
341500;;;OXYGEN_SHAKE_MINT;XIRECS;9141.0;2;4;4
341500;;;OXYGEN_SHAKE_MORNING_BREATH;XIRECS;9674.0;2;4;4
341500;;;PANEL_1X2;XIRECS;9150.0;2;4;4
341500;;;PANEL_1X4;XIRECS;8383.0;2;4;4
341500;;;PANEL_2X2;XIRECS;8709.0;2;4;4
341500;;;PANEL_2X4;XIRECS;11887.0;2;4;4
341500;;;PANEL_4X4;XIRECS;10269.0;2;4;4
341500;;;ROBOT_DISHES;XIRECS;10596.0;2;4;4
341500;;;ROBOT_IRONING;XIRECS;8127.0;2;4;4
341500;;;ROBOT_LAUNDRY;XIRECS;8821.0;2;4;4
341500;;;ROBOT_MOPPING;XIRECS;11876.0;2;4;4
341500;;;ROBOT_VACUUMING;XIRECS;8624.0;2;4;4
341500;;;SLEEP_POD_COTTON;XIRECS;13389.0;2;4;4
341500;;;SLEEP_POD_LAMB_WOOL;XIRECS;10609.0;2;4;4
341500;;;SLEEP_POD_NYLON;XIRECS;9979.0;2;4;4
341500;;;SLEEP_POD_POLYESTER;XIRECS;12995.0;2;4;4
341500;;;SLEEP_POD_SUEDE;XIRECS;12114.0;2;4;4
341500;;;SNACKPACK_CHOCOLATE;XIRECS;9648.0;2;4;4
341500;;;SNACKPACK_PISTACHIO;XIRECS;9474.0;2;4;4
341500;;;SNACKPACK_RASPBERRY;XIRECS;9793.0;2;4;4
341500;;;SNACKPACK_STRAWBERRY;XIRECS;11256.0;2;4;4
341500;;;SNACKPACK_VANILLA;XIRECS;10148.0;2;4;4
341500;;;TRANSLATOR_ASTRO_BLACK;XIRECS;9065.0;2;4;4
341500;;;TRANSLATOR_ECLIPSE_CHARCOAL;XIRECS;9876.0;2;4;4
341500;;;TRANSLATOR_GRAPHITE_MIST;XIRECS;10396.0;2;4;4
341500;;;TRANSLATOR_SPACE_GRAY;XIRECS;8889.0;2;4;4
341500;;;TRANSLATOR_VOID_BLUE;XIRECS;11513.0;2;4;4
341500;;;UV_VISOR_AMBER;XIRECS;6801.0;2;4;4
341500;;;UV_VISOR_MAGENTA;XIRECS;11843.0;2;4;4
341500;;;UV_VISOR_ORANGE;XIRECS;11243.0;2;4;4
341500;;;UV_VISOR_RED;XIRECS;12047.0;2;4;4
341500;;;UV_VISOR_YELLOW;XIRECS;10881.0;2;4;4
341900;SUBMISSION;;ROBOT_MOPPING;XIRECS;11903.0;5;4;4
342300;;;PEBBLES_L;XIRECS;11079.0;4;4;4
342300;;;PEBBLES_M;XIRECS;10220.0;4;4;4
342300;;;PEBBLES_S;XIRECS;8501.0;4;4;4
342300;;;PEBBLES_XL;XIRECS;14204.0;4;4;4
342300;;;PEBBLES_XS;XIRECS;6028.0;4;4;4
343300;SUBMISSION;;SNACKPACK_PISTACHIO;XIRECS;9461.0;2;4;4
343300;SUBMISSION;;SNACKPACK_STRAWBERRY;XIRECS;11233.0;2;4;4
343300;SUBMISSION;;SNACKPACK_VANILLA;XIRECS;10138.0;2;4;4
343400;;;GALAXY_SOUNDS_BLACK_HOLES;XIRECS;12720.0;1;4;4
343400;;;GALAXY_SOUNDS_DARK_MATTER;XIRECS;10068.0;1;4;4
343400;;;GALAXY_SOUNDS_PLANETARY_RINGS;XIRECS;10858.0;1;4;4
343400;;;GALAXY_SOUNDS_SOLAR_FLAMES;XIRECS;10666.0;1;4;4
343400;;;GALAXY_SOUNDS_SOLAR_WINDS;XIRECS;11075.0;1;4;4
343400;;;OXYGEN_SHAKE_CHOCOLATE;XIRECS;9586.0;1;4;4
343400;;;OXYGEN_SHAKE_EVENING_BREATH;XIRECS;9924.0;1;4;4
343400;;;OXYGEN_SHAKE_GARLIC;XIRECS;12689.0;1;4;4
343400;;;OXYGEN_SHAKE_MINT;XIRECS;9154.0;1;4;4
343400;;;OXYGEN_SHAKE_MORNING_BREATH;XIRECS;9644.0;1;4;4
343400;;;PANEL_1X2;XIRECS;9182.0;1;4;4
343400;;;PANEL_1X4;XIRECS;8449.0;1;4;4
343400;;;PANEL_2X2;XIRECS;8750.0;1;4;4
343400;;;PANEL_2X4;XIRECS;11824.0;1;4;4
343400;;;PANEL_4X4;XIRECS;10266.0;1;4;4
343400;;;ROBOT_DISHES;XIRECS;10596.0;1;4;4
343400;;;ROBOT_IRONING;XIRECS;8127.0;1;4;4
343400;;;ROBOT_LAUNDRY;XIRECS;8836.0;1;4;4
343400;;;ROBOT_MOPPING;XIRECS;11941.0;1;4;4
343400;;;ROBOT_VACUUMING;XIRECS;8654.0;1;4;4
343400;;;SLEEP_POD_COTTON;XIRECS;13436.0;1;4;4
343400;;;SLEEP_POD_LAMB_WOOL;XIRECS;10633.0;1;4;4
343400;;;SLEEP_POD_NYLON;XIRECS;9996.0;1;4;4
343400;;;SLEEP_POD_POLYESTER;XIRECS;13007.0;1;4;4
343400;;;SLEEP_POD_SUEDE;XIRECS;12034.0;1;4;4
343400;;;SNACKPACK_CHOCOLATE;XIRECS;9644.0;1;4;4
343400;;;SNACKPACK_PISTACHIO;XIRECS;9462.0;1;4;4
343400;;;SNACKPACK_RASPBERRY;XIRECS;9813.0;1;4;4
343400;;;SNACKPACK_STRAWBERRY;XIRECS;11238.0;1;4;4
343400;;;SNACKPACK_VANILLA;XIRECS;10143.0;1;4;4
343400;;;TRANSLATOR_ASTRO_BLACK;XIRECS;9064.0;1;4;4
343400;;;TRANSLATOR_ECLIPSE_CHARCOAL;XIRECS;9846.0;1;4;4
343400;;;TRANSLATOR_GRAPHITE_MIST;XIRECS;10441.0;1;4;4
343400;;;TRANSLATOR_SPACE_GRAY;XIRECS;8910.0;1;4;4
343400;;;TRANSLATOR_VOID_BLUE;XIRECS;11502.0;1;4;4
343400;;;UV_VISOR_AMBER;XIRECS;6800.0;1;4;4
343400;;;UV_VISOR_MAGENTA;XIRECS;11816.0;1;4;4
343400;;;UV_VISOR_ORANGE;XIRECS;11222.0;1;4;4
343400;;;UV_VISOR_RED;XIRECS;12058.0;1;4;4
343400;;;UV_VISOR_YELLOW;XIRECS;10978.0;1;4;4
344100;SUBMISSION;;ROBOT_MOPPING;XIRECS;11912.0;5;4;4
345800;SUBMISSION;;PEBBLES_XL;XIRECS;14003.0;2;4;4
345800;;;PEBBLES_L;XIRECS;11001.0;2;4;4
345800;;;PEBBLES_M;XIRECS;10306.0;2;4;4
345800;;;PEBBLES_S;XIRECS;8637.0;2;4;4
345800;;;PEBBLES_XS;XIRECS;6022.0;2;4;4
346000;;SUBMISSION;ROBOT_IRONING;XIRECS;8077.0;5;4;4
346100;;SUBMISSION;ROBOT_MOPPING;XIRECS;11812.0;5;4;4
347700;SUBMISSION;;SNACKPACK_PISTACHIO;XIRECS;9508.0;2;4;4
347700;SUBMISSION;;SNACKPACK_STRAWBERRY;XIRECS;11305.0;2;4;4
347700;SUBMISSION;;SNACKPACK_VANILLA;XIRECS;10138.0;2;4;4
347900;SUBMISSION;;PEBBLES_XL;XIRECS;13945.0;3;4;4
348000;;SUBMISSION;SNACKPACK_PISTACHIO;XIRECS;9508.0;5;4;4
348000;;SUBMISSION;SNACKPACK_STRAWBERRY;XIRECS;11300.0;5;4;4
348000;SUBMISSION;;PEBBLES_XL;XIRECS;13976.0;2;4;4
348000;;SUBMISSION;SNACKPACK_VANILLA;XIRECS;10135.0;5;4;4
348000;;;PEBBLES_L;XIRECS;11018.0;5;4;4
348000;;;PEBBLES_M;XIRECS;10253.0;5;4;4
348000;;;PEBBLES_S;XIRECS;8607.0;5;4;4
348000;;;PEBBLES_XS;XIRECS;6114.0;5;4;4
348100;SUBMISSION;;PANEL_1X4;XIRECS;8531.0;5;4;4
349700;SUBMISSION;;PEBBLES_XL;XIRECS;13859.0;2;4;4
349700;;;PEBBLES_L;XIRECS;11094.0;3;4;4
349700;;;PEBBLES_M;XIRECS;10279.0;3;4;4
349700;;;PEBBLES_S;XIRECS;8631.0;3;4;4
349700;;;PEBBLES_XS;XIRECS;6105.0;3;4;4
350200;SUBMISSION;;PEBBLES_XL;XIRECS;13830.0;5;4;4
350400;;SUBMISSION;PEBBLES_XL;XIRECS;13858.0;2;4;4
350400;;;PEBBLES_L;XIRECS;11111.0;5;4;4
350400;;;PEBBLES_M;XIRECS;10325.0;5;4;4
350400;;;PEBBLES_S;XIRECS;8652.0;5;4;4
350400;;;PEBBLES_XS;XIRECS;6085.0;5;4;4
351700;SUBMISSION;;ROBOT_MOPPING;XIRECS;11926.0;4;4;4
351800;SUBMISSION;;ROBOT_MOPPING;XIRECS;11916.0;1;4;4
352100;;SUBMISSION;SNACKPACK_PISTACHIO;XIRECS;9488.0;3;4;4
352100;;SUBMISSION;SNACKPACK_STRAWBERRY;XIRECS;11282.0;3;4;4
352100;;SUBMISSION;SNACKPACK_VANILLA;XIRECS;10138.0;3;4;4
352800;;;GALAXY_SOUNDS_BLACK_HOLES;XIRECS;12914.0;2;4;4
352800;;;GALAXY_SOUNDS_DARK_MATTER;XIRECS;10141.0;2;4;4
352800;;;GALAXY_SOUNDS_PLANETARY_RINGS;XIRECS;10815.0;2;4;4
352800;;;GALAXY_SOUNDS_SOLAR_FLAMES;XIRECS;10592.0;2;4;4
352800;;;GALAXY_SOUNDS_SOLAR_WINDS;XIRECS;11123.0;2;4;4
352800;;;OXYGEN_SHAKE_CHOCOLATE;XIRECS;9623.0;2;4;4
352800;;;OXYGEN_SHAKE_EVENING_BREATH;XIRECS;9916.0;2;4;4
352800;;;OXYGEN_SHAKE_GARLIC;XIRECS;12582.0;2;4;4
352800;;;OXYGEN_SHAKE_MINT;XIRECS;9203.0;2;4;4
352800;;;OXYGEN_SHAKE_MORNING_BREATH;XIRECS;9631.0;2;4;4
352800;;;PANEL_1X2;XIRECS;9313.0;2;4;4
352800;;;PANEL_1X4;XIRECS;8500.0;2;4;4
352800;;;PANEL_2X2;XIRECS;8684.0;2;4;4
352800;;;PANEL_2X4;XIRECS;11839.0;2;4;4
352800;;;PANEL_4X4;XIRECS;10200.0;2;4;4
352800;;;ROBOT_DISHES;XIRECS;10504.0;2;4;4
352800;;;ROBOT_IRONING;XIRECS;8113.0;2;4;4
352800;;;ROBOT_LAUNDRY;XIRECS;8821.0;2;4;4
352800;;;ROBOT_MOPPING;XIRECS;11877.0;2;4;4
352800;;;ROBOT_VACUUMING;XIRECS;8644.0;2;4;4
352800;;;SLEEP_POD_COTTON;XIRECS;13320.0;2;4;4
352800;;;SLEEP_POD_LAMB_WOOL;XIRECS;10866.0;2;4;4
352800;;;SLEEP_POD_NYLON;XIRECS;10014.0;2;4;4
352800;;;SLEEP_POD_POLYESTER;XIRECS;13206.0;2;4;4
352800;;;SLEEP_POD_SUEDE;XIRECS;11906.0;2;4;4
352800;;;SNACKPACK_CHOCOLATE;XIRECS;9690.0;2;4;4
352800;;;SNACKPACK_PISTACHIO;XIRECS;9518.0;2;4;4
352800;;;SNACKPACK_RASPBERRY;XIRECS;9803.0;2;4;4
352800;;;SNACKPACK_STRAWBERRY;XIRECS;11312.0;2;4;4
352800;;;SNACKPACK_VANILLA;XIRECS;10132.0;2;4;4
352800;;;TRANSLATOR_ASTRO_BLACK;XIRECS;8978.0;2;4;4
352800;;;TRANSLATOR_ECLIPSE_CHARCOAL;XIRECS;9879.0;2;4;4
352800;;;TRANSLATOR_GRAPHITE_MIST;XIRECS;10521.0;2;4;4
352800;;;TRANSLATOR_SPACE_GRAY;XIRECS;8910.0;2;4;4
352800;;;TRANSLATOR_VOID_BLUE;XIRECS;11440.0;2;4;4
352800;;;UV_VISOR_AMBER;XIRECS;6807.0;2;4;4
352800;;;UV_VISOR_MAGENTA;XIRECS;11665.0;2;4;4
352800;;;UV_VISOR_ORANGE;XIRECS;11127.0;2;4;4
352800;;;UV_VISOR_RED;XIRECS;11813.0;2;4;4
352800;;;UV_VISOR_YELLOW;XIRECS;10875.0;2;4;4
353100;SUBMISSION;;PEBBLES_XL;XIRECS;13881.0;4;4;4
353200;;SUBMISSION;OXYGEN_SHAKE_MORNING_BREATH;XIRECS;9636.0;5;4;4
353400;;;MICROCHIP_CIRCLE;XIRECS;9267.0;2;4;4
353400;;;MICROCHIP_OVAL;XIRECS;6399.0;2;4;4
353400;;;MICROCHIP_RECTANGLE;XIRECS;8507.0;2;4;4
353400;;;MICROCHIP_SQUARE;XIRECS;15389.0;2;4;4
353400;;;MICROCHIP_TRIANGLE;XIRECS;8791.0;2;4;4
354300;;;MICROCHIP_CIRCLE;XIRECS;9284.0;3;4;4
354300;;;MICROCHIP_OVAL;XIRECS;6403.0;3;4;4
354300;;;MICROCHIP_RECTANGLE;XIRECS;8492.0;3;4;4
354300;;;MICROCHIP_SQUARE;XIRECS;15314.0;3;4;4
354300;;;MICROCHIP_TRIANGLE;XIRECS;8782.0;3;4;4
354400;SUBMISSION;;PEBBLES_XL;XIRECS;13890.0;4;4;4
354900;SUBMISSION;;SNACKPACK_PISTACHIO;XIRECS;9502.0;3;4;4
354900;SUBMISSION;;SNACKPACK_STRAWBERRY;XIRECS;11296.0;3;4;4
354900;SUBMISSION;;SNACKPACK_VANILLA;XIRECS;10153.0;3;4;4
355100;;;GALAXY_SOUNDS_BLACK_HOLES;XIRECS;12914.0;1;4;4
355100;;;GALAXY_SOUNDS_DARK_MATTER;XIRECS;10139.0;1;4;4
355100;;;GALAXY_SOUNDS_PLANETARY_RINGS;XIRECS;10902.0;1;4;4
355100;;;GALAXY_SOUNDS_SOLAR_FLAMES;XIRECS;10627.0;1;4;4
355100;;;GALAXY_SOUNDS_SOLAR_WINDS;XIRECS;11116.0;1;4;4
355100;;;OXYGEN_SHAKE_CHOCOLATE;XIRECS;9588.0;1;4;4
355100;;;OXYGEN_SHAKE_EVENING_BREATH;XIRECS;9896.0;1;4;4
355100;;;OXYGEN_SHAKE_GARLIC;XIRECS;12647.0;1;4;4
355100;;;OXYGEN_SHAKE_MINT;XIRECS;9223.0;1;4;4
355100;;;OXYGEN_SHAKE_MORNING_BREATH;XIRECS;9606.0;1;4;4
355100;;;PANEL_1X2;XIRECS;9300.0;1;4;4
355100;;;PANEL_1X4;XIRECS;8553.0;1;4;4
355100;;;PANEL_2X2;XIRECS;8672.0;1;4;4
355100;;;PANEL_2X4;XIRECS;11879.0;1;4;4
355100;;;PANEL_4X4;XIRECS;10212.0;1;4;4
355100;;;ROBOT_DISHES;XIRECS;10504.0;1;4;4
355100;;;ROBOT_IRONING;XIRECS;8123.0;1;4;4
355100;;;ROBOT_LAUNDRY;XIRECS;8849.0;1;4;4
355100;;;ROBOT_MOPPING;XIRECS;11862.0;1;4;4
355100;;;ROBOT_VACUUMING;XIRECS;8758.0;1;4;4
355100;;;SLEEP_POD_COTTON;XIRECS;13333.0;1;4;4
355100;;;SLEEP_POD_LAMB_WOOL;XIRECS;10899.0;1;4;4
355100;;;SLEEP_POD_NYLON;XIRECS;9970.0;1;4;4
355100;;;SLEEP_POD_POLYESTER;XIRECS;13208.0;1;4;4
355100;;;SLEEP_POD_SUEDE;XIRECS;11944.0;1;4;4
355100;;;SNACKPACK_CHOCOLATE;XIRECS;9653.0;1;4;4
355100;;;SNACKPACK_PISTACHIO;XIRECS;9510.0;1;4;4
355100;;;SNACKPACK_RASPBERRY;XIRECS;9816.0;1;4;4
355100;;;SNACKPACK_STRAWBERRY;XIRECS;11308.0;1;4;4
355100;;;SNACKPACK_VANILLA;XIRECS;10161.0;1;4;4
355100;;;TRANSLATOR_ASTRO_BLACK;XIRECS;8957.0;1;4;4
355100;;;TRANSLATOR_ECLIPSE_CHARCOAL;XIRECS;9876.0;1;4;4
355100;;;TRANSLATOR_GRAPHITE_MIST;XIRECS;10532.0;1;4;4
355100;;;TRANSLATOR_SPACE_GRAY;XIRECS;8877.0;1;4;4
355100;;;TRANSLATOR_VOID_BLUE;XIRECS;11465.0;1;4;4
355100;;;UV_VISOR_AMBER;XIRECS;6779.0;1;4;4
355100;;;UV_VISOR_MAGENTA;XIRECS;11664.0;1;4;4
355100;;;UV_VISOR_ORANGE;XIRECS;11107.0;1;4;4
355100;;;UV_VISOR_RED;XIRECS;11848.0;1;4;4
355100;;;UV_VISOR_YELLOW;XIRECS;10822.0;1;4;4
355200;;SUBMISSION;SNACKPACK_PISTACHIO;XIRECS;9503.0;3;4;4
355200;;SUBMISSION;SNACKPACK_STRAWBERRY;XIRECS;11301.0;3;4;4
355200;;SUBMISSION;SNACKPACK_VANILLA;XIRECS;10150.0;3;4;4
355700;;;MICROCHIP_CIRCLE;XIRECS;9249.0;3;4;4
355700;;;MICROCHIP_OVAL;XIRECS;6455.0;3;4;4
355700;;;MICROCHIP_RECTANGLE;XIRECS;8477.0;3;4;4
355700;;;MICROCHIP_SQUARE;XIRECS;15417.0;3;4;4
355700;;;MICROCHIP_TRIANGLE;XIRECS;8766.0;3;4;4
356800;SUBMISSION;;SNACKPACK_PISTACHIO;XIRECS;9495.0;2;4;4
356800;SUBMISSION;;SNACKPACK_STRAWBERRY;XIRECS;11291.0;2;4;4
356800;SUBMISSION;;SNACKPACK_VANILLA;XIRECS;10171.0;2;4;4
356800;;;GALAXY_SOUNDS_BLACK_HOLES;XIRECS;12896.0;2;4;4
356800;;;GALAXY_SOUNDS_DARK_MATTER;XIRECS;10131.0;2;4;4
356800;;;GALAXY_SOUNDS_PLANETARY_RINGS;XIRECS;10871.0;2;4;4
356800;;;GALAXY_SOUNDS_SOLAR_FLAMES;XIRECS;10691.0;2;4;4
356800;;;GALAXY_SOUNDS_SOLAR_WINDS;XIRECS;11140.0;2;4;4
356800;;;OXYGEN_SHAKE_CHOCOLATE;XIRECS;9554.0;2;4;4
356800;;;OXYGEN_SHAKE_EVENING_BREATH;XIRECS;9884.0;2;4;4
356800;;;OXYGEN_SHAKE_GARLIC;XIRECS;12658.0;2;4;4
356800;;;OXYGEN_SHAKE_MINT;XIRECS;9211.0;2;4;4
356800;;;OXYGEN_SHAKE_MORNING_BREATH;XIRECS;9649.0;2;4;4
356800;;;PANEL_1X2;XIRECS;9289.0;2;4;4
356800;;;PANEL_1X4;XIRECS;8498.0;2;4;4
356800;;;PANEL_2X2;XIRECS;8661.0;2;4;4
356800;;;PANEL_2X4;XIRECS;11882.0;2;4;4
356800;;;PANEL_4X4;XIRECS;10226.0;2;4;4
356800;;;ROBOT_DISHES;XIRECS;10596.0;2;4;4
356800;;;ROBOT_IRONING;XIRECS;8077.0;2;4;4
356800;;;ROBOT_LAUNDRY;XIRECS;8822.0;2;4;4
356800;;;ROBOT_MOPPING;XIRECS;11869.0;2;4;4
356800;;;ROBOT_VACUUMING;XIRECS;8750.0;2;4;4
356800;;;SLEEP_POD_COTTON;XIRECS;13221.0;2;4;4
356800;;;SLEEP_POD_LAMB_WOOL;XIRECS;10897.0;2;4;4
356800;;;SLEEP_POD_NYLON;XIRECS;9961.0;2;4;4
356800;;;SLEEP_POD_POLYESTER;XIRECS;13192.0;2;4;4
356800;;;SLEEP_POD_SUEDE;XIRECS;11895.0;2;4;4
356800;;;SNACKPACK_CHOCOLATE;XIRECS;9618.0;2;4;4
356800;;;SNACKPACK_RASPBERRY;XIRECS;9813.0;2;4;4
356800;;;TRANSLATOR_ASTRO_BLACK;XIRECS;8940.0;2;4;4
356800;;;TRANSLATOR_ECLIPSE_CHARCOAL;XIRECS;9977.0;2;4;4
356800;;;TRANSLATOR_GRAPHITE_MIST;XIRECS;10515.0;2;4;4
356800;;;TRANSLATOR_SPACE_GRAY;XIRECS;8879.0;2;4;4
356800;;;TRANSLATOR_VOID_BLUE;XIRECS;11503.0;2;4;4
356800;;;UV_VISOR_AMBER;XIRECS;6796.0;2;4;4
356800;;;UV_VISOR_MAGENTA;XIRECS;11653.0;2;4;4
356800;;;UV_VISOR_ORANGE;XIRECS;11133.0;2;4;4
356800;;;UV_VISOR_RED;XIRECS;11821.0;2;4;4
356800;;;UV_VISOR_YELLOW;XIRECS;10830.0;2;4;4
357000;SUBMISSION;;SNACKPACK_PISTACHIO;XIRECS;9497.0;5;4;4
357000;SUBMISSION;;SNACKPACK_STRAWBERRY;XIRECS;11298.0;5;4;4
357000;SUBMISSION;;SNACKPACK_VANILLA;XIRECS;10157.0;5;4;4
357800;;SUBMISSION;ROBOT_MOPPING;XIRECS;11831.0;5;4;4
358700;SUBMISSION;;SNACKPACK_PISTACHIO;XIRECS;9518.0;1;4;4
358700;SUBMISSION;;SNACKPACK_STRAWBERRY;XIRECS;11331.0;1;4;4
358700;SUBMISSION;;SNACKPACK_VANILLA;XIRECS;10147.0;1;4;4
359900;;SUBMISSION;PEBBLES_XL;XIRECS;14015.0;8;4;4
360000;;SUBMISSION;PANEL_1X4;XIRECS;8406.0;5;4;4
361000;;SUBMISSION;PEBBLES_XL;XIRECS;14061.0;4;4;4
361100;;;GALAXY_SOUNDS_BLACK_HOLES;XIRECS;12846.0;1;4;4
361100;;;GALAXY_SOUNDS_DARK_MATTER;XIRECS;10023.0;1;4;4
361100;;;GALAXY_SOUNDS_PLANETARY_RINGS;XIRECS;10786.0;1;4;4
361100;;;GALAXY_SOUNDS_SOLAR_FLAMES;XIRECS;10745.0;1;4;4
361100;;;GALAXY_SOUNDS_SOLAR_WINDS;XIRECS;11025.0;1;4;4
361100;;;OXYGEN_SHAKE_CHOCOLATE;XIRECS;9576.0;1;4;4
361100;;;OXYGEN_SHAKE_EVENING_BREATH;XIRECS;9814.0;1;4;4
361100;;;OXYGEN_SHAKE_GARLIC;XIRECS;12706.0;1;4;4
361100;;;OXYGEN_SHAKE_MINT;XIRECS;9178.0;1;4;4
361100;;;OXYGEN_SHAKE_MORNING_BREATH;XIRECS;9683.0;1;4;4
361100;;;PANEL_1X2;XIRECS;9290.0;1;4;4
361100;;;PANEL_1X4;XIRECS;8407.0;1;4;4
361100;;;PANEL_2X2;XIRECS;8623.0;1;4;4
361100;;;PANEL_2X4;XIRECS;11874.0;1;4;4
361100;;;PANEL_4X4;XIRECS;10202.0;1;4;4
361100;;;ROBOT_DISHES;XIRECS;10596.0;1;4;4
361100;;;ROBOT_IRONING;XIRECS;8017.0;1;4;4
361100;;;ROBOT_LAUNDRY;XIRECS;8879.0;1;4;4
361100;;;ROBOT_MOPPING;XIRECS;11801.0;1;4;4
361100;;;ROBOT_VACUUMING;XIRECS;8704.0;1;4;4
361100;;;SLEEP_POD_COTTON;XIRECS;13169.0;1;4;4
361100;;;SLEEP_POD_LAMB_WOOL;XIRECS;10999.0;1;4;4
361100;;;SLEEP_POD_NYLON;XIRECS;10062.0;1;4;4
361100;;;SLEEP_POD_POLYESTER;XIRECS;13106.0;1;4;4
361100;;;SLEEP_POD_SUEDE;XIRECS;11968.0;1;4;4
361100;;;SNACKPACK_CHOCOLATE;XIRECS;9629.0;1;4;4
361100;;;SNACKPACK_PISTACHIO;XIRECS;9525.0;1;4;4
361100;;;SNACKPACK_RASPBERRY;XIRECS;9772.0;1;4;4
361100;;;SNACKPACK_STRAWBERRY;XIRECS;11338.0;1;4;4
361100;;;SNACKPACK_VANILLA;XIRECS;10172.0;1;4;4
361100;;;TRANSLATOR_ASTRO_BLACK;XIRECS;9009.0;1;4;4
361100;;;TRANSLATOR_ECLIPSE_CHARCOAL;XIRECS;9931.0;1;4;4
361100;;;TRANSLATOR_GRAPHITE_MIST;XIRECS;10505.0;1;4;4
361100;;;TRANSLATOR_SPACE_GRAY;XIRECS;8912.0;1;4;4
361100;;;TRANSLATOR_VOID_BLUE;XIRECS;11568.0;1;4;4
361100;;;UV_VISOR_AMBER;XIRECS;6857.0;1;4;4
361100;;;UV_VISOR_MAGENTA;XIRECS;11652.0;1;4;4
361100;;;UV_VISOR_ORANGE;XIRECS;11077.0;1;4;4
361100;;;UV_VISOR_RED;XIRECS;11761.0;1;4;4
361100;;;UV_VISOR_YELLOW;XIRECS;10931.0;1;4;4
361200;;SUBMISSION;ROBOT_IRONING;XIRECS;8037.0;5;4;4
362400;SUBMISSION;;OXYGEN_SHAKE_MORNING_BREATH;XIRECS;9702.0;5;4;4
362700;;SUBMISSION;ROBOT_MOPPING;XIRECS;11742.0;5;4;4
363200;;;MICROCHIP_CIRCLE;XIRECS;9298.0;3;4;4
363200;;;MICROCHIP_OVAL;XIRECS;6451.0;3;4;4
363200;;;MICROCHIP_RECTANGLE;XIRECS;8607.0;3;4;4
363200;;;MICROCHIP_SQUARE;XIRECS;15457.0;3;4;4
363200;;;MICROCHIP_TRIANGLE;XIRECS;8719.0;3;4;4
363500;;SUBMISSION;SNACKPACK_PISTACHIO;XIRECS;9553.0;1;4;4
363500;;SUBMISSION;SNACKPACK_STRAWBERRY;XIRECS;11366.0;1;4;4
363500;;SUBMISSION;SNACKPACK_VANILLA;XIRECS;10190.0;1;4;4
363500;;;GALAXY_SOUNDS_BLACK_HOLES;XIRECS;12937.0;1;4;4
363500;;;GALAXY_SOUNDS_DARK_MATTER;XIRECS;10007.0;1;4;4
363500;;;GALAXY_SOUNDS_PLANETARY_RINGS;XIRECS;10774.0;1;4;4
363500;;;GALAXY_SOUNDS_SOLAR_FLAMES;XIRECS;10785.0;1;4;4
363500;;;GALAXY_SOUNDS_SOLAR_WINDS;XIRECS;11020.0;1;4;4
363500;;;OXYGEN_SHAKE_CHOCOLATE;XIRECS;9595.0;1;4;4
363500;;;OXYGEN_SHAKE_EVENING_BREATH;XIRECS;9766.0;1;4;4
363500;;;OXYGEN_SHAKE_GARLIC;XIRECS;12843.0;1;4;4
363500;;;OXYGEN_SHAKE_MINT;XIRECS;9191.0;1;4;4
363500;;;OXYGEN_SHAKE_MORNING_BREATH;XIRECS;9684.0;1;4;4
363500;;;PANEL_1X2;XIRECS;9314.0;1;4;4
363500;;;PANEL_1X4;XIRECS;8392.0;1;4;4
363500;;;PANEL_2X2;XIRECS;8670.0;1;4;4
363500;;;PANEL_2X4;XIRECS;11871.0;1;4;4
363500;;;PANEL_4X4;XIRECS;10202.0;1;4;4
363500;;;ROBOT_DISHES;XIRECS;10604.0;1;4;4
363500;;;ROBOT_IRONING;XIRECS;8033.0;1;4;4
363500;;;ROBOT_LAUNDRY;XIRECS;8916.0;1;4;4
363500;;;ROBOT_MOPPING;XIRECS;11717.0;1;4;4
363500;;;ROBOT_VACUUMING;XIRECS;8747.0;1;4;4
363500;;;SLEEP_POD_COTTON;XIRECS;13237.0;1;4;4
363500;;;SLEEP_POD_LAMB_WOOL;XIRECS;11081.0;1;4;4
363500;;;SLEEP_POD_NYLON;XIRECS;10078.0;1;4;4
363500;;;SLEEP_POD_POLYESTER;XIRECS;13149.0;1;4;4
363500;;;SLEEP_POD_SUEDE;XIRECS;12044.0;1;4;4
363500;;;SNACKPACK_CHOCOLATE;XIRECS;9648.0;1;4;4
363500;;;SNACKPACK_RASPBERRY;XIRECS;9771.0;1;4;4
363500;;;TRANSLATOR_ASTRO_BLACK;XIRECS;9048.0;1;4;4
363500;;;TRANSLATOR_ECLIPSE_CHARCOAL;XIRECS;9954.0;1;4;4
363500;;;TRANSLATOR_GRAPHITE_MIST;XIRECS;10423.0;1;4;4
363500;;;TRANSLATOR_SPACE_GRAY;XIRECS;8990.0;1;4;4
363500;;;TRANSLATOR_VOID_BLUE;XIRECS;11542.0;1;4;4
363500;;;UV_VISOR_AMBER;XIRECS;6868.0;1;4;4
363500;;;UV_VISOR_MAGENTA;XIRECS;11576.0;1;4;4
363500;;;UV_VISOR_ORANGE;XIRECS;11150.0;1;4;4
363500;;;UV_VISOR_RED;XIRECS;11773.0;1;4;4
363500;;;UV_VISOR_YELLOW;XIRECS;10951.0;1;4;4
363700;;SUBMISSION;PEBBLES_XL;XIRECS;14275.0;2;4;4
363700;;;PEBBLES_L;XIRECS;10921.0;3;4;4
363700;;;PEBBLES_M;XIRECS;10365.0;3;4;4
363700;;;PEBBLES_S;XIRECS;8546.0;3;4;4
363700;;;PEBBLES_XS;XIRECS;5924.0;3;4;4
363800;;SUBMISSION;PANEL_1X4;XIRECS;8383.0;5;4;4
363800;;;MICROCHIP_CIRCLE;XIRECS;9288.0;2;4;4
363800;;;MICROCHIP_OVAL;XIRECS;6447.0;2;4;4
363800;;;MICROCHIP_RECTANGLE;XIRECS;8633.0;2;4;4
363800;;;MICROCHIP_SQUARE;XIRECS;15425.0;2;4;4
363800;;;MICROCHIP_TRIANGLE;XIRECS;8688.0;2;4;4
364000;;SUBMISSION;PEBBLES_XL;XIRECS;14243.0;6;4;4
365400;SUBMISSION;;PEBBLES_XL;XIRECS;14288.0;4;4;4
366000;;SUBMISSION;OXYGEN_SHAKE_MORNING_BREATH;XIRECS;9627.0;5;4;4
366700;SUBMISSION;;PEBBLES_XL;XIRECS;14274.0;5;4;4
367400;SUBMISSION;;SNACKPACK_PISTACHIO;XIRECS;9535.0;1;4;4
367400;SUBMISSION;;SNACKPACK_STRAWBERRY;XIRECS;11353.0;1;4;4
367400;SUBMISSION;;SNACKPACK_VANILLA;XIRECS;10231.0;1;4;4
368200;;SUBMISSION;PEBBLES_XL;XIRECS;14376.0;6;4;4
370200;;SUBMISSION;SNACKPACK_PISTACHIO;XIRECS;9546.0;2;4;4
370200;;SUBMISSION;SNACKPACK_STRAWBERRY;XIRECS;11343.0;2;4;4
370200;;SUBMISSION;SNACKPACK_VANILLA;XIRECS;10234.0;2;4;4
370200;;;GALAXY_SOUNDS_BLACK_HOLES;XIRECS;12745.0;4;4;4
370200;;;GALAXY_SOUNDS_DARK_MATTER;XIRECS;10211.0;4;4;4
370200;;;GALAXY_SOUNDS_PLANETARY_RINGS;XIRECS;10765.0;4;4;4
370200;;;GALAXY_SOUNDS_SOLAR_FLAMES;XIRECS;10739.0;4;4;4
370200;;;GALAXY_SOUNDS_SOLAR_WINDS;XIRECS;10976.0;4;4;4
370200;;;OXYGEN_SHAKE_CHOCOLATE;XIRECS;9714.0;4;4;4
370200;;;OXYGEN_SHAKE_EVENING_BREATH;XIRECS;9756.0;4;4;4
370200;;;OXYGEN_SHAKE_GARLIC;XIRECS;12937.0;4;4;4
370200;;;OXYGEN_SHAKE_MINT;XIRECS;9142.0;4;4;4
370200;;;OXYGEN_SHAKE_MORNING_BREATH;XIRECS;9662.0;4;4;4
370200;;;PANEL_1X2;XIRECS;9275.0;4;4;4
370200;;;PANEL_1X4;XIRECS;8396.0;4;4;4
370200;;;PANEL_2X2;XIRECS;8703.0;4;4;4
370200;;;PANEL_2X4;XIRECS;11904.0;4;4;4
370200;;;PANEL_4X4;XIRECS;10186.0;4;4;4
370200;;;ROBOT_DISHES;XIRECS;10504.0;4;4;4
370200;;;ROBOT_IRONING;XIRECS;8043.0;4;4;4
370200;;;ROBOT_LAUNDRY;XIRECS;9071.0;4;4;4
370200;;;ROBOT_MOPPING;XIRECS;11789.0;4;4;4
370200;;;ROBOT_VACUUMING;XIRECS;8679.0;4;4;4
370200;;;SLEEP_POD_COTTON;XIRECS;13370.0;4;4;4
370200;;;SLEEP_POD_LAMB_WOOL;XIRECS;11042.0;4;4;4
370200;;;SLEEP_POD_NYLON;XIRECS;10062.0;4;4;4
370200;;;SLEEP_POD_POLYESTER;XIRECS;13089.0;4;4;4
370200;;;SLEEP_POD_SUEDE;XIRECS;12081.0;4;4;4
370200;;;SNACKPACK_CHOCOLATE;XIRECS;9613.0;4;4;4
370200;;;SNACKPACK_RASPBERRY;XIRECS;9781.0;4;4;4
370200;;;TRANSLATOR_ASTRO_BLACK;XIRECS;9120.0;4;4;4
370200;;;TRANSLATOR_ECLIPSE_CHARCOAL;XIRECS;9975.0;4;4;4
370200;;;TRANSLATOR_GRAPHITE_MIST;XIRECS;10346.0;4;4;4
370200;;;TRANSLATOR_SPACE_GRAY;XIRECS;9009.0;4;4;4
370200;;;TRANSLATOR_VOID_BLUE;XIRECS;11495.0;4;4;4
370200;;;UV_VISOR_AMBER;XIRECS;6925.0;4;4;4
370200;;;UV_VISOR_MAGENTA;XIRECS;11424.0;4;4;4
370200;;;UV_VISOR_ORANGE;XIRECS;11005.0;4;4;4
370200;;;UV_VISOR_RED;XIRECS;11733.0;4;4;4
370200;;;UV_VISOR_YELLOW;XIRECS;10960.0;4;4;4
372000;SUBMISSION;;PEBBLES_XL;XIRECS;14477.0;4;4;4
373100;;SUBMISSION;PEBBLES_XL;XIRECS;14526.0;2;4;4
373100;;;PEBBLES_L;XIRECS;10888.0;4;4;4
373100;;;PEBBLES_M;XIRECS;10475.0;4;4;4
373100;;;PEBBLES_S;XIRECS;8252.0;4;4;4
373100;;;PEBBLES_XS;XIRECS;5890.0;4;4;4
375100;;;MICROCHIP_CIRCLE;XIRECS;9300.0;1;4;4
375100;;;MICROCHIP_OVAL;XIRECS;6314.0;1;4;4
375100;;;MICROCHIP_RECTANGLE;XIRECS;8767.0;1;4;4
375100;;;MICROCHIP_SQUARE;XIRECS;14874.0;1;4;4
375100;;;MICROCHIP_TRIANGLE;XIRECS;8694.0;1;4;4
375300;;SUBMISSION;SNACKPACK_PISTACHIO;XIRECS;9546.0;5;4;4
375300;;SUBMISSION;SNACKPACK_STRAWBERRY;XIRECS;11363.0;5;4;4
375300;;SUBMISSION;SNACKPACK_VANILLA;XIRECS;10215.0;5;4;4
375300;;;MICROCHIP_CIRCLE;XIRECS;9314.0;2;4;4
375300;;;MICROCHIP_OVAL;XIRECS;6319.0;2;4;4
375300;;;MICROCHIP_RECTANGLE;XIRECS;8785.0;2;4;4
375300;;;MICROCHIP_SQUARE;XIRECS;14876.0;2;4;4
375300;;;MICROCHIP_TRIANGLE;XIRECS;8702.0;2;4;4
376000;;SUBMISSION;PEBBLES_XL;XIRECS;14392.0;5;4;4
376300;SUBMISSION;;PEBBLES_XL;XIRECS;14459.0;8;4;4
376300;;;MICROCHIP_CIRCLE;XIRECS;9321.0;1;4;4
376300;;;MICROCHIP_OVAL;XIRECS;6314.0;1;4;4
376300;;;MICROCHIP_RECTANGLE;XIRECS;8776.0;1;4;4
376300;;;MICROCHIP_SQUARE;XIRECS;14888.0;1;4;4
376300;;;MICROCHIP_TRIANGLE;XIRECS;8690.0;1;4;4
376600;SUBMISSION;;ROBOT_IRONING;XIRECS;8143.0;4;4;4
376700;SUBMISSION;;ROBOT_IRONING;XIRECS;8143.0;1;4;4
377600;;SUBMISSION;OXYGEN_SHAKE_MORNING_BREATH;XIRECS;9575.0;5;4;4
378900;;SUBMISSION;SNACKPACK_PISTACHIO;XIRECS;9555.0;1;4;4
378900;;SUBMISSION;SNACKPACK_STRAWBERRY;XIRECS;11364.0;1;4;4
378900;;SUBMISSION;SNACKPACK_VANILLA;XIRECS;10245.0;1;4;4
379200;SUBMISSION;;PEBBLES_XL;XIRECS;14432.0;4;4;4
380300;;SUBMISSION;PEBBLES_XL;XIRECS;14564.0;5;4;4
380700;SUBMISSION;;UV_VISOR_AMBER;XIRECS;6998.0;5;4;4
381000;SUBMISSION;;PANEL_1X4;XIRECS;8508.0;5;4;4
381100;SUBMISSION;;PEBBLES_XL;XIRECS;14751.0;3;4;4
382400;;;MICROCHIP_CIRCLE;XIRECS;9300.0;2;4;4
382400;;;MICROCHIP_OVAL;XIRECS;6240.0;2;4;4
382400;;;MICROCHIP_RECTANGLE;XIRECS;8614.0;2;4;4
382400;;;MICROCHIP_SQUARE;XIRECS;15096.0;2;4;4
382400;;;MICROCHIP_TRIANGLE;XIRECS;8644.0;2;4;4
382700;;SUBMISSION;PEBBLES_XL;XIRECS;14710.0;2;4;4
382700;;;PEBBLES_L;XIRECS;10878.0;3;4;4
382700;;;PEBBLES_M;XIRECS;10611.0;3;4;4
382700;;;PEBBLES_S;XIRECS;8006.0;3;4;4
382700;;;PEBBLES_XS;XIRECS;5827.0;3;4;4
382900;SUBMISSION;;ROBOT_MOPPING;XIRECS;11913.0;5;4;4
383400;;SUBMISSION;PEBBLES_XL;XIRECS;14803.0;6;4;4
383800;SUBMISSION;;PEBBLES_XL;XIRECS;14715.0;2;4;4
383800;;;PEBBLES_L;XIRECS;10813.0;2;4;4
383800;;;PEBBLES_M;XIRECS;10583.0;2;4;4
383800;;;PEBBLES_S;XIRECS;8062.0;2;4;4
383800;;;PEBBLES_XS;XIRECS;5796.0;2;4;4
384300;SUBMISSION;;SNACKPACK_PISTACHIO;XIRECS;9520.0;2;4;4
384300;SUBMISSION;;SNACKPACK_STRAWBERRY;XIRECS;11303.0;2;4;4
384300;SUBMISSION;;PANEL_1X4;XIRECS;8542.0;5;4;4
384300;SUBMISSION;;SNACKPACK_VANILLA;XIRECS;10221.0;2;4;4
384300;;;GALAXY_SOUNDS_BLACK_HOLES;XIRECS;12533.0;4;4;4
384300;;;GALAXY_SOUNDS_DARK_MATTER;XIRECS;10143.0;4;4;4
384300;;;GALAXY_SOUNDS_PLANETARY_RINGS;XIRECS;10920.0;4;4;4
384300;;;GALAXY_SOUNDS_SOLAR_FLAMES;XIRECS;10752.0;4;4;4
384300;;;GALAXY_SOUNDS_SOLAR_WINDS;XIRECS;10833.0;4;4;4
384300;;;OXYGEN_SHAKE_CHOCOLATE;XIRECS;9746.0;4;4;4
384300;;;OXYGEN_SHAKE_EVENING_BREATH;XIRECS;9804.0;4;4;4
384300;;;OXYGEN_SHAKE_GARLIC;XIRECS;12889.0;4;4;4
384300;;;OXYGEN_SHAKE_MINT;XIRECS;8970.0;4;4;4
384300;;;OXYGEN_SHAKE_MORNING_BREATH;XIRECS;9618.0;4;4;4
384300;;;PANEL_1X2;XIRECS;9144.0;4;4;4
384300;;;PANEL_1X4;XIRECS;8534.0;4;4;4
384300;;;PANEL_2X2;XIRECS;8532.0;4;4;4
384300;;;PANEL_2X4;XIRECS;11820.0;4;4;4
384300;;;PANEL_4X4;XIRECS;10005.0;4;4;4
384300;;;ROBOT_DISHES;XIRECS;10296.0;4;4;4
384300;;;ROBOT_IRONING;XIRECS;8127.0;4;4;4
384300;;;ROBOT_LAUNDRY;XIRECS;9187.0;4;4;4
384300;;;ROBOT_MOPPING;XIRECS;11890.0;4;4;4
384300;;;ROBOT_VACUUMING;XIRECS;8701.0;4;4;4
384300;;;SLEEP_POD_COTTON;XIRECS;13448.0;4;4;4
384300;;;SLEEP_POD_LAMB_WOOL;XIRECS;11162.0;4;4;4
384300;;;SLEEP_POD_NYLON;XIRECS;9972.0;4;4;4
384300;;;SLEEP_POD_POLYESTER;XIRECS;13064.0;4;4;4
384300;;;SLEEP_POD_SUEDE;XIRECS;11945.0;4;4;4
384300;;;SNACKPACK_CHOCOLATE;XIRECS;9575.0;4;4;4
384300;;;SNACKPACK_RASPBERRY;XIRECS;9797.0;4;4;4
384300;;;TRANSLATOR_ASTRO_BLACK;XIRECS;9296.0;4;4;4
384300;;;TRANSLATOR_ECLIPSE_CHARCOAL;XIRECS;9806.0;4;4;4
384300;;;TRANSLATOR_GRAPHITE_MIST;XIRECS;10310.0;4;4;4
384300;;;TRANSLATOR_SPACE_GRAY;XIRECS;9132.0;4;4;4
384300;;;TRANSLATOR_VOID_BLUE;XIRECS;11554.0;4;4;4
384300;;;UV_VISOR_AMBER;XIRECS;7045.0;4;4;4
384300;;;UV_VISOR_MAGENTA;XIRECS;11460.0;4;4;4
384300;;;UV_VISOR_ORANGE;XIRECS;11079.0;4;4;4
384300;;;UV_VISOR_RED;XIRECS;11633.0;4;4;4
384300;;;UV_VISOR_YELLOW;XIRECS;10991.0;4;4;4
384500;;SUBMISSION;SNACKPACK_PISTACHIO;XIRECS;9521.0;2;4;4
384500;;SUBMISSION;SNACKPACK_STRAWBERRY;XIRECS;11299.0;2;4;4
384500;;SUBMISSION;SNACKPACK_VANILLA;XIRECS;10221.0;2;4;4
384600;SUBMISSION;;UV_VISOR_AMBER;XIRECS;7056.0;5;4;4
385700;;;GALAXY_SOUNDS_BLACK_HOLES;XIRECS;12603.0;1;4;4
385700;;;GALAXY_SOUNDS_DARK_MATTER;XIRECS;10124.0;1;4;4
385700;;;GALAXY_SOUNDS_PLANETARY_RINGS;XIRECS;10935.0;1;4;4
385700;;;GALAXY_SOUNDS_SOLAR_FLAMES;XIRECS;10717.0;1;4;4
385700;;;GALAXY_SOUNDS_SOLAR_WINDS;XIRECS;10851.0;1;4;4
385700;;;OXYGEN_SHAKE_CHOCOLATE;XIRECS;9786.0;1;4;4
385700;;;OXYGEN_SHAKE_EVENING_BREATH;XIRECS;9766.0;1;4;4
385700;;;OXYGEN_SHAKE_GARLIC;XIRECS;12892.0;1;4;4
385700;;;OXYGEN_SHAKE_MINT;XIRECS;8935.0;1;4;4
385700;;;OXYGEN_SHAKE_MORNING_BREATH;XIRECS;9618.0;1;4;4
385700;;;PANEL_1X2;XIRECS;9155.0;1;4;4
385700;;;PANEL_1X4;XIRECS;8563.0;1;4;4
385700;;;PANEL_2X2;XIRECS;8581.0;1;4;4
385700;;;PANEL_2X4;XIRECS;11844.0;1;4;4
385700;;;PANEL_4X4;XIRECS;10051.0;1;4;4
385700;;;ROBOT_DISHES;XIRECS;10304.0;1;4;4
385700;;;ROBOT_IRONING;XIRECS;8123.0;1;4;4
385700;;;ROBOT_LAUNDRY;XIRECS;9170.0;1;4;4
385700;;;ROBOT_MOPPING;XIRECS;11831.0;1;4;4
385700;;;ROBOT_VACUUMING;XIRECS;8696.0;1;4;4
385700;;;SLEEP_POD_COTTON;XIRECS;13507.0;1;4;4
385700;;;SLEEP_POD_LAMB_WOOL;XIRECS;11090.0;1;4;4
385700;;;SLEEP_POD_NYLON;XIRECS;9976.0;1;4;4
385700;;;SLEEP_POD_POLYESTER;XIRECS;13017.0;1;4;4
385700;;;SLEEP_POD_SUEDE;XIRECS;12002.0;1;4;4
385700;;;SNACKPACK_CHOCOLATE;XIRECS;9590.0;1;4;4
385700;;;SNACKPACK_PISTACHIO;XIRECS;9527.0;1;4;4
385700;;;SNACKPACK_RASPBERRY;XIRECS;9831.0;1;4;4
385700;;;SNACKPACK_STRAWBERRY;XIRECS;11292.0;1;4;4
385700;;;SNACKPACK_VANILLA;XIRECS;10246.0;1;4;4
385700;;;TRANSLATOR_ASTRO_BLACK;XIRECS;9338.0;1;4;4
385700;;;TRANSLATOR_ECLIPSE_CHARCOAL;XIRECS;9804.0;1;4;4
385700;;;TRANSLATOR_GRAPHITE_MIST;XIRECS;10364.0;1;4;4
385700;;;TRANSLATOR_SPACE_GRAY;XIRECS;9136.0;1;4;4
385700;;;TRANSLATOR_VOID_BLUE;XIRECS;11545.0;1;4;4
385700;;;UV_VISOR_AMBER;XIRECS;7087.0;1;4;4
385700;;;UV_VISOR_MAGENTA;XIRECS;11468.0;1;4;4
385700;;;UV_VISOR_ORANGE;XIRECS;11082.0;1;4;4
385700;;;UV_VISOR_RED;XIRECS;11625.0;1;4;4
385700;;;UV_VISOR_YELLOW;XIRECS;10998.0;1;4;4
386600;SUBMISSION;;SNACKPACK_PISTACHIO;XIRECS;9526.0;5;4;4
386600;SUBMISSION;;SNACKPACK_STRAWBERRY;XIRECS;11297.0;5;4;4
386600;SUBMISSION;;SNACKPACK_VANILLA;XIRECS;10253.0;5;4;4
387900;;;MICROCHIP_CIRCLE;XIRECS;9213.0;1;4;4
387900;;;MICROCHIP_OVAL;XIRECS;6224.0;1;4;4
387900;;;MICROCHIP_RECTANGLE;XIRECS;8556.0;1;4;4
387900;;;MICROCHIP_SQUARE;XIRECS;14911.0;1;4;4
387900;;;MICROCHIP_TRIANGLE;XIRECS;8675.0;1;4;4
388400;SUBMISSION;;UV_VISOR_AMBER;XIRECS;7087.0;5;4;4
388600;SUBMISSION;;PANEL_1X4;XIRECS;8589.0;5;4;4
388800;;SUBMISSION;PEBBLES_XL;XIRECS;14814.0;4;4;4
389600;SUBMISSION;;OXYGEN_SHAKE_MORNING_BREATH;XIRECS;9722.0;5;4;4
390000;;;MICROCHIP_CIRCLE;XIRECS;9218.0;1;4;4
390000;;;MICROCHIP_OVAL;XIRECS;6220.0;1;4;4
390000;;;MICROCHIP_RECTANGLE;XIRECS;8492.0;1;4;4
390000;;;MICROCHIP_SQUARE;XIRECS;14890.0;1;4;4
390000;;;MICROCHIP_TRIANGLE;XIRECS;8683.0;1;4;4
391000;SUBMISSION;;PEBBLES_XL;XIRECS;14625.0;2;4;4
391000;;;PEBBLES_L;XIRECS;11016.0;4;4;4
391000;;;PEBBLES_M;XIRECS;10616.0;4;4;4
391000;;;PEBBLES_S;XIRECS;7835.0;4;4;4
391000;;;PEBBLES_XS;XIRECS;5877.0;4;4;4
391100;SUBMISSION;;SNACKPACK_PISTACHIO;XIRECS;9501.0;3;4;4
391100;SUBMISSION;;SNACKPACK_STRAWBERRY;XIRECS;11238.0;3;4;4
391100;SUBMISSION;;SNACKPACK_VANILLA;XIRECS;10272.0;3;4;4
391200;SUBMISSION;;ROBOT_MOPPING;XIRECS;11871.0;5;4;4
391500;;SUBMISSION;SNACKPACK_PISTACHIO;XIRECS;9516.0;1;4;4
391500;;SUBMISSION;SNACKPACK_STRAWBERRY;XIRECS;11262.0;1;4;4
391500;;SUBMISSION;SNACKPACK_VANILLA;XIRECS;10300.0;1;4;4
391500;;;GALAXY_SOUNDS_BLACK_HOLES;XIRECS;12714.0;1;4;4
391500;;;GALAXY_SOUNDS_DARK_MATTER;XIRECS;10181.0;1;4;4
391500;;;GALAXY_SOUNDS_PLANETARY_RINGS;XIRECS;11013.0;1;4;4
391500;;;GALAXY_SOUNDS_SOLAR_FLAMES;XIRECS;10798.0;1;4;4
391500;;;GALAXY_SOUNDS_SOLAR_WINDS;XIRECS;10749.0;1;4;4
391500;;;OXYGEN_SHAKE_CHOCOLATE;XIRECS;9810.0;1;4;4
391500;;;OXYGEN_SHAKE_EVENING_BREATH;XIRECS;9866.0;1;4;4
391500;;;OXYGEN_SHAKE_GARLIC;XIRECS;12914.0;1;4;4
391500;;;OXYGEN_SHAKE_MINT;XIRECS;8787.0;1;4;4
391500;;;OXYGEN_SHAKE_MORNING_BREATH;XIRECS;9690.0;1;4;4
391500;;;PANEL_1X2;XIRECS;9157.0;1;4;4
391500;;;PANEL_1X4;XIRECS;8549.0;1;4;4
391500;;;PANEL_2X2;XIRECS;8557.0;1;4;4
391500;;;PANEL_2X4;XIRECS;11995.0;1;4;4
391500;;;PANEL_4X4;XIRECS;10107.0;1;4;4
391500;;;ROBOT_DISHES;XIRECS;10304.0;1;4;4
391500;;;ROBOT_IRONING;XIRECS;8083.0;1;4;4
391500;;;ROBOT_LAUNDRY;XIRECS;9129.0;1;4;4
391500;;;ROBOT_MOPPING;XIRECS;11854.0;1;4;4
391500;;;ROBOT_VACUUMING;XIRECS;8549.0;1;4;4
391500;;;SLEEP_POD_COTTON;XIRECS;13306.0;1;4;4
391500;;;SLEEP_POD_LAMB_WOOL;XIRECS;10945.0;1;4;4
391500;;;SLEEP_POD_NYLON;XIRECS;9983.0;1;4;4
391500;;;SLEEP_POD_POLYESTER;XIRECS;13052.0;1;4;4
391500;;;SLEEP_POD_SUEDE;XIRECS;11956.0;1;4;4
391500;;;SNACKPACK_CHOCOLATE;XIRECS;9541.0;1;4;4
391500;;;SNACKPACK_RASPBERRY;XIRECS;9859.0;1;4;4
391500;;;TRANSLATOR_ASTRO_BLACK;XIRECS;9383.0;1;4;4
391500;;;TRANSLATOR_ECLIPSE_CHARCOAL;XIRECS;9801.0;1;4;4
391500;;;TRANSLATOR_GRAPHITE_MIST;XIRECS;10302.0;1;4;4
391500;;;TRANSLATOR_SPACE_GRAY;XIRECS;9095.0;1;4;4
391500;;;TRANSLATOR_VOID_BLUE;XIRECS;11544.0;1;4;4
391500;;;UV_VISOR_AMBER;XIRECS;7084.0;1;4;4
391500;;;UV_VISOR_MAGENTA;XIRECS;11447.0;1;4;4
391500;;;UV_VISOR_ORANGE;XIRECS;10962.0;1;4;4
391500;;;UV_VISOR_RED;XIRECS;11546.0;1;4;4
391500;;;UV_VISOR_YELLOW;XIRECS;11060.0;1;4;4
391700;SUBMISSION;;PEBBLES_XL;XIRECS;14695.0;2;4;4
391700;;;PEBBLES_L;XIRECS;11057.0;2;4;4
391700;;;PEBBLES_M;XIRECS;10601.0;2;4;4
391700;;;PEBBLES_S;XIRECS;7779.0;2;4;4
391700;;;PEBBLES_XS;XIRECS;5837.0;2;4;4
392800;;SUBMISSION;SNACKPACK_PISTACHIO;XIRECS;9506.0;2;4;4
392800;;SUBMISSION;SNACKPACK_STRAWBERRY;XIRECS;11223.0;2;4;4
392800;;SUBMISSION;SNACKPACK_VANILLA;XIRECS;10302.0;2;4;4
392800;;;GALAXY_SOUNDS_BLACK_HOLES;XIRECS;12748.0;2;4;4
392800;;;GALAXY_SOUNDS_DARK_MATTER;XIRECS;10205.0;2;4;4
392800;;;GALAXY_SOUNDS_PLANETARY_RINGS;XIRECS;11064.0;2;4;4
392800;;;GALAXY_SOUNDS_SOLAR_FLAMES;XIRECS;10778.0;2;4;4
392800;;;GALAXY_SOUNDS_SOLAR_WINDS;XIRECS;10670.0;2;4;4
392800;;;OXYGEN_SHAKE_CHOCOLATE;XIRECS;9814.0;2;4;4
392800;;;OXYGEN_SHAKE_EVENING_BREATH;XIRECS;9886.0;2;4;4
392800;;;OXYGEN_SHAKE_GARLIC;XIRECS;12890.0;2;4;4
392800;;;OXYGEN_SHAKE_MINT;XIRECS;8749.0;2;4;4
392800;;;OXYGEN_SHAKE_MORNING_BREATH;XIRECS;9710.0;2;4;4
392800;;;PANEL_1X2;XIRECS;9124.0;2;4;4
392800;;;PANEL_1X4;XIRECS;8592.0;2;4;4
392800;;;PANEL_2X2;XIRECS;8550.0;2;4;4
392800;;;PANEL_2X4;XIRECS;12000.0;2;4;4
392800;;;PANEL_4X4;XIRECS;10171.0;2;4;4
392800;;;ROBOT_DISHES;XIRECS;10304.0;2;4;4
392800;;;ROBOT_IRONING;XIRECS;8113.0;2;4;4
392800;;;ROBOT_LAUNDRY;XIRECS;9148.0;2;4;4
392800;;;ROBOT_MOPPING;XIRECS;11888.0;2;4;4
392800;;;ROBOT_VACUUMING;XIRECS;8460.0;2;4;4
392800;;;SLEEP_POD_COTTON;XIRECS;13384.0;2;4;4
392800;;;SLEEP_POD_LAMB_WOOL;XIRECS;10950.0;2;4;4
392800;;;SLEEP_POD_NYLON;XIRECS;10006.0;2;4;4
392800;;;SLEEP_POD_POLYESTER;XIRECS;13058.0;2;4;4
392800;;;SLEEP_POD_SUEDE;XIRECS;11907.0;2;4;4
392800;;;SNACKPACK_CHOCOLATE;XIRECS;9540.0;2;4;4
392800;;;SNACKPACK_RASPBERRY;XIRECS;9885.0;2;4;4
392800;;;TRANSLATOR_ASTRO_BLACK;XIRECS;9395.0;2;4;4
392800;;;TRANSLATOR_ECLIPSE_CHARCOAL;XIRECS;9805.0;2;4;4
392800;;;TRANSLATOR_GRAPHITE_MIST;XIRECS;10336.0;2;4;4
392800;;;TRANSLATOR_SPACE_GRAY;XIRECS;9034.0;2;4;4
392800;;;TRANSLATOR_VOID_BLUE;XIRECS;11518.0;2;4;4
392800;;;UV_VISOR_AMBER;XIRECS;7072.0;2;4;4
392800;;;UV_VISOR_MAGENTA;XIRECS;11496.0;2;4;4
392800;;;UV_VISOR_ORANGE;XIRECS;10946.0;2;4;4
392800;;;UV_VISOR_RED;XIRECS;11533.0;2;4;4
392800;;;UV_VISOR_YELLOW;XIRECS;10986.0;2;4;4
393100;SUBMISSION;;SNACKPACK_PISTACHIO;XIRECS;9495.0;3;4;4
393100;SUBMISSION;;SNACKPACK_STRAWBERRY;XIRECS;11200.0;3;4;4
393100;SUBMISSION;;SNACKPACK_VANILLA;XIRECS;10298.0;3;4;4
394000;SUBMISSION;;PEBBLES_XL;XIRECS;15152.0;8;4;4
394400;;SUBMISSION;SNACKPACK_PISTACHIO;XIRECS;9495.0;3;4;4
394400;;SUBMISSION;SNACKPACK_STRAWBERRY;XIRECS;11184.0;3;4;4
394400;;SUBMISSION;SNACKPACK_VANILLA;XIRECS;10310.0;3;4;4
394700;SUBMISSION;;OXYGEN_SHAKE_MORNING_BREATH;XIRECS;9750.0;5;4;4
395200;SUBMISSION;;PEBBLES_XL;XIRECS;15055.0;2;4;4
395200;;;PEBBLES_L;XIRECS;10915.0;4;4;4
395200;;;PEBBLES_M;XIRECS;10494.0;4;4;4
395200;;;PEBBLES_S;XIRECS;7789.0;4;4;4
395200;;;PEBBLES_XS;XIRECS;5717.0;4;4;4
395600;SUBMISSION;;PEBBLES_XL;XIRECS;15028.0;4;4;4
396200;SUBMISSION;;PEBBLES_XL;XIRECS;15101.0;2;4;4
396400;;SUBMISSION;PEBBLES_XL;XIRECS;15107.0;7;4;4
397600;;SUBMISSION;PEBBLES_XL;XIRECS;14930.0;6;4;4
398100;;SUBMISSION;PEBBLES_XL;XIRECS;14781.0;2;4;4
398100;;;PEBBLES_L;XIRECS;11006.0;5;4;4
398100;;;PEBBLES_M;XIRECS;10667.0;5;4;4
398100;;;PEBBLES_S;XIRECS;7769.0;5;4;4
398100;;;PEBBLES_XS;XIRECS;5809.0;5;4;4
398500;SUBMISSION;;ROBOT_MOPPING;XIRECS;11968.0;5;4;4
398600;SUBMISSION;;SNACKPACK_PISTACHIO;XIRECS;9482.0;3;4;4
398600;SUBMISSION;;SNACKPACK_STRAWBERRY;XIRECS;11159.0;3;4;4
398600;SUBMISSION;;SNACKPACK_VANILLA;XIRECS;10292.0;3;4;4
400500;SUBMISSION;;PEBBLES_XL;XIRECS;14299.0;8;4;4
400600;;SUBMISSION;OXYGEN_SHAKE_MORNING_BREATH;XIRECS;9656.0;5;4;4
400600;;;MICROCHIP_CIRCLE;XIRECS;9190.0;3;4;4
400600;;;MICROCHIP_OVAL;XIRECS;6196.0;3;4;4
400600;;;MICROCHIP_RECTANGLE;XIRECS;8627.0;3;4;4
400600;;;MICROCHIP_SQUARE;XIRECS;15027.0;3;4;4
400600;;;MICROCHIP_TRIANGLE;XIRECS;8621.0;3;4;4
402200;;;MICROCHIP_CIRCLE;XIRECS;9180.0;2;4;4
402200;;;MICROCHIP_OVAL;XIRECS;6148.0;2;4;4
402200;;;MICROCHIP_RECTANGLE;XIRECS;8637.0;2;4;4
402200;;;MICROCHIP_SQUARE;XIRECS;14890.0;2;4;4
402200;;;MICROCHIP_TRIANGLE;XIRECS;8649.0;2;4;4
402600;;SUBMISSION;SNACKPACK_PISTACHIO;XIRECS;9460.0;4;4;4
402600;;SUBMISSION;SNACKPACK_STRAWBERRY;XIRECS;11145.0;4;4;4
402600;;SUBMISSION;SNACKPACK_VANILLA;XIRECS;10282.0;4;4;4
403300;;SUBMISSION;PEBBLES_XL;XIRECS;14465.0;3;4;4
403400;;;GALAXY_SOUNDS_BLACK_HOLES;XIRECS;12740.0;1;4;4
403400;;;GALAXY_SOUNDS_DARK_MATTER;XIRECS;10432.0;1;4;4
403400;;;GALAXY_SOUNDS_PLANETARY_RINGS;XIRECS;11024.0;1;4;4
403400;;;GALAXY_SOUNDS_SOLAR_FLAMES;XIRECS;10656.0;1;4;4
403400;;;GALAXY_SOUNDS_SOLAR_WINDS;XIRECS;10553.0;1;4;4
403400;;;OXYGEN_SHAKE_CHOCOLATE;XIRECS;9778.0;1;4;4
403400;;;OXYGEN_SHAKE_EVENING_BREATH;XIRECS;9776.0;1;4;4
403400;;;OXYGEN_SHAKE_GARLIC;XIRECS;12933.0;1;4;4
403400;;;OXYGEN_SHAKE_MINT;XIRECS;8696.0;1;4;4
403400;;;OXYGEN_SHAKE_MORNING_BREATH;XIRECS;9637.0;1;4;4
403400;;;PANEL_1X2;XIRECS;9251.0;1;4;4
403400;;;PANEL_1X4;XIRECS;8577.0;1;4;4
403400;;;PANEL_2X2;XIRECS;8646.0;1;4;4
403400;;;PANEL_2X4;XIRECS;12002.0;1;4;4
403400;;;PANEL_4X4;XIRECS;10078.0;1;4;4
403400;;;ROBOT_DISHES;XIRECS;10604.0;1;4;4
403400;;;ROBOT_IRONING;XIRECS;8043.0;1;4;4
403400;;;ROBOT_LAUNDRY;XIRECS;9101.0;1;4;4
403400;;;ROBOT_MOPPING;XIRECS;11921.0;1;4;4
403400;;;ROBOT_VACUUMING;XIRECS;8500.0;1;4;4
403400;;;SLEEP_POD_COTTON;XIRECS;13398.0;1;4;4
403400;;;SLEEP_POD_LAMB_WOOL;XIRECS;11111.0;1;4;4
403400;;;SLEEP_POD_NYLON;XIRECS;10052.0;1;4;4
403400;;;SLEEP_POD_POLYESTER;XIRECS;13099.0;1;4;4
403400;;;SLEEP_POD_SUEDE;XIRECS;11953.0;1;4;4
403400;;;SNACKPACK_CHOCOLATE;XIRECS;9520.0;1;4;4
403400;;;SNACKPACK_PISTACHIO;XIRECS;9455.0;1;4;4
403400;;;SNACKPACK_RASPBERRY;XIRECS;9944.0;1;4;4
403400;;;SNACKPACK_STRAWBERRY;XIRECS;11135.0;1;4;4
403400;;;SNACKPACK_VANILLA;XIRECS;10319.0;1;4;4
403400;;;TRANSLATOR_ASTRO_BLACK;XIRECS;9447.0;1;4;4
403400;;;TRANSLATOR_ECLIPSE_CHARCOAL;XIRECS;9800.0;1;4;4
403400;;;TRANSLATOR_GRAPHITE_MIST;XIRECS;10526.0;1;4;4
403400;;;TRANSLATOR_SPACE_GRAY;XIRECS;8990.0;1;4;4
403400;;;TRANSLATOR_VOID_BLUE;XIRECS;11472.0;1;4;4
403400;;;UV_VISOR_AMBER;XIRECS;7032.0;1;4;4
403400;;;UV_VISOR_MAGENTA;XIRECS;11597.0;1;4;4
403400;;;UV_VISOR_ORANGE;XIRECS;11038.0;1;4;4
403400;;;UV_VISOR_RED;XIRECS;11477.0;1;4;4
403400;;;UV_VISOR_YELLOW;XIRECS;10939.0;1;4;4
403600;;SUBMISSION;PEBBLES_XL;XIRECS;14404.0;3;4;4
404100;;SUBMISSION;SNACKPACK_PISTACHIO;XIRECS;9434.0;4;4;4
404100;;SUBMISSION;SNACKPACK_STRAWBERRY;XIRECS;11106.0;4;4;4
404100;;SUBMISSION;SNACKPACK_VANILLA;XIRECS;10301.0;4;4;4
406000;;SUBMISSION;OXYGEN_SHAKE_MORNING_BREATH;XIRECS;9645.0;5;4;4
407100;;;GALAXY_SOUNDS_BLACK_HOLES;XIRECS;12745.0;4;4;4
407100;;;GALAXY_SOUNDS_DARK_MATTER;XIRECS;10433.0;4;4;4
407100;;;GALAXY_SOUNDS_PLANETARY_RINGS;XIRECS;10904.0;4;4;4
407100;;;GALAXY_SOUNDS_SOLAR_FLAMES;XIRECS;10594.0;4;4;4
407100;;;GALAXY_SOUNDS_SOLAR_WINDS;XIRECS;10619.0;4;4;4
407100;;;OXYGEN_SHAKE_CHOCOLATE;XIRECS;9711.0;4;4;4
407100;;;OXYGEN_SHAKE_EVENING_BREATH;XIRECS;9716.0;4;4;4
407100;;;OXYGEN_SHAKE_GARLIC;XIRECS;13001.0;4;4;4
407100;;;OXYGEN_SHAKE_MINT;XIRECS;8712.0;4;4;4
407100;;;OXYGEN_SHAKE_MORNING_BREATH;XIRECS;9642.0;4;4;4
407100;;;PANEL_1X2;XIRECS;9163.0;4;4;4
407100;;;PANEL_1X4;XIRECS;8590.0;4;4;4
407100;;;PANEL_2X2;XIRECS;8661.0;4;4;4
407100;;;PANEL_2X4;XIRECS;11985.0;4;4;4
407100;;;PANEL_4X4;XIRECS;10084.0;4;4;4
407100;;;ROBOT_DISHES;XIRECS;10504.0;4;4;4
407100;;;ROBOT_IRONING;XIRECS;8073.0;4;4;4
407100;;;ROBOT_LAUNDRY;XIRECS;9011.0;4;4;4
407100;;;ROBOT_MOPPING;XIRECS;11940.0;4;4;4
407100;;;ROBOT_VACUUMING;XIRECS;8470.0;4;4;4
407100;;;SLEEP_POD_COTTON;XIRECS;13411.0;4;4;4
407100;;;SLEEP_POD_LAMB_WOOL;XIRECS;11062.0;4;4;4
407100;;;SLEEP_POD_NYLON;XIRECS;10033.0;4;4;4
407100;;;SLEEP_POD_POLYESTER;XIRECS;13126.0;4;4;4
407100;;;SLEEP_POD_SUEDE;XIRECS;11933.0;4;4;4
407100;;;SNACKPACK_CHOCOLATE;XIRECS;9564.0;4;4;4
407100;;;SNACKPACK_PISTACHIO;XIRECS;9453.0;4;4;4
407100;;;SNACKPACK_RASPBERRY;XIRECS;9928.0;4;4;4
407100;;;SNACKPACK_STRAWBERRY;XIRECS;11137.0;4;4;4
407100;;;SNACKPACK_VANILLA;XIRECS;10273.0;4;4;4
407100;;;TRANSLATOR_ASTRO_BLACK;XIRECS;9487.0;4;4;4
407100;;;TRANSLATOR_ECLIPSE_CHARCOAL;XIRECS;9805.0;4;4;4
407100;;;TRANSLATOR_GRAPHITE_MIST;XIRECS;10497.0;4;4;4
407100;;;TRANSLATOR_SPACE_GRAY;XIRECS;9012.0;4;4;4
407100;;;TRANSLATOR_VOID_BLUE;XIRECS;11559.0;4;4;4
407100;;;UV_VISOR_AMBER;XIRECS;7041.0;4;4;4
407100;;;UV_VISOR_MAGENTA;XIRECS;11617.0;4;4;4
407100;;;UV_VISOR_ORANGE;XIRECS;11052.0;4;4;4
407100;;;UV_VISOR_RED;XIRECS;11505.0;4;4;4
407100;;;UV_VISOR_YELLOW;XIRECS;11027.0;4;4;4
407300;;;MICROCHIP_CIRCLE;XIRECS;9194.0;2;4;4
407300;;;MICROCHIP_OVAL;XIRECS;6154.0;2;4;4
407300;;;MICROCHIP_RECTANGLE;XIRECS;8780.0;2;4;4
407300;;;MICROCHIP_SQUARE;XIRECS;14843.0;2;4;4
407300;;;MICROCHIP_TRIANGLE;XIRECS;8676.0;2;4;4
407600;SUBMISSION;;PEBBLES_XL;XIRECS;14490.0;5;4;4
407900;SUBMISSION;;PEBBLES_XL;XIRECS;14504.0;4;4;4
408200;;SUBMISSION;UV_VISOR_AMBER;XIRECS;6998.0;5;4;4
409300;SUBMISSION;;ROBOT_MOPPING;XIRECS;12020.0;4;4;4
409400;SUBMISSION;;SNACKPACK_PISTACHIO;XIRECS;9451.0;3;4;4
409400;SUBMISSION;;ROBOT_MOPPING;XIRECS;12040.0;1;4;4
409400;SUBMISSION;;SNACKPACK_STRAWBERRY;XIRECS;11131.0;3;4;4
409400;SUBMISSION;;SNACKPACK_VANILLA;XIRECS;10316.0;3;4;4
409800;;SUBMISSION;ROBOT_IRONING;XIRECS;8047.0;5;4;4
410200;SUBMISSION;;PEBBLES_XL;XIRECS;14499.0;4;4;4
410300;;SUBMISSION;PEBBLES_XL;XIRECS;14487.0;5;4;4
410500;;SUBMISSION;SLEEP_POD_COTTON;XIRECS;13204.0;5;4;4
410700;SUBMISSION;;PEBBLES_XL;XIRECS;14404.0;5;4;4
411800;;SUBMISSION;SLEEP_POD_COTTON;XIRECS;13122.0;5;4;4
412000;;SUBMISSION;UV_VISOR_AMBER;XIRECS;6910.0;5;4;4
413400;;SUBMISSION;SLEEP_POD_COTTON;XIRECS;13104.0;5;4;4
413800;;SUBMISSION;PANEL_1X4;XIRECS;8478.0;5;4;4
414000;;SUBMISSION;ROBOT_MOPPING;XIRECS;11889.0;4;4;4
414100;;SUBMISSION;ROBOT_MOPPING;XIRECS;11882.0;1;4;4
414300;;SUBMISSION;UV_VISOR_AMBER;XIRECS;6885.0;5;4;4
415200;;SUBMISSION;PEBBLES_XL;XIRECS;14557.0;2;4;4
415200;;;PEBBLES_L;XIRECS;10918.0;5;4;4
415200;;;PEBBLES_M;XIRECS;10655.0;5;4;4
415200;;;PEBBLES_S;XIRECS;7900.0;5;4;4
415200;;;PEBBLES_XS;XIRECS;6002.0;5;4;4
415400;;SUBMISSION;PEBBLES_XL;XIRECS;14535.0;8;4;4
415800;;;MICROCHIP_CIRCLE;XIRECS;9252.0;3;4;4
415800;;;MICROCHIP_OVAL;XIRECS;6302.0;3;4;4
415800;;;MICROCHIP_RECTANGLE;XIRECS;8586.0;3;4;4
415800;;;MICROCHIP_SQUARE;XIRECS;14666.0;3;4;4
415800;;;MICROCHIP_TRIANGLE;XIRECS;8507.0;3;4;4
416300;;;GALAXY_SOUNDS_BLACK_HOLES;XIRECS;12743.0;4;4;4
416300;;;GALAXY_SOUNDS_DARK_MATTER;XIRECS;10276.0;4;4;4
416300;;;GALAXY_SOUNDS_PLANETARY_RINGS;XIRECS;10921.0;4;4;4
416300;;;GALAXY_SOUNDS_SOLAR_FLAMES;XIRECS;10586.0;4;4;4
416300;;;GALAXY_SOUNDS_SOLAR_WINDS;XIRECS;10474.0;4;4;4
416300;;;OXYGEN_SHAKE_CHOCOLATE;XIRECS;9824.0;4;4;4
416300;;;OXYGEN_SHAKE_EVENING_BREATH;XIRECS;9566.0;4;4;4
416300;;;OXYGEN_SHAKE_GARLIC;XIRECS;13005.0;4;4;4
416300;;;OXYGEN_SHAKE_MINT;XIRECS;8656.0;4;4;4
416300;;;OXYGEN_SHAKE_MORNING_BREATH;XIRECS;9703.0;4;4;4
416300;;;PANEL_1X2;XIRECS;9062.0;4;4;4
416300;;;PANEL_1X4;XIRECS;8486.0;4;4;4
416300;;;PANEL_2X2;XIRECS;8605.0;4;4;4
416300;;;PANEL_2X4;XIRECS;11951.0;4;4;4
416300;;;PANEL_4X4;XIRECS;10067.0;4;4;4
416300;;;ROBOT_DISHES;XIRECS;10604.0;4;4;4
416300;;;ROBOT_IRONING;XIRECS;8083.0;4;4;4
416300;;;ROBOT_LAUNDRY;XIRECS;9053.0;4;4;4
416300;;;ROBOT_MOPPING;XIRECS;11890.0;4;4;4
416300;;;ROBOT_VACUUMING;XIRECS;8492.0;4;4;4
416300;;;SLEEP_POD_COTTON;XIRECS;13195.0;4;4;4
416300;;;SLEEP_POD_LAMB_WOOL;XIRECS;11043.0;4;4;4
416300;;;SLEEP_POD_NYLON;XIRECS;9891.0;4;4;4
416300;;;SLEEP_POD_POLYESTER;XIRECS;12922.0;4;4;4
416300;;;SLEEP_POD_SUEDE;XIRECS;11821.0;4;4;4
416300;;;SNACKPACK_CHOCOLATE;XIRECS;9572.0;4;4;4
416300;;;SNACKPACK_PISTACHIO;XIRECS;9484.0;4;4;4
416300;;;SNACKPACK_RASPBERRY;XIRECS;9887.0;4;4;4
416300;;;SNACKPACK_STRAWBERRY;XIRECS;11218.0;4;4;4
416300;;;SNACKPACK_VANILLA;XIRECS;10258.0;4;4;4
416300;;;TRANSLATOR_ASTRO_BLACK;XIRECS;9479.0;4;4;4
416300;;;TRANSLATOR_ECLIPSE_CHARCOAL;XIRECS;9892.0;4;4;4
416300;;;TRANSLATOR_GRAPHITE_MIST;XIRECS;10441.0;4;4;4
416300;;;TRANSLATOR_SPACE_GRAY;XIRECS;9013.0;4;4;4
416300;;;TRANSLATOR_VOID_BLUE;XIRECS;11630.0;4;4;4
416300;;;UV_VISOR_AMBER;XIRECS;6858.0;4;4;4
416300;;;UV_VISOR_MAGENTA;XIRECS;11723.0;4;4;4
416300;;;UV_VISOR_ORANGE;XIRECS;11261.0;4;4;4
416300;;;UV_VISOR_RED;XIRECS;11510.0;4;4;4
416300;;;UV_VISOR_YELLOW;XIRECS;10982.0;4;4;4
416900;;SUBMISSION;SNACKPACK_PISTACHIO;XIRECS;9483.0;2;4;4
416900;;SUBMISSION;SNACKPACK_STRAWBERRY;XIRECS;11226.0;2;4;4
416900;SUBMISSION;;ROBOT_IRONING;XIRECS;8093.0;5;4;4
416900;;SUBMISSION;SNACKPACK_VANILLA;XIRECS;10255.0;2;4;4
417000;SUBMISSION;;OXYGEN_SHAKE_MORNING_BREATH;XIRECS;9726.0;5;4;4
417500;SUBMISSION;;PEBBLES_XL;XIRECS;14316.0;5;4;4
417500;;;PEBBLES_L;XIRECS;10930.0;3;4;4
417500;;;PEBBLES_M;XIRECS;10778.0;3;4;4
417500;;;PEBBLES_S;XIRECS;7905.0;3;4;4
417500;;;PEBBLES_XL;XIRECS;14316.0;3;4;4
417500;;;PEBBLES_XS;XIRECS;6068.0;3;4;4
418800;;SUBMISSION;PANEL_1X4;XIRECS;8456.0;5;4;4
420900;;;MICROCHIP_CIRCLE;XIRECS;9370.0;2;4;4
420900;;;MICROCHIP_OVAL;XIRECS;6432.0;2;4;4
420900;;;MICROCHIP_RECTANGLE;XIRECS;8622.0;2;4;4
420900;;;MICROCHIP_SQUARE;XIRECS;14738.0;2;4;4
420900;;;MICROCHIP_TRIANGLE;XIRECS;8432.0;2;4;4
421100;;SUBMISSION;PEBBLES_XL;XIRECS;14082.0;2;4;4
421100;;;PEBBLES_L;XIRECS;11083.0;4;4;4
421100;;;PEBBLES_M;XIRECS;10890.0;4;4;4
421100;;;PEBBLES_S;XIRECS;7967.0;4;4;4
421100;;;PEBBLES_XS;XIRECS;6011.0;4;4;4
422000;SUBMISSION;;OXYGEN_SHAKE_MORNING_BREATH;XIRECS;9772.0;5;4;4
422600;;SUBMISSION;SNACKPACK_PISTACHIO;XIRECS;9458.0;1;4;4
422600;;SUBMISSION;SNACKPACK_STRAWBERRY;XIRECS;11235.0;1;4;4
422600;;SUBMISSION;SNACKPACK_VANILLA;XIRECS;10282.0;1;4;4
423500;;SUBMISSION;SLEEP_POD_COTTON;XIRECS;13091.0;5;4;4
424800;;SUBMISSION;PANEL_1X4;XIRECS;8393.0;5;4;4
424900;SUBMISSION;;ROBOT_IRONING;XIRECS;8143.0;4;4;4
425000;SUBMISSION;;ROBOT_IRONING;XIRECS;8143.0;1;4;4
425200;;SUBMISSION;PEBBLES_XL;XIRECS;14317.0;5;4;4
425200;;;GALAXY_SOUNDS_BLACK_HOLES;XIRECS;12692.0;4;4;4
425200;;;GALAXY_SOUNDS_DARK_MATTER;XIRECS;10184.0;4;4;4
425200;;;GALAXY_SOUNDS_PLANETARY_RINGS;XIRECS;10801.0;4;4;4
425200;;;GALAXY_SOUNDS_SOLAR_FLAMES;XIRECS;10610.0;4;4;4
425200;;;GALAXY_SOUNDS_SOLAR_WINDS;XIRECS;10594.0;4;4;4
425200;;;OXYGEN_SHAKE_CHOCOLATE;XIRECS;9903.0;4;4;4
425200;;;OXYGEN_SHAKE_EVENING_BREATH;XIRECS;9466.0;4;4;4
425200;;;OXYGEN_SHAKE_GARLIC;XIRECS;13077.0;4;4;4
425200;;;OXYGEN_SHAKE_MINT;XIRECS;8584.0;4;4;4
425200;;;OXYGEN_SHAKE_MORNING_BREATH;XIRECS;9836.0;4;4;4
425200;;;PANEL_1X2;XIRECS;9161.0;4;4;4
425200;;;PANEL_1X4;XIRECS;8391.0;4;4;4
425200;;;PANEL_2X2;XIRECS;8527.0;4;4;4
425200;;;PANEL_2X4;XIRECS;12063.0;4;4;4
425200;;;PANEL_4X4;XIRECS;10214.0;4;4;4
425200;;;ROBOT_DISHES;XIRECS;10704.0;4;4;4
425200;;;ROBOT_IRONING;XIRECS;8133.0;4;4;4
425200;;;ROBOT_LAUNDRY;XIRECS;9134.0;4;4;4
425200;;;ROBOT_MOPPING;XIRECS;11908.0;4;4;4
425200;;;ROBOT_VACUUMING;XIRECS;8517.0;4;4;4
425200;;;SLEEP_POD_COTTON;XIRECS;13098.0;4;4;4
425200;;;SLEEP_POD_LAMB_WOOL;XIRECS;11079.0;4;4;4
425200;;;SLEEP_POD_NYLON;XIRECS;9831.0;4;4;4
425200;;;SLEEP_POD_POLYESTER;XIRECS;13071.0;4;4;4
425200;;;SLEEP_POD_SUEDE;XIRECS;11858.0;4;4;4
425200;;;SNACKPACK_CHOCOLATE;XIRECS;9483.0;4;4;4
425200;;;SNACKPACK_PISTACHIO;XIRECS;9482.0;4;4;4
425200;;;SNACKPACK_RASPBERRY;XIRECS;9833.0;4;4;4
425200;;;SNACKPACK_STRAWBERRY;XIRECS;11292.0;4;4;4
425200;;;SNACKPACK_VANILLA;XIRECS;10343.0;4;4;4
425200;;;TRANSLATOR_ASTRO_BLACK;XIRECS;9412.0;4;4;4
425200;;;TRANSLATOR_ECLIPSE_CHARCOAL;XIRECS;9877.0;4;4;4
425200;;;TRANSLATOR_GRAPHITE_MIST;XIRECS;10513.0;4;4;4
425200;;;TRANSLATOR_SPACE_GRAY;XIRECS;9022.0;4;4;4
425200;;;TRANSLATOR_VOID_BLUE;XIRECS;11504.0;4;4;4
425200;;;UV_VISOR_AMBER;XIRECS;6980.0;4;4;4
425200;;;UV_VISOR_MAGENTA;XIRECS;11635.0;4;4;4
425200;;;UV_VISOR_ORANGE;XIRECS;11449.0;4;4;4
425200;;;UV_VISOR_RED;XIRECS;11571.0;4;4;4
425200;;;UV_VISOR_YELLOW;XIRECS;10912.0;4;4;4
426700;SUBMISSION;;PEBBLES_XL;XIRECS;14357.0;2;4;4
426700;;;PEBBLES_L;XIRECS;10928.0;5;4;4
426700;;;PEBBLES_M;XIRECS;10800.0;5;4;4
426700;;;PEBBLES_S;XIRECS;7882.0;5;4;4
426700;;;PEBBLES_XS;XIRECS;6002.0;5;4;4
427000;;SUBMISSION;ROBOT_IRONING;XIRECS;8097.0;5;4;4
427300;SUBMISSION;;SNACKPACK_PISTACHIO;XIRECS;9446.0;2;4;4
427300;SUBMISSION;;SNACKPACK_STRAWBERRY;XIRECS;11234.0;2;4;4
427300;SUBMISSION;;SNACKPACK_VANILLA;XIRECS;10357.0;2;4;4
427300;;;GALAXY_SOUNDS_BLACK_HOLES;XIRECS;12684.0;3;4;4
427300;;;GALAXY_SOUNDS_DARK_MATTER;XIRECS;10124.0;3;4;4
427300;;;GALAXY_SOUNDS_PLANETARY_RINGS;XIRECS;10790.0;3;4;4
427300;;;GALAXY_SOUNDS_SOLAR_FLAMES;XIRECS;10586.0;3;4;4
427300;;;GALAXY_SOUNDS_SOLAR_WINDS;XIRECS;10577.0;3;4;4
427300;;;OXYGEN_SHAKE_CHOCOLATE;XIRECS;9990.0;3;4;4
427300;;;OXYGEN_SHAKE_EVENING_BREATH;XIRECS;9454.0;3;4;4
427300;;;OXYGEN_SHAKE_GARLIC;XIRECS;13066.0;3;4;4
427300;;;OXYGEN_SHAKE_MINT;XIRECS;8559.0;3;4;4
427300;;;OXYGEN_SHAKE_MORNING_BREATH;XIRECS;9796.0;3;4;4
427300;;;PANEL_1X2;XIRECS;9121.0;3;4;4
427300;;;PANEL_1X4;XIRECS;8402.0;3;4;4
427300;;;PANEL_2X2;XIRECS;8478.0;3;4;4
427300;;;PANEL_2X4;XIRECS;12047.0;3;4;4
427300;;;PANEL_4X4;XIRECS;10148.0;3;4;4
427300;;;ROBOT_DISHES;XIRECS;10596.0;3;4;4
427300;;;ROBOT_IRONING;XIRECS;8107.0;3;4;4
427300;;;ROBOT_LAUNDRY;XIRECS;9047.0;3;4;4
427300;;;ROBOT_MOPPING;XIRECS;11905.0;3;4;4
427300;;;ROBOT_VACUUMING;XIRECS;8560.0;3;4;4
427300;;;SLEEP_POD_COTTON;XIRECS;12983.0;3;4;4
427300;;;SLEEP_POD_LAMB_WOOL;XIRECS;11209.0;3;4;4
427300;;;SLEEP_POD_NYLON;XIRECS;9820.0;3;4;4
427300;;;SLEEP_POD_POLYESTER;XIRECS;13056.0;3;4;4
427300;;;SLEEP_POD_SUEDE;XIRECS;11867.0;3;4;4
427300;;;SNACKPACK_CHOCOLATE;XIRECS;9434.0;3;4;4
427300;;;SNACKPACK_RASPBERRY;XIRECS;9852.0;3;4;4
427300;;;TRANSLATOR_ASTRO_BLACK;XIRECS;9353.0;3;4;4
427300;;;TRANSLATOR_ECLIPSE_CHARCOAL;XIRECS;9871.0;3;4;4
427300;;;TRANSLATOR_GRAPHITE_MIST;XIRECS;10471.0;3;4;4
427300;;;TRANSLATOR_SPACE_GRAY;XIRECS;9057.0;3;4;4
427300;;;TRANSLATOR_VOID_BLUE;XIRECS;11505.0;3;4;4
427300;;;UV_VISOR_AMBER;XIRECS;6992.0;3;4;4
427300;;;UV_VISOR_MAGENTA;XIRECS;11597.0;3;4;4
427300;;;UV_VISOR_ORANGE;XIRECS;11488.0;3;4;4
427300;;;UV_VISOR_RED;XIRECS;11573.0;3;4;4
427300;;;UV_VISOR_YELLOW;XIRECS;10905.0;3;4;4
428000;;SUBMISSION;PEBBLES_XL;XIRECS;14464.0;2;4;4
428000;;;PEBBLES_L;XIRECS;11001.0;5;4;4
428000;;;PEBBLES_M;XIRECS;10744.0;5;4;4
428000;;;PEBBLES_S;XIRECS;7962.0;5;4;4
428000;;;PEBBLES_XS;XIRECS;5860.0;5;4;4
428600;SUBMISSION;;PEBBLES_XL;XIRECS;14331.0;3;4;4
428900;;;GALAXY_SOUNDS_BLACK_HOLES;XIRECS;12679.0;1;4;4
428900;;;GALAXY_SOUNDS_DARK_MATTER;XIRECS;10179.0;1;4;4
428900;;;GALAXY_SOUNDS_PLANETARY_RINGS;XIRECS;10782.0;1;4;4
428900;;;GALAXY_SOUNDS_SOLAR_FLAMES;XIRECS;10575.0;1;4;4
428900;;;GALAXY_SOUNDS_SOLAR_WINDS;XIRECS;10570.0;1;4;4
428900;;;OXYGEN_SHAKE_CHOCOLATE;XIRECS;10064.0;1;4;4
428900;;;OXYGEN_SHAKE_EVENING_BREATH;XIRECS;9506.0;1;4;4
428900;;;OXYGEN_SHAKE_GARLIC;XIRECS;13130.0;1;4;4
428900;;;OXYGEN_SHAKE_MINT;XIRECS;8617.0;1;4;4
428900;;;OXYGEN_SHAKE_MORNING_BREATH;XIRECS;9843.0;1;4;4
428900;;;PANEL_1X2;XIRECS;9093.0;1;4;4
428900;;;PANEL_1X4;XIRECS;8417.0;1;4;4
428900;;;PANEL_2X2;XIRECS;8548.0;1;4;4
428900;;;PANEL_2X4;XIRECS;12067.0;1;4;4
428900;;;PANEL_4X4;XIRECS;10117.0;1;4;4
428900;;;ROBOT_DISHES;XIRECS;10604.0;1;4;4
428900;;;ROBOT_IRONING;XIRECS;8103.0;1;4;4
428900;;;ROBOT_LAUNDRY;XIRECS;9071.0;1;4;4
428900;;;ROBOT_MOPPING;XIRECS;12019.0;1;4;4
428900;;;ROBOT_VACUUMING;XIRECS;8530.0;1;4;4
428900;;;SLEEP_POD_COTTON;XIRECS;13014.0;1;4;4
428900;;;SLEEP_POD_LAMB_WOOL;XIRECS;11163.0;1;4;4
428900;;;SLEEP_POD_NYLON;XIRECS;9831.0;1;4;4
428900;;;SLEEP_POD_POLYESTER;XIRECS;13091.0;1;4;4
428900;;;SLEEP_POD_SUEDE;XIRECS;11798.0;1;4;4
428900;;;SNACKPACK_CHOCOLATE;XIRECS;9500.0;1;4;4
428900;;;SNACKPACK_PISTACHIO;XIRECS;9442.0;1;4;4
428900;;;SNACKPACK_RASPBERRY;XIRECS;9898.0;1;4;4
428900;;;SNACKPACK_STRAWBERRY;XIRECS;11229.0;1;4;4
428900;;;SNACKPACK_VANILLA;XIRECS;10336.0;1;4;4
428900;;;TRANSLATOR_ASTRO_BLACK;XIRECS;9375.0;1;4;4
428900;;;TRANSLATOR_ECLIPSE_CHARCOAL;XIRECS;9831.0;1;4;4
428900;;;TRANSLATOR_GRAPHITE_MIST;XIRECS;10410.0;1;4;4
428900;;;TRANSLATOR_SPACE_GRAY;XIRECS;9112.0;1;4;4
428900;;;TRANSLATOR_VOID_BLUE;XIRECS;11487.0;1;4;4
428900;;;UV_VISOR_AMBER;XIRECS;6946.0;1;4;4
428900;;;UV_VISOR_MAGENTA;XIRECS;11548.0;1;4;4
428900;;;UV_VISOR_ORANGE;XIRECS;11492.0;1;4;4
428900;;;UV_VISOR_RED;XIRECS;11637.0;1;4;4
428900;;;UV_VISOR_YELLOW;XIRECS;10952.0;1;4;4
429200;SUBMISSION;;ROBOT_MOPPING;XIRECS;12035.0;5;4;4
429700;;SUBMISSION;PEBBLES_XL;XIRECS;14177.0;2;4;4
429700;;;PEBBLES_L;XIRECS;11065.0;2;4;4
429700;;;PEBBLES_M;XIRECS;10811.0;2;4;4
429700;;;PEBBLES_S;XIRECS;8080.0;2;4;4
429700;;;PEBBLES_XS;XIRECS;5898.0;2;4;4
430000;SUBMISSION;;PEBBLES_XL;XIRECS;14193.0;2;4;4
430000;;;PEBBLES_L;XIRECS;11028.0;4;4;4
430000;;;PEBBLES_M;XIRECS;10796.0;4;4;4
430000;;;PEBBLES_S;XIRECS;8079.0;4;4;4
430000;;;PEBBLES_XS;XIRECS;5872.0;4;4;4
430700;SUBMISSION;;UV_VISOR_AMBER;XIRECS;6986.0;5;4;4
432000;;SUBMISSION;UV_VISOR_AMBER;XIRECS;6922.0;5;4;4
432000;;;MICROCHIP_CIRCLE;XIRECS;9198.0;2;4;4
432000;;;MICROCHIP_OVAL;XIRECS;6314.0;2;4;4
432000;;;MICROCHIP_RECTANGLE;XIRECS;8539.0;2;4;4
432000;;;MICROCHIP_SQUARE;XIRECS;14966.0;2;4;4
432000;;;MICROCHIP_TRIANGLE;XIRECS;8624.0;2;4;4
432400;;SUBMISSION;PEBBLES_XL;XIRECS;14234.0;3;4;4
432600;SUBMISSION;;SNACKPACK_PISTACHIO;XIRECS;9385.0;2;4;4
432600;SUBMISSION;;SNACKPACK_STRAWBERRY;XIRECS;11179.0;2;4;4
432600;SUBMISSION;;SNACKPACK_VANILLA;XIRECS;10323.0;2;4;4
433900;SUBMISSION;;SNACKPACK_PISTACHIO;XIRECS;9373.0;4;4;4
433900;SUBMISSION;;SNACKPACK_STRAWBERRY;XIRECS;11158.0;4;4;4
433900;SUBMISSION;;SNACKPACK_VANILLA;XIRECS;10290.0;4;4;4
434700;;SUBMISSION;SNACKPACK_PISTACHIO;XIRECS;9391.0;5;4;4
434700;;SUBMISSION;SNACKPACK_STRAWBERRY;XIRECS;11184.0;5;4;4
434700;;SUBMISSION;SNACKPACK_VANILLA;XIRECS;10271.0;5;4;4
435000;SUBMISSION;;PEBBLES_XL;XIRECS;14347.0;4;4;4
435800;SUBMISSION;;SNACKPACK_PISTACHIO;XIRECS;9393.0;5;4;4
435800;SUBMISSION;;SNACKPACK_STRAWBERRY;XIRECS;11195.0;5;4;4
435800;SUBMISSION;;SNACKPACK_VANILLA;XIRECS;10236.0;5;4;4
436800;SUBMISSION;;PEBBLES_XL;XIRECS;14185.0;6;4;4
437500;;SUBMISSION;PEBBLES_XL;XIRECS;14150.0;2;4;4
437500;;;PEBBLES_L;XIRECS;11037.0;4;4;4
437500;;;PEBBLES_M;XIRECS;10817.0;4;4;4
437500;;;PEBBLES_S;XIRECS;8126.0;4;4;4
437500;;;PEBBLES_XS;XIRECS;5901.0;4;4;4
437600;;;MICROCHIP_CIRCLE;XIRECS;9184.0;1;4;4
437600;;;MICROCHIP_OVAL;XIRECS;6250.0;1;4;4
437600;;;MICROCHIP_RECTANGLE;XIRECS;8661.0;1;4;4
437600;;;MICROCHIP_SQUARE;XIRECS;15191.0;1;4;4
437600;;;MICROCHIP_TRIANGLE;XIRECS;8628.0;1;4;4
437800;;SUBMISSION;ROBOT_IRONING;XIRECS;8017.0;5;4;4
440600;;;MICROCHIP_CIRCLE;XIRECS;9241.0;2;4;4
440600;;;MICROCHIP_OVAL;XIRECS;6235.0;2;4;4
440600;;;MICROCHIP_RECTANGLE;XIRECS;8633.0;2;4;4
440600;;;MICROCHIP_SQUARE;XIRECS;15251.0;2;4;4
440600;;;MICROCHIP_TRIANGLE;XIRECS;8574.0;2;4;4
440700;;SUBMISSION;ROBOT_IRONING;XIRECS;7967.0;5;4;4
440800;SUBMISSION;;PANEL_1X4;XIRECS;8499.0;5;4;4
441900;;SUBMISSION;SNACKPACK_PISTACHIO;XIRECS;9408.0;1;4;4
441900;;SUBMISSION;SNACKPACK_STRAWBERRY;XIRECS;11207.0;1;4;4
441900;;SUBMISSION;SNACKPACK_VANILLA;XIRECS;10238.0;1;4;4
441900;;;GALAXY_SOUNDS_BLACK_HOLES;XIRECS;12778.0;1;4;4
441900;;;GALAXY_SOUNDS_DARK_MATTER;XIRECS;10242.0;1;4;4
441900;;;GALAXY_SOUNDS_PLANETARY_RINGS;XIRECS;10901.0;1;4;4
441900;;;GALAXY_SOUNDS_SOLAR_FLAMES;XIRECS;10792.0;1;4;4
441900;;;GALAXY_SOUNDS_SOLAR_WINDS;XIRECS;10626.0;1;4;4
441900;;;OXYGEN_SHAKE_CHOCOLATE;XIRECS;10104.0;1;4;4
441900;;;OXYGEN_SHAKE_EVENING_BREATH;XIRECS;9476.0;1;4;4
441900;;;OXYGEN_SHAKE_GARLIC;XIRECS;12889.0;1;4;4
441900;;;OXYGEN_SHAKE_MINT;XIRECS;8678.0;1;4;4
441900;;;OXYGEN_SHAKE_MORNING_BREATH;XIRECS;9708.0;1;4;4
441900;;;PANEL_1X2;XIRECS;8994.0;1;4;4
441900;;;PANEL_1X4;XIRECS;8489.0;1;4;4
441900;;;PANEL_2X2;XIRECS;8610.0;1;4;4
441900;;;PANEL_2X4;XIRECS;12008.0;1;4;4
441900;;;PANEL_4X4;XIRECS;9960.0;1;4;4
441900;;;ROBOT_DISHES;XIRECS;10604.0;1;4;4
441900;;;ROBOT_IRONING;XIRECS;7983.0;1;4;4
441900;;;ROBOT_LAUNDRY;XIRECS;8979.0;1;4;4
441900;;;ROBOT_MOPPING;XIRECS;12079.0;1;4;4
441900;;;ROBOT_VACUUMING;XIRECS;8499.0;1;4;4
441900;;;SLEEP_POD_COTTON;XIRECS;13084.0;1;4;4
441900;;;SLEEP_POD_LAMB_WOOL;XIRECS;11287.0;1;4;4
441900;;;SLEEP_POD_NYLON;XIRECS;9842.0;1;4;4
441900;;;SLEEP_POD_POLYESTER;XIRECS;12960.0;1;4;4
441900;;;SLEEP_POD_SUEDE;XIRECS;12101.0;1;4;4
441900;;;SNACKPACK_CHOCOLATE;XIRECS;9591.0;1;4;4
441900;;;SNACKPACK_RASPBERRY;XIRECS;9935.0;1;4;4
441900;;;TRANSLATOR_ASTRO_BLACK;XIRECS;9477.0;1;4;4
441900;;;TRANSLATOR_ECLIPSE_CHARCOAL;XIRECS;9866.0;1;4;4
441900;;;TRANSLATOR_GRAPHITE_MIST;XIRECS;10199.0;1;4;4
441900;;;TRANSLATOR_SPACE_GRAY;XIRECS;9162.0;1;4;4
441900;;;TRANSLATOR_VOID_BLUE;XIRECS;11520.0;1;4;4
441900;;;UV_VISOR_AMBER;XIRECS;6905.0;1;4;4
441900;;;UV_VISOR_MAGENTA;XIRECS;11665.0;1;4;4
441900;;;UV_VISOR_ORANGE;XIRECS;11332.0;1;4;4
441900;;;UV_VISOR_RED;XIRECS;11616.0;1;4;4
441900;;;UV_VISOR_YELLOW;XIRECS;10932.0;1;4;4
443200;;SUBMISSION;OXYGEN_SHAKE_MORNING_BREATH;XIRECS;9661.0;5;4;4
444700;;SUBMISSION;SNACKPACK_PISTACHIO;XIRECS;9460.0;5;4;4
444700;;SUBMISSION;SNACKPACK_STRAWBERRY;XIRECS;11270.0;5;4;4
444700;;SUBMISSION;SNACKPACK_VANILLA;XIRECS;10192.0;5;4;4
445400;;SUBMISSION;OXYGEN_SHAKE_MORNING_BREATH;XIRECS;9675.0;5;4;4
447900;SUBMISSION;;SNACKPACK_PISTACHIO;XIRECS;9444.0;2;4;4
447900;SUBMISSION;;SNACKPACK_STRAWBERRY;XIRECS;11250.0;2;4;4
447900;SUBMISSION;;SNACKPACK_VANILLA;XIRECS;10194.0;2;4;4
448200;;SUBMISSION;PANEL_1X4;XIRECS;8414.0;5;4;4
448700;;;GALAXY_SOUNDS_BLACK_HOLES;XIRECS;12821.0;3;4;4
448700;;;GALAXY_SOUNDS_DARK_MATTER;XIRECS;10049.0;3;4;4
448700;;;GALAXY_SOUNDS_PLANETARY_RINGS;XIRECS;11066.0;3;4;4
448700;;;GALAXY_SOUNDS_SOLAR_FLAMES;XIRECS;10715.0;3;4;4
448700;;;GALAXY_SOUNDS_SOLAR_WINDS;XIRECS;10480.0;3;4;4
448700;;;OXYGEN_SHAKE_CHOCOLATE;XIRECS;10091.0;3;4;4
448700;;;OXYGEN_SHAKE_EVENING_BREATH;XIRECS;9454.0;3;4;4
448700;;;OXYGEN_SHAKE_GARLIC;XIRECS;13027.0;3;4;4
448700;;;OXYGEN_SHAKE_MINT;XIRECS;8657.0;3;4;4
448700;;;OXYGEN_SHAKE_MORNING_BREATH;XIRECS;9736.0;3;4;4
448700;;;PANEL_1X2;XIRECS;8969.0;3;4;4
448700;;;PANEL_1X4;XIRECS;8447.0;3;4;4
448700;;;PANEL_2X2;XIRECS;8734.0;3;4;4
448700;;;PANEL_2X4;XIRECS;11914.0;3;4;4
448700;;;PANEL_4X4;XIRECS;10037.0;3;4;4
448700;;;ROBOT_DISHES;XIRECS;10696.0;3;4;4
448700;;;ROBOT_IRONING;XIRECS;7907.0;3;4;4
448700;;;ROBOT_LAUNDRY;XIRECS;9001.0;3;4;4
448700;;;ROBOT_MOPPING;XIRECS;12003.0;3;4;4
448700;;;ROBOT_VACUUMING;XIRECS;8514.0;3;4;4
448700;;;SLEEP_POD_COTTON;XIRECS;12880.0;3;4;4
448700;;;SLEEP_POD_LAMB_WOOL;XIRECS;11124.0;3;4;4
448700;;;SLEEP_POD_NYLON;XIRECS;9923.0;3;4;4
448700;;;SLEEP_POD_POLYESTER;XIRECS;12910.0;3;4;4
448700;;;SLEEP_POD_SUEDE;XIRECS;12053.0;3;4;4
448700;;;SNACKPACK_CHOCOLATE;XIRECS;9598.0;3;4;4
448700;;;SNACKPACK_PISTACHIO;XIRECS;9418.0;3;4;4
448700;;;SNACKPACK_RASPBERRY;XIRECS;9926.0;3;4;4
448700;;;SNACKPACK_STRAWBERRY;XIRECS;11212.0;3;4;4
448700;;;SNACKPACK_VANILLA;XIRECS;10186.0;3;4;4
448700;;;TRANSLATOR_ASTRO_BLACK;XIRECS;9439.0;3;4;4
448700;;;TRANSLATOR_ECLIPSE_CHARCOAL;XIRECS;9832.0;3;4;4
448700;;;TRANSLATOR_GRAPHITE_MIST;XIRECS;10202.0;3;4;4
448700;;;TRANSLATOR_SPACE_GRAY;XIRECS;9139.0;3;4;4
448700;;;TRANSLATOR_VOID_BLUE;XIRECS;11435.0;3;4;4
448700;;;UV_VISOR_AMBER;XIRECS;6935.0;3;4;4
448700;;;UV_VISOR_MAGENTA;XIRECS;11534.0;3;4;4
448700;;;UV_VISOR_ORANGE;XIRECS;11306.0;3;4;4
448700;;;UV_VISOR_RED;XIRECS;11574.0;3;4;4
448700;;;UV_VISOR_YELLOW;XIRECS;10956.0;3;4;4
449000;SUBMISSION;;PANEL_1X4;XIRECS;8486.0;5;4;4
449700;SUBMISSION;;PEBBLES_XL;XIRECS;14474.0;4;4;4
450300;;;GALAXY_SOUNDS_BLACK_HOLES;XIRECS;12841.0;1;4;4
450300;;;GALAXY_SOUNDS_DARK_MATTER;XIRECS;10061.0;1;4;4
450300;;;GALAXY_SOUNDS_PLANETARY_RINGS;XIRECS;11110.0;1;4;4
450300;;;GALAXY_SOUNDS_SOLAR_FLAMES;XIRECS;10751.0;1;4;4
450300;;;GALAXY_SOUNDS_SOLAR_WINDS;XIRECS;10505.0;1;4;4
450300;;;OXYGEN_SHAKE_CHOCOLATE;XIRECS;10122.0;1;4;4
450300;;;OXYGEN_SHAKE_EVENING_BREATH;XIRECS;9466.0;1;4;4
450300;;;OXYGEN_SHAKE_GARLIC;XIRECS;13057.0;1;4;4
450300;;;OXYGEN_SHAKE_MINT;XIRECS;8630.0;1;4;4
450300;;;OXYGEN_SHAKE_MORNING_BREATH;XIRECS;9760.0;1;4;4
450300;;;PANEL_1X2;XIRECS;8966.0;1;4;4
450300;;;PANEL_1X4;XIRECS;8484.0;1;4;4
450300;;;PANEL_2X2;XIRECS;8799.0;1;4;4
450300;;;PANEL_2X4;XIRECS;11882.0;1;4;4
450300;;;PANEL_4X4;XIRECS;10073.0;1;4;4
450300;;;ROBOT_DISHES;XIRECS;10704.0;1;4;4
450300;;;ROBOT_IRONING;XIRECS;7913.0;1;4;4
450300;;;ROBOT_LAUNDRY;XIRECS;8989.0;1;4;4
450300;;;ROBOT_MOPPING;XIRECS;12081.0;1;4;4
450300;;;ROBOT_VACUUMING;XIRECS;8549.0;1;4;4
450300;;;SLEEP_POD_COTTON;XIRECS;12875.0;1;4;4
450300;;;SLEEP_POD_LAMB_WOOL;XIRECS;11135.0;1;4;4
450300;;;SLEEP_POD_NYLON;XIRECS;9962.0;1;4;4
450300;;;SLEEP_POD_POLYESTER;XIRECS;12957.0;1;4;4
450300;;;SLEEP_POD_SUEDE;XIRECS;12086.0;1;4;4
450300;;;SNACKPACK_CHOCOLATE;XIRECS;9605.0;1;4;4
450300;;;SNACKPACK_PISTACHIO;XIRECS;9413.0;1;4;4
450300;;;SNACKPACK_RASPBERRY;XIRECS;9952.0;1;4;4
450300;;;SNACKPACK_STRAWBERRY;XIRECS;11222.0;1;4;4
450300;;;SNACKPACK_VANILLA;XIRECS;10217.0;1;4;4
450300;;;TRANSLATOR_ASTRO_BLACK;XIRECS;9478.0;1;4;4
450300;;;TRANSLATOR_ECLIPSE_CHARCOAL;XIRECS;9845.0;1;4;4
450300;;;TRANSLATOR_GRAPHITE_MIST;XIRECS;10225.0;1;4;4
450300;;;TRANSLATOR_SPACE_GRAY;XIRECS;9205.0;1;4;4
450300;;;TRANSLATOR_VOID_BLUE;XIRECS;11458.0;1;4;4
450300;;;UV_VISOR_AMBER;XIRECS;6930.0;1;4;4
450300;;;UV_VISOR_MAGENTA;XIRECS;11594.0;1;4;4
450300;;;UV_VISOR_ORANGE;XIRECS;11347.0;1;4;4
450300;;;UV_VISOR_RED;XIRECS;11551.0;1;4;4
450300;;;UV_VISOR_YELLOW;XIRECS;10895.0;1;4;4
451800;;;GALAXY_SOUNDS_BLACK_HOLES;XIRECS;12750.0;3;4;4
451800;;;GALAXY_SOUNDS_DARK_MATTER;XIRECS;10083.0;3;4;4
451800;;;GALAXY_SOUNDS_PLANETARY_RINGS;XIRECS;11064.0;3;4;4
451800;;;GALAXY_SOUNDS_SOLAR_FLAMES;XIRECS;10789.0;3;4;4
451800;;;GALAXY_SOUNDS_SOLAR_WINDS;XIRECS;10531.0;3;4;4
451800;;;OXYGEN_SHAKE_CHOCOLATE;XIRECS;9997.0;3;4;4
451800;;;OXYGEN_SHAKE_EVENING_BREATH;XIRECS;9444.0;3;4;4
451800;;;OXYGEN_SHAKE_GARLIC;XIRECS;13081.0;3;4;4
451800;;;OXYGEN_SHAKE_MINT;XIRECS;8625.0;3;4;4
451800;;;OXYGEN_SHAKE_MORNING_BREATH;XIRECS;9721.0;3;4;4
451800;;;PANEL_1X2;XIRECS;8958.0;3;4;4
451800;;;PANEL_1X4;XIRECS;8510.0;3;4;4
451800;;;PANEL_2X2;XIRECS;8712.0;3;4;4
451800;;;PANEL_2X4;XIRECS;11863.0;3;4;4
451800;;;PANEL_4X4;XIRECS;10076.0;3;4;4
451800;;;ROBOT_DISHES;XIRECS;10696.0;3;4;4
451800;;;ROBOT_IRONING;XIRECS;7907.0;3;4;4
451800;;;ROBOT_LAUNDRY;XIRECS;9011.0;3;4;4
451800;;;ROBOT_MOPPING;XIRECS;12098.0;3;4;4
451800;;;ROBOT_VACUUMING;XIRECS;8604.0;3;4;4
451800;;;SLEEP_POD_COTTON;XIRECS;12825.0;3;4;4
451800;;;SLEEP_POD_LAMB_WOOL;XIRECS;11101.0;3;4;4
451800;;;SLEEP_POD_NYLON;XIRECS;9944.0;3;4;4
451800;;;SLEEP_POD_POLYESTER;XIRECS;12900.0;3;4;4
451800;;;SLEEP_POD_SUEDE;XIRECS;12052.0;3;4;4
451800;;;SNACKPACK_CHOCOLATE;XIRECS;9587.0;3;4;4
451800;;;SNACKPACK_PISTACHIO;XIRECS;9408.0;3;4;4
451800;;;SNACKPACK_RASPBERRY;XIRECS;9913.0;3;4;4
451800;;;SNACKPACK_STRAWBERRY;XIRECS;11225.0;3;4;4
451800;;;SNACKPACK_VANILLA;XIRECS;10203.0;3;4;4
451800;;;TRANSLATOR_ASTRO_BLACK;XIRECS;9516.0;3;4;4
451800;;;TRANSLATOR_ECLIPSE_CHARCOAL;XIRECS;9861.0;3;4;4
451800;;;TRANSLATOR_GRAPHITE_MIST;XIRECS;10275.0;3;4;4
451800;;;TRANSLATOR_SPACE_GRAY;XIRECS;9223.0;3;4;4
451800;;;TRANSLATOR_VOID_BLUE;XIRECS;11476.0;3;4;4
451800;;;UV_VISOR_AMBER;XIRECS;6859.0;3;4;4
451800;;;UV_VISOR_MAGENTA;XIRECS;11586.0;3;4;4
451800;;;UV_VISOR_ORANGE;XIRECS;11424.0;3;4;4
451800;;;UV_VISOR_RED;XIRECS;11504.0;3;4;4
451800;;;UV_VISOR_YELLOW;XIRECS;10839.0;3;4;4
452400;SUBMISSION;;SNACKPACK_PISTACHIO;XIRECS;9421.0;4;4;4
452400;SUBMISSION;;SNACKPACK_STRAWBERRY;XIRECS;11239.0;4;4;4
452400;SUBMISSION;;SNACKPACK_VANILLA;XIRECS;10227.0;4;4;4
452500;;SUBMISSION;SNACKPACK_PISTACHIO;XIRECS;9426.0;5;4;4
452500;;SUBMISSION;SNACKPACK_STRAWBERRY;XIRECS;11245.0;5;4;4
452500;;SUBMISSION;SNACKPACK_VANILLA;XIRECS;10230.0;5;4;4
452900;;;MICROCHIP_CIRCLE;XIRECS;9571.0;3;4;4
452900;;;MICROCHIP_OVAL;XIRECS;6152.0;3;4;4
452900;;;MICROCHIP_RECTANGLE;XIRECS;8503.0;3;4;4
452900;;;MICROCHIP_SQUARE;XIRECS;15509.0;3;4;4
452900;;;MICROCHIP_TRIANGLE;XIRECS;8657.0;3;4;4
453100;;;GALAXY_SOUNDS_BLACK_HOLES;XIRECS;12758.0;4;4;4
453100;;;GALAXY_SOUNDS_DARK_MATTER;XIRECS;10131.0;4;4;4
453100;;;GALAXY_SOUNDS_PLANETARY_RINGS;XIRECS;11079.0;4;4;4
453100;;;GALAXY_SOUNDS_SOLAR_FLAMES;XIRECS;10823.0;4;4;4
453100;;;GALAXY_SOUNDS_SOLAR_WINDS;XIRECS;10586.0;4;4;4
453100;;;OXYGEN_SHAKE_CHOCOLATE;XIRECS;10004.0;4;4;4
453100;;;OXYGEN_SHAKE_EVENING_BREATH;XIRECS;9406.0;4;4;4
453100;;;OXYGEN_SHAKE_GARLIC;XIRECS;13191.0;4;4;4
453100;;;OXYGEN_SHAKE_MINT;XIRECS;8703.0;4;4;4
453100;;;OXYGEN_SHAKE_MORNING_BREATH;XIRECS;9751.0;4;4;4
453100;;;PANEL_1X2;XIRECS;8953.0;4;4;4
453100;;;PANEL_1X4;XIRECS;8535.0;4;4;4
453100;;;PANEL_2X2;XIRECS;8690.0;4;4;4
453100;;;PANEL_2X4;XIRECS;11906.0;4;4;4
453100;;;PANEL_4X4;XIRECS;10076.0;4;4;4
453100;;;ROBOT_DISHES;XIRECS;10704.0;4;4;4
453100;;;ROBOT_IRONING;XIRECS;7903.0;4;4;4
453100;;;ROBOT_LAUNDRY;XIRECS;8996.0;4;4;4
453100;;;ROBOT_MOPPING;XIRECS;12097.0;4;4;4
453100;;;ROBOT_VACUUMING;XIRECS;8593.0;4;4;4
453100;;;SLEEP_POD_COTTON;XIRECS;12835.0;4;4;4
453100;;;SLEEP_POD_LAMB_WOOL;XIRECS;11105.0;4;4;4
453100;;;SLEEP_POD_NYLON;XIRECS;9950.0;4;4;4
453100;;;SLEEP_POD_POLYESTER;XIRECS;12912.0;4;4;4
453100;;;SLEEP_POD_SUEDE;XIRECS;11989.0;4;4;4
453100;;;SNACKPACK_CHOCOLATE;XIRECS;9587.0;4;4;4
453100;;;SNACKPACK_PISTACHIO;XIRECS;9448.0;4;4;4
453100;;;SNACKPACK_RASPBERRY;XIRECS;9914.0;4;4;4
453100;;;SNACKPACK_STRAWBERRY;XIRECS;11270.0;4;4;4
453100;;;SNACKPACK_VANILLA;XIRECS;10237.0;4;4;4
453100;;;TRANSLATOR_ASTRO_BLACK;XIRECS;9577.0;4;4;4
453100;;;TRANSLATOR_ECLIPSE_CHARCOAL;XIRECS;9844.0;4;4;4
453100;;;TRANSLATOR_GRAPHITE_MIST;XIRECS;10240.0;4;4;4
453100;;;TRANSLATOR_SPACE_GRAY;XIRECS;9253.0;4;4;4
453100;;;TRANSLATOR_VOID_BLUE;XIRECS;11536.0;4;4;4
453100;;;UV_VISOR_AMBER;XIRECS;6883.0;4;4;4
453100;;;UV_VISOR_MAGENTA;XIRECS;11509.0;4;4;4
453100;;;UV_VISOR_ORANGE;XIRECS;11402.0;4;4;4
453100;;;UV_VISOR_RED;XIRECS;11475.0;4;4;4
453100;;;UV_VISOR_YELLOW;XIRECS;10862.0;4;4;4
453400;SUBMISSION;;OXYGEN_SHAKE_MORNING_BREATH;XIRECS;9767.0;5;4;4
453800;;SUBMISSION;PEBBLES_XL;XIRECS;14658.0;7;4;4
453800;;;MICROCHIP_CIRCLE;XIRECS;9566.0;3;4;4
453800;;;MICROCHIP_OVAL;XIRECS;6113.0;3;4;4
453800;;;MICROCHIP_RECTANGLE;XIRECS;8556.0;3;4;4
453800;;;MICROCHIP_SQUARE;XIRECS;15467.0;3;4;4
453800;;;MICROCHIP_TRIANGLE;XIRECS;8626.0;3;4;4
453900;;SUBMISSION;PEBBLES_XL;XIRECS;14678.0;5;4;4
454400;;SUBMISSION;PEBBLES_XL;XIRECS;14732.0;2;4;4
454400;;;PEBBLES_L;XIRECS;11035.0;4;4;4
454400;;;PEBBLES_M;XIRECS;10828.0;4;4;4
454400;;;PEBBLES_S;XIRECS;7780.0;4;4;4
454400;;;PEBBLES_XS;XIRECS;5657.0;4;4;4
454700;;;MICROCHIP_CIRCLE;XIRECS;9601.0;2;4;4
454700;;;MICROCHIP_OVAL;XIRECS;6116.0;2;4;4
454700;;;MICROCHIP_RECTANGLE;XIRECS;8604.0;2;4;4
454700;;;MICROCHIP_SQUARE;XIRECS;15406.0;2;4;4
454700;;;MICROCHIP_TRIANGLE;XIRECS;8566.0;2;4;4
455100;SUBMISSION;;SNACKPACK_PISTACHIO;XIRECS;9442.0;1;4;4
455100;SUBMISSION;;SNACKPACK_STRAWBERRY;XIRECS;11281.0;1;4;4
455100;SUBMISSION;;SNACKPACK_VANILLA;XIRECS;10182.0;1;4;4
455100;;;GALAXY_SOUNDS_BLACK_HOLES;XIRECS;12645.0;2;4;4
455100;;;GALAXY_SOUNDS_DARK_MATTER;XIRECS;10153.0;2;4;4
455100;;;GALAXY_SOUNDS_PLANETARY_RINGS;XIRECS;11028.0;2;4;4
455100;;;GALAXY_SOUNDS_SOLAR_FLAMES;XIRECS;10848.0;2;4;4
455100;;;GALAXY_SOUNDS_SOLAR_WINDS;XIRECS;10630.0;2;4;4
455100;;;OXYGEN_SHAKE_CHOCOLATE;XIRECS;9995.0;2;4;4
455100;;;OXYGEN_SHAKE_EVENING_BREATH;XIRECS;9374.0;2;4;4
455100;;;OXYGEN_SHAKE_GARLIC;XIRECS;13248.0;2;4;4
455100;;;OXYGEN_SHAKE_MINT;XIRECS;8640.0;2;4;4
455100;;;OXYGEN_SHAKE_MORNING_BREATH;XIRECS;9796.0;2;4;4
455100;;;PANEL_1X2;XIRECS;9010.0;2;4;4
455100;;;PANEL_1X4;XIRECS;8498.0;2;4;4
455100;;;PANEL_2X2;XIRECS;8684.0;2;4;4
455100;;;PANEL_2X4;XIRECS;11942.0;2;4;4
455100;;;PANEL_4X4;XIRECS;9997.0;2;4;4
455100;;;ROBOT_DISHES;XIRECS;10696.0;2;4;4
455100;;;ROBOT_IRONING;XIRECS;7947.0;2;4;4
455100;;;ROBOT_LAUNDRY;XIRECS;9017.0;2;4;4
455100;;;ROBOT_MOPPING;XIRECS;11981.0;2;4;4
455100;;;ROBOT_VACUUMING;XIRECS;8622.0;2;4;4
455100;;;SLEEP_POD_COTTON;XIRECS;12776.0;2;4;4
455100;;;SLEEP_POD_LAMB_WOOL;XIRECS;11098.0;2;4;4
455100;;;SLEEP_POD_NYLON;XIRECS;9948.0;2;4;4
455100;;;SLEEP_POD_POLYESTER;XIRECS;12823.0;2;4;4
455100;;;SLEEP_POD_SUEDE;XIRECS;11928.0;2;4;4
455100;;;SNACKPACK_CHOCOLATE;XIRECS;9603.0;2;4;4
455100;;;SNACKPACK_RASPBERRY;XIRECS;9869.0;2;4;4
455100;;;TRANSLATOR_ASTRO_BLACK;XIRECS;9594.0;2;4;4
455100;;;TRANSLATOR_ECLIPSE_CHARCOAL;XIRECS;9856.0;2;4;4
455100;;;TRANSLATOR_GRAPHITE_MIST;XIRECS;10232.0;2;4;4
455100;;;TRANSLATOR_SPACE_GRAY;XIRECS;9186.0;2;4;4
455100;;;TRANSLATOR_VOID_BLUE;XIRECS;11510.0;2;4;4
455100;;;UV_VISOR_AMBER;XIRECS;6853.0;2;4;4
455100;;;UV_VISOR_MAGENTA;XIRECS;11525.0;2;4;4
455100;;;UV_VISOR_ORANGE;XIRECS;11374.0;2;4;4
455100;;;UV_VISOR_RED;XIRECS;11489.0;2;4;4
455100;;;UV_VISOR_YELLOW;XIRECS;10794.0;2;4;4
455600;SUBMISSION;;PEBBLES_XL;XIRECS;14863.0;7;4;4
455900;;SUBMISSION;SNACKPACK_PISTACHIO;XIRECS;9438.0;4;4;4
455900;;SUBMISSION;SNACKPACK_STRAWBERRY;XIRECS;11277.0;4;4;4
455900;SUBMISSION;;PANEL_1X4;XIRECS;8516.0;5;4;4
455900;;SUBMISSION;SNACKPACK_VANILLA;XIRECS;10172.0;4;4;4
456500;SUBMISSION;;PEBBLES_XL;XIRECS;14741.0;7;4;4
456800;;SUBMISSION;PANEL_1X4;XIRECS;8467.0;5;4;4
456900;;SUBMISSION;PEBBLES_XL;XIRECS;14786.0;3;4;4
457400;SUBMISSION;;PANEL_1X4;XIRECS;8505.0;5;4;4
457900;;SUBMISSION;PANEL_1X4;XIRECS;8470.0;5;4;4
459800;SUBMISSION;;PEBBLES_XL;XIRECS;14598.0;3;4;4
459900;;SUBMISSION;OXYGEN_SHAKE_MORNING_BREATH;XIRECS;9644.0;5;4;4
460000;;SUBMISSION;PEBBLES_XL;XIRECS;14596.0;7;4;4
460300;;;MICROCHIP_CIRCLE;XIRECS;9563.0;3;4;4
460300;;;MICROCHIP_OVAL;XIRECS;6191.0;3;4;4
460300;;;MICROCHIP_RECTANGLE;XIRECS;8749.0;3;4;4
460300;;;MICROCHIP_SQUARE;XIRECS;15430.0;3;4;4
460300;;;MICROCHIP_TRIANGLE;XIRECS;8480.0;3;4;4
461400;SUBMISSION;;PEBBLES_XL;XIRECS;14450.0;2;4;4
461400;;;PEBBLES_L;XIRECS;10973.0;5;4;4
461400;;;PEBBLES_M;XIRECS;10997.0;5;4;4
461400;;;PEBBLES_S;XIRECS;7868.0;5;4;4
461400;;;PEBBLES_XS;XIRECS;5680.0;5;4;4
461500;SUBMISSION;;SNACKPACK_PISTACHIO;XIRECS;9341.0;2;4;4
461500;SUBMISSION;;SNACKPACK_STRAWBERRY;XIRECS;11159.0;2;4;4
461500;SUBMISSION;;SNACKPACK_VANILLA;XIRECS;10159.0;2;4;4
461500;;;GALAXY_SOUNDS_BLACK_HOLES;XIRECS;12619.0;2;4;4
461500;;;GALAXY_SOUNDS_DARK_MATTER;XIRECS;10087.0;2;4;4
461500;;;GALAXY_SOUNDS_PLANETARY_RINGS;XIRECS;10977.0;2;4;4
461500;;;GALAXY_SOUNDS_SOLAR_FLAMES;XIRECS;11060.0;2;4;4
461500;;;GALAXY_SOUNDS_SOLAR_WINDS;XIRECS;10689.0;2;4;4
461500;;;OXYGEN_SHAKE_CHOCOLATE;XIRECS;9986.0;2;4;4
461500;;;OXYGEN_SHAKE_EVENING_BREATH;XIRECS;9454.0;2;4;4
461500;;;OXYGEN_SHAKE_GARLIC;XIRECS;13252.0;2;4;4
461500;;;OXYGEN_SHAKE_MINT;XIRECS;8663.0;2;4;4
461500;;;OXYGEN_SHAKE_MORNING_BREATH;XIRECS;9663.0;2;4;4
461500;;;PANEL_1X2;XIRECS;9073.0;2;4;4
461500;;;PANEL_1X4;XIRECS;8434.0;2;4;4
461500;;;PANEL_2X2;XIRECS;8593.0;2;4;4
461500;;;PANEL_2X4;XIRECS;11867.0;2;4;4
461500;;;PANEL_4X4;XIRECS;10021.0;2;4;4
461500;;;ROBOT_DISHES;XIRECS;10596.0;2;4;4
461500;;;ROBOT_IRONING;XIRECS;7927.0;2;4;4
461500;;;ROBOT_LAUNDRY;XIRECS;8974.0;2;4;4
461500;;;ROBOT_MOPPING;XIRECS;11932.0;2;4;4
461500;;;ROBOT_VACUUMING;XIRECS;8642.0;2;4;4
461500;;;SLEEP_POD_COTTON;XIRECS;12702.0;2;4;4
461500;;;SLEEP_POD_LAMB_WOOL;XIRECS;10937.0;2;4;4
461500;;;SLEEP_POD_NYLON;XIRECS;9972.0;2;4;4
461500;;;SLEEP_POD_POLYESTER;XIRECS;12936.0;2;4;4
461500;;;SLEEP_POD_SUEDE;XIRECS;12072.0;2;4;4
461500;;;SNACKPACK_CHOCOLATE;XIRECS;9629.0;2;4;4
461500;;;SNACKPACK_RASPBERRY;XIRECS;9979.0;2;4;4
461500;;;TRANSLATOR_ASTRO_BLACK;XIRECS;9526.0;2;4;4
461500;;;TRANSLATOR_ECLIPSE_CHARCOAL;XIRECS;9670.0;2;4;4
461500;;;TRANSLATOR_GRAPHITE_MIST;XIRECS;10053.0;2;4;4
461500;;;TRANSLATOR_SPACE_GRAY;XIRECS;9117.0;2;4;4
461500;;;TRANSLATOR_VOID_BLUE;XIRECS;11556.0;2;4;4
461500;;;UV_VISOR_AMBER;XIRECS;6867.0;2;4;4
461500;;;UV_VISOR_MAGENTA;XIRECS;11566.0;2;4;4
461500;;;UV_VISOR_ORANGE;XIRECS;11373.0;2;4;4
461500;;;UV_VISOR_RED;XIRECS;11723.0;2;4;4
461500;;;UV_VISOR_YELLOW;XIRECS;10653.0;2;4;4
461700;SUBMISSION;;SNACKPACK_PISTACHIO;XIRECS;9352.0;4;4;4
461700;SUBMISSION;;SNACKPACK_STRAWBERRY;XIRECS;11177.0;4;4;4
461700;SUBMISSION;;SNACKPACK_VANILLA;XIRECS;10160.0;4;4;4
463200;;;MICROCHIP_CIRCLE;XIRECS;9623.0;3;4;4
463200;;;MICROCHIP_OVAL;XIRECS;6119.0;3;4;4
463200;;;MICROCHIP_RECTANGLE;XIRECS;8826.0;3;4;4
463200;;;MICROCHIP_SQUARE;XIRECS;15494.0;3;4;4
463200;;;MICROCHIP_TRIANGLE;XIRECS;8490.0;3;4;4
464000;;;MICROCHIP_CIRCLE;XIRECS;9564.0;1;4;4
464000;;;MICROCHIP_OVAL;XIRECS;6153.0;1;4;4
464000;;;MICROCHIP_RECTANGLE;XIRECS;8851.0;1;4;4
464000;;;MICROCHIP_SQUARE;XIRECS;15507.0;1;4;4
464000;;;MICROCHIP_TRIANGLE;XIRECS;8544.0;1;4;4
464800;SUBMISSION;;PEBBLES_XL;XIRECS;14411.0;5;4;4
464900;;;PEBBLES_L;XIRECS;11037.0;3;4;4
464900;;;PEBBLES_M;XIRECS;11088.0;3;4;4
464900;;;PEBBLES_S;XIRECS;7790.0;3;4;4
464900;;;PEBBLES_XL;XIRECS;14373.0;3;4;4
464900;;;PEBBLES_XS;XIRECS;5679.0;3;4;4
465000;;SUBMISSION;SNACKPACK_PISTACHIO;XIRECS;9346.0;2;4;4
465000;;SUBMISSION;SNACKPACK_STRAWBERRY;XIRECS;11171.0;2;4;4
465000;;SUBMISSION;SNACKPACK_VANILLA;XIRECS;10189.0;2;4;4
465600;;;MICROCHIP_CIRCLE;XIRECS;9575.0;2;4;4
465600;;;MICROCHIP_OVAL;XIRECS;6158.0;2;4;4
465600;;;MICROCHIP_RECTANGLE;XIRECS;8808.0;2;4;4
465600;;;MICROCHIP_SQUARE;XIRECS;15421.0;2;4;4
465600;;;MICROCHIP_TRIANGLE;XIRECS;8521.0;2;4;4
465800;SUBMISSION;;SNACKPACK_PISTACHIO;XIRECS;9356.0;4;4;4
465800;SUBMISSION;;SNACKPACK_STRAWBERRY;XIRECS;11162.0;4;4;4
465800;SUBMISSION;;SNACKPACK_VANILLA;XIRECS;10171.0;4;4;4
468000;;;PEBBLES_L;XIRECS;11004.0;2;4;4
468000;;;PEBBLES_M;XIRECS;11145.0;2;4;4
468000;;;PEBBLES_S;XIRECS;7737.0;2;4;4
468000;;;PEBBLES_XL;XIRECS;14347.0;2;4;4
468000;;;PEBBLES_XS;XIRECS;5735.0;2;4;4
469200;;SUBMISSION;PEBBLES_XL;XIRECS;14443.0;2;4;4
469200;;;PEBBLES_L;XIRECS;11019.0;2;4;4
469200;;;PEBBLES_M;XIRECS;11087.0;2;4;4
469200;;;PEBBLES_S;XIRECS;7681.0;2;4;4
469200;;;PEBBLES_XS;XIRECS;5801.0;2;4;4
469300;;SUBMISSION;SNACKPACK_PISTACHIO;XIRECS;9358.0;2;4;4
469300;;SUBMISSION;SNACKPACK_STRAWBERRY;XIRECS;11170.0;2;4;4
469300;;SUBMISSION;SNACKPACK_VANILLA;XIRECS;10163.0;2;4;4
469900;;SUBMISSION;SNACKPACK_PISTACHIO;XIRECS;9365.0;1;4;4
469900;;SUBMISSION;SNACKPACK_STRAWBERRY;XIRECS;11186.0;1;4;4
469900;;SUBMISSION;SNACKPACK_VANILLA;XIRECS;10159.0;1;4;4
469900;;;GALAXY_SOUNDS_BLACK_HOLES;XIRECS;12822.0;1;4;4
469900;;;GALAXY_SOUNDS_DARK_MATTER;XIRECS;10136.0;1;4;4
469900;;;GALAXY_SOUNDS_PLANETARY_RINGS;XIRECS;11063.0;1;4;4
469900;;;GALAXY_SOUNDS_SOLAR_FLAMES;XIRECS;10973.0;1;4;4
469900;;;GALAXY_SOUNDS_SOLAR_WINDS;XIRECS;10592.0;1;4;4
469900;;;OXYGEN_SHAKE_CHOCOLATE;XIRECS;10134.0;1;4;4
469900;;;OXYGEN_SHAKE_EVENING_BREATH;XIRECS;9436.0;1;4;4
469900;;;OXYGEN_SHAKE_GARLIC;XIRECS;13168.0;1;4;4
469900;;;OXYGEN_SHAKE_MINT;XIRECS;8697.0;1;4;4
469900;;;OXYGEN_SHAKE_MORNING_BREATH;XIRECS;9791.0;1;4;4
469900;;;PANEL_1X2;XIRECS;8918.0;1;4;4
469900;;;PANEL_1X4;XIRECS;8531.0;1;4;4
469900;;;PANEL_2X2;XIRECS;8710.0;1;4;4
469900;;;PANEL_2X4;XIRECS;11898.0;1;4;4
469900;;;PANEL_4X4;XIRECS;9918.0;1;4;4
469900;;;ROBOT_DISHES;XIRECS;10504.0;1;4;4
469900;;;ROBOT_IRONING;XIRECS;7943.0;1;4;4
469900;;;ROBOT_LAUNDRY;XIRECS;9067.0;1;4;4
469900;;;ROBOT_MOPPING;XIRECS;12002.0;1;4;4
469900;;;ROBOT_VACUUMING;XIRECS;8618.0;1;4;4
469900;;;SLEEP_POD_COTTON;XIRECS;12702.0;1;4;4
469900;;;SLEEP_POD_LAMB_WOOL;XIRECS;10987.0;1;4;4
469900;;;SLEEP_POD_NYLON;XIRECS;10022.0;1;4;4
469900;;;SLEEP_POD_POLYESTER;XIRECS;12952.0;1;4;4
469900;;;SLEEP_POD_SUEDE;XIRECS;12033.0;1;4;4
469900;;;SNACKPACK_CHOCOLATE;XIRECS;9651.0;1;4;4
469900;;;SNACKPACK_RASPBERRY;XIRECS;9977.0;1;4;4
469900;;;TRANSLATOR_ASTRO_BLACK;XIRECS;9508.0;1;4;4
469900;;;TRANSLATOR_ECLIPSE_CHARCOAL;XIRECS;9637.0;1;4;4
469900;;;TRANSLATOR_GRAPHITE_MIST;XIRECS;10074.0;1;4;4
469900;;;TRANSLATOR_SPACE_GRAY;XIRECS;8965.0;1;4;4
469900;;;TRANSLATOR_VOID_BLUE;XIRECS;11497.0;1;4;4
469900;;;UV_VISOR_AMBER;XIRECS;6913.0;1;4;4
469900;;;UV_VISOR_MAGENTA;XIRECS;11644.0;1;4;4
469900;;;UV_VISOR_ORANGE;XIRECS;11563.0;1;4;4
469900;;;UV_VISOR_RED;XIRECS;11662.0;1;4;4
469900;;;UV_VISOR_YELLOW;XIRECS;10502.0;1;4;4
470700;SUBMISSION;;PANEL_1X4;XIRECS;8527.0;5;4;4
470800;SUBMISSION;;OXYGEN_SHAKE_MORNING_BREATH;XIRECS;9787.0;5;4;4
470800;;;GALAXY_SOUNDS_BLACK_HOLES;XIRECS;12825.0;3;4;4
470800;;;GALAXY_SOUNDS_DARK_MATTER;XIRECS;10161.0;3;4;4
470800;;;GALAXY_SOUNDS_PLANETARY_RINGS;XIRECS;11037.0;3;4;4
470800;;;GALAXY_SOUNDS_SOLAR_FLAMES;XIRECS;10980.0;3;4;4
470800;;;GALAXY_SOUNDS_SOLAR_WINDS;XIRECS;10599.0;3;4;4
470800;;;OXYGEN_SHAKE_CHOCOLATE;XIRECS;10181.0;3;4;4
470800;;;OXYGEN_SHAKE_EVENING_BREATH;XIRECS;9434.0;3;4;4
470800;;;OXYGEN_SHAKE_GARLIC;XIRECS;13117.0;3;4;4
470800;;;OXYGEN_SHAKE_MINT;XIRECS;8682.0;3;4;4
470800;;;OXYGEN_SHAKE_MORNING_BREATH;XIRECS;9774.0;3;4;4
470800;;;PANEL_1X2;XIRECS;8854.0;3;4;4
470800;;;PANEL_1X4;XIRECS;8525.0;3;4;4
470800;;;PANEL_2X2;XIRECS;8681.0;3;4;4
470800;;;PANEL_2X4;XIRECS;11829.0;3;4;4
470800;;;PANEL_4X4;XIRECS;9927.0;3;4;4
470800;;;ROBOT_DISHES;XIRECS;10496.0;3;4;4
470800;;;ROBOT_IRONING;XIRECS;7937.0;3;4;4
470800;;;ROBOT_LAUNDRY;XIRECS;9081.0;3;4;4
470800;;;ROBOT_MOPPING;XIRECS;11976.0;3;4;4
470800;;;ROBOT_VACUUMING;XIRECS;8617.0;3;4;4
470800;;;SLEEP_POD_COTTON;XIRECS;12733.0;3;4;4
470800;;;SLEEP_POD_LAMB_WOOL;XIRECS;10957.0;3;4;4
470800;;;SLEEP_POD_NYLON;XIRECS;9925.0;3;4;4
470800;;;SLEEP_POD_POLYESTER;XIRECS;13012.0;3;4;4
470800;;;SLEEP_POD_SUEDE;XIRECS;12052.0;3;4;4
470800;;;SNACKPACK_CHOCOLATE;XIRECS;9620.0;3;4;4
470800;;;SNACKPACK_PISTACHIO;XIRECS;9347.0;3;4;4
470800;;;SNACKPACK_RASPBERRY;XIRECS;9953.0;3;4;4
470800;;;SNACKPACK_STRAWBERRY;XIRECS;11162.0;3;4;4
470800;;;SNACKPACK_VANILLA;XIRECS;10165.0;3;4;4
470800;;;TRANSLATOR_ASTRO_BLACK;XIRECS;9541.0;3;4;4
470800;;;TRANSLATOR_ECLIPSE_CHARCOAL;XIRECS;9636.0;3;4;4
470800;;;TRANSLATOR_GRAPHITE_MIST;XIRECS;10090.0;3;4;4
470800;;;TRANSLATOR_SPACE_GRAY;XIRECS;8947.0;3;4;4
470800;;;TRANSLATOR_VOID_BLUE;XIRECS;11498.0;3;4;4
470800;;;UV_VISOR_AMBER;XIRECS;6887.0;3;4;4
470800;;;UV_VISOR_MAGENTA;XIRECS;11627.0;3;4;4
470800;;;UV_VISOR_ORANGE;XIRECS;11494.0;3;4;4
470800;;;UV_VISOR_RED;XIRECS;11650.0;3;4;4
470800;;;UV_VISOR_YELLOW;XIRECS;10469.0;3;4;4
471600;SUBMISSION;;PEBBLES_XL;XIRECS;14461.0;2;4;4
472000;;SUBMISSION;PEBBLES_XL;XIRECS;14342.0;7;4;4
473300;;SUBMISSION;SNACKPACK_PISTACHIO;XIRECS;9338.0;1;4;4
473300;;SUBMISSION;SNACKPACK_STRAWBERRY;XIRECS;11129.0;1;4;4
473300;;SUBMISSION;SNACKPACK_VANILLA;XIRECS;10205.0;1;4;4
473300;;;GALAXY_SOUNDS_BLACK_HOLES;XIRECS;12916.0;3;4;4
473300;;;GALAXY_SOUNDS_DARK_MATTER;XIRECS;10072.0;3;4;4
473300;;;GALAXY_SOUNDS_PLANETARY_RINGS;XIRECS;11122.0;3;4;4
473300;;;GALAXY_SOUNDS_SOLAR_FLAMES;XIRECS;10994.0;3;4;4
473300;;;GALAXY_SOUNDS_SOLAR_WINDS;XIRECS;10673.0;3;4;4
473300;;;OXYGEN_SHAKE_CHOCOLATE;XIRECS;10194.0;3;4;4
473300;;;OXYGEN_SHAKE_EVENING_BREATH;XIRECS;9476.0;3;4;4
473300;;;OXYGEN_SHAKE_GARLIC;XIRECS;13224.0;3;4;4
473300;;;OXYGEN_SHAKE_MINT;XIRECS;8733.0;3;4;4
473300;;;OXYGEN_SHAKE_MORNING_BREATH;XIRECS;9757.0;3;4;4
473300;;;PANEL_1X2;XIRECS;8969.0;3;4;4
473300;;;PANEL_1X4;XIRECS;8545.0;3;4;4
473300;;;PANEL_2X2;XIRECS;8706.0;3;4;4
473300;;;PANEL_2X4;XIRECS;11804.0;3;4;4
473300;;;PANEL_4X4;XIRECS;9865.0;3;4;4
473300;;;ROBOT_DISHES;XIRECS;10504.0;3;4;4
473300;;;ROBOT_IRONING;XIRECS;7883.0;3;4;4
473300;;;ROBOT_LAUNDRY;XIRECS;9026.0;3;4;4
473300;;;ROBOT_MOPPING;XIRECS;11995.0;3;4;4
473300;;;ROBOT_VACUUMING;XIRECS;8649.0;3;4;4
473300;;;SLEEP_POD_COTTON;XIRECS;12691.0;3;4;4
473300;;;SLEEP_POD_LAMB_WOOL;XIRECS;11022.0;3;4;4
473300;;;SLEEP_POD_NYLON;XIRECS;9910.0;3;4;4
473300;;;SLEEP_POD_POLYESTER;XIRECS;13029.0;3;4;4
473300;;;SLEEP_POD_SUEDE;XIRECS;12084.0;3;4;4
473300;;;SNACKPACK_CHOCOLATE;XIRECS;9612.0;3;4;4
473300;;;SNACKPACK_RASPBERRY;XIRECS;10011.0;3;4;4
473300;;;TRANSLATOR_ASTRO_BLACK;XIRECS;9502.0;3;4;4
473300;;;TRANSLATOR_ECLIPSE_CHARCOAL;XIRECS;9675.0;3;4;4
473300;;;TRANSLATOR_GRAPHITE_MIST;XIRECS;10096.0;3;4;4
473300;;;TRANSLATOR_SPACE_GRAY;XIRECS;8990.0;3;4;4
473300;;;TRANSLATOR_VOID_BLUE;XIRECS;11427.0;3;4;4
473300;;;UV_VISOR_AMBER;XIRECS;6905.0;3;4;4
473300;;;UV_VISOR_MAGENTA;XIRECS;11643.0;3;4;4
473300;;;UV_VISOR_ORANGE;XIRECS;11471.0;3;4;4
473300;;;UV_VISOR_RED;XIRECS;11614.0;3;4;4
473300;;;UV_VISOR_YELLOW;XIRECS;10567.0;3;4;4
473500;;SUBMISSION;SNACKPACK_PISTACHIO;XIRECS;9342.0;4;4;4
473500;;SUBMISSION;SNACKPACK_STRAWBERRY;XIRECS;11130.0;4;4;4
473500;;SUBMISSION;SNACKPACK_VANILLA;XIRECS;10191.0;4;4;4
475700;;SUBMISSION;PEBBLES_XL;XIRECS;14114.0;2;4;4
475700;;;GALAXY_SOUNDS_BLACK_HOLES;XIRECS;12896.0;4;4;4
475700;;;GALAXY_SOUNDS_DARK_MATTER;XIRECS;10118.0;4;4;4
475700;;;GALAXY_SOUNDS_PLANETARY_RINGS;XIRECS;11118.0;4;4;4
475700;;;GALAXY_SOUNDS_SOLAR_FLAMES;XIRECS;10995.0;4;4;4
475700;;;GALAXY_SOUNDS_SOLAR_WINDS;XIRECS;10685.0;4;4;4
475700;;;OXYGEN_SHAKE_CHOCOLATE;XIRECS;10174.0;4;4;4
475700;;;OXYGEN_SHAKE_EVENING_BREATH;XIRECS;9466.0;4;4;4
475700;;;OXYGEN_SHAKE_GARLIC;XIRECS;13164.0;4;4;4
475700;;;OXYGEN_SHAKE_MINT;XIRECS;8761.0;4;4;4
475700;;;OXYGEN_SHAKE_MORNING_BREATH;XIRECS;9780.0;4;4;4
475700;;;PANEL_1X2;XIRECS;8883.0;4;4;4
475700;;;PANEL_1X4;XIRECS;8537.0;4;4;4
475700;;;PANEL_2X2;XIRECS;8748.0;4;4;4
475700;;;PANEL_2X4;XIRECS;11794.0;4;4;4
475700;;;PANEL_4X4;XIRECS;9870.0;4;4;4
475700;;;PEBBLES_L;XIRECS;11044.0;4;4;4
475700;;;PEBBLES_M;XIRECS;11149.0;4;4;4
475700;;;PEBBLES_S;XIRECS;7856.0;4;4;4
475700;;;PEBBLES_XS;XIRECS;5868.0;4;4;4
475700;;;ROBOT_DISHES;XIRECS;10604.0;4;4;4
475700;;;ROBOT_IRONING;XIRECS;7873.0;4;4;4
475700;;;ROBOT_LAUNDRY;XIRECS;9011.0;4;4;4
475700;;;ROBOT_MOPPING;XIRECS;12014.0;4;4;4
475700;;;ROBOT_VACUUMING;XIRECS;8647.0;4;4;4
475700;;;SLEEP_POD_COTTON;XIRECS;12588.0;4;4;4
475700;;;SLEEP_POD_LAMB_WOOL;XIRECS;10885.0;4;4;4
475700;;;SLEEP_POD_NYLON;XIRECS;9925.0;4;4;4
475700;;;SLEEP_POD_POLYESTER;XIRECS;12991.0;4;4;4
475700;;;SLEEP_POD_SUEDE;XIRECS;12128.0;4;4;4
475700;;;SNACKPACK_CHOCOLATE;XIRECS;9571.0;4;4;4
475700;;;SNACKPACK_PISTACHIO;XIRECS;9356.0;4;4;4
475700;;;SNACKPACK_RASPBERRY;XIRECS;9988.0;4;4;4
475700;;;SNACKPACK_STRAWBERRY;XIRECS;11169.0;4;4;4
475700;;;SNACKPACK_VANILLA;XIRECS;10249.0;4;4;4
475700;;;TRANSLATOR_ASTRO_BLACK;XIRECS;9427.0;4;4;4
475700;;;TRANSLATOR_ECLIPSE_CHARCOAL;XIRECS;9736.0;4;4;4
475700;;;TRANSLATOR_GRAPHITE_MIST;XIRECS;10193.0;4;4;4
475700;;;TRANSLATOR_SPACE_GRAY;XIRECS;9004.0;4;4;4
475700;;;TRANSLATOR_VOID_BLUE;XIRECS;11490.0;4;4;4
475700;;;UV_VISOR_AMBER;XIRECS;6889.0;4;4;4
475700;;;UV_VISOR_MAGENTA;XIRECS;11625.0;4;4;4
475700;;;UV_VISOR_ORANGE;XIRECS;11469.0;4;4;4
475700;;;UV_VISOR_RED;XIRECS;11603.0;4;4;4
475700;;;UV_VISOR_YELLOW;XIRECS;10631.0;4;4;4
476500;;SUBMISSION;PEBBLES_XL;XIRECS;14035.0;8;4;4
477000;;;MICROCHIP_CIRCLE;XIRECS;9556.0;3;4;4
477000;;;MICROCHIP_OVAL;XIRECS;6065.0;3;4;4
477000;;;MICROCHIP_RECTANGLE;XIRECS;8911.0;3;4;4
477000;;;MICROCHIP_SQUARE;XIRECS;15818.0;3;4;4
477000;;;MICROCHIP_TRIANGLE;XIRECS;8717.0;3;4;4
478000;SUBMISSION;;PEBBLES_XL;XIRECS;14197.0;2;4;4
478000;;;PEBBLES_L;XIRECS;11004.0;5;4;4
478000;;;PEBBLES_M;XIRECS;11043.0;5;4;4
478000;;;PEBBLES_S;XIRECS;7870.0;5;4;4
478000;;;PEBBLES_XS;XIRECS;5854.0;5;4;4
479000;SUBMISSION;;OXYGEN_SHAKE_MORNING_BREATH;XIRECS;9830.0;5;4;4
479500;;;GALAXY_SOUNDS_BLACK_HOLES;XIRECS;12915.0;2;4;4
479500;;;GALAXY_SOUNDS_DARK_MATTER;XIRECS;10097.0;2;4;4
479500;;;GALAXY_SOUNDS_PLANETARY_RINGS;XIRECS;11084.0;2;4;4
479500;;;GALAXY_SOUNDS_SOLAR_FLAMES;XIRECS;11067.0;2;4;4
479500;;;GALAXY_SOUNDS_SOLAR_WINDS;XIRECS;10764.0;2;4;4
479500;;;OXYGEN_SHAKE_CHOCOLATE;XIRECS;10081.0;2;4;4
479500;;;OXYGEN_SHAKE_EVENING_BREATH;XIRECS;9496.0;2;4;4
479500;;;OXYGEN_SHAKE_GARLIC;XIRECS;13111.0;2;4;4
479500;;;OXYGEN_SHAKE_MINT;XIRECS;8792.0;2;4;4
479500;;;OXYGEN_SHAKE_MORNING_BREATH;XIRECS;9846.0;2;4;4
479500;;;PANEL_1X2;XIRECS;8947.0;2;4;4
479500;;;PANEL_1X4;XIRECS;8468.0;2;4;4
479500;;;PANEL_2X2;XIRECS;8748.0;2;4;4
479500;;;PANEL_2X4;XIRECS;11805.0;2;4;4
479500;;;PANEL_4X4;XIRECS;9822.0;2;4;4
479500;;;ROBOT_DISHES;XIRECS;10604.0;2;4;4
479500;;;ROBOT_IRONING;XIRECS;7943.0;2;4;4
479500;;;ROBOT_LAUNDRY;XIRECS;8997.0;2;4;4
479500;;;ROBOT_MOPPING;XIRECS;12010.0;2;4;4
479500;;;ROBOT_VACUUMING;XIRECS;8698.0;2;4;4
479500;;;SLEEP_POD_COTTON;XIRECS;12500.0;2;4;4
479500;;;SLEEP_POD_LAMB_WOOL;XIRECS;10885.0;2;4;4
479500;;;SLEEP_POD_NYLON;XIRECS;9924.0;2;4;4
479500;;;SLEEP_POD_POLYESTER;XIRECS;13024.0;2;4;4
479500;;;SLEEP_POD_SUEDE;XIRECS;12174.0;2;4;4
479500;;;SNACKPACK_CHOCOLATE;XIRECS;9515.0;2;4;4
479500;;;SNACKPACK_PISTACHIO;XIRECS;9330.0;2;4;4
479500;;;SNACKPACK_RASPBERRY;XIRECS;10018.0;2;4;4
479500;;;SNACKPACK_STRAWBERRY;XIRECS;11146.0;2;4;4
479500;;;SNACKPACK_VANILLA;XIRECS;10316.0;2;4;4
479500;;;TRANSLATOR_ASTRO_BLACK;XIRECS;9392.0;2;4;4
479500;;;TRANSLATOR_ECLIPSE_CHARCOAL;XIRECS;9786.0;2;4;4
479500;;;TRANSLATOR_GRAPHITE_MIST;XIRECS;10096.0;2;4;4
479500;;;TRANSLATOR_SPACE_GRAY;XIRECS;8978.0;2;4;4
479500;;;TRANSLATOR_VOID_BLUE;XIRECS;11592.0;2;4;4
479500;;;UV_VISOR_AMBER;XIRECS;6878.0;2;4;4
479500;;;UV_VISOR_MAGENTA;XIRECS;11484.0;2;4;4
479500;;;UV_VISOR_ORANGE;XIRECS;11415.0;2;4;4
479500;;;UV_VISOR_RED;XIRECS;11694.0;2;4;4
479500;;;UV_VISOR_YELLOW;XIRECS;10693.0;2;4;4
480800;;SUBMISSION;PANEL_1X4;XIRECS;8419.0;5;4;4
482700;SUBMISSION;;PEBBLES_XL;XIRECS;14095.0;4;4;4
482900;;SUBMISSION;PEBBLES_XL;XIRECS;14097.0;2;4;4
482900;;;PEBBLES_L;XIRECS;11091.0;2;4;4
482900;;;PEBBLES_M;XIRECS;11014.0;2;4;4
482900;;;PEBBLES_S;XIRECS;8008.0;2;4;4
482900;;;PEBBLES_XS;XIRECS;5822.0;2;4;4
483000;SUBMISSION;;PEBBLES_XL;XIRECS;14073.0;2;4;4
483000;;;PEBBLES_L;XIRECS;11064.0;3;4;4
483000;;;PEBBLES_M;XIRECS;11029.0;3;4;4
483000;;;PEBBLES_S;XIRECS;7988.0;3;4;4
483000;;;PEBBLES_XS;XIRECS;5815.0;3;4;4
483200;SUBMISSION;;SNACKPACK_PISTACHIO;XIRECS;9309.0;5;4;4
483200;SUBMISSION;;SNACKPACK_STRAWBERRY;XIRECS;11107.0;5;4;4
483200;SUBMISSION;;SNACKPACK_VANILLA;XIRECS;10299.0;5;4;4
483400;;SUBMISSION;PANEL_1X4;XIRECS;8420.0;5;4;4
487200;SUBMISSION;;PEBBLES_XL;XIRECS;14251.0;3;4;4
487300;;SUBMISSION;SNACKPACK_PISTACHIO;XIRECS;9309.0;1;4;4
487300;;SUBMISSION;SNACKPACK_STRAWBERRY;XIRECS;11083.0;1;4;4
487300;;SUBMISSION;SNACKPACK_VANILLA;XIRECS;10331.0;1;4;4
487300;;;GALAXY_SOUNDS_BLACK_HOLES;XIRECS;12915.0;1;4;4
487300;;;GALAXY_SOUNDS_DARK_MATTER;XIRECS;9952.0;1;4;4
487300;;;GALAXY_SOUNDS_PLANETARY_RINGS;XIRECS;11016.0;1;4;4
487300;;;GALAXY_SOUNDS_SOLAR_FLAMES;XIRECS;10969.0;1;4;4
487300;;;GALAXY_SOUNDS_SOLAR_WINDS;XIRECS;10821.0;1;4;4
487300;;;OXYGEN_SHAKE_CHOCOLATE;XIRECS;10023.0;1;4;4
487300;;;OXYGEN_SHAKE_EVENING_BREATH;XIRECS;9526.0;1;4;4
487300;;;OXYGEN_SHAKE_GARLIC;XIRECS;13198.0;1;4;4
487300;;;OXYGEN_SHAKE_MINT;XIRECS;8765.0;1;4;4
487300;;;OXYGEN_SHAKE_MORNING_BREATH;XIRECS;9824.0;1;4;4
487300;;;PANEL_1X2;XIRECS;9072.0;1;4;4
487300;;;PANEL_1X4;XIRECS;8438.0;1;4;4
487300;;;PANEL_2X2;XIRECS;8698.0;1;4;4
487300;;;PANEL_2X4;XIRECS;11730.0;1;4;4
487300;;;PANEL_4X4;XIRECS;9758.0;1;4;4
487300;;;ROBOT_DISHES;XIRECS;10604.0;1;4;4
487300;;;ROBOT_IRONING;XIRECS;7903.0;1;4;4
487300;;;ROBOT_LAUNDRY;XIRECS;8907.0;1;4;4
487300;;;ROBOT_MOPPING;XIRECS;12196.0;1;4;4
487300;;;ROBOT_VACUUMING;XIRECS;8799.0;1;4;4
487300;;;SLEEP_POD_COTTON;XIRECS;12556.0;1;4;4
487300;;;SLEEP_POD_LAMB_WOOL;XIRECS;10943.0;1;4;4
487300;;;SLEEP_POD_NYLON;XIRECS;9839.0;1;4;4
487300;;;SLEEP_POD_POLYESTER;XIRECS;12876.0;1;4;4
487300;;;SLEEP_POD_SUEDE;XIRECS;12337.0;1;4;4
487300;;;SNACKPACK_CHOCOLATE;XIRECS;9491.0;1;4;4
487300;;;SNACKPACK_RASPBERRY;XIRECS;10075.0;1;4;4
487300;;;TRANSLATOR_ASTRO_BLACK;XIRECS;9447.0;1;4;4
487300;;;TRANSLATOR_ECLIPSE_CHARCOAL;XIRECS;10002.0;1;4;4
487300;;;TRANSLATOR_GRAPHITE_MIST;XIRECS;10194.0;1;4;4
487300;;;TRANSLATOR_SPACE_GRAY;XIRECS;8879.0;1;4;4
487300;;;TRANSLATOR_VOID_BLUE;XIRECS;11652.0;1;4;4
487300;;;UV_VISOR_AMBER;XIRECS;6856.0;1;4;4
487300;;;UV_VISOR_MAGENTA;XIRECS;11435.0;1;4;4
487300;;;UV_VISOR_ORANGE;XIRECS;11460.0;1;4;4
487300;;;UV_VISOR_RED;XIRECS;11745.0;1;4;4
487300;;;UV_VISOR_YELLOW;XIRECS;10627.0;1;4;4
489200;;SUBMISSION;PEBBLES_XL;XIRECS;14166.0;4;4;4
489300;SUBMISSION;;PEBBLES_XL;XIRECS;14168.0;2;4;4
489300;;;PEBBLES_L;XIRECS;11003.0;4;4;4
489300;;;PEBBLES_M;XIRECS;11084.0;4;4;4
489300;;;PEBBLES_S;XIRECS;7964.0;4;4;4
489300;;;PEBBLES_XS;XIRECS;5750.0;4;4;4
489600;;SUBMISSION;PEBBLES_XL;XIRECS;14179.0;6;4;4
489800;;;MICROCHIP_CIRCLE;XIRECS;9576.0;1;4;4
489800;;;MICROCHIP_OVAL;XIRECS;6054.0;1;4;4
489800;;;MICROCHIP_RECTANGLE;XIRECS;8678.0;1;4;4
489800;;;MICROCHIP_SQUARE;XIRECS;16132.0;1;4;4
489800;;;MICROCHIP_TRIANGLE;XIRECS;8490.0;1;4;4
490500;;SUBMISSION;PANEL_1X4;XIRECS;8345.0;5;4;4
491600;;;GALAXY_SOUNDS_BLACK_HOLES;XIRECS;12837.0;2;4;4
491600;;;GALAXY_SOUNDS_DARK_MATTER;XIRECS;9820.0;2;4;4
491600;;;GALAXY_SOUNDS_PLANETARY_RINGS;XIRECS;11021.0;2;4;4
491600;;;GALAXY_SOUNDS_SOLAR_FLAMES;XIRECS;11072.0;2;4;4
491600;;;GALAXY_SOUNDS_SOLAR_WINDS;XIRECS;10839.0;2;4;4
491600;;;OXYGEN_SHAKE_CHOCOLATE;XIRECS;10040.0;2;4;4
491600;;;OXYGEN_SHAKE_EVENING_BREATH;XIRECS;9504.0;2;4;4
491600;;;OXYGEN_SHAKE_GARLIC;XIRECS;13296.0;2;4;4
491600;;;OXYGEN_SHAKE_MINT;XIRECS;8833.0;2;4;4
491600;;;OXYGEN_SHAKE_MORNING_BREATH;XIRECS;9757.0;2;4;4
491600;;;PANEL_1X2;XIRECS;9087.0;2;4;4
491600;;;PANEL_1X4;XIRECS;8336.0;2;4;4
491600;;;PANEL_2X2;XIRECS;8697.0;2;4;4
491600;;;PANEL_2X4;XIRECS;11572.0;2;4;4
491600;;;PANEL_4X4;XIRECS;9705.0;2;4;4
491600;;;ROBOT_DISHES;XIRECS;10496.0;2;4;4
491600;;;ROBOT_IRONING;XIRECS;7927.0;2;4;4
491600;;;ROBOT_LAUNDRY;XIRECS;9032.0;2;4;4
491600;;;ROBOT_MOPPING;XIRECS;12212.0;2;4;4
491600;;;ROBOT_VACUUMING;XIRECS;8788.0;2;4;4
491600;;;SLEEP_POD_COTTON;XIRECS;12597.0;2;4;4
491600;;;SLEEP_POD_LAMB_WOOL;XIRECS;10920.0;2;4;4
491600;;;SLEEP_POD_NYLON;XIRECS;9882.0;2;4;4
491600;;;SLEEP_POD_POLYESTER;XIRECS;12718.0;2;4;4
491600;;;SLEEP_POD_SUEDE;XIRECS;12452.0;2;4;4
491600;;;SNACKPACK_CHOCOLATE;XIRECS;9470.0;2;4;4
491600;;;SNACKPACK_PISTACHIO;XIRECS;9286.0;2;4;4
491600;;;SNACKPACK_RASPBERRY;XIRECS;10115.0;2;4;4
491600;;;SNACKPACK_STRAWBERRY;XIRECS;11028.0;2;4;4
491600;;;SNACKPACK_VANILLA;XIRECS;10339.0;2;4;4
491600;;;TRANSLATOR_ASTRO_BLACK;XIRECS;9193.0;2;4;4
491600;;;TRANSLATOR_ECLIPSE_CHARCOAL;XIRECS;9929.0;2;4;4
491600;;;TRANSLATOR_GRAPHITE_MIST;XIRECS;10160.0;2;4;4
491600;;;TRANSLATOR_SPACE_GRAY;XIRECS;8929.0;2;4;4
491600;;;TRANSLATOR_VOID_BLUE;XIRECS;11705.0;2;4;4
491600;;;UV_VISOR_AMBER;XIRECS;6779.0;2;4;4
491600;;;UV_VISOR_MAGENTA;XIRECS;11538.0;2;4;4
491600;;;UV_VISOR_ORANGE;XIRECS;11426.0;2;4;4
491600;;;UV_VISOR_RED;XIRECS;11705.0;2;4;4
491600;;;UV_VISOR_YELLOW;XIRECS;10524.0;2;4;4
492000;;SUBMISSION;OXYGEN_SHAKE_MORNING_BREATH;XIRECS;9754.0;5;4;4
492000;;;GALAXY_SOUNDS_BLACK_HOLES;XIRECS;12895.0;3;4;4
492000;;;GALAXY_SOUNDS_DARK_MATTER;XIRECS;9798.0;3;4;4
492000;;;GALAXY_SOUNDS_PLANETARY_RINGS;XIRECS;11013.0;3;4;4
492000;;;GALAXY_SOUNDS_SOLAR_FLAMES;XIRECS;11097.0;3;4;4
492000;;;GALAXY_SOUNDS_SOLAR_WINDS;XIRECS;10822.0;3;4;4
492000;;;OXYGEN_SHAKE_CHOCOLATE;XIRECS;10078.0;3;4;4
492000;;;OXYGEN_SHAKE_EVENING_BREATH;XIRECS;9506.0;3;4;4
492000;;;OXYGEN_SHAKE_GARLIC;XIRECS;13319.0;3;4;4
492000;;;OXYGEN_SHAKE_MINT;XIRECS;8825.0;3;4;4
492000;;;OXYGEN_SHAKE_MORNING_BREATH;XIRECS;9767.0;3;4;4
492000;;;PANEL_1X2;XIRECS;9105.0;3;4;4
492000;;;PANEL_1X4;XIRECS;8353.0;3;4;4
492000;;;PANEL_2X2;XIRECS;8718.0;3;4;4
492000;;;PANEL_2X4;XIRECS;11569.0;3;4;4
492000;;;PANEL_4X4;XIRECS;9703.0;3;4;4
492000;;;ROBOT_DISHES;XIRECS;10504.0;3;4;4
492000;;;ROBOT_IRONING;XIRECS;7933.0;3;4;4
492000;;;ROBOT_LAUNDRY;XIRECS;9048.0;3;4;4
492000;;;ROBOT_MOPPING;XIRECS;12205.0;3;4;4
492000;;;ROBOT_VACUUMING;XIRECS;8814.0;3;4;4
492000;;;SLEEP_POD_COTTON;XIRECS;12652.0;3;4;4
492000;;;SLEEP_POD_LAMB_WOOL;XIRECS;10974.0;3;4;4
492000;;;SLEEP_POD_NYLON;XIRECS;9906.0;3;4;4
492000;;;SLEEP_POD_POLYESTER;XIRECS;12714.0;3;4;4
492000;;;SLEEP_POD_SUEDE;XIRECS;12425.0;3;4;4
492000;;;SNACKPACK_CHOCOLATE;XIRECS;9471.0;3;4;4
492000;;;SNACKPACK_PISTACHIO;XIRECS;9300.0;3;4;4
492000;;;SNACKPACK_RASPBERRY;XIRECS;10139.0;3;4;4
492000;;;SNACKPACK_STRAWBERRY;XIRECS;11031.0;3;4;4
492000;;;SNACKPACK_VANILLA;XIRECS;10372.0;3;4;4
492000;;;TRANSLATOR_ASTRO_BLACK;XIRECS;9176.0;3;4;4
492000;;;TRANSLATOR_ECLIPSE_CHARCOAL;XIRECS;9931.0;3;4;4
492000;;;TRANSLATOR_GRAPHITE_MIST;XIRECS;10153.0;3;4;4
492000;;;TRANSLATOR_SPACE_GRAY;XIRECS;8969.0;3;4;4
492000;;;TRANSLATOR_VOID_BLUE;XIRECS;11696.0;3;4;4
492000;;;UV_VISOR_AMBER;XIRECS;6774.0;3;4;4
492000;;;UV_VISOR_MAGENTA;XIRECS;11585.0;3;4;4
492000;;;UV_VISOR_ORANGE;XIRECS;11457.0;3;4;4
492000;;;UV_VISOR_RED;XIRECS;11723.0;3;4;4
492000;;;UV_VISOR_YELLOW;XIRECS;10528.0;3;4;4
492100;;;GALAXY_SOUNDS_BLACK_HOLES;XIRECS;12879.0;2;4;4
492100;;;GALAXY_SOUNDS_DARK_MATTER;XIRECS;9791.0;2;4;4
492100;;;GALAXY_SOUNDS_PLANETARY_RINGS;XIRECS;10998.0;2;4;4
492100;;;GALAXY_SOUNDS_SOLAR_FLAMES;XIRECS;11115.0;2;4;4
492100;;;GALAXY_SOUNDS_SOLAR_WINDS;XIRECS;10796.0;2;4;4
492100;;;OXYGEN_SHAKE_CHOCOLATE;XIRECS;10060.0;2;4;4
492100;;;OXYGEN_SHAKE_EVENING_BREATH;XIRECS;9504.0;2;4;4
492100;;;OXYGEN_SHAKE_GARLIC;XIRECS;13287.0;2;4;4
492100;;;OXYGEN_SHAKE_MINT;XIRECS;8817.0;2;4;4
492100;;;OXYGEN_SHAKE_MORNING_BREATH;XIRECS;9773.0;2;4;4
492100;;;PANEL_1X2;XIRECS;9094.0;2;4;4
492100;;;PANEL_1X4;XIRECS;8364.0;2;4;4
492100;;;PANEL_2X2;XIRECS;8719.0;2;4;4
492100;;;PANEL_2X4;XIRECS;11565.0;2;4;4
492100;;;PANEL_4X4;XIRECS;9693.0;2;4;4
492100;;;ROBOT_DISHES;XIRECS;10496.0;2;4;4
492100;;;ROBOT_IRONING;XIRECS;7927.0;2;4;4
492100;;;ROBOT_LAUNDRY;XIRECS;9042.0;2;4;4
492100;;;ROBOT_MOPPING;XIRECS;12192.0;2;4;4
492100;;;ROBOT_VACUUMING;XIRECS;8801.0;2;4;4
492100;;;SLEEP_POD_COTTON;XIRECS;12607.0;2;4;4
492100;;;SLEEP_POD_LAMB_WOOL;XIRECS;10950.0;2;4;4
492100;;;SLEEP_POD_NYLON;XIRECS;9900.0;2;4;4
492100;;;SLEEP_POD_POLYESTER;XIRECS;12701.0;2;4;4
492100;;;SLEEP_POD_SUEDE;XIRECS;12413.0;2;4;4
492100;;;SNACKPACK_CHOCOLATE;XIRECS;9451.0;2;4;4
492100;;;SNACKPACK_PISTACHIO;XIRECS;9292.0;2;4;4
492100;;;SNACKPACK_RASPBERRY;XIRECS;10109.0;2;4;4
492100;;;SNACKPACK_STRAWBERRY;XIRECS;11022.0;2;4;4
492100;;;SNACKPACK_VANILLA;XIRECS;10355.0;2;4;4
492100;;;TRANSLATOR_ASTRO_BLACK;XIRECS;9169.0;2;4;4
492100;;;TRANSLATOR_ECLIPSE_CHARCOAL;XIRECS;9935.0;2;4;4
492100;;;TRANSLATOR_GRAPHITE_MIST;XIRECS;10144.0;2;4;4
492100;;;TRANSLATOR_SPACE_GRAY;XIRECS;8961.0;2;4;4
492100;;;TRANSLATOR_VOID_BLUE;XIRECS;11684.0;2;4;4
492100;;;UV_VISOR_AMBER;XIRECS;6769.0;2;4;4
492100;;;UV_VISOR_MAGENTA;XIRECS;11546.0;2;4;4
492100;;;UV_VISOR_ORANGE;XIRECS;11452.0;2;4;4
492100;;;UV_VISOR_RED;XIRECS;11702.0;2;4;4
492100;;;UV_VISOR_YELLOW;XIRECS;10525.0;2;4;4
492900;;SUBMISSION;SNACKPACK_PISTACHIO;XIRECS;9285.0;3;4;4
492900;;SUBMISSION;SNACKPACK_STRAWBERRY;XIRECS;11000.0;3;4;4
492900;;SUBMISSION;SNACKPACK_VANILLA;XIRECS;10356.0;3;4;4
494700;;;PEBBLES_L;XIRECS;10960.0;2;4;4
494700;;;PEBBLES_M;XIRECS;11011.0;2;4;4
494700;;;PEBBLES_S;XIRECS;7987.0;2;4;4
494700;;;PEBBLES_XL;XIRECS;14282.0;2;4;4
494700;;;PEBBLES_XS;XIRECS;5793.0;2;4;4
497300;;;GALAXY_SOUNDS_BLACK_HOLES;XIRECS;12879.0;4;4;4
497300;;;GALAXY_SOUNDS_DARK_MATTER;XIRECS;9787.0;4;4;4
497300;;;GALAXY_SOUNDS_PLANETARY_RINGS;XIRECS;11227.0;4;4;4
497300;;;GALAXY_SOUNDS_SOLAR_FLAMES;XIRECS;11145.0;4;4;4
497300;;;GALAXY_SOUNDS_SOLAR_WINDS;XIRECS;10702.0;4;4;4
497300;;;OXYGEN_SHAKE_CHOCOLATE;XIRECS;10118.0;4;4;4
497300;;;OXYGEN_SHAKE_EVENING_BREATH;XIRECS;9526.0;4;4;4
497300;;;OXYGEN_SHAKE_GARLIC;XIRECS;13274.0;4;4;4
497300;;;OXYGEN_SHAKE_MINT;XIRECS;8866.0;4;4;4
497300;;;OXYGEN_SHAKE_MORNING_BREATH;XIRECS;9739.0;4;4;4
497300;;;PANEL_1X2;XIRECS;9152.0;4;4;4
497300;;;PANEL_1X4;XIRECS;8287.0;4;4;4
497300;;;PANEL_2X2;XIRECS;8668.0;4;4;4
497300;;;PANEL_2X4;XIRECS;11670.0;4;4;4
497300;;;PANEL_4X4;XIRECS;9703.0;4;4;4
497300;;;ROBOT_DISHES;XIRECS;10504.0;4;4;4
497300;;;ROBOT_IRONING;XIRECS;7903.0;4;4;4
497300;;;ROBOT_LAUNDRY;XIRECS;9104.0;4;4;4
497300;;;ROBOT_MOPPING;XIRECS;12131.0;4;4;4
497300;;;ROBOT_VACUUMING;XIRECS;8833.0;4;4;4
497300;;;SLEEP_POD_COTTON;XIRECS;12709.0;4;4;4
497300;;;SLEEP_POD_LAMB_WOOL;XIRECS;11003.0;4;4;4
497300;;;SLEEP_POD_NYLON;XIRECS;9956.0;4;4;4
497300;;;SLEEP_POD_POLYESTER;XIRECS;12813.0;4;4;4
497300;;;SLEEP_POD_SUEDE;XIRECS;12472.0;4;4;4
497300;;;SNACKPACK_CHOCOLATE;XIRECS;9493.0;4;4;4
497300;;;SNACKPACK_PISTACHIO;XIRECS;9259.0;4;4;4
497300;;;SNACKPACK_RASPBERRY;XIRECS;10207.0;4;4;4
497300;;;SNACKPACK_STRAWBERRY;XIRECS;10952.0;4;4;4
497300;;;SNACKPACK_VANILLA;XIRECS;10340.0;4;4;4
497300;;;TRANSLATOR_ASTRO_BLACK;XIRECS;9238.0;4;4;4
497300;;;TRANSLATOR_ECLIPSE_CHARCOAL;XIRECS;9915.0;4;4;4
497300;;;TRANSLATOR_GRAPHITE_MIST;XIRECS;10181.0;4;4;4
497300;;;TRANSLATOR_SPACE_GRAY;XIRECS;8933.0;4;4;4
497300;;;TRANSLATOR_VOID_BLUE;XIRECS;11662.0;4;4;4
497300;;;UV_VISOR_AMBER;XIRECS;6806.0;4;4;4
497300;;;UV_VISOR_MAGENTA;XIRECS;11648.0;4;4;4
497300;;;UV_VISOR_ORANGE;XIRECS;11514.0;4;4;4
497300;;;UV_VISOR_RED;XIRECS;11762.0;4;4;4
497300;;;UV_VISOR_YELLOW;XIRECS;10538.0;4;4;4
497700;;SUBMISSION;SNACKPACK_PISTACHIO;XIRECS;9230.0;1;4;4
497700;;SUBMISSION;SNACKPACK_STRAWBERRY;XIRECS;10910.0;1;4;4
497700;;SUBMISSION;SNACKPACK_VANILLA;XIRECS;10333.0;1;4;4
497700;;;GALAXY_SOUNDS_BLACK_HOLES;XIRECS;12833.0;1;4;4
497700;;;GALAXY_SOUNDS_DARK_MATTER;XIRECS;9768.0;1;4;4
497700;;;GALAXY_SOUNDS_PLANETARY_RINGS;XIRECS;11232.0;1;4;4
497700;;;GALAXY_SOUNDS_SOLAR_FLAMES;XIRECS;11152.0;1;4;4
497700;;;GALAXY_SOUNDS_SOLAR_WINDS;XIRECS;10721.0;1;4;4
497700;;;OXYGEN_SHAKE_CHOCOLATE;XIRECS;10109.0;1;4;4
497700;;;OXYGEN_SHAKE_EVENING_BREATH;XIRECS;9516.0;1;4;4
497700;;;OXYGEN_SHAKE_GARLIC;XIRECS;13289.0;1;4;4
497700;;;OXYGEN_SHAKE_MINT;XIRECS;8853.0;1;4;4
497700;;;OXYGEN_SHAKE_MORNING_BREATH;XIRECS;9710.0;1;4;4
497700;;;PANEL_1X2;XIRECS;9157.0;1;4;4
497700;;;PANEL_1X4;XIRECS;8300.0;1;4;4
497700;;;PANEL_2X2;XIRECS;8664.0;1;4;4
497700;;;PANEL_2X4;XIRECS;11636.0;1;4;4
497700;;;PANEL_4X4;XIRECS;9697.0;1;4;4
497700;;;ROBOT_DISHES;XIRECS;10504.0;1;4;4
497700;;;ROBOT_IRONING;XIRECS;7883.0;1;4;4
497700;;;ROBOT_LAUNDRY;XIRECS;9104.0;1;4;4
497700;;;ROBOT_MOPPING;XIRECS;12134.0;1;4;4
497700;;;ROBOT_VACUUMING;XIRECS;8839.0;1;4;4
497700;;;SLEEP_POD_COTTON;XIRECS;12739.0;1;4;4
497700;;;SLEEP_POD_LAMB_WOOL;XIRECS;11012.0;1;4;4
497700;;;SLEEP_POD_NYLON;XIRECS;9970.0;1;4;4
497700;;;SLEEP_POD_POLYESTER;XIRECS;12849.0;1;4;4
497700;;;SLEEP_POD_SUEDE;XIRECS;12499.0;1;4;4
497700;;;SNACKPACK_CHOCOLATE;XIRECS;9488.0;1;4;4
497700;;;SNACKPACK_PISTACHIO;XIRECS;9239.0;1;4;4
497700;;;SNACKPACK_RASPBERRY;XIRECS;10234.0;1;4;4
497700;;;SNACKPACK_STRAWBERRY;XIRECS;10920.0;1;4;4
497700;;;SNACKPACK_VANILLA;XIRECS;10342.0;1;4;4
497700;;;TRANSLATOR_ASTRO_BLACK;XIRECS;9225.0;1;4;4
497700;;;TRANSLATOR_ECLIPSE_CHARCOAL;XIRECS;9900.0;1;4;4
497700;;;TRANSLATOR_GRAPHITE_MIST;XIRECS;10181.0;1;4;4
497700;;;TRANSLATOR_SPACE_GRAY;XIRECS;8959.0;1;4;4
497700;;;TRANSLATOR_VOID_BLUE;XIRECS;11714.0;1;4;4
497700;;;UV_VISOR_AMBER;XIRECS;6814.0;1;4;4
497700;;;UV_VISOR_MAGENTA;XIRECS;11591.0;1;4;4
497700;;;UV_VISOR_ORANGE;XIRECS;11535.0;1;4;4
497700;;;UV_VISOR_RED;XIRECS;11764.0;1;4;4
497700;;;UV_VISOR_YELLOW;XIRECS;10510.0;1;4;4
497900;SUBMISSION;;PEBBLES_XL;XIRECS;14331.0;3;4;4
498000;;SUBMISSION;OXYGEN_SHAKE_MORNING_BREATH;XIRECS;9686.0;5;4;4
498900;SUBMISSION;;PEBBLES_XL;XIRECS;14264.0;8;4;4
498900;;;GALAXY_SOUNDS_BLACK_HOLES;XIRECS;12831.0;4;4;4
498900;;;GALAXY_SOUNDS_DARK_MATTER;XIRECS;9806.0;4;4;4
498900;;;GALAXY_SOUNDS_PLANETARY_RINGS;XIRECS;11219.0;4;4;4
498900;;;GALAXY_SOUNDS_SOLAR_FLAMES;XIRECS;11122.0;4;4;4
498900;;;GALAXY_SOUNDS_SOLAR_WINDS;XIRECS;10738.0;4;4;4
498900;;;OXYGEN_SHAKE_CHOCOLATE;XIRECS;10087.0;4;4;4
498900;;;OXYGEN_SHAKE_EVENING_BREATH;XIRECS;9556.0;4;4;4
498900;;;OXYGEN_SHAKE_GARLIC;XIRECS;13276.0;4;4;4
498900;;;OXYGEN_SHAKE_MINT;XIRECS;8863.0;4;4;4
498900;;;OXYGEN_SHAKE_MORNING_BREATH;XIRECS;9761.0;4;4;4
498900;;;PANEL_1X2;XIRECS;9160.0;4;4;4
498900;;;PANEL_1X4;XIRECS;8273.0;4;4;4
498900;;;PANEL_2X2;XIRECS;8689.0;4;4;4
498900;;;PANEL_2X4;XIRECS;11671.0;4;4;4
498900;;;PANEL_4X4;XIRECS;9702.0;4;4;4
498900;;;ROBOT_DISHES;XIRECS;10504.0;4;4;4
498900;;;ROBOT_IRONING;XIRECS;7913.0;4;4;4
498900;;;ROBOT_LAUNDRY;XIRECS;9101.0;4;4;4
498900;;;ROBOT_MOPPING;XIRECS;12193.0;4;4;4
498900;;;ROBOT_VACUUMING;XIRECS;8868.0;4;4;4
498900;;;SLEEP_POD_COTTON;XIRECS;12782.0;4;4;4
498900;;;SLEEP_POD_LAMB_WOOL;XIRECS;11024.0;4;4;4
498900;;;SLEEP_POD_NYLON;XIRECS;9997.0;4;4;4
498900;;;SLEEP_POD_POLYESTER;XIRECS;12818.0;4;4;4
498900;;;SLEEP_POD_SUEDE;XIRECS;12551.0;4;4;4
498900;;;SNACKPACK_CHOCOLATE;XIRECS;9473.0;4;4;4
498900;;;SNACKPACK_PISTACHIO;XIRECS;9234.0;4;4;4
498900;;;SNACKPACK_RASPBERRY;XIRECS;10249.0;4;4;4
498900;;;SNACKPACK_STRAWBERRY;XIRECS;10907.0;4;4;4
498900;;;SNACKPACK_VANILLA;XIRECS;10356.0;4;4;4
498900;;;TRANSLATOR_ASTRO_BLACK;XIRECS;9266.0;4;4;4
498900;;;TRANSLATOR_ECLIPSE_CHARCOAL;XIRECS;9915.0;4;4;4
498900;;;TRANSLATOR_GRAPHITE_MIST;XIRECS;10132.0;4;4;4
498900;;;TRANSLATOR_SPACE_GRAY;XIRECS;9011.0;4;4;4
498900;;;TRANSLATOR_VOID_BLUE;XIRECS;11702.0;4;4;4
498900;;;UV_VISOR_AMBER;XIRECS;6787.0;4;4;4
498900;;;UV_VISOR_MAGENTA;XIRECS;11529.0;4;4;4
498900;;;UV_VISOR_ORANGE;XIRECS;11553.0;4;4;4
498900;;;UV_VISOR_RED;XIRECS;11799.0;4;4;4
498900;;;UV_VISOR_YELLOW;XIRECS;10493.0;4;4;4
499800;;SUBMISSION;PEBBLES_XL;XIRECS;14277.0;6;4;4
502800;;SUBMISSION;PEBBLES_XL;XIRECS;14158.0;2;4;4
502800;SUBMISSION;;OXYGEN_SHAKE_MORNING_BREATH;XIRECS;9796.0;5;4;4
502800;;;PEBBLES_L;XIRECS;11047.0;4;4;4
502800;;;PEBBLES_M;XIRECS;11044.0;4;4;4
502800;;;PEBBLES_S;XIRECS;7880.0;4;4;4
502800;;;PEBBLES_XS;XIRECS;5902.0;4;4;4
504000;SUBMISSION;;SNACKPACK_PISTACHIO;XIRECS;9220.0;2;4;4
504000;SUBMISSION;;SNACKPACK_STRAWBERRY;XIRECS;10899.0;2;4;4
504000;SUBMISSION;;SNACKPACK_VANILLA;XIRECS;10374.0;2;4;4
504600;SUBMISSION;;SLEEP_POD_COTTON;XIRECS;12883.0;5;4;4
506600;;;MICROCHIP_CIRCLE;XIRECS;9568.0;1;4;4
506600;;;MICROCHIP_OVAL;XIRECS;6167.0;1;4;4
506600;;;MICROCHIP_RECTANGLE;XIRECS;8712.0;1;4;4
506600;;;MICROCHIP_SQUARE;XIRECS;16254.0;1;4;4
506600;;;MICROCHIP_TRIANGLE;XIRECS;8525.0;1;4;4
506700;SUBMISSION;;SNACKPACK_PISTACHIO;XIRECS;9232.0;2;4;4
506700;SUBMISSION;;SNACKPACK_STRAWBERRY;XIRECS;10897.0;2;4;4
506700;SUBMISSION;;SNACKPACK_VANILLA;XIRECS;10427.0;2;4;4
506900;SUBMISSION;;SLEEP_POD_COTTON;XIRECS;12916.0;5;4;4
507100;;;MICROCHIP_CIRCLE;XIRECS;9546.0;2;4;4
507100;;;MICROCHIP_OVAL;XIRECS;6184.0;2;4;4
507100;;;MICROCHIP_RECTANGLE;XIRECS;8734.0;2;4;4
507100;;;MICROCHIP_SQUARE;XIRECS;16199.0;2;4;4
507100;;;MICROCHIP_TRIANGLE;XIRECS;8518.0;2;4;4
507300;;;GALAXY_SOUNDS_BLACK_HOLES;XIRECS;12722.0;3;4;4
507300;;;GALAXY_SOUNDS_DARK_MATTER;XIRECS;9882.0;3;4;4
507300;;;GALAXY_SOUNDS_PLANETARY_RINGS;XIRECS;11275.0;3;4;4
507300;;;GALAXY_SOUNDS_SOLAR_FLAMES;XIRECS;11183.0;3;4;4
507300;;;GALAXY_SOUNDS_SOLAR_WINDS;XIRECS;10679.0;3;4;4
507300;;;OXYGEN_SHAKE_CHOCOLATE;XIRECS;10060.0;3;4;4
507300;;;OXYGEN_SHAKE_EVENING_BREATH;XIRECS;9426.0;3;4;4
507300;;;OXYGEN_SHAKE_GARLIC;XIRECS;13216.0;3;4;4
507300;;;OXYGEN_SHAKE_MINT;XIRECS;8756.0;3;4;4
507300;;;OXYGEN_SHAKE_MORNING_BREATH;XIRECS;9778.0;3;4;4
507300;;;PANEL_1X2;XIRECS;9187.0;3;4;4
507300;;;PANEL_1X4;XIRECS;8189.0;3;4;4
507300;;;PANEL_2X2;XIRECS;8656.0;3;4;4
507300;;;PANEL_2X4;XIRECS;11672.0;3;4;4
507300;;;PANEL_4X4;XIRECS;9643.0;3;4;4
507300;;;ROBOT_DISHES;XIRECS;10404.0;3;4;4
507300;;;ROBOT_IRONING;XIRECS;7843.0;3;4;4
507300;;;ROBOT_LAUNDRY;XIRECS;9164.0;3;4;4
507300;;;ROBOT_MOPPING;XIRECS;12097.0;3;4;4
507300;;;ROBOT_VACUUMING;XIRECS;8878.0;3;4;4
507300;;;SLEEP_POD_COTTON;XIRECS;12927.0;3;4;4
507300;;;SLEEP_POD_LAMB_WOOL;XIRECS;11019.0;3;4;4
507300;;;SLEEP_POD_NYLON;XIRECS;9955.0;3;4;4
507300;;;SLEEP_POD_POLYESTER;XIRECS;12801.0;3;4;4
507300;;;SLEEP_POD_SUEDE;XIRECS;12497.0;3;4;4
507300;;;SNACKPACK_CHOCOLATE;XIRECS;9386.0;3;4;4
507300;;;SNACKPACK_PISTACHIO;XIRECS;9249.0;3;4;4
507300;;;SNACKPACK_RASPBERRY;XIRECS;10187.0;3;4;4
507300;;;SNACKPACK_STRAWBERRY;XIRECS;10926.0;3;4;4
507300;;;SNACKPACK_VANILLA;XIRECS;10415.0;3;4;4
507300;;;TRANSLATOR_ASTRO_BLACK;XIRECS;9253.0;3;4;4
507300;;;TRANSLATOR_ECLIPSE_CHARCOAL;XIRECS;9897.0;3;4;4
507300;;;TRANSLATOR_GRAPHITE_MIST;XIRECS;10271.0;3;4;4
507300;;;TRANSLATOR_SPACE_GRAY;XIRECS;8963.0;3;4;4
507300;;;TRANSLATOR_VOID_BLUE;XIRECS;11703.0;3;4;4
507300;;;UV_VISOR_AMBER;XIRECS;6704.0;3;4;4
507300;;;UV_VISOR_MAGENTA;XIRECS;11540.0;3;4;4
507300;;;UV_VISOR_ORANGE;XIRECS;11492.0;3;4;4
507300;;;UV_VISOR_RED;XIRECS;11891.0;3;4;4
507300;;;UV_VISOR_YELLOW;XIRECS;10462.0;3;4;4
507700;SUBMISSION;;PEBBLES_XL;XIRECS;14345.0;2;4;4
507700;;;PEBBLES_L;XIRECS;11020.0;3;4;4
507700;;;PEBBLES_M;XIRECS;10912.0;3;4;4
507700;;;PEBBLES_S;XIRECS;7876.0;3;4;4
507700;;;PEBBLES_XS;XIRECS;5816.0;3;4;4
508500;;SUBMISSION;OXYGEN_SHAKE_MORNING_BREATH;XIRECS;9721.0;5;4;4
509100;SUBMISSION;;SLEEP_POD_COTTON;XIRECS;12958.0;5;4;4
509900;SUBMISSION;;SNACKPACK_PISTACHIO;XIRECS;9207.0;4;4;4
509900;SUBMISSION;;SNACKPACK_STRAWBERRY;XIRECS;10855.0;4;4;4
509900;SUBMISSION;;SNACKPACK_VANILLA;XIRECS;10426.0;4;4;4
510200;;;GALAXY_SOUNDS_BLACK_HOLES;XIRECS;12847.0;2;4;4
510200;;;GALAXY_SOUNDS_DARK_MATTER;XIRECS;9848.0;2;4;4
510200;;;GALAXY_SOUNDS_PLANETARY_RINGS;XIRECS;11334.0;2;4;4
510200;;;GALAXY_SOUNDS_SOLAR_FLAMES;XIRECS;11152.0;2;4;4
510200;;;GALAXY_SOUNDS_SOLAR_WINDS;XIRECS;10579.0;2;4;4
510200;;;OXYGEN_SHAKE_CHOCOLATE;XIRECS;10092.0;2;4;4
510200;;;OXYGEN_SHAKE_EVENING_BREATH;XIRECS;9364.0;2;4;4
510200;;;OXYGEN_SHAKE_GARLIC;XIRECS;13139.0;2;4;4
510200;;;OXYGEN_SHAKE_MINT;XIRECS;8743.0;2;4;4
510200;;;OXYGEN_SHAKE_MORNING_BREATH;XIRECS;9698.0;2;4;4
510200;;;PANEL_1X2;XIRECS;9137.0;2;4;4
510200;;;PANEL_1X4;XIRECS;8050.0;2;4;4
510200;;;PANEL_2X2;XIRECS;8707.0;2;4;4
510200;;;PANEL_2X4;XIRECS;11570.0;2;4;4
510200;;;PANEL_4X4;XIRECS;9652.0;2;4;4
510200;;;ROBOT_DISHES;XIRECS;10396.0;2;4;4
510200;;;ROBOT_IRONING;XIRECS;7827.0;2;4;4
510200;;;ROBOT_LAUNDRY;XIRECS;9119.0;2;4;4
510200;;;ROBOT_MOPPING;XIRECS;11979.0;2;4;4
510200;;;ROBOT_VACUUMING;XIRECS;8879.0;2;4;4
510200;;;SLEEP_POD_COTTON;XIRECS;12948.0;2;4;4
510200;;;SLEEP_POD_LAMB_WOOL;XIRECS;11066.0;2;4;4
510200;;;SLEEP_POD_NYLON;XIRECS;9923.0;2;4;4
510200;;;SLEEP_POD_POLYESTER;XIRECS;12706.0;2;4;4
510200;;;SLEEP_POD_SUEDE;XIRECS;12394.0;2;4;4
510200;;;SNACKPACK_CHOCOLATE;XIRECS;9341.0;2;4;4
510200;;;SNACKPACK_PISTACHIO;XIRECS;9201.0;2;4;4
510200;;;SNACKPACK_RASPBERRY;XIRECS;10227.0;2;4;4
510200;;;SNACKPACK_STRAWBERRY;XIRECS;10852.0;2;4;4
510200;;;SNACKPACK_VANILLA;XIRECS;10420.0;2;4;4
510200;;;TRANSLATOR_ASTRO_BLACK;XIRECS;9283.0;2;4;4
510200;;;TRANSLATOR_ECLIPSE_CHARCOAL;XIRECS;9836.0;2;4;4
510200;;;TRANSLATOR_GRAPHITE_MIST;XIRECS;10236.0;2;4;4
510200;;;TRANSLATOR_SPACE_GRAY;XIRECS;8963.0;2;4;4
510200;;;TRANSLATOR_VOID_BLUE;XIRECS;11650.0;2;4;4
510200;;;UV_VISOR_AMBER;XIRECS;6699.0;2;4;4
510200;;;UV_VISOR_MAGENTA;XIRECS;11459.0;2;4;4
510200;;;UV_VISOR_ORANGE;XIRECS;11485.0;2;4;4
510200;;;UV_VISOR_RED;XIRECS;11889.0;2;4;4
510200;;;UV_VISOR_YELLOW;XIRECS;10525.0;2;4;4
510300;;SUBMISSION;PEBBLES_XL;XIRECS;14228.0;7;4;4
511000;SUBMISSION;;PEBBLES_XL;XIRECS;14409.0;2;4;4
511000;;;PEBBLES_L;XIRECS;10862.0;2;4;4
511000;;;PEBBLES_M;XIRECS;10837.0;2;4;4
511000;;;PEBBLES_S;XIRECS;8022.0;2;4;4
511000;;;PEBBLES_XS;XIRECS;5839.0;2;4;4
511700;SUBMISSION;;SLEEP_POD_COTTON;XIRECS;12983.0;5;4;4
511800;;;MICROCHIP_CIRCLE;XIRECS;9587.0;3;4;4
511800;;;MICROCHIP_OVAL;XIRECS;6151.0;3;4;4
511800;;;MICROCHIP_RECTANGLE;XIRECS;8552.0;3;4;4
511800;;;MICROCHIP_SQUARE;XIRECS;16052.0;3;4;4
511800;;;MICROCHIP_TRIANGLE;XIRECS;8549.0;3;4;4
512000;;;MICROCHIP_CIRCLE;XIRECS;9590.0;2;4;4
512000;;;MICROCHIP_OVAL;XIRECS;6173.0;2;4;4
512000;;;MICROCHIP_RECTANGLE;XIRECS;8552.0;2;4;4
512000;;;MICROCHIP_SQUARE;XIRECS;16043.0;2;4;4
512000;;;MICROCHIP_TRIANGLE;XIRECS;8546.0;2;4;4
512700;;;MICROCHIP_CIRCLE;XIRECS;9557.0;2;4;4
512700;;;MICROCHIP_OVAL;XIRECS;6174.0;2;4;4
512700;;;MICROCHIP_RECTANGLE;XIRECS;8548.0;2;4;4
512700;;;MICROCHIP_SQUARE;XIRECS;16059.0;2;4;4
512700;;;MICROCHIP_TRIANGLE;XIRECS;8532.0;2;4;4
513100;SUBMISSION;;PEBBLES_XL;XIRECS;14527.0;2;4;4
513100;;;PEBBLES_L;XIRECS;10921.0;3;4;4
513100;;;PEBBLES_M;XIRECS;10764.0;3;4;4
513100;;;PEBBLES_S;XIRECS;7971.0;3;4;4
513100;;;PEBBLES_XS;XIRECS;5786.0;3;4;4
514600;;SUBMISSION;OXYGEN_SHAKE_MORNING_BREATH;XIRECS;9679.0;5;4;4
515100;;SUBMISSION;SNACKPACK_PISTACHIO;XIRECS;9284.0;5;4;4
515100;;SUBMISSION;SNACKPACK_STRAWBERRY;XIRECS;10962.0;5;4;4
515100;;SUBMISSION;SNACKPACK_VANILLA;XIRECS;10483.0;5;4;4
515600;;;MICROCHIP_CIRCLE;XIRECS;9540.0;1;4;4
515600;;;MICROCHIP_OVAL;XIRECS;6236.0;1;4;4
515600;;;MICROCHIP_RECTANGLE;XIRECS;8531.0;1;4;4
515600;;;MICROCHIP_SQUARE;XIRECS;15978.0;1;4;4
515600;;;MICROCHIP_TRIANGLE;XIRECS;8544.0;1;4;4
515700;SUBMISSION;;PEBBLES_XL;XIRECS;14422.0;7;4;4
516100;SUBMISSION;;SNACKPACK_PISTACHIO;XIRECS;9259.0;4;4;4
516100;SUBMISSION;;SNACKPACK_STRAWBERRY;XIRECS;10925.0;4;4;4
516100;SUBMISSION;;SNACKPACK_VANILLA;XIRECS;10478.0;4;4;4
516500;;;MICROCHIP_CIRCLE;XIRECS;9571.0;2;4;4
516500;;;MICROCHIP_OVAL;XIRECS;6208.0;2;4;4
516500;;;MICROCHIP_RECTANGLE;XIRECS;8559.0;2;4;4
516500;;;MICROCHIP_SQUARE;XIRECS;15900.0;2;4;4
516500;;;MICROCHIP_TRIANGLE;XIRECS;8517.0;2;4;4
518000;;;MICROCHIP_CIRCLE;XIRECS;9602.0;3;4;4
518000;;;MICROCHIP_OVAL;XIRECS;6164.0;3;4;4
518000;;;MICROCHIP_RECTANGLE;XIRECS;8590.0;3;4;4
518000;;;MICROCHIP_SQUARE;XIRECS;15976.0;3;4;4
518000;;;MICROCHIP_TRIANGLE;XIRECS;8522.0;3;4;4
518300;SUBMISSION;;SNACKPACK_PISTACHIO;XIRECS;9271.0;1;4;4
518300;SUBMISSION;;SNACKPACK_STRAWBERRY;XIRECS;10926.0;1;4;4
518300;SUBMISSION;;SNACKPACK_VANILLA;XIRECS;10490.0;1;4;4
518500;;SUBMISSION;ROBOT_MOPPING;XIRECS;11914.0;5;4;4
519200;;SUBMISSION;PEBBLES_XL;XIRECS;14339.0;6;4;4
520400;SUBMISSION;;PEBBLES_XL;XIRECS;14295.0;2;4;4
520400;;;PEBBLES_L;XIRECS;10789.0;2;4;4
520400;;;PEBBLES_M;XIRECS;10804.0;2;4;4
520400;;;PEBBLES_S;XIRECS;8128.0;2;4;4
520400;;;PEBBLES_XS;XIRECS;5952.0;2;4;4
521000;SUBMISSION;;PEBBLES_XL;XIRECS;14319.0;8;4;4
521400;SUBMISSION;;ROBOT_MOPPING;XIRECS;12083.0;5;4;4
521700;;SUBMISSION;PEBBLES_XL;XIRECS;14436.0;8;4;4
521900;;SUBMISSION;GALAXY_SOUNDS_BLACK_HOLES;XIRECS;12605.0;5;4;4
522600;;SUBMISSION;SNACKPACK_PISTACHIO;XIRECS;9347.0;2;4;4
522600;;SUBMISSION;SNACKPACK_STRAWBERRY;XIRECS;11004.0;2;4;4
522600;;SUBMISSION;SNACKPACK_VANILLA;XIRECS;10493.0;2;4;4
523100;;SUBMISSION;SLEEP_POD_COTTON;XIRECS;12792.0;5;4;4
523400;;SUBMISSION;OXYGEN_SHAKE_MORNING_BREATH;XIRECS;9604.0;5;4;4
523800;;SUBMISSION;GALAXY_SOUNDS_BLACK_HOLES;XIRECS;12628.0;5;4;4
523900;;;MICROCHIP_CIRCLE;XIRECS;9612.0;1;4;4
523900;;;MICROCHIP_OVAL;XIRECS;6218.0;1;4;4
523900;;;MICROCHIP_RECTANGLE;XIRECS;8482.0;1;4;4
523900;;;MICROCHIP_SQUARE;XIRECS;15962.0;1;4;4
523900;;;MICROCHIP_TRIANGLE;XIRECS;8577.0;1;4;4
525200;SUBMISSION;;PEBBLES_XL;XIRECS;14160.0;2;4;4
525200;;;PEBBLES_L;XIRECS;10966.0;5;4;4
525200;;;PEBBLES_M;XIRECS;10875.0;5;4;4
525200;;;PEBBLES_S;XIRECS;8000.0;5;4;4
525200;;;PEBBLES_XS;XIRECS;5967.0;5;4;4
525300;;SUBMISSION;SLEEP_POD_COTTON;XIRECS;12769.0;5;4;4
525500;SUBMISSION;;PEBBLES_XL;XIRECS;14190.0;6;4;4
525600;;;MICROCHIP_CIRCLE;XIRECS;9591.0;3;4;4
525600;;;MICROCHIP_OVAL;XIRECS;6213.0;3;4;4
525600;;;MICROCHIP_RECTANGLE;XIRECS;8515.0;3;4;4
525600;;;MICROCHIP_SQUARE;XIRECS;15933.0;3;4;4
525600;;;MICROCHIP_TRIANGLE;XIRECS;8584.0;3;4;4
527000;SUBMISSION;;SNACKPACK_PISTACHIO;XIRECS;9350.0;2;4;4
527000;SUBMISSION;;SNACKPACK_STRAWBERRY;XIRECS;11012.0;2;4;4
527000;SUBMISSION;;SNACKPACK_VANILLA;XIRECS;10527.0;2;4;4
530200;;;MICROCHIP_CIRCLE;XIRECS;9601.0;3;4;4
530200;;;MICROCHIP_OVAL;XIRECS;6266.0;3;4;4
530200;;;MICROCHIP_RECTANGLE;XIRECS;8618.0;3;4;4
530200;;;MICROCHIP_SQUARE;XIRECS;15960.0;3;4;4
530200;;;MICROCHIP_TRIANGLE;XIRECS;8663.0;3;4;4
530600;SUBMISSION;;PEBBLES_XL;XIRECS;14329.0;3;4;4
531500;;SUBMISSION;PEBBLES_XL;XIRECS;14163.0;2;4;4
531500;;;PEBBLES_L;XIRECS;11031.0;5;4;4
531500;;;PEBBLES_M;XIRECS;10794.0;5;4;4
531500;;;PEBBLES_S;XIRECS;8185.0;5;4;4
531500;;;PEBBLES_XS;XIRECS;5859.0;5;4;4
533600;SUBMISSION;;PEBBLES_XL;XIRECS;14040.0;2;4;4
534200;SUBMISSION;;MICROCHIP_OVAL;XIRECS;6314.0;4;4;4
534300;SUBMISSION;;MICROCHIP_OVAL;XIRECS;6318.0;1;4;4
534500;;SUBMISSION;PEBBLES_XL;XIRECS;13916.0;3;4;4
534700;;SUBMISSION;SLEEP_POD_COTTON;XIRECS;12754.0;5;4;4
534900;;SUBMISSION;SNACKPACK_PISTACHIO;XIRECS;9305.0;2;4;4
534900;;SUBMISSION;SNACKPACK_STRAWBERRY;XIRECS;10855.0;2;4;4
534900;;SUBMISSION;SNACKPACK_VANILLA;XIRECS;10490.0;2;4;4
535600;SUBMISSION;;SNACKPACK_PISTACHIO;XIRECS;9292.0;2;4;4
535600;SUBMISSION;;SNACKPACK_STRAWBERRY;XIRECS;10844.0;2;4;4
535600;SUBMISSION;;SNACKPACK_VANILLA;XIRECS;10487.0;2;4;4
536300;;;MICROCHIP_CIRCLE;XIRECS;9592.0;1;4;4
536300;;;MICROCHIP_OVAL;XIRECS;6324.0;1;4;4
536300;;;MICROCHIP_RECTANGLE;XIRECS;8665.0;1;4;4
536300;;;MICROCHIP_SQUARE;XIRECS;15976.0;1;4;4
536300;;;MICROCHIP_TRIANGLE;XIRECS;8481.0;1;4;4
537500;;;GALAXY_SOUNDS_BLACK_HOLES;XIRECS;12635.0;4;4;4
537500;;;GALAXY_SOUNDS_DARK_MATTER;XIRECS;9836.0;4;4;4
537500;;;GALAXY_SOUNDS_PLANETARY_RINGS;XIRECS;11230.0;4;4;4
537500;;;GALAXY_SOUNDS_SOLAR_FLAMES;XIRECS;11234.0;4;4;4
537500;;;GALAXY_SOUNDS_SOLAR_WINDS;XIRECS;10602.0;4;4;4
537500;;;OXYGEN_SHAKE_CHOCOLATE;XIRECS;10184.0;4;4;4
537500;;;OXYGEN_SHAKE_EVENING_BREATH;XIRECS;9254.0;4;4;4
537500;;;OXYGEN_SHAKE_GARLIC;XIRECS;13034.0;4;4;4
537500;;;OXYGEN_SHAKE_MINT;XIRECS;8854.0;4;4;4
537500;;;OXYGEN_SHAKE_MORNING_BREATH;XIRECS;9567.0;4;4;4
537500;;;PANEL_1X2;XIRECS;9350.0;4;4;4
537500;;;PANEL_1X4;XIRECS;8090.0;4;4;4
537500;;;PANEL_2X2;XIRECS;8457.0;4;4;4
537500;;;PANEL_2X4;XIRECS;12039.0;4;4;4
537500;;;PANEL_4X4;XIRECS;9679.0;4;4;4
537500;;;ROBOT_DISHES;XIRECS;10396.0;4;4;4
537500;;;ROBOT_IRONING;XIRECS;7837.0;4;4;4
537500;;;ROBOT_LAUNDRY;XIRECS;9123.0;4;4;4
537500;;;ROBOT_MOPPING;XIRECS;12141.0;4;4;4
537500;;;ROBOT_VACUUMING;XIRECS;8692.0;4;4;4
537500;;;SLEEP_POD_COTTON;XIRECS;12721.0;4;4;4
537500;;;SLEEP_POD_LAMB_WOOL;XIRECS;11195.0;4;4;4
537500;;;SLEEP_POD_NYLON;XIRECS;10024.0;4;4;4
537500;;;SLEEP_POD_POLYESTER;XIRECS;12766.0;4;4;4
537500;;;SLEEP_POD_SUEDE;XIRECS;12614.0;4;4;4
537500;;;SNACKPACK_CHOCOLATE;XIRECS;9369.0;4;4;4
537500;;;SNACKPACK_PISTACHIO;XIRECS;9285.0;4;4;4
537500;;;SNACKPACK_RASPBERRY;XIRECS;10260.0;4;4;4
537500;;;SNACKPACK_STRAWBERRY;XIRECS;10837.0;4;4;4
537500;;;SNACKPACK_VANILLA;XIRECS;10444.0;4;4;4
537500;;;TRANSLATOR_ASTRO_BLACK;XIRECS;9224.0;4;4;4
537500;;;TRANSLATOR_ECLIPSE_CHARCOAL;XIRECS;9833.0;4;4;4
537500;;;TRANSLATOR_GRAPHITE_MIST;XIRECS;10264.0;4;4;4
537500;;;TRANSLATOR_SPACE_GRAY;XIRECS;9128.0;4;4;4
537500;;;TRANSLATOR_VOID_BLUE;XIRECS;11481.0;4;4;4
537500;;;UV_VISOR_AMBER;XIRECS;6775.0;4;4;4
537500;;;UV_VISOR_MAGENTA;XIRECS;11469.0;4;4;4
537500;;;UV_VISOR_ORANGE;XIRECS;11325.0;4;4;4
537500;;;UV_VISOR_RED;XIRECS;11608.0;4;4;4
537500;;;UV_VISOR_YELLOW;XIRECS;10116.0;4;4;4
537700;SUBMISSION;;MICROCHIP_OVAL;XIRECS;6378.0;5;4;4
538400;;;GALAXY_SOUNDS_BLACK_HOLES;XIRECS;12626.0;2;4;4
538400;;;GALAXY_SOUNDS_DARK_MATTER;XIRECS;9856.0;2;4;4
538400;;;GALAXY_SOUNDS_PLANETARY_RINGS;XIRECS;11263.0;2;4;4
538400;;;GALAXY_SOUNDS_SOLAR_FLAMES;XIRECS;11321.0;2;4;4
538400;;;GALAXY_SOUNDS_SOLAR_WINDS;XIRECS;10574.0;2;4;4
538400;;;OXYGEN_SHAKE_CHOCOLATE;XIRECS;10240.0;2;4;4
538400;;;OXYGEN_SHAKE_EVENING_BREATH;XIRECS;9264.0;2;4;4
538400;;;OXYGEN_SHAKE_GARLIC;XIRECS;13022.0;2;4;4
538400;;;OXYGEN_SHAKE_MINT;XIRECS;8826.0;2;4;4
538400;;;OXYGEN_SHAKE_MORNING_BREATH;XIRECS;9567.0;2;4;4
538400;;;PANEL_1X2;XIRECS;9363.0;2;4;4
538400;;;PANEL_1X4;XIRECS;8110.0;2;4;4
538400;;;PANEL_2X2;XIRECS;8453.0;2;4;4
538400;;;PANEL_2X4;XIRECS;12068.0;2;4;4
538400;;;PANEL_4X4;XIRECS;9729.0;2;4;4
538400;;;ROBOT_DISHES;XIRECS;10396.0;2;4;4
538400;;;ROBOT_IRONING;XIRECS;7797.0;2;4;4
538400;;;ROBOT_LAUNDRY;XIRECS;9096.0;2;4;4
538400;;;ROBOT_MOPPING;XIRECS;12167.0;2;4;4
538400;;;ROBOT_VACUUMING;XIRECS;8709.0;2;4;4
538400;;;SLEEP_POD_COTTON;XIRECS;12765.0;2;4;4
538400;;;SLEEP_POD_LAMB_WOOL;XIRECS;11201.0;2;4;4
538400;;;SLEEP_POD_NYLON;XIRECS;10048.0;2;4;4
538400;;;SLEEP_POD_POLYESTER;XIRECS;12780.0;2;4;4
538400;;;SLEEP_POD_SUEDE;XIRECS;12612.0;2;4;4
538400;;;SNACKPACK_CHOCOLATE;XIRECS;9392.0;2;4;4
538400;;;SNACKPACK_PISTACHIO;XIRECS;9282.0;2;4;4
538400;;;SNACKPACK_RASPBERRY;XIRECS;10252.0;2;4;4
538400;;;SNACKPACK_STRAWBERRY;XIRECS;10829.0;2;4;4
538400;;;SNACKPACK_VANILLA;XIRECS;10422.0;2;4;4
538400;;;TRANSLATOR_ASTRO_BLACK;XIRECS;9250.0;2;4;4
538400;;;TRANSLATOR_ECLIPSE_CHARCOAL;XIRECS;9751.0;2;4;4
538400;;;TRANSLATOR_GRAPHITE_MIST;XIRECS;10324.0;2;4;4
538400;;;TRANSLATOR_SPACE_GRAY;XIRECS;9167.0;2;4;4
538400;;;TRANSLATOR_VOID_BLUE;XIRECS;11444.0;2;4;4
538400;;;UV_VISOR_AMBER;XIRECS;6765.0;2;4;4
538400;;;UV_VISOR_MAGENTA;XIRECS;11455.0;2;4;4
538400;;;UV_VISOR_ORANGE;XIRECS;11294.0;2;4;4
538400;;;UV_VISOR_RED;XIRECS;11669.0;2;4;4
538400;;;UV_VISOR_YELLOW;XIRECS;10087.0;2;4;4
538700;;SUBMISSION;SNACKPACK_PISTACHIO;XIRECS;9283.0;3;4;4
538700;;SUBMISSION;SNACKPACK_STRAWBERRY;XIRECS;10833.0;3;4;4
538700;;SUBMISSION;SNACKPACK_VANILLA;XIRECS;10426.0;3;4;4
539900;;;GALAXY_SOUNDS_BLACK_HOLES;XIRECS;12591.0;1;4;4
539900;;;GALAXY_SOUNDS_DARK_MATTER;XIRECS;9841.0;1;4;4
539900;;;GALAXY_SOUNDS_PLANETARY_RINGS;XIRECS;11341.0;1;4;4
539900;;;GALAXY_SOUNDS_SOLAR_FLAMES;XIRECS;11325.0;1;4;4
539900;;;GALAXY_SOUNDS_SOLAR_WINDS;XIRECS;10497.0;1;4;4
539900;;;OXYGEN_SHAKE_CHOCOLATE;XIRECS;10254.0;1;4;4
539900;;;OXYGEN_SHAKE_EVENING_BREATH;XIRECS;9244.0;1;4;4
539900;;;OXYGEN_SHAKE_GARLIC;XIRECS;13061.0;1;4;4
539900;;;OXYGEN_SHAKE_MINT;XIRECS;8884.0;1;4;4
539900;;;OXYGEN_SHAKE_MORNING_BREATH;XIRECS;9521.0;1;4;4
539900;;;PANEL_1X2;XIRECS;9427.0;1;4;4
539900;;;PANEL_1X4;XIRECS;8137.0;1;4;4
539900;;;PANEL_2X2;XIRECS;8433.0;1;4;4
539900;;;PANEL_2X4;XIRECS;12133.0;1;4;4
539900;;;PANEL_4X4;XIRECS;9741.0;1;4;4
539900;;;ROBOT_DISHES;XIRECS;10396.0;1;4;4
539900;;;ROBOT_IRONING;XIRECS;7827.0;1;4;4
539900;;;ROBOT_LAUNDRY;XIRECS;9133.0;1;4;4
539900;;;ROBOT_MOPPING;XIRECS;12185.0;1;4;4
539900;;;ROBOT_VACUUMING;XIRECS;8729.0;1;4;4
539900;;;SLEEP_POD_COTTON;XIRECS;12817.0;1;4;4
539900;;;SLEEP_POD_LAMB_WOOL;XIRECS;11156.0;1;4;4
539900;;;SLEEP_POD_NYLON;XIRECS;10065.0;1;4;4
539900;;;SLEEP_POD_POLYESTER;XIRECS;12842.0;1;4;4
539900;;;SLEEP_POD_SUEDE;XIRECS;12675.0;1;4;4
539900;;;SNACKPACK_CHOCOLATE;XIRECS;9415.0;1;4;4
539900;;;SNACKPACK_PISTACHIO;XIRECS;9273.0;1;4;4
539900;;;SNACKPACK_RASPBERRY;XIRECS;10303.0;1;4;4
539900;;;SNACKPACK_STRAWBERRY;XIRECS;10788.0;1;4;4
539900;;;SNACKPACK_VANILLA;XIRECS;10403.0;1;4;4
539900;;;TRANSLATOR_ASTRO_BLACK;XIRECS;9275.0;1;4;4
539900;;;TRANSLATOR_ECLIPSE_CHARCOAL;XIRECS;9735.0;1;4;4
539900;;;TRANSLATOR_GRAPHITE_MIST;XIRECS;10356.0;1;4;4
539900;;;TRANSLATOR_SPACE_GRAY;XIRECS;9169.0;1;4;4
539900;;;TRANSLATOR_VOID_BLUE;XIRECS;11464.0;1;4;4
539900;;;UV_VISOR_AMBER;XIRECS;6787.0;1;4;4
539900;;;UV_VISOR_MAGENTA;XIRECS;11393.0;1;4;4
539900;;;UV_VISOR_ORANGE;XIRECS;11307.0;1;4;4
539900;;;UV_VISOR_RED;XIRECS;11677.0;1;4;4
539900;;;UV_VISOR_YELLOW;XIRECS;10064.0;1;4;4
540200;;SUBMISSION;GALAXY_SOUNDS_BLACK_HOLES;XIRECS;12555.0;5;4;4
540600;SUBMISSION;;PEBBLES_XL;XIRECS;14296.0;3;4;4
540700;SUBMISSION;;MICROCHIP_OVAL;XIRECS;6390.0;5;4;4
541500;;SUBMISSION;SNACKPACK_PISTACHIO;XIRECS;9288.0;1;4;4
541500;;SUBMISSION;SNACKPACK_STRAWBERRY;XIRECS;10802.0;1;4;4
541500;;SUBMISSION;SNACKPACK_VANILLA;XIRECS;10389.0;1;4;4
541500;;;GALAXY_SOUNDS_BLACK_HOLES;XIRECS;12526.0;3;4;4
541500;;;GALAXY_SOUNDS_DARK_MATTER;XIRECS;9876.0;3;4;4
541500;;;GALAXY_SOUNDS_PLANETARY_RINGS;XIRECS;11383.0;3;4;4
541500;;;GALAXY_SOUNDS_SOLAR_FLAMES;XIRECS;11310.0;3;4;4
541500;;;GALAXY_SOUNDS_SOLAR_WINDS;XIRECS;10508.0;3;4;4
541500;;;OXYGEN_SHAKE_CHOCOLATE;XIRECS;10279.0;3;4;4
541500;;;OXYGEN_SHAKE_EVENING_BREATH;XIRECS;9256.0;3;4;4
541500;;;OXYGEN_SHAKE_GARLIC;XIRECS;13057.0;3;4;4
541500;;;OXYGEN_SHAKE_MINT;XIRECS;8914.0;3;4;4
541500;;;OXYGEN_SHAKE_MORNING_BREATH;XIRECS;9529.0;3;4;4
541500;;;PANEL_1X2;XIRECS;9480.0;3;4;4
541500;;;PANEL_1X4;XIRECS;8187.0;3;4;4
541500;;;PANEL_2X2;XIRECS;8413.0;3;4;4
541500;;;PANEL_2X4;XIRECS;12136.0;3;4;4
541500;;;PANEL_4X4;XIRECS;9678.0;3;4;4
541500;;;ROBOT_DISHES;XIRECS;10404.0;3;4;4
541500;;;ROBOT_IRONING;XIRECS;7783.0;3;4;4
541500;;;ROBOT_LAUNDRY;XIRECS;9153.0;3;4;4
541500;;;ROBOT_MOPPING;XIRECS;12155.0;3;4;4
541500;;;ROBOT_VACUUMING;XIRECS;8766.0;3;4;4
541500;;;SLEEP_POD_COTTON;XIRECS;12851.0;3;4;4
541500;;;SLEEP_POD_LAMB_WOOL;XIRECS;11171.0;3;4;4
541500;;;SLEEP_POD_NYLON;XIRECS;10126.0;3;4;4
541500;;;SLEEP_POD_POLYESTER;XIRECS;12847.0;3;4;4
541500;;;SLEEP_POD_SUEDE;XIRECS;12720.0;3;4;4
541500;;;SNACKPACK_CHOCOLATE;XIRECS;9463.0;3;4;4
541500;;;SNACKPACK_RASPBERRY;XIRECS;10339.0;3;4;4
541500;;;TRANSLATOR_ASTRO_BLACK;XIRECS;9272.0;3;4;4
541500;;;TRANSLATOR_ECLIPSE_CHARCOAL;XIRECS;9757.0;3;4;4
541500;;;TRANSLATOR_GRAPHITE_MIST;XIRECS;10449.0;3;4;4
541500;;;TRANSLATOR_SPACE_GRAY;XIRECS;9180.0;3;4;4
541500;;;TRANSLATOR_VOID_BLUE;XIRECS;11456.0;3;4;4
541500;;;UV_VISOR_AMBER;XIRECS;6764.0;3;4;4
541500;;;UV_VISOR_MAGENTA;XIRECS;11411.0;3;4;4
541500;;;UV_VISOR_ORANGE;XIRECS;11315.0;3;4;4
541500;;;UV_VISOR_RED;XIRECS;11772.0;3;4;4
541500;;;UV_VISOR_YELLOW;XIRECS;10124.0;3;4;4
542200;;SUBMISSION;GALAXY_SOUNDS_BLACK_HOLES;XIRECS;12488.0;5;4;4
542900;;SUBMISSION;SNACKPACK_PISTACHIO;XIRECS;9305.0;4;4;4
542900;;SUBMISSION;SNACKPACK_STRAWBERRY;XIRECS;10834.0;4;4;4
542900;;SUBMISSION;SNACKPACK_VANILLA;XIRECS;10360.0;4;4;4
544900;;;PEBBLES_L;XIRECS;10932.0;5;4;4
544900;;;PEBBLES_M;XIRECS;10937.0;5;4;4
544900;;;PEBBLES_S;XIRECS;8155.0;5;4;4
544900;;;PEBBLES_XL;XIRECS;14020.0;5;4;4
544900;;;PEBBLES_XS;XIRECS;5923.0;5;4;4
545600;SUBMISSION;;SNACKPACK_PISTACHIO;XIRECS;9282.0;5;4;4
545600;SUBMISSION;;SNACKPACK_STRAWBERRY;XIRECS;10778.0;5;4;4
545600;SUBMISSION;;SNACKPACK_VANILLA;XIRECS;10352.0;5;4;4
546100;;SUBMISSION;SNACKPACK_PISTACHIO;XIRECS;9263.0;3;4;4
546100;;SUBMISSION;SNACKPACK_STRAWBERRY;XIRECS;10755.0;3;4;4
546100;;SUBMISSION;SNACKPACK_VANILLA;XIRECS;10344.0;3;4;4
548300;SUBMISSION;;SNACKPACK_PISTACHIO;XIRECS;9316.0;5;4;4
548300;SUBMISSION;;SNACKPACK_STRAWBERRY;XIRECS;10815.0;5;4;4
548300;SUBMISSION;;SNACKPACK_VANILLA;XIRECS;10360.0;5;4;4
548800;SUBMISSION;;MICROCHIP_OVAL;XIRECS;6453.0;4;4;4
548900;SUBMISSION;;MICROCHIP_OVAL;XIRECS;6441.0;1;4;4
551400;;SUBMISSION;PEBBLES_XL;XIRECS;14204.0;2;4;4
551400;;;PEBBLES_L;XIRECS;10963.0;4;4;4
551400;;;PEBBLES_M;XIRECS;11003.0;4;4;4
551400;;;PEBBLES_S;XIRECS;7974.0;4;4;4
551400;;;PEBBLES_XS;XIRECS;5888.0;4;4;4
552300;;;MICROCHIP_CIRCLE;XIRECS;9745.0;2;4;4
552300;;;MICROCHIP_OVAL;XIRECS;6448.0;2;4;4
552300;;;MICROCHIP_RECTANGLE;XIRECS;8794.0;2;4;4
552300;;;MICROCHIP_SQUARE;XIRECS;15543.0;2;4;4
552300;;;MICROCHIP_TRIANGLE;XIRECS;8455.0;2;4;4
553600;SUBMISSION;;PEBBLES_XL;XIRECS;14275.0;2;4;4
555000;;;MICROCHIP_CIRCLE;XIRECS;9729.0;1;4;4
555000;;;MICROCHIP_OVAL;XIRECS;6385.0;1;4;4
555000;;;MICROCHIP_RECTANGLE;XIRECS;8810.0;1;4;4
555000;;;MICROCHIP_SQUARE;XIRECS;15568.0;1;4;4
555000;;;MICROCHIP_TRIANGLE;XIRECS;8371.0;1;4;4
555400;;SUBMISSION;SNACKPACK_PISTACHIO;XIRECS;9423.0;1;4;4
555400;;SUBMISSION;SNACKPACK_STRAWBERRY;XIRECS;10988.0;1;4;4
555400;;SUBMISSION;PEBBLES_XL;XIRECS;14250.0;2;4;4
555400;;SUBMISSION;SNACKPACK_VANILLA;XIRECS;10425.0;1;4;4
555400;;;GALAXY_SOUNDS_BLACK_HOLES;XIRECS;12668.0;1;4;4
555400;;;GALAXY_SOUNDS_DARK_MATTER;XIRECS;9947.0;1;4;4
555400;;;GALAXY_SOUNDS_PLANETARY_RINGS;XIRECS;11294.0;1;4;4
555400;;;GALAXY_SOUNDS_SOLAR_FLAMES;XIRECS;11300.0;1;4;4
555400;;;GALAXY_SOUNDS_SOLAR_WINDS;XIRECS;10593.0;1;4;4
555400;;;OXYGEN_SHAKE_CHOCOLATE;XIRECS;10311.0;1;4;4
555400;;;OXYGEN_SHAKE_EVENING_BREATH;XIRECS;9326.0;1;4;4
555400;;;OXYGEN_SHAKE_GARLIC;XIRECS;13120.0;1;4;4
555400;;;OXYGEN_SHAKE_MINT;XIRECS;8934.0;1;4;4
555400;;;OXYGEN_SHAKE_MORNING_BREATH;XIRECS;9542.0;1;4;4
555400;;;PANEL_1X2;XIRECS;9525.0;1;4;4
555400;;;PANEL_1X4;XIRECS;8105.0;1;4;4
555400;;;PANEL_2X2;XIRECS;8526.0;1;4;4
555400;;;PANEL_2X4;XIRECS;12151.0;1;4;4
555400;;;PANEL_4X4;XIRECS;9776.0;1;4;4
555400;;;PEBBLES_L;XIRECS;11054.0;3;4;4
555400;;;PEBBLES_M;XIRECS;11007.0;3;4;4
555400;;;PEBBLES_S;XIRECS;7833.0;3;4;4
555400;;;PEBBLES_XS;XIRECS;5888.0;3;4;4
555400;;;ROBOT_DISHES;XIRECS;10404.0;1;4;4
555400;;;ROBOT_IRONING;XIRECS;7723.0;1;4;4
555400;;;ROBOT_LAUNDRY;XIRECS;8915.0;1;4;4
555400;;;ROBOT_MOPPING;XIRECS;12308.0;1;4;4
555400;;;ROBOT_VACUUMING;XIRECS;8763.0;1;4;4
555400;;;SLEEP_POD_COTTON;XIRECS;12828.0;1;4;4
555400;;;SLEEP_POD_LAMB_WOOL;XIRECS;11382.0;1;4;4
555400;;;SLEEP_POD_NYLON;XIRECS;10055.0;1;4;4
555400;;;SLEEP_POD_POLYESTER;XIRECS;12954.0;1;4;4
555400;;;SLEEP_POD_SUEDE;XIRECS;12373.0;1;4;4
555400;;;SNACKPACK_CHOCOLATE;XIRECS;9448.0;1;4;4
555400;;;SNACKPACK_RASPBERRY;XIRECS;10173.0;1;4;4
555400;;;TRANSLATOR_ASTRO_BLACK;XIRECS;9165.0;1;4;4
555400;;;TRANSLATOR_ECLIPSE_CHARCOAL;XIRECS;9790.0;1;4;4
555400;;;TRANSLATOR_GRAPHITE_MIST;XIRECS;10418.0;1;4;4
555400;;;TRANSLATOR_SPACE_GRAY;XIRECS;9137.0;1;4;4
555400;;;TRANSLATOR_VOID_BLUE;XIRECS;11531.0;1;4;4
555400;;;UV_VISOR_AMBER;XIRECS;6675.0;1;4;4
555400;;;UV_VISOR_MAGENTA;XIRECS;11511.0;1;4;4
555400;;;UV_VISOR_ORANGE;XIRECS;11290.0;1;4;4
555400;;;UV_VISOR_RED;XIRECS;11726.0;1;4;4
555400;;;UV_VISOR_YELLOW;XIRECS;10027.0;1;4;4
555700;SUBMISSION;;GALAXY_SOUNDS_BLACK_HOLES;XIRECS;12684.0;5;4;4
556900;;SUBMISSION;SNACKPACK_PISTACHIO;XIRECS;9412.0;1;4;4
556900;;SUBMISSION;SNACKPACK_STRAWBERRY;XIRECS;10992.0;1;4;4
556900;;SUBMISSION;SNACKPACK_VANILLA;XIRECS;10425.0;1;4;4
556900;;;GALAXY_SOUNDS_BLACK_HOLES;XIRECS;12639.0;1;4;4
556900;;;GALAXY_SOUNDS_DARK_MATTER;XIRECS;9970.0;1;4;4
556900;;;GALAXY_SOUNDS_PLANETARY_RINGS;XIRECS;11278.0;1;4;4
556900;;;GALAXY_SOUNDS_SOLAR_FLAMES;XIRECS;11319.0;1;4;4
556900;;;GALAXY_SOUNDS_SOLAR_WINDS;XIRECS;10523.0;1;4;4
556900;;;OXYGEN_SHAKE_CHOCOLATE;XIRECS;10247.0;1;4;4
556900;;;OXYGEN_SHAKE_EVENING_BREATH;XIRECS;9316.0;1;4;4
556900;;;OXYGEN_SHAKE_GARLIC;XIRECS;13103.0;1;4;4
556900;;;OXYGEN_SHAKE_MINT;XIRECS;8901.0;1;4;4
556900;;;OXYGEN_SHAKE_MORNING_BREATH;XIRECS;9612.0;1;4;4
556900;;;PANEL_1X2;XIRECS;9496.0;1;4;4
556900;;;PANEL_1X4;XIRECS;8040.0;1;4;4
556900;;;PANEL_2X2;XIRECS;8566.0;1;4;4
556900;;;PANEL_2X4;XIRECS;12205.0;1;4;4
556900;;;PANEL_4X4;XIRECS;9726.0;1;4;4
556900;;;ROBOT_DISHES;XIRECS;10404.0;1;4;4
556900;;;ROBOT_IRONING;XIRECS;7733.0;1;4;4
556900;;;ROBOT_LAUNDRY;XIRECS;8937.0;1;4;4
556900;;;ROBOT_MOPPING;XIRECS;12210.0;1;4;4
556900;;;ROBOT_VACUUMING;XIRECS;8739.0;1;4;4
556900;;;SLEEP_POD_COTTON;XIRECS;12761.0;1;4;4
556900;;;SLEEP_POD_LAMB_WOOL;XIRECS;11369.0;1;4;4
556900;;;SLEEP_POD_NYLON;XIRECS;10029.0;1;4;4
556900;;;SLEEP_POD_POLYESTER;XIRECS;12927.0;1;4;4
556900;;;SLEEP_POD_SUEDE;XIRECS;12392.0;1;4;4
556900;;;SNACKPACK_CHOCOLATE;XIRECS;9450.0;1;4;4
556900;;;SNACKPACK_RASPBERRY;XIRECS;10169.0;1;4;4
556900;;;TRANSLATOR_ASTRO_BLACK;XIRECS;9137.0;1;4;4
556900;;;TRANSLATOR_ECLIPSE_CHARCOAL;XIRECS;9786.0;1;4;4
556900;;;TRANSLATOR_GRAPHITE_MIST;XIRECS;10458.0;1;4;4
556900;;;TRANSLATOR_SPACE_GRAY;XIRECS;9100.0;1;4;4
556900;;;TRANSLATOR_VOID_BLUE;XIRECS;11544.0;1;4;4
556900;;;UV_VISOR_AMBER;XIRECS;6676.0;1;4;4
556900;;;UV_VISOR_MAGENTA;XIRECS;11560.0;1;4;4
556900;;;UV_VISOR_ORANGE;XIRECS;11272.0;1;4;4
556900;;;UV_VISOR_RED;XIRECS;11722.0;1;4;4
556900;;;UV_VISOR_YELLOW;XIRECS;10096.0;1;4;4
558600;;SUBMISSION;SLEEP_POD_COTTON;XIRECS;12699.0;5;4;4
559100;;SUBMISSION;SNACKPACK_PISTACHIO;XIRECS;9416.0;4;4;4
559100;;SUBMISSION;SNACKPACK_STRAWBERRY;XIRECS;10996.0;4;4;4
559100;;SUBMISSION;SNACKPACK_VANILLA;XIRECS;10405.0;4;4;4
559600;SUBMISSION;;SNACKPACK_PISTACHIO;XIRECS;9420.0;1;4;4
559600;SUBMISSION;;SNACKPACK_STRAWBERRY;XIRECS;10994.0;1;4;4
559600;SUBMISSION;;SNACKPACK_VANILLA;XIRECS;10400.0;1;4;4
559600;;;GALAXY_SOUNDS_BLACK_HOLES;XIRECS;12589.0;1;4;4
559600;;;GALAXY_SOUNDS_DARK_MATTER;XIRECS;9922.0;1;4;4
559600;;;GALAXY_SOUNDS_PLANETARY_RINGS;XIRECS;11238.0;1;4;4
559600;;;GALAXY_SOUNDS_SOLAR_FLAMES;XIRECS;11256.0;1;4;4
559600;;;GALAXY_SOUNDS_SOLAR_WINDS;XIRECS;10542.0;1;4;4
559600;;;OXYGEN_SHAKE_CHOCOLATE;XIRECS;10394.0;1;4;4
559600;;;OXYGEN_SHAKE_EVENING_BREATH;XIRECS;9224.0;1;4;4
559600;;;OXYGEN_SHAKE_GARLIC;XIRECS;13185.0;1;4;4
559600;;;OXYGEN_SHAKE_MINT;XIRECS;8912.0;1;4;4
559600;;;OXYGEN_SHAKE_MORNING_BREATH;XIRECS;9619.0;1;4;4
559600;;;PANEL_1X2;XIRECS;9461.0;1;4;4
559600;;;PANEL_1X4;XIRECS;8049.0;1;4;4
559600;;;PANEL_2X2;XIRECS;8508.0;1;4;4
559600;;;PANEL_2X4;XIRECS;12216.0;1;4;4
559600;;;PANEL_4X4;XIRECS;9721.0;1;4;4
559600;;;ROBOT_DISHES;XIRECS;10496.0;1;4;4
559600;;;ROBOT_IRONING;XIRECS;7677.0;1;4;4
559600;;;ROBOT_LAUNDRY;XIRECS;8889.0;1;4;4
559600;;;ROBOT_MOPPING;XIRECS;12186.0;1;4;4
559600;;;ROBOT_VACUUMING;XIRECS;8727.0;1;4;4
559600;;;SLEEP_POD_COTTON;XIRECS;12718.0;1;4;4
559600;;;SLEEP_POD_LAMB_WOOL;XIRECS;11358.0;1;4;4
559600;;;SLEEP_POD_NYLON;XIRECS;10031.0;1;4;4
559600;;;SLEEP_POD_POLYESTER;XIRECS;12943.0;1;4;4
559600;;;SLEEP_POD_SUEDE;XIRECS;12325.0;1;4;4
559600;;;SNACKPACK_CHOCOLATE;XIRECS;9430.0;1;4;4
559600;;;SNACKPACK_RASPBERRY;XIRECS;10124.0;1;4;4
559600;;;TRANSLATOR_ASTRO_BLACK;XIRECS;9139.0;1;4;4
559600;;;TRANSLATOR_ECLIPSE_CHARCOAL;XIRECS;9725.0;1;4;4
559600;;;TRANSLATOR_GRAPHITE_MIST;XIRECS;10532.0;1;4;4
559600;;;TRANSLATOR_SPACE_GRAY;XIRECS;9098.0;1;4;4
559600;;;TRANSLATOR_VOID_BLUE;XIRECS;11564.0;1;4;4
559600;;;UV_VISOR_AMBER;XIRECS;6686.0;1;4;4
559600;;;UV_VISOR_MAGENTA;XIRECS;11610.0;1;4;4
559600;;;UV_VISOR_ORANGE;XIRECS;11333.0;1;4;4
559600;;;UV_VISOR_RED;XIRECS;11716.0;1;4;4
559600;;;UV_VISOR_YELLOW;XIRECS;10123.0;1;4;4
559700;SUBMISSION;;PEBBLES_XL;XIRECS;14198.0;2;4;4
559700;;;PEBBLES_L;XIRECS;11132.0;2;4;4
559700;;;PEBBLES_M;XIRECS;11124.0;2;4;4
559700;;;PEBBLES_S;XIRECS;7694.0;2;4;4
559700;;;PEBBLES_XS;XIRECS;5820.0;2;4;4
559900;;SUBMISSION;SNACKPACK_PISTACHIO;XIRECS;9429.0;2;4;4
559900;;SUBMISSION;SNACKPACK_STRAWBERRY;XIRECS;11001.0;2;4;4
559900;;SUBMISSION;SNACKPACK_VANILLA;XIRECS;10414.0;2;4;4
560800;;SUBMISSION;MICROCHIP_OVAL;XIRECS;6269.0;5;4;4
561000;SUBMISSION;;SLEEP_POD_COTTON;XIRECS;12808.0;5;4;4
561600;;SUBMISSION;GALAXY_SOUNDS_BLACK_HOLES;XIRECS;12554.0;4;4;4
561700;;SUBMISSION;GALAXY_SOUNDS_BLACK_HOLES;XIRECS;12551.0;1;4;4
561700;;;GALAXY_SOUNDS_BLACK_HOLES;XIRECS;12567.0;2;4;4
561700;;;GALAXY_SOUNDS_DARK_MATTER;XIRECS;9908.0;2;4;4
561700;;;GALAXY_SOUNDS_PLANETARY_RINGS;XIRECS;11243.0;2;4;4
561700;;;GALAXY_SOUNDS_SOLAR_FLAMES;XIRECS;11305.0;2;4;4
561700;;;GALAXY_SOUNDS_SOLAR_WINDS;XIRECS;10600.0;2;4;4
561700;;;OXYGEN_SHAKE_CHOCOLATE;XIRECS;10374.0;2;4;4
561700;;;OXYGEN_SHAKE_EVENING_BREATH;XIRECS;9166.0;2;4;4
561700;;;OXYGEN_SHAKE_GARLIC;XIRECS;13212.0;2;4;4
561700;;;OXYGEN_SHAKE_MINT;XIRECS;8917.0;2;4;4
561700;;;OXYGEN_SHAKE_MORNING_BREATH;XIRECS;9616.0;2;4;4
561700;;;PANEL_1X2;XIRECS;9422.0;2;4;4
561700;;;PANEL_1X4;XIRECS;8119.0;2;4;4
561700;;;PANEL_2X2;XIRECS;8520.0;2;4;4
561700;;;PANEL_2X4;XIRECS;12301.0;2;4;4
561700;;;PANEL_4X4;XIRECS;9742.0;2;4;4
561700;;;ROBOT_DISHES;XIRECS;10404.0;2;4;4
561700;;;ROBOT_IRONING;XIRECS;7673.0;2;4;4
561700;;;ROBOT_LAUNDRY;XIRECS;8875.0;2;4;4
561700;;;ROBOT_MOPPING;XIRECS;12203.0;2;4;4
561700;;;ROBOT_VACUUMING;XIRECS;8660.0;2;4;4
561700;;;SLEEP_POD_COTTON;XIRECS;12801.0;2;4;4
561700;;;SLEEP_POD_LAMB_WOOL;XIRECS;11336.0;2;4;4
561700;;;SLEEP_POD_NYLON;XIRECS;10068.0;2;4;4
561700;;;SLEEP_POD_POLYESTER;XIRECS;13054.0;2;4;4
561700;;;SLEEP_POD_SUEDE;XIRECS;12429.0;2;4;4
561700;;;SNACKPACK_CHOCOLATE;XIRECS;9454.0;2;4;4
561700;;;SNACKPACK_PISTACHIO;XIRECS;9420.0;2;4;4
561700;;;SNACKPACK_RASPBERRY;XIRECS;10140.0;2;4;4
561700;;;SNACKPACK_STRAWBERRY;XIRECS;10996.0;2;4;4
561700;;;SNACKPACK_VANILLA;XIRECS;10411.0;2;4;4
561700;;;TRANSLATOR_ASTRO_BLACK;XIRECS;9065.0;2;4;4
561700;;;TRANSLATOR_ECLIPSE_CHARCOAL;XIRECS;9785.0;2;4;4
561700;;;TRANSLATOR_GRAPHITE_MIST;XIRECS;10549.0;2;4;4
561700;;;TRANSLATOR_SPACE_GRAY;XIRECS;9081.0;2;4;4
561700;;;TRANSLATOR_VOID_BLUE;XIRECS;11592.0;2;4;4
561700;;;UV_VISOR_AMBER;XIRECS;6686.0;2;4;4
561700;;;UV_VISOR_MAGENTA;XIRECS;11681.0;2;4;4
561700;;;UV_VISOR_ORANGE;XIRECS;11401.0;2;4;4
561700;;;UV_VISOR_RED;XIRECS;11704.0;2;4;4
561700;;;UV_VISOR_YELLOW;XIRECS;10103.0;2;4;4
562300;SUBMISSION;;OXYGEN_SHAKE_MORNING_BREATH;XIRECS;9623.0;5;4;4
562400;;SUBMISSION;MICROCHIP_OVAL;XIRECS;6233.0;5;4;4
562700;;;MICROCHIP_CIRCLE;XIRECS;9756.0;2;4;4
562700;;;MICROCHIP_OVAL;XIRECS;6240.0;2;4;4
562700;;;MICROCHIP_RECTANGLE;XIRECS;8938.0;2;4;4
562700;;;MICROCHIP_SQUARE;XIRECS;15547.0;2;4;4
562700;;;MICROCHIP_TRIANGLE;XIRECS;8373.0;2;4;4
563600;;;GALAXY_SOUNDS_BLACK_HOLES;XIRECS;12587.0;2;4;4
563600;;;GALAXY_SOUNDS_DARK_MATTER;XIRECS;9963.0;2;4;4
563600;;;GALAXY_SOUNDS_PLANETARY_RINGS;XIRECS;11192.0;2;4;4
563600;;;GALAXY_SOUNDS_SOLAR_FLAMES;XIRECS;11251.0;2;4;4
563600;;;GALAXY_SOUNDS_SOLAR_WINDS;XIRECS;10624.0;2;4;4
563600;;;OXYGEN_SHAKE_CHOCOLATE;XIRECS;10461.0;2;4;4
563600;;;OXYGEN_SHAKE_EVENING_BREATH;XIRECS;9116.0;2;4;4
563600;;;OXYGEN_SHAKE_GARLIC;XIRECS;13221.0;2;4;4
563600;;;OXYGEN_SHAKE_MINT;XIRECS;8915.0;2;4;4
563600;;;OXYGEN_SHAKE_MORNING_BREATH;XIRECS;9621.0;2;4;4
563600;;;PANEL_1X2;XIRECS;9427.0;2;4;4
563600;;;PANEL_1X4;XIRECS;8139.0;2;4;4
563600;;;PANEL_2X2;XIRECS;8573.0;2;4;4
563600;;;PANEL_2X4;XIRECS;12294.0;2;4;4
563600;;;PANEL_4X4;XIRECS;9766.0;2;4;4
563600;;;ROBOT_DISHES;XIRECS;10404.0;2;4;4
563600;;;ROBOT_IRONING;XIRECS;7653.0;2;4;4
563600;;;ROBOT_LAUNDRY;XIRECS;8873.0;2;4;4
563600;;;ROBOT_MOPPING;XIRECS;12160.0;2;4;4
563600;;;ROBOT_VACUUMING;XIRECS;8654.0;2;4;4
563600;;;SLEEP_POD_COTTON;XIRECS;12856.0;2;4;4
563600;;;SLEEP_POD_LAMB_WOOL;XIRECS;11310.0;2;4;4
563600;;;SLEEP_POD_NYLON;XIRECS;10086.0;2;4;4
563600;;;SLEEP_POD_POLYESTER;XIRECS;13007.0;2;4;4
563600;;;SLEEP_POD_SUEDE;XIRECS;12560.0;2;4;4
563600;;;SNACKPACK_CHOCOLATE;XIRECS;9488.0;2;4;4
563600;;;SNACKPACK_PISTACHIO;XIRECS;9434.0;2;4;4
563600;;;SNACKPACK_RASPBERRY;XIRECS;10122.0;2;4;4
563600;;;SNACKPACK_STRAWBERRY;XIRECS;10993.0;2;4;4
563600;;;SNACKPACK_VANILLA;XIRECS;10376.0;2;4;4
563600;;;TRANSLATOR_ASTRO_BLACK;XIRECS;8999.0;2;4;4
563600;;;TRANSLATOR_ECLIPSE_CHARCOAL;XIRECS;9841.0;2;4;4
563600;;;TRANSLATOR_GRAPHITE_MIST;XIRECS;10529.0;2;4;4
563600;;;TRANSLATOR_SPACE_GRAY;XIRECS;9077.0;2;4;4
563600;;;TRANSLATOR_VOID_BLUE;XIRECS;11537.0;2;4;4
563600;;;UV_VISOR_AMBER;XIRECS;6693.0;2;4;4
563600;;;UV_VISOR_MAGENTA;XIRECS;11667.0;2;4;4
563600;;;UV_VISOR_ORANGE;XIRECS;11345.0;2;4;4
563600;;;UV_VISOR_RED;XIRECS;11696.0;2;4;4
563600;;;UV_VISOR_YELLOW;XIRECS;10065.0;2;4;4
564200;;;GALAXY_SOUNDS_BLACK_HOLES;XIRECS;12612.0;2;4;4
564200;;;GALAXY_SOUNDS_DARK_MATTER;XIRECS;9963.0;2;4;4
564200;;;GALAXY_SOUNDS_PLANETARY_RINGS;XIRECS;11200.0;2;4;4
564200;;;GALAXY_SOUNDS_SOLAR_FLAMES;XIRECS;11270.0;2;4;4
564200;;;GALAXY_SOUNDS_SOLAR_WINDS;XIRECS;10614.0;2;4;4
564200;;;MICROCHIP_CIRCLE;XIRECS;9724.0;2;4;4
564200;;;MICROCHIP_OVAL;XIRECS;6260.0;2;4;4
564200;;;MICROCHIP_RECTANGLE;XIRECS;8984.0;2;4;4
564200;;;MICROCHIP_SQUARE;XIRECS;15319.0;2;4;4
564200;;;MICROCHIP_TRIANGLE;XIRECS;8398.0;2;4;4
564200;;;OXYGEN_SHAKE_CHOCOLATE;XIRECS;10457.0;2;4;4
564200;;;OXYGEN_SHAKE_EVENING_BREATH;XIRECS;9076.0;2;4;4
564200;;;OXYGEN_SHAKE_GARLIC;XIRECS;13236.0;2;4;4
564200;;;OXYGEN_SHAKE_MINT;XIRECS;8899.0;2;4;4
564200;;;OXYGEN_SHAKE_MORNING_BREATH;XIRECS;9581.0;2;4;4
564200;;;PANEL_1X2;XIRECS;9403.0;2;4;4
564200;;;PANEL_1X4;XIRECS;8140.0;2;4;4
564200;;;PANEL_2X2;XIRECS;8598.0;2;4;4
564200;;;PANEL_2X4;XIRECS;12294.0;2;4;4
564200;;;PANEL_4X4;XIRECS;9746.0;2;4;4
564200;;;ROBOT_DISHES;XIRECS;10404.0;2;4;4
564200;;;ROBOT_IRONING;XIRECS;7663.0;2;4;4
564200;;;ROBOT_LAUNDRY;XIRECS;8850.0;2;4;4
564200;;;ROBOT_MOPPING;XIRECS;12156.0;2;4;4
564200;;;ROBOT_VACUUMING;XIRECS;8637.0;2;4;4
564200;;;SLEEP_POD_COTTON;XIRECS;12898.0;2;4;4
564200;;;SLEEP_POD_LAMB_WOOL;XIRECS;11277.0;2;4;4
564200;;;SLEEP_POD_NYLON;XIRECS;10076.0;2;4;4
564200;;;SLEEP_POD_POLYESTER;XIRECS;13022.0;2;4;4
564200;;;SLEEP_POD_SUEDE;XIRECS;12570.0;2;4;4
564200;;;SNACKPACK_CHOCOLATE;XIRECS;9500.0;2;4;4
564200;;;SNACKPACK_PISTACHIO;XIRECS;9445.0;2;4;4
564200;;;SNACKPACK_RASPBERRY;XIRECS;10092.0;2;4;4
564200;;;SNACKPACK_STRAWBERRY;XIRECS;11016.0;2;4;4
564200;;;SNACKPACK_VANILLA;XIRECS;10361.0;2;4;4
564200;;;TRANSLATOR_ASTRO_BLACK;XIRECS;8998.0;2;4;4
564200;;;TRANSLATOR_ECLIPSE_CHARCOAL;XIRECS;9827.0;2;4;4
564200;;;TRANSLATOR_GRAPHITE_MIST;XIRECS;10484.0;2;4;4
564200;;;TRANSLATOR_SPACE_GRAY;XIRECS;9067.0;2;4;4
564200;;;TRANSLATOR_VOID_BLUE;XIRECS;11562.0;2;4;4
564200;;;UV_VISOR_AMBER;XIRECS;6678.0;2;4;4
564200;;;UV_VISOR_MAGENTA;XIRECS;11638.0;2;4;4
564200;;;UV_VISOR_ORANGE;XIRECS;11336.0;2;4;4
564200;;;UV_VISOR_RED;XIRECS;11681.0;2;4;4
564200;;;UV_VISOR_YELLOW;XIRECS;10072.0;2;4;4
564700;SUBMISSION;;GALAXY_SOUNDS_BLACK_HOLES;XIRECS;12625.0;5;4;4
564800;SUBMISSION;;SNACKPACK_PISTACHIO;XIRECS;9420.0;2;4;4
564800;SUBMISSION;;SNACKPACK_STRAWBERRY;XIRECS;10994.0;2;4;4
564800;SUBMISSION;;SNACKPACK_VANILLA;XIRECS;10352.0;2;4;4
564800;;;GALAXY_SOUNDS_BLACK_HOLES;XIRECS;12640.0;2;4;4
564800;;;GALAXY_SOUNDS_DARK_MATTER;XIRECS;9942.0;2;4;4
564800;;;GALAXY_SOUNDS_PLANETARY_RINGS;XIRECS;11191.0;2;4;4
564800;;;GALAXY_SOUNDS_SOLAR_FLAMES;XIRECS;11276.0;2;4;4
564800;;;GALAXY_SOUNDS_SOLAR_WINDS;XIRECS;10602.0;2;4;4
564800;;;OXYGEN_SHAKE_CHOCOLATE;XIRECS;10455.0;2;4;4
564800;;;OXYGEN_SHAKE_EVENING_BREATH;XIRECS;9044.0;2;4;4
564800;;;OXYGEN_SHAKE_GARLIC;XIRECS;13280.0;2;4;4
564800;;;OXYGEN_SHAKE_MINT;XIRECS;8870.0;2;4;4
564800;;;OXYGEN_SHAKE_MORNING_BREATH;XIRECS;9566.0;2;4;4
564800;;;PANEL_1X2;XIRECS;9409.0;2;4;4
564800;;;PANEL_1X4;XIRECS;8145.0;2;4;4
564800;;;PANEL_2X2;XIRECS;8595.0;2;4;4
564800;;;PANEL_2X4;XIRECS;12261.0;2;4;4
564800;;;PANEL_4X4;XIRECS;9732.0;2;4;4
564800;;;ROBOT_DISHES;XIRECS;10396.0;2;4;4
564800;;;ROBOT_IRONING;XIRECS;7647.0;2;4;4
564800;;;ROBOT_LAUNDRY;XIRECS;8850.0;2;4;4
564800;;;ROBOT_MOPPING;XIRECS;12140.0;2;4;4
564800;;;ROBOT_VACUUMING;XIRECS;8632.0;2;4;4
564800;;;SLEEP_POD_COTTON;XIRECS;12833.0;2;4;4
564800;;;SLEEP_POD_LAMB_WOOL;XIRECS;11272.0;2;4;4
564800;;;SLEEP_POD_NYLON;XIRECS;10050.0;2;4;4
564800;;;SLEEP_POD_POLYESTER;XIRECS;13055.0;2;4;4
564800;;;SLEEP_POD_SUEDE;XIRECS;12544.0;2;4;4
564800;;;SNACKPACK_CHOCOLATE;XIRECS;9478.0;2;4;4
564800;;;SNACKPACK_RASPBERRY;XIRECS;10082.0;2;4;4
564800;;;TRANSLATOR_ASTRO_BLACK;XIRECS;8982.0;2;4;4
564800;;;TRANSLATOR_ECLIPSE_CHARCOAL;XIRECS;9830.0;2;4;4
564800;;;TRANSLATOR_GRAPHITE_MIST;XIRECS;10470.0;2;4;4
564800;;;TRANSLATOR_SPACE_GRAY;XIRECS;9042.0;2;4;4
564800;;;TRANSLATOR_VOID_BLUE;XIRECS;11554.0;2;4;4
564800;;;UV_VISOR_AMBER;XIRECS;6661.0;2;4;4
564800;;;UV_VISOR_MAGENTA;XIRECS;11635.0;2;4;4
564800;;;UV_VISOR_ORANGE;XIRECS;11315.0;2;4;4
564800;;;UV_VISOR_RED;XIRECS;11664.0;2;4;4
564800;;;UV_VISOR_YELLOW;XIRECS;10060.0;2;4;4
565700;;SUBMISSION;MICROCHIP_OVAL;XIRECS;6259.0;4;4;4
565800;;SUBMISSION;MICROCHIP_OVAL;XIRECS;6260.0;1;4;4
565900;SUBMISSION;;SLEEP_POD_COTTON;XIRECS;12832.0;5;4;4
566700;;SUBMISSION;OXYGEN_SHAKE_MORNING_BREATH;XIRECS;9533.0;5;4;4
566800;;SUBMISSION;GALAXY_SOUNDS_BLACK_HOLES;XIRECS;12556.0;5;4;4
566900;SUBMISSION;;SNACKPACK_PISTACHIO;XIRECS;9438.0;4;4;4
566900;SUBMISSION;;SNACKPACK_STRAWBERRY;XIRECS;11030.0;4;4;4
566900;SUBMISSION;;SNACKPACK_VANILLA;XIRECS;10402.0;4;4;4
566900;;;GALAXY_SOUNDS_BLACK_HOLES;XIRECS;12544.0;3;4;4
566900;;;GALAXY_SOUNDS_DARK_MATTER;XIRECS;10013.0;3;4;4
566900;;;GALAXY_SOUNDS_PLANETARY_RINGS;XIRECS;11195.0;3;4;4
566900;;;GALAXY_SOUNDS_SOLAR_FLAMES;XIRECS;11269.0;3;4;4
566900;;;GALAXY_SOUNDS_SOLAR_WINDS;XIRECS;10630.0;3;4;4
566900;;;OXYGEN_SHAKE_CHOCOLATE;XIRECS;10500.0;3;4;4
566900;;;OXYGEN_SHAKE_EVENING_BREATH;XIRECS;9110.0;3;4;4
566900;;;OXYGEN_SHAKE_GARLIC;XIRECS;13274.0;3;4;4
566900;;;OXYGEN_SHAKE_MINT;XIRECS;8925.0;3;4;4
566900;;;OXYGEN_SHAKE_MORNING_BREATH;XIRECS;9523.0;3;4;4
566900;;;PANEL_1X2;XIRECS;9402.0;3;4;4
566900;;;PANEL_1X4;XIRECS;8084.0;3;4;4
566900;;;PANEL_2X2;XIRECS;8674.0;3;4;4
566900;;;PANEL_2X4;XIRECS;12238.0;3;4;4
566900;;;PANEL_4X4;XIRECS;9667.0;3;4;4
566900;;;ROBOT_DISHES;XIRECS;10400.0;3;4;4
566900;;;ROBOT_IRONING;XIRECS;7670.0;3;4;4
566900;;;ROBOT_LAUNDRY;XIRECS;8887.0;3;4;4
566900;;;ROBOT_MOPPING;XIRECS;12136.0;3;4;4
566900;;;ROBOT_VACUUMING;XIRECS;8590.0;3;4;4
566900;;;SLEEP_POD_COTTON;XIRECS;12813.0;3;4;4
566900;;;SLEEP_POD_LAMB_WOOL;XIRECS;11220.0;3;4;4
566900;;;SLEEP_POD_NYLON;XIRECS;9952.0;3;4;4
566900;;;SLEEP_POD_POLYESTER;XIRECS;12968.0;3;4;4
566900;;;SLEEP_POD_SUEDE;XIRECS;12537.0;3;4;4
566900;;;SNACKPACK_CHOCOLATE;XIRECS;9445.0;3;4;4
566900;;;SNACKPACK_PISTACHIO;XIRECS;9438.0;3;4;4
566900;;;SNACKPACK_RASPBERRY;XIRECS;10059.0;3;4;4
566900;;;SNACKPACK_STRAWBERRY;XIRECS;11030.0;3;4;4
566900;;;SNACKPACK_VANILLA;XIRECS;10402.0;3;4;4
566900;;;TRANSLATOR_ASTRO_BLACK;XIRECS;9078.0;3;4;4
566900;;;TRANSLATOR_ECLIPSE_CHARCOAL;XIRECS;9915.0;3;4;4
566900;;;TRANSLATOR_GRAPHITE_MIST;XIRECS;10522.0;3;4;4
566900;;;TRANSLATOR_SPACE_GRAY;XIRECS;9075.0;3;4;4
566900;;;TRANSLATOR_VOID_BLUE;XIRECS;11567.0;3;4;4
566900;;;UV_VISOR_AMBER;XIRECS;6650.0;3;4;4
566900;;;UV_VISOR_MAGENTA;XIRECS;11639.0;3;4;4
566900;;;UV_VISOR_ORANGE;XIRECS;11374.0;3;4;4
566900;;;UV_VISOR_RED;XIRECS;11790.0;3;4;4
566900;;;UV_VISOR_YELLOW;XIRECS;10023.0;3;4;4
568300;;SUBMISSION;SNACKPACK_PISTACHIO;XIRECS;9448.0;3;4;4
568300;;SUBMISSION;SNACKPACK_STRAWBERRY;XIRECS;11042.0;3;4;4
568300;;SUBMISSION;SNACKPACK_VANILLA;XIRECS;10425.0;3;4;4
568400;;SUBMISSION;PEBBLES_XL;XIRECS;14503.0;4;4;4
569100;SUBMISSION;;SNACKPACK_PISTACHIO;XIRECS;9433.0;5;4;4
569100;SUBMISSION;;SNACKPACK_STRAWBERRY;XIRECS;11033.0;5;4;4
569100;SUBMISSION;;SNACKPACK_VANILLA;XIRECS;10456.0;5;4;4
571200;;SUBMISSION;SNACKPACK_PISTACHIO;XIRECS;9456.0;2;4;4
571200;;SUBMISSION;SNACKPACK_STRAWBERRY;XIRECS;11087.0;2;4;4
571200;;SUBMISSION;MICROCHIP_OVAL;XIRECS;6233.0;5;4;4
571200;;SUBMISSION;SNACKPACK_VANILLA;XIRECS;10409.0;2;4;4
571300;;SUBMISSION;SNACKPACK_PISTACHIO;XIRECS;9452.0;2;4;4
571300;;SUBMISSION;SNACKPACK_STRAWBERRY;XIRECS;11086.0;2;4;4
571300;;SUBMISSION;SNACKPACK_VANILLA;XIRECS;10387.0;2;4;4
572000;;SUBMISSION;PEBBLES_XL;XIRECS;14653.0;5;4;4
574400;SUBMISSION;;SNACKPACK_PISTACHIO;XIRECS;9431.0;4;4;4
574400;SUBMISSION;;SNACKPACK_STRAWBERRY;XIRECS;11081.0;4;4;4
574400;SUBMISSION;;SNACKPACK_VANILLA;XIRECS;10346.0;4;4;4
574700;;SUBMISSION;PEBBLES_XL;XIRECS;14719.0;3;4;4
576300;;SUBMISSION;SNACKPACK_PISTACHIO;XIRECS;9454.0;5;4;4
576300;;SUBMISSION;SNACKPACK_STRAWBERRY;XIRECS;11116.0;5;4;4
576300;;SUBMISSION;SNACKPACK_VANILLA;XIRECS;10353.0;5;4;4
576400;;;GALAXY_SOUNDS_BLACK_HOLES;XIRECS;12574.0;4;4;4
576400;;;GALAXY_SOUNDS_DARK_MATTER;XIRECS;10111.0;4;4;4
576400;;;GALAXY_SOUNDS_PLANETARY_RINGS;XIRECS;11122.0;4;4;4
576400;;;GALAXY_SOUNDS_SOLAR_FLAMES;XIRECS;11417.0;4;4;4
576400;;;GALAXY_SOUNDS_SOLAR_WINDS;XIRECS;10851.0;4;4;4
576400;;;OXYGEN_SHAKE_CHOCOLATE;XIRECS;10616.0;4;4;4
576400;;;OXYGEN_SHAKE_EVENING_BREATH;XIRECS;9016.0;4;4;4
576400;;;OXYGEN_SHAKE_GARLIC;XIRECS;13260.0;4;4;4
576400;;;OXYGEN_SHAKE_MINT;XIRECS;9141.0;4;4;4
576400;;;OXYGEN_SHAKE_MORNING_BREATH;XIRECS;9418.0;4;4;4
576400;;;PANEL_1X2;XIRECS;9505.0;4;4;4
576400;;;PANEL_1X4;XIRECS;8091.0;4;4;4
576400;;;PANEL_2X2;XIRECS;8619.0;4;4;4
576400;;;PANEL_2X4;XIRECS;12285.0;4;4;4
576400;;;PANEL_4X4;XIRECS;9887.0;4;4;4
576400;;;ROBOT_DISHES;XIRECS;10204.0;4;4;4
576400;;;ROBOT_IRONING;XIRECS;7523.0;4;4;4
576400;;;ROBOT_LAUNDRY;XIRECS;8841.0;4;4;4
576400;;;ROBOT_MOPPING;XIRECS;12061.0;4;4;4
576400;;;ROBOT_VACUUMING;XIRECS;8539.0;4;4;4
576400;;;SLEEP_POD_COTTON;XIRECS;12790.0;4;4;4
576400;;;SLEEP_POD_LAMB_WOOL;XIRECS;11194.0;4;4;4
576400;;;SLEEP_POD_NYLON;XIRECS;9958.0;4;4;4
576400;;;SLEEP_POD_POLYESTER;XIRECS;12938.0;4;4;4
576400;;;SLEEP_POD_SUEDE;XIRECS;12507.0;4;4;4
576400;;;SNACKPACK_CHOCOLATE;XIRECS;9505.0;4;4;4
576400;;;SNACKPACK_PISTACHIO;XIRECS;9457.0;4;4;4
576400;;;SNACKPACK_RASPBERRY;XIRECS;9988.0;4;4;4
576400;;;SNACKPACK_STRAWBERRY;XIRECS;11111.0;4;4;4
576400;;;SNACKPACK_VANILLA;XIRECS;10366.0;4;4;4
576400;;;TRANSLATOR_ASTRO_BLACK;XIRECS;9253.0;4;4;4
576400;;;TRANSLATOR_ECLIPSE_CHARCOAL;XIRECS;9928.0;4;4;4
576400;;;TRANSLATOR_GRAPHITE_MIST;XIRECS;10559.0;4;4;4
576400;;;TRANSLATOR_SPACE_GRAY;XIRECS;9085.0;4;4;4
576400;;;TRANSLATOR_VOID_BLUE;XIRECS;11527.0;4;4;4
576400;;;UV_VISOR_AMBER;XIRECS;6701.0;4;4;4
576400;;;UV_VISOR_MAGENTA;XIRECS;11650.0;4;4;4
576400;;;UV_VISOR_ORANGE;XIRECS;11284.0;4;4;4
576400;;;UV_VISOR_RED;XIRECS;11938.0;4;4;4
576400;;;UV_VISOR_YELLOW;XIRECS;9997.0;4;4;4
576500;;SUBMISSION;SNACKPACK_PISTACHIO;XIRECS;9447.0;2;4;4
576500;;SUBMISSION;SNACKPACK_STRAWBERRY;XIRECS;11097.0;2;4;4
576500;;SUBMISSION;PEBBLES_XL;XIRECS;14954.0;6;4;4
576500;;SUBMISSION;SNACKPACK_VANILLA;XIRECS;10358.0;2;4;4
576800;;SUBMISSION;PEBBLES_XL;XIRECS;14956.0;2;4;4
577600;;;MICROCHIP_CIRCLE;XIRECS;9929.0;1;4;4
577600;;;MICROCHIP_OVAL;XIRECS;6084.0;1;4;4
577600;;;MICROCHIP_RECTANGLE;XIRECS;8942.0;1;4;4
577600;;;MICROCHIP_SQUARE;XIRECS;15132.0;1;4;4
577600;;;MICROCHIP_TRIANGLE;XIRECS;8667.0;1;4;4
578400;;SUBMISSION;SNACKPACK_PISTACHIO;XIRECS;9429.0;1;4;4
578400;;SUBMISSION;SNACKPACK_STRAWBERRY;XIRECS;11084.0;1;4;4
578400;;SUBMISSION;SNACKPACK_VANILLA;XIRECS;10355.0;1;4;4
578600;;SUBMISSION;SLEEP_POD_COTTON;XIRECS;12690.0;5;4;4
579100;SUBMISSION;;PEBBLES_XL;XIRECS;15149.0;2;4;4
579100;;;PEBBLES_L;XIRECS;10449.0;5;4;4
579100;;;PEBBLES_M;XIRECS;10891.0;5;4;4
579100;;;PEBBLES_S;XIRECS;7922.0;5;4;4
579100;;;PEBBLES_XS;XIRECS;5558.0;5;4;4
579400;SUBMISSION;;GALAXY_SOUNDS_BLACK_HOLES;XIRECS;12626.0;5;4;4
579500;;SUBMISSION;ROBOT_MOPPING;XIRECS;12016.0;5;4;4
580200;SUBMISSION;;SNACKPACK_PISTACHIO;XIRECS;9438.0;5;4;4
580200;SUBMISSION;;SNACKPACK_STRAWBERRY;XIRECS;11090.0;5;4;4
580200;SUBMISSION;;SNACKPACK_VANILLA;XIRECS;10388.0;5;4;4
580400;;SUBMISSION;SNACKPACK_PISTACHIO;XIRECS;9447.0;1;4;4
580400;;SUBMISSION;SNACKPACK_STRAWBERRY;XIRECS;11101.0;1;4;4
580400;;SUBMISSION;SNACKPACK_VANILLA;XIRECS;10401.0;1;4;4
580400;;;GALAXY_SOUNDS_BLACK_HOLES;XIRECS;12634.0;1;4;4
580400;;;GALAXY_SOUNDS_DARK_MATTER;XIRECS;10074.0;1;4;4
580400;;;GALAXY_SOUNDS_PLANETARY_RINGS;XIRECS;11217.0;1;4;4
580400;;;GALAXY_SOUNDS_SOLAR_FLAMES;XIRECS;11481.0;1;4;4
580400;;;GALAXY_SOUNDS_SOLAR_WINDS;XIRECS;10926.0;1;4;4
580400;;;OXYGEN_SHAKE_CHOCOLATE;XIRECS;10707.0;1;4;4
580400;;;OXYGEN_SHAKE_EVENING_BREATH;XIRECS;9086.0;1;4;4
580400;;;OXYGEN_SHAKE_GARLIC;XIRECS;13239.0;1;4;4
580400;;;OXYGEN_SHAKE_MINT;XIRECS;9088.0;1;4;4
580400;;;OXYGEN_SHAKE_MORNING_BREATH;XIRECS;9369.0;1;4;4
580400;;;PANEL_1X2;XIRECS;9544.0;1;4;4
580400;;;PANEL_1X4;XIRECS;8116.0;1;4;4
580400;;;PANEL_2X2;XIRECS;8539.0;1;4;4
580400;;;PANEL_2X4;XIRECS;12275.0;1;4;4
580400;;;PANEL_4X4;XIRECS;9823.0;1;4;4
580400;;;ROBOT_DISHES;XIRECS;10304.0;1;4;4
580400;;;ROBOT_IRONING;XIRECS;7563.0;1;4;4
580400;;;ROBOT_LAUNDRY;XIRECS;8743.0;1;4;4
580400;;;ROBOT_MOPPING;XIRECS;12043.0;1;4;4
580400;;;ROBOT_VACUUMING;XIRECS;8681.0;1;4;4
580400;;;SLEEP_POD_COTTON;XIRECS;12717.0;1;4;4
580400;;;SLEEP_POD_LAMB_WOOL;XIRECS;11290.0;1;4;4
580400;;;SLEEP_POD_NYLON;XIRECS;9940.0;1;4;4
580400;;;SLEEP_POD_POLYESTER;XIRECS;12968.0;1;4;4
580400;;;SLEEP_POD_SUEDE;XIRECS;12569.0;1;4;4
580400;;;SNACKPACK_CHOCOLATE;XIRECS;9458.0;1;4;4
580400;;;SNACKPACK_RASPBERRY;XIRECS;9994.0;1;4;4
580400;;;TRANSLATOR_ASTRO_BLACK;XIRECS;9278.0;1;4;4
580400;;;TRANSLATOR_ECLIPSE_CHARCOAL;XIRECS;9797.0;1;4;4
580400;;;TRANSLATOR_GRAPHITE_MIST;XIRECS;10526.0;1;4;4
580400;;;TRANSLATOR_SPACE_GRAY;XIRECS;9097.0;1;4;4
580400;;;TRANSLATOR_VOID_BLUE;XIRECS;11547.0;1;4;4
580400;;;UV_VISOR_AMBER;XIRECS;6664.0;1;4;4
580400;;;UV_VISOR_MAGENTA;XIRECS;11582.0;1;4;4
580400;;;UV_VISOR_ORANGE;XIRECS;11280.0;1;4;4
580400;;;UV_VISOR_RED;XIRECS;11962.0;1;4;4
580400;;;UV_VISOR_YELLOW;XIRECS;10159.0;1;4;4
581500;SUBMISSION;;PEBBLES_XL;XIRECS;15120.0;4;4;4
581600;;;MICROCHIP_CIRCLE;XIRECS;9960.0;1;4;4
581600;;;MICROCHIP_OVAL;XIRECS;5969.0;1;4;4
581600;;;MICROCHIP_RECTANGLE;XIRECS;8955.0;1;4;4
581600;;;MICROCHIP_SQUARE;XIRECS;15337.0;1;4;4
581600;;;MICROCHIP_TRIANGLE;XIRECS;8596.0;1;4;4
582000;;SUBMISSION;SLEEP_POD_COTTON;XIRECS;12704.0;5;4;4
583300;;SUBMISSION;SNACKPACK_PISTACHIO;XIRECS;9465.0;3;4;4
583300;;SUBMISSION;SNACKPACK_STRAWBERRY;XIRECS;11125.0;3;4;4
583300;;SUBMISSION;SNACKPACK_VANILLA;XIRECS;10397.0;3;4;4
583600;SUBMISSION;;GALAXY_SOUNDS_BLACK_HOLES;XIRECS;12681.0;5;4;4
583600;;;GALAXY_SOUNDS_BLACK_HOLES;XIRECS;12681.0;2;4;4
583600;;;GALAXY_SOUNDS_DARK_MATTER;XIRECS;10113.0;2;4;4
583600;;;GALAXY_SOUNDS_PLANETARY_RINGS;XIRECS;11250.0;2;4;4
583600;;;GALAXY_SOUNDS_SOLAR_FLAMES;XIRECS;11528.0;2;4;4
583600;;;GALAXY_SOUNDS_SOLAR_WINDS;XIRECS;10894.0;2;4;4
583600;;;OXYGEN_SHAKE_CHOCOLATE;XIRECS;10707.0;2;4;4
583600;;;OXYGEN_SHAKE_EVENING_BREATH;XIRECS;9086.0;2;4;4
583600;;;OXYGEN_SHAKE_GARLIC;XIRECS;13348.0;2;4;4
583600;;;OXYGEN_SHAKE_MINT;XIRECS;9095.0;2;4;4
583600;;;OXYGEN_SHAKE_MORNING_BREATH;XIRECS;9426.0;2;4;4
583600;;;PANEL_1X2;XIRECS;9615.0;2;4;4
583600;;;PANEL_1X4;XIRECS;8102.0;2;4;4
583600;;;PANEL_2X2;XIRECS;8578.0;2;4;4
583600;;;PANEL_2X4;XIRECS;12362.0;2;4;4
583600;;;PANEL_4X4;XIRECS;9826.0;2;4;4
583600;;;ROBOT_DISHES;XIRECS;10304.0;2;4;4
583600;;;ROBOT_IRONING;XIRECS;7533.0;2;4;4
583600;;;ROBOT_LAUNDRY;XIRECS;8805.0;2;4;4
583600;;;ROBOT_MOPPING;XIRECS;12094.0;2;4;4
583600;;;ROBOT_VACUUMING;XIRECS;8621.0;2;4;4
583600;;;SLEEP_POD_COTTON;XIRECS;12626.0;2;4;4
583600;;;SLEEP_POD_LAMB_WOOL;XIRECS;11259.0;2;4;4
583600;;;SLEEP_POD_NYLON;XIRECS;10020.0;2;4;4
583600;;;SLEEP_POD_POLYESTER;XIRECS;12941.0;2;4;4
583600;;;SLEEP_POD_SUEDE;XIRECS;12419.0;2;4;4
583600;;;SNACKPACK_CHOCOLATE;XIRECS;9442.0;2;4;4
583600;;;SNACKPACK_PISTACHIO;XIRECS;9461.0;2;4;4
583600;;;SNACKPACK_RASPBERRY;XIRECS;9979.0;2;4;4
583600;;;SNACKPACK_STRAWBERRY;XIRECS;11118.0;2;4;4
583600;;;SNACKPACK_VANILLA;XIRECS;10411.0;2;4;4
583600;;;TRANSLATOR_ASTRO_BLACK;XIRECS;9334.0;2;4;4
583600;;;TRANSLATOR_ECLIPSE_CHARCOAL;XIRECS;9915.0;2;4;4
583600;;;TRANSLATOR_GRAPHITE_MIST;XIRECS;10464.0;2;4;4
583600;;;TRANSLATOR_SPACE_GRAY;XIRECS;9004.0;2;4;4
583600;;;TRANSLATOR_VOID_BLUE;XIRECS;11595.0;2;4;4
583600;;;UV_VISOR_AMBER;XIRECS;6669.0;2;4;4
583600;;;UV_VISOR_MAGENTA;XIRECS;11444.0;2;4;4
583600;;;UV_VISOR_ORANGE;XIRECS;11224.0;2;4;4
583600;;;UV_VISOR_RED;XIRECS;11967.0;2;4;4
583600;;;UV_VISOR_YELLOW;XIRECS;10074.0;2;4;4
584000;SUBMISSION;;PEBBLES_XL;XIRECS;15072.0;3;4;4
584300;;;MICROCHIP_CIRCLE;XIRECS;9842.0;2;4;4
584300;;;MICROCHIP_OVAL;XIRECS;6014.0;2;4;4
584300;;;MICROCHIP_RECTANGLE;XIRECS;8876.0;2;4;4
584300;;;MICROCHIP_SQUARE;XIRECS;15351.0;2;4;4
584300;;;MICROCHIP_TRIANGLE;XIRECS;8614.0;2;4;4
584500;SUBMISSION;;PEBBLES_XL;XIRECS;15042.0;7;4;4
584700;;;GALAXY_SOUNDS_BLACK_HOLES;XIRECS;12660.0;4;4;4
584700;;;GALAXY_SOUNDS_DARK_MATTER;XIRECS;10156.0;4;4;4
584700;;;GALAXY_SOUNDS_PLANETARY_RINGS;XIRECS;11226.0;4;4;4
584700;;;GALAXY_SOUNDS_SOLAR_FLAMES;XIRECS;11505.0;4;4;4
584700;;;GALAXY_SOUNDS_SOLAR_WINDS;XIRECS;10956.0;4;4;4
584700;;;OXYGEN_SHAKE_CHOCOLATE;XIRECS;10707.0;4;4;4
584700;;;OXYGEN_SHAKE_EVENING_BREATH;XIRECS;9066.0;4;4;4
584700;;;OXYGEN_SHAKE_GARLIC;XIRECS;13373.0;4;4;4
584700;;;OXYGEN_SHAKE_MINT;XIRECS;9082.0;4;4;4
584700;;;OXYGEN_SHAKE_MORNING_BREATH;XIRECS;9418.0;4;4;4
584700;;;PANEL_1X2;XIRECS;9593.0;4;4;4
584700;;;PANEL_1X4;XIRECS;8133.0;4;4;4
584700;;;PANEL_2X2;XIRECS;8545.0;4;4;4
584700;;;PANEL_2X4;XIRECS;12388.0;4;4;4
584700;;;PANEL_4X4;XIRECS;9884.0;4;4;4
584700;;;ROBOT_DISHES;XIRECS;10304.0;4;4;4
584700;;;ROBOT_IRONING;XIRECS;7543.0;4;4;4
584700;;;ROBOT_LAUNDRY;XIRECS;8791.0;4;4;4
584700;;;ROBOT_MOPPING;XIRECS;12105.0;4;4;4
584700;;;ROBOT_VACUUMING;XIRECS;8593.0;4;4;4
584700;;;SLEEP_POD_COTTON;XIRECS;12592.0;4;4;4
584700;;;SLEEP_POD_LAMB_WOOL;XIRECS;11224.0;4;4;4
584700;;;SLEEP_POD_NYLON;XIRECS;9999.0;4;4;4
584700;;;SLEEP_POD_POLYESTER;XIRECS;12953.0;4;4;4
584700;;;SLEEP_POD_SUEDE;XIRECS;12394.0;4;4;4
584700;;;SNACKPACK_CHOCOLATE;XIRECS;9434.0;4;4;4
584700;;;SNACKPACK_PISTACHIO;XIRECS;9468.0;4;4;4
584700;;;SNACKPACK_RASPBERRY;XIRECS;9956.0;4;4;4
584700;;;SNACKPACK_STRAWBERRY;XIRECS;11142.0;4;4;4
584700;;;SNACKPACK_VANILLA;XIRECS;10420.0;4;4;4
584700;;;TRANSLATOR_ASTRO_BLACK;XIRECS;9400.0;4;4;4
584700;;;TRANSLATOR_ECLIPSE_CHARCOAL;XIRECS;9832.0;4;4;4
584700;;;TRANSLATOR_GRAPHITE_MIST;XIRECS;10407.0;4;4;4
584700;;;TRANSLATOR_SPACE_GRAY;XIRECS;8981.0;4;4;4
584700;;;TRANSLATOR_VOID_BLUE;XIRECS;11618.0;4;4;4
584700;;;UV_VISOR_AMBER;XIRECS;6669.0;4;4;4
584700;;;UV_VISOR_MAGENTA;XIRECS;11443.0;4;4;4
584700;;;UV_VISOR_ORANGE;XIRECS;11196.0;4;4;4
584700;;;UV_VISOR_RED;XIRECS;11978.0;4;4;4
584700;;;UV_VISOR_YELLOW;XIRECS;10160.0;4;4;4
585800;;SUBMISSION;PEBBLES_XL;XIRECS;15132.0;2;4;4
585800;;;PEBBLES_L;XIRECS;10504.0;3;4;4
585800;;;PEBBLES_M;XIRECS;10889.0;3;4;4
585800;;;PEBBLES_S;XIRECS;7957.0;3;4;4
585800;;;PEBBLES_XS;XIRECS;5549.0;3;4;4
586500;;;GALAXY_SOUNDS_BLACK_HOLES;XIRECS;12715.0;2;4;4
586500;;;GALAXY_SOUNDS_DARK_MATTER;XIRECS;10096.0;2;4;4
586500;;;GALAXY_SOUNDS_PLANETARY_RINGS;XIRECS;11172.0;2;4;4
586500;;;GALAXY_SOUNDS_SOLAR_FLAMES;XIRECS;11557.0;2;4;4
586500;;;GALAXY_SOUNDS_SOLAR_WINDS;XIRECS;10977.0;2;4;4
586500;;;OXYGEN_SHAKE_CHOCOLATE;XIRECS;10807.0;2;4;4
586500;;;OXYGEN_SHAKE_EVENING_BREATH;XIRECS;9146.0;2;4;4
586500;;;OXYGEN_SHAKE_GARLIC;XIRECS;13266.0;2;4;4
586500;;;OXYGEN_SHAKE_MINT;XIRECS;9015.0;2;4;4
586500;;;OXYGEN_SHAKE_MORNING_BREATH;XIRECS;9410.0;2;4;4
586500;;;PANEL_1X2;XIRECS;9572.0;2;4;4
586500;;;PANEL_1X4;XIRECS;8148.0;2;4;4
586500;;;PANEL_2X2;XIRECS;8600.0;2;4;4
586500;;;PANEL_2X4;XIRECS;12417.0;2;4;4
586500;;;PANEL_4X4;XIRECS;9853.0;2;4;4
586500;;;ROBOT_DISHES;XIRECS;10304.0;2;4;4
586500;;;ROBOT_IRONING;XIRECS;7573.0;2;4;4
586500;;;ROBOT_LAUNDRY;XIRECS;8780.0;2;4;4
586500;;;ROBOT_MOPPING;XIRECS;12012.0;2;4;4
586500;;;ROBOT_VACUUMING;XIRECS;8572.0;2;4;4
586500;;;SLEEP_POD_COTTON;XIRECS;12598.0;2;4;4
586500;;;SLEEP_POD_LAMB_WOOL;XIRECS;11290.0;2;4;4
586500;;;SLEEP_POD_NYLON;XIRECS;10014.0;2;4;4
586500;;;SLEEP_POD_POLYESTER;XIRECS;13042.0;2;4;4
586500;;;SLEEP_POD_SUEDE;XIRECS;12444.0;2;4;4
586500;;;SNACKPACK_CHOCOLATE;XIRECS;9473.0;2;4;4
586500;;;SNACKPACK_PISTACHIO;XIRECS;9479.0;2;4;4
586500;;;SNACKPACK_RASPBERRY;XIRECS;9938.0;2;4;4
586500;;;SNACKPACK_STRAWBERRY;XIRECS;11158.0;2;4;4
586500;;;SNACKPACK_VANILLA;XIRECS;10386.0;2;4;4
586500;;;TRANSLATOR_ASTRO_BLACK;XIRECS;9384.0;2;4;4
586500;;;TRANSLATOR_ECLIPSE_CHARCOAL;XIRECS;9804.0;2;4;4
586500;;;TRANSLATOR_GRAPHITE_MIST;XIRECS;10397.0;2;4;4
586500;;;TRANSLATOR_SPACE_GRAY;XIRECS;8950.0;2;4;4
586500;;;TRANSLATOR_VOID_BLUE;XIRECS;11534.0;2;4;4
586500;;;UV_VISOR_AMBER;XIRECS;6651.0;2;4;4
586500;;;UV_VISOR_MAGENTA;XIRECS;11381.0;2;4;4
586500;;;UV_VISOR_ORANGE;XIRECS;11125.0;2;4;4
586500;;;UV_VISOR_RED;XIRECS;12030.0;2;4;4
586500;;;UV_VISOR_YELLOW;XIRECS;10161.0;2;4;4
586700;;SUBMISSION;SNACKPACK_PISTACHIO;XIRECS;9479.0;1;4;4
586700;;SUBMISSION;SNACKPACK_STRAWBERRY;XIRECS;11170.0;1;4;4
586700;;SUBMISSION;SNACKPACK_VANILLA;XIRECS;10358.0;1;4;4
586900;;;MICROCHIP_CIRCLE;XIRECS;9743.0;2;4;4
586900;;;MICROCHIP_OVAL;XIRECS;5978.0;2;4;4
586900;;;MICROCHIP_RECTANGLE;XIRECS;8836.0;2;4;4
586900;;;MICROCHIP_SQUARE;XIRECS;15298.0;2;4;4
586900;;;MICROCHIP_TRIANGLE;XIRECS;8574.0;2;4;4
587300;;;GALAXY_SOUNDS_BLACK_HOLES;XIRECS;12694.0;4;4;4
587300;;;GALAXY_SOUNDS_DARK_MATTER;XIRECS;10038.0;4;4;4
587300;;;GALAXY_SOUNDS_PLANETARY_RINGS;XIRECS;11128.0;4;4;4
587300;;;GALAXY_SOUNDS_SOLAR_FLAMES;XIRECS;11536.0;4;4;4
587300;;;GALAXY_SOUNDS_SOLAR_WINDS;XIRECS;10972.0;4;4;4
587300;;;OXYGEN_SHAKE_CHOCOLATE;XIRECS;10807.0;4;4;4
587300;;;OXYGEN_SHAKE_EVENING_BREATH;XIRECS;9136.0;4;4;4
587300;;;OXYGEN_SHAKE_GARLIC;XIRECS;13228.0;4;4;4
587300;;;OXYGEN_SHAKE_MINT;XIRECS;9034.0;4;4;4
587300;;;OXYGEN_SHAKE_MORNING_BREATH;XIRECS;9379.0;4;4;4
587300;;;PANEL_1X2;XIRECS;9578.0;4;4;4
587300;;;PANEL_1X4;XIRECS;8114.0;4;4;4
587300;;;PANEL_2X2;XIRECS;8586.0;4;4;4
587300;;;PANEL_2X4;XIRECS;12417.0;4;4;4
587300;;;PANEL_4X4;XIRECS;9867.0;4;4;4
587300;;;ROBOT_DISHES;XIRECS;10304.0;4;4;4
587300;;;ROBOT_IRONING;XIRECS;7553.0;4;4;4
587300;;;ROBOT_LAUNDRY;XIRECS;8800.0;4;4;4
587300;;;ROBOT_MOPPING;XIRECS;11973.0;4;4;4
587300;;;ROBOT_VACUUMING;XIRECS;8586.0;4;4;4
587300;;;SLEEP_POD_COTTON;XIRECS;12596.0;4;4;4
587300;;;SLEEP_POD_LAMB_WOOL;XIRECS;11270.0;4;4;4
587300;;;SLEEP_POD_NYLON;XIRECS;9981.0;4;4;4
587300;;;SLEEP_POD_POLYESTER;XIRECS;13050.0;4;4;4
587300;;;SLEEP_POD_SUEDE;XIRECS;12434.0;4;4;4
587300;;;SNACKPACK_CHOCOLATE;XIRECS;9491.0;4;4;4
587300;;;SNACKPACK_PISTACHIO;XIRECS;9502.0;4;4;4
587300;;;SNACKPACK_RASPBERRY;XIRECS;9902.0;4;4;4
587300;;;SNACKPACK_STRAWBERRY;XIRECS;11196.0;4;4;4
587300;;;SNACKPACK_VANILLA;XIRECS;10365.0;4;4;4
587300;;;TRANSLATOR_ASTRO_BLACK;XIRECS;9357.0;4;4;4
587300;;;TRANSLATOR_ECLIPSE_CHARCOAL;XIRECS;9805.0;4;4;4
587300;;;TRANSLATOR_GRAPHITE_MIST;XIRECS;10380.0;4;4;4
587300;;;TRANSLATOR_SPACE_GRAY;XIRECS;8949.0;4;4;4
587300;;;TRANSLATOR_VOID_BLUE;XIRECS;11556.0;4;4;4
587300;;;UV_VISOR_AMBER;XIRECS;6627.0;4;4;4
587300;;;UV_VISOR_MAGENTA;XIRECS;11383.0;4;4;4
587300;;;UV_VISOR_ORANGE;XIRECS;11065.0;4;4;4
587300;;;UV_VISOR_RED;XIRECS;12057.0;4;4;4
587300;;;UV_VISOR_YELLOW;XIRECS;10135.0;4;4;4
588200;;SUBMISSION;ROBOT_MOPPING;XIRECS;11903.0;5;4;4
589600;;;MICROCHIP_CIRCLE;XIRECS;9701.0;2;4;4
589600;;;MICROCHIP_OVAL;XIRECS;5983.0;2;4;4
589600;;;MICROCHIP_RECTANGLE;XIRECS;8850.0;2;4;4
589600;;;MICROCHIP_SQUARE;XIRECS;15118.0;2;4;4
589600;;;MICROCHIP_TRIANGLE;XIRECS;8538.0;2;4;4
590100;;SUBMISSION;ROBOT_MOPPING;XIRECS;11935.0;5;4;4
590700;;SUBMISSION;PEBBLES_XL;XIRECS;15105.0;2;4;4
590700;;;PEBBLES_L;XIRECS;10392.0;5;4;4
590700;;;PEBBLES_M;XIRECS;10917.0;5;4;4
590700;;;PEBBLES_S;XIRECS;7976.0;5;4;4
590700;;;PEBBLES_XS;XIRECS;5642.0;5;4;4
591000;;;GALAXY_SOUNDS_BLACK_HOLES;XIRECS;12612.0;1;4;4
591000;;;GALAXY_SOUNDS_DARK_MATTER;XIRECS;10083.0;1;4;4
591000;;;GALAXY_SOUNDS_PLANETARY_RINGS;XIRECS;11169.0;1;4;4
591000;;;GALAXY_SOUNDS_SOLAR_FLAMES;XIRECS;11477.0;1;4;4
591000;;;GALAXY_SOUNDS_SOLAR_WINDS;XIRECS;10833.0;1;4;4
591000;;;OXYGEN_SHAKE_CHOCOLATE;XIRECS;10607.0;1;4;4
591000;;;OXYGEN_SHAKE_EVENING_BREATH;XIRECS;9186.0;1;4;4
591000;;;OXYGEN_SHAKE_GARLIC;XIRECS;13197.0;1;4;4
591000;;;OXYGEN_SHAKE_MINT;XIRECS;9094.0;1;4;4
591000;;;OXYGEN_SHAKE_MORNING_BREATH;XIRECS;9364.0;1;4;4
591000;;;PANEL_1X2;XIRECS;9535.0;1;4;4
591000;;;PANEL_1X4;XIRECS;8134.0;1;4;4
591000;;;PANEL_2X2;XIRECS;8561.0;1;4;4
591000;;;PANEL_2X4;XIRECS;12239.0;1;4;4
591000;;;PANEL_4X4;XIRECS;9773.0;1;4;4
591000;;;ROBOT_DISHES;XIRECS;10404.0;1;4;4
591000;;;ROBOT_IRONING;XIRECS;7633.0;1;4;4
591000;;;ROBOT_LAUNDRY;XIRECS;8822.0;1;4;4
591000;;;ROBOT_MOPPING;XIRECS;11956.0;1;4;4
591000;;;ROBOT_VACUUMING;XIRECS;8456.0;1;4;4
591000;;;SLEEP_POD_COTTON;XIRECS;12656.0;1;4;4
591000;;;SLEEP_POD_LAMB_WOOL;XIRECS;11314.0;1;4;4
591000;;;SLEEP_POD_NYLON;XIRECS;10123.0;1;4;4
591000;;;SLEEP_POD_POLYESTER;XIRECS;13175.0;1;4;4
591000;;;SLEEP_POD_SUEDE;XIRECS;12350.0;1;4;4
591000;;;SNACKPACK_CHOCOLATE;XIRECS;9428.0;1;4;4
591000;;;SNACKPACK_PISTACHIO;XIRECS;9462.0;1;4;4
591000;;;SNACKPACK_RASPBERRY;XIRECS;9946.0;1;4;4
591000;;;SNACKPACK_STRAWBERRY;XIRECS;11168.0;1;4;4
591000;;;SNACKPACK_VANILLA;XIRECS;10428.0;1;4;4
591000;;;TRANSLATOR_ASTRO_BLACK;XIRECS;9340.0;1;4;4
591000;;;TRANSLATOR_ECLIPSE_CHARCOAL;XIRECS;9825.0;1;4;4
591000;;;TRANSLATOR_GRAPHITE_MIST;XIRECS;10389.0;1;4;4
591000;;;TRANSLATOR_SPACE_GRAY;XIRECS;8898.0;1;4;4
591000;;;TRANSLATOR_VOID_BLUE;XIRECS;11645.0;1;4;4
591000;;;UV_VISOR_AMBER;XIRECS;6666.0;1;4;4
591000;;;UV_VISOR_MAGENTA;XIRECS;11358.0;1;4;4
591000;;;UV_VISOR_ORANGE;XIRECS;11133.0;1;4;4
591000;;;UV_VISOR_RED;XIRECS;11961.0;1;4;4
591000;;;UV_VISOR_YELLOW;XIRECS;10079.0;1;4;4
591500;SUBMISSION;;SNACKPACK_PISTACHIO;XIRECS;9454.0;2;4;4
591500;SUBMISSION;;SNACKPACK_STRAWBERRY;XIRECS;11168.0;2;4;4
591500;SUBMISSION;;SNACKPACK_VANILLA;XIRECS;10423.0;2;4;4
591600;SUBMISSION;;PEBBLES_XL;XIRECS;15178.0;3;4;4
591700;SUBMISSION;;SNACKPACK_PISTACHIO;XIRECS;9466.0;3;4;4
591700;SUBMISSION;;SNACKPACK_STRAWBERRY;XIRECS;11185.0;3;4;4
591700;SUBMISSION;;SNACKPACK_VANILLA;XIRECS;10419.0;3;4;4
592000;;;MICROCHIP_CIRCLE;XIRECS;9746.0;1;4;4
592000;;;MICROCHIP_OVAL;XIRECS;6003.0;1;4;4
592000;;;MICROCHIP_RECTANGLE;XIRECS;8905.0;1;4;4
592000;;;MICROCHIP_SQUARE;XIRECS;15067.0;1;4;4
592000;;;MICROCHIP_TRIANGLE;XIRECS;8523.0;1;4;4
592800;;SUBMISSION;SNACKPACK_PISTACHIO;XIRECS;9488.0;1;4;4
592800;;SUBMISSION;SNACKPACK_STRAWBERRY;XIRECS;11232.0;1;4;4
592800;;SUBMISSION;SNACKPACK_VANILLA;XIRECS;10398.0;1;4;4
592800;;;GALAXY_SOUNDS_BLACK_HOLES;XIRECS;12620.0;3;4;4
592800;;;GALAXY_SOUNDS_DARK_MATTER;XIRECS;10063.0;3;4;4
592800;;;GALAXY_SOUNDS_PLANETARY_RINGS;XIRECS;11167.0;3;4;4
592800;;;GALAXY_SOUNDS_SOLAR_FLAMES;XIRECS;11471.0;3;4;4
592800;;;GALAXY_SOUNDS_SOLAR_WINDS;XIRECS;10837.0;3;4;4
592800;;;OXYGEN_SHAKE_CHOCOLATE;XIRECS;10607.0;3;4;4
592800;;;OXYGEN_SHAKE_EVENING_BREATH;XIRECS;9236.0;3;4;4
592800;;;OXYGEN_SHAKE_GARLIC;XIRECS;13154.0;3;4;4
592800;;;OXYGEN_SHAKE_MINT;XIRECS;9132.0;3;4;4
592800;;;OXYGEN_SHAKE_MORNING_BREATH;XIRECS;9410.0;3;4;4
592800;;;PANEL_1X2;XIRECS;9524.0;3;4;4
592800;;;PANEL_1X4;XIRECS;8158.0;3;4;4
592800;;;PANEL_2X2;XIRECS;8562.0;3;4;4
592800;;;PANEL_2X4;XIRECS;12169.0;3;4;4
592800;;;PANEL_4X4;XIRECS;9713.0;3;4;4
592800;;;ROBOT_DISHES;XIRECS;10504.0;3;4;4
592800;;;ROBOT_IRONING;XIRECS;7643.0;3;4;4
592800;;;ROBOT_LAUNDRY;XIRECS;8855.0;3;4;4
592800;;;ROBOT_MOPPING;XIRECS;11888.0;3;4;4
592800;;;ROBOT_VACUUMING;XIRECS;8429.0;3;4;4
592800;;;SLEEP_POD_COTTON;XIRECS;12653.0;3;4;4
592800;;;SLEEP_POD_LAMB_WOOL;XIRECS;11272.0;3;4;4
592800;;;SLEEP_POD_NYLON;XIRECS;10170.0;3;4;4
592800;;;SLEEP_POD_POLYESTER;XIRECS;13197.0;3;4;4
592800;;;SLEEP_POD_SUEDE;XIRECS;12364.0;3;4;4
592800;;;SNACKPACK_CHOCOLATE;XIRECS;9448.0;3;4;4
592800;;;SNACKPACK_RASPBERRY;XIRECS;9887.0;3;4;4
592800;;;TRANSLATOR_ASTRO_BLACK;XIRECS;9398.0;3;4;4
592800;;;TRANSLATOR_ECLIPSE_CHARCOAL;XIRECS;9873.0;3;4;4
592800;;;TRANSLATOR_GRAPHITE_MIST;XIRECS;10432.0;3;4;4
592800;;;TRANSLATOR_SPACE_GRAY;XIRECS;8879.0;3;4;4
592800;;;TRANSLATOR_VOID_BLUE;XIRECS;11755.0;3;4;4
592800;;;UV_VISOR_AMBER;XIRECS;6685.0;3;4;4
592800;;;UV_VISOR_MAGENTA;XIRECS;11389.0;3;4;4
592800;;;UV_VISOR_ORANGE;XIRECS;11108.0;3;4;4
592800;;;UV_VISOR_RED;XIRECS;12040.0;3;4;4
592800;;;UV_VISOR_YELLOW;XIRECS;10085.0;3;4;4
593400;SUBMISSION;;SNACKPACK_PISTACHIO;XIRECS;9472.0;2;4;4
593400;;SUBMISSION;ROBOT_MOPPING;XIRECS;11860.0;5;4;4
593400;SUBMISSION;;SNACKPACK_STRAWBERRY;XIRECS;11197.0;2;4;4
593400;SUBMISSION;;SNACKPACK_VANILLA;XIRECS;10392.0;2;4;4
594000;;SUBMISSION;PEBBLES_XL;XIRECS;15247.0;2;4;4
594000;;;PEBBLES_L;XIRECS;10395.0;4;4;4
594000;;;PEBBLES_M;XIRECS;10820.0;4;4;4
594000;;;PEBBLES_S;XIRECS;7928.0;4;4;4
594000;;;PEBBLES_XS;XIRECS;5642.0;4;4;4
595000;SUBMISSION;;PEBBLES_XL;XIRECS;15241.0;2;4;4
595000;;;PEBBLES_L;XIRECS;10409.0;3;4;4
595000;;;PEBBLES_M;XIRECS;10757.0;3;4;4
595000;;;PEBBLES_S;XIRECS;7903.0;3;4;4
595000;;;PEBBLES_XS;XIRECS;5659.0;3;4;4
595600;;;MICROCHIP_CIRCLE;XIRECS;9667.0;3;4;4
595600;;;MICROCHIP_OVAL;XIRECS;6031.0;3;4;4
595600;;;MICROCHIP_RECTANGLE;XIRECS;8904.0;3;4;4
595600;;;MICROCHIP_SQUARE;XIRECS;14962.0;3;4;4
595600;;;MICROCHIP_TRIANGLE;XIRECS;8500.0;3;4;4
595800;;SUBMISSION;PEBBLES_XL;XIRECS;15210.0;2;4;4
595800;;;PEBBLES_L;XIRECS;10445.0;2;4;4
595800;;;PEBBLES_M;XIRECS;10723.0;2;4;4
595800;;;PEBBLES_S;XIRECS;7962.0;2;4;4
595800;;;PEBBLES_XS;XIRECS;5690.0;2;4;4
596400;;;GALAXY_SOUNDS_BLACK_HOLES;XIRECS;12650.0;3;4;4
596400;;;GALAXY_SOUNDS_DARK_MATTER;XIRECS;9991.0;3;4;4
596400;;;GALAXY_SOUNDS_PLANETARY_RINGS;XIRECS;11081.0;3;4;4
596400;;;GALAXY_SOUNDS_SOLAR_FLAMES;XIRECS;11355.0;3;4;4
596400;;;GALAXY_SOUNDS_SOLAR_WINDS;XIRECS;10756.0;3;4;4
596400;;;OXYGEN_SHAKE_CHOCOLATE;XIRECS;10604.0;3;4;4
596400;;;OXYGEN_SHAKE_EVENING_BREATH;XIRECS;9174.0;3;4;4
596400;;;OXYGEN_SHAKE_GARLIC;XIRECS;13111.0;3;4;4
596400;;;OXYGEN_SHAKE_MINT;XIRECS;9123.0;3;4;4
596400;;;OXYGEN_SHAKE_MORNING_BREATH;XIRECS;9374.0;3;4;4
596400;;;PANEL_1X2;XIRECS;9548.0;3;4;4
596400;;;PANEL_1X4;XIRECS;8120.0;3;4;4
596400;;;PANEL_2X2;XIRECS;8543.0;3;4;4
596400;;;PANEL_2X4;XIRECS;12116.0;3;4;4
596400;;;PANEL_4X4;XIRECS;9642.0;3;4;4
596400;;;ROBOT_DISHES;XIRECS;10396.0;3;4;4
596400;;;ROBOT_IRONING;XIRECS;7697.0;3;4;4
596400;;;ROBOT_LAUNDRY;XIRECS;8880.0;3;4;4
596400;;;ROBOT_MOPPING;XIRECS;11757.0;3;4;4
596400;;;ROBOT_VACUUMING;XIRECS;8419.0;3;4;4
596400;;;SLEEP_POD_COTTON;XIRECS;12673.0;3;4;4
596400;;;SLEEP_POD_LAMB_WOOL;XIRECS;11252.0;3;4;4
596400;;;SLEEP_POD_NYLON;XIRECS;10253.0;3;4;4
596400;;;SLEEP_POD_POLYESTER;XIRECS;13194.0;3;4;4
596400;;;SLEEP_POD_SUEDE;XIRECS;12416.0;3;4;4
596400;;;SNACKPACK_CHOCOLATE;XIRECS;9375.0;3;4;4
596400;;;SNACKPACK_PISTACHIO;XIRECS;9478.0;3;4;4
596400;;;SNACKPACK_RASPBERRY;XIRECS;9862.0;3;4;4
596400;;;SNACKPACK_STRAWBERRY;XIRECS;11227.0;3;4;4
596400;;;SNACKPACK_VANILLA;XIRECS;10440.0;3;4;4
596400;;;TRANSLATOR_ASTRO_BLACK;XIRECS;9424.0;3;4;4
596400;;;TRANSLATOR_ECLIPSE_CHARCOAL;XIRECS;9847.0;3;4;4
596400;;;TRANSLATOR_GRAPHITE_MIST;XIRECS;10345.0;3;4;4
596400;;;TRANSLATOR_SPACE_GRAY;XIRECS;8884.0;3;4;4
596400;;;TRANSLATOR_VOID_BLUE;XIRECS;11659.0;3;4;4
596400;;;UV_VISOR_AMBER;XIRECS;6673.0;3;4;4
596400;;;UV_VISOR_MAGENTA;XIRECS;11425.0;3;4;4
596400;;;UV_VISOR_ORANGE;XIRECS;10966.0;3;4;4
596400;;;UV_VISOR_RED;XIRECS;12136.0;3;4;4
596400;;;UV_VISOR_YELLOW;XIRECS;10045.0;3;4;4
598300;;SUBMISSION;GALAXY_SOUNDS_PLANETARY_RINGS;XIRECS;11049.0;5;4;4
599500;;SUBMISSION;PEBBLES_XL;XIRECS;15472.0;2;4;4
599500;;;MICROCHIP_CIRCLE;XIRECS;9677.0;3;4;4
599500;;;MICROCHIP_OVAL;XIRECS;6075.0;3;4;4
599500;;;MICROCHIP_RECTANGLE;XIRECS;8883.0;3;4;4
599500;;;MICROCHIP_SQUARE;XIRECS;14918.0;3;4;4
599500;;;MICROCHIP_TRIANGLE;XIRECS;8588.0;3;4;4
599500;;;PEBBLES_L;XIRECS;10436.0;5;4;4
599500;;;PEBBLES_M;XIRECS;10631.0;5;4;4
599500;;;PEBBLES_S;XIRECS;7884.0;5;4;4
599500;;;PEBBLES_XS;XIRECS;5609.0;5;4;4
600300;;SUBMISSION;GALAXY_SOUNDS_PLANETARY_RINGS;XIRECS;10933.0;5;4;4
600600;;SUBMISSION;SNACKPACK_PISTACHIO;XIRECS;9519.0;5;4;4
600600;;SUBMISSION;SNACKPACK_STRAWBERRY;XIRECS;11289.0;5;4;4
600600;;SUBMISSION;SNACKPACK_VANILLA;XIRECS;10404.0;5;4;4
601100;SUBMISSION;;PEBBLES_XL;XIRECS;15294.0;6;4;4
601500;;SUBMISSION;GALAXY_SOUNDS_PLANETARY_RINGS;XIRECS;10848.0;5;4;4
601600;;SUBMISSION;SNACKPACK_PISTACHIO;XIRECS;9525.0;1;4;4
601600;;SUBMISSION;SNACKPACK_STRAWBERRY;XIRECS;11297.0;1;4;4
601600;;SUBMISSION;SNACKPACK_VANILLA;XIRECS;10411.0;1;4;4
602100;SUBMISSION;;SNACKPACK_PISTACHIO;XIRECS;9533.0;4;4;4
602100;SUBMISSION;;SNACKPACK_STRAWBERRY;XIRECS;11315.0;4;4;4
602100;SUBMISSION;;PEBBLES_XL;XIRECS;15133.0;2;4;4
602100;SUBMISSION;;SNACKPACK_VANILLA;XIRECS;10423.0;4;4;4
602100;;;PEBBLES_L;XIRECS;10555.0;2;4;4
602100;;;PEBBLES_M;XIRECS;10721.0;2;4;4
602100;;;PEBBLES_S;XIRECS;7877.0;2;4;4
602100;;;PEBBLES_XS;XIRECS;5682.0;2;4;4
602600;;SUBMISSION;GALAXY_SOUNDS_PLANETARY_RINGS;XIRECS;10845.0;5;4;4
602800;SUBMISSION;;PEBBLES_XL;XIRECS;15159.0;1;4;4
603400;;SUBMISSION;SNACKPACK_PISTACHIO;XIRECS;9522.0;4;4;4
603400;;SUBMISSION;SNACKPACK_STRAWBERRY;XIRECS;11284.0;4;4;4
603400;;SUBMISSION;SNACKPACK_VANILLA;XIRECS;10424.0;4;4;4
603600;;;MICROCHIP_CIRCLE;XIRECS;9785.0;3;4;4
603600;;;MICROCHIP_OVAL;XIRECS;6050.0;3;4;4
603600;;;MICROCHIP_RECTANGLE;XIRECS;8833.0;3;4;4
603600;;;MICROCHIP_SQUARE;XIRECS;14811.0;3;4;4
603600;;;MICROCHIP_TRIANGLE;XIRECS;8595.0;3;4;4
604000;SUBMISSION;;SNACKPACK_PISTACHIO;XIRECS;9519.0;2;4;4
604000;SUBMISSION;;SNACKPACK_STRAWBERRY;XIRECS;11296.0;2;4;4
604000;SUBMISSION;;SNACKPACK_VANILLA;XIRECS;10414.0;2;4;4
604000;;;GALAXY_SOUNDS_BLACK_HOLES;XIRECS;12599.0;2;4;4
604000;;;GALAXY_SOUNDS_DARK_MATTER;XIRECS;9929.0;2;4;4
604000;;;GALAXY_SOUNDS_PLANETARY_RINGS;XIRECS;10914.0;2;4;4
604000;;;GALAXY_SOUNDS_SOLAR_FLAMES;XIRECS;11307.0;2;4;4
604000;;;GALAXY_SOUNDS_SOLAR_WINDS;XIRECS;10834.0;2;4;4
604000;;;OXYGEN_SHAKE_CHOCOLATE;XIRECS;10543.0;2;4;4
604000;;;OXYGEN_SHAKE_EVENING_BREATH;XIRECS;9184.0;2;4;4
604000;;;OXYGEN_SHAKE_GARLIC;XIRECS;12928.0;2;4;4
604000;;;OXYGEN_SHAKE_MINT;XIRECS;9237.0;2;4;4
604000;;;OXYGEN_SHAKE_MORNING_BREATH;XIRECS;9236.0;2;4;4
604000;;;PANEL_1X2;XIRECS;9536.0;2;4;4
604000;;;PANEL_1X4;XIRECS;8249.0;2;4;4
604000;;;PANEL_2X2;XIRECS;8600.0;2;4;4
604000;;;PANEL_2X4;XIRECS;12128.0;2;4;4
604000;;;PANEL_4X4;XIRECS;9711.0;2;4;4
604000;;;PEBBLES_L;XIRECS;10368.0;4;4;4
604000;;;PEBBLES_M;XIRECS;10660.0;4;4;4
604000;;;PEBBLES_S;XIRECS;7895.0;4;4;4
604000;;;PEBBLES_XL;XIRECS;15359.0;4;4;4
604000;;;PEBBLES_XS;XIRECS;5686.0;4;4;4
604000;;;ROBOT_DISHES;XIRECS;10396.0;2;4;4
604000;;;ROBOT_IRONING;XIRECS;7737.0;2;4;4
604000;;;ROBOT_LAUNDRY;XIRECS;8884.0;2;4;4
604000;;;ROBOT_MOPPING;XIRECS;11581.0;2;4;4
604000;;;ROBOT_VACUUMING;XIRECS;8451.0;2;4;4
604000;;;SLEEP_POD_COTTON;XIRECS;12625.0;2;4;4
604000;;;SLEEP_POD_LAMB_WOOL;XIRECS;11314.0;2;4;4
604000;;;SLEEP_POD_NYLON;XIRECS;10319.0;2;4;4
604000;;;SLEEP_POD_POLYESTER;XIRECS;13237.0;2;4;4
604000;;;SLEEP_POD_SUEDE;XIRECS;12229.0;2;4;4
604000;;;SNACKPACK_CHOCOLATE;XIRECS;9434.0;2;4;4
604000;;;SNACKPACK_RASPBERRY;XIRECS;9808.0;2;4;4
604000;;;TRANSLATOR_ASTRO_BLACK;XIRECS;9320.0;2;4;4
604000;;;TRANSLATOR_ECLIPSE_CHARCOAL;XIRECS;9790.0;2;4;4
604000;;;TRANSLATOR_GRAPHITE_MIST;XIRECS;10285.0;2;4;4
604000;;;TRANSLATOR_SPACE_GRAY;XIRECS;8924.0;2;4;4
604000;;;TRANSLATOR_VOID_BLUE;XIRECS;11594.0;2;4;4
604000;;;UV_VISOR_AMBER;XIRECS;6670.0;2;4;4
604000;;;UV_VISOR_MAGENTA;XIRECS;11474.0;2;4;4
604000;;;UV_VISOR_ORANGE;XIRECS;11017.0;2;4;4
604000;;;UV_VISOR_RED;XIRECS;12079.0;2;4;4
604000;;;UV_VISOR_YELLOW;XIRECS;9923.0;2;4;4
604200;;SUBMISSION;SNACKPACK_PISTACHIO;XIRECS;9525.0;2;4;4
604200;;SUBMISSION;SNACKPACK_STRAWBERRY;XIRECS;11301.0;2;4;4
604200;;SUBMISSION;SNACKPACK_VANILLA;XIRECS;10430.0;2;4;4
604400;;SUBMISSION;PEBBLES_XL;XIRECS;15397.0;5;4;4
604800;;SUBMISSION;PEBBLES_XL;XIRECS;15347.0;2;4;4
604800;;;PEBBLES_L;XIRECS;10385.0;2;4;4
604800;;;PEBBLES_M;XIRECS;10667.0;2;4;4
604800;;;PEBBLES_S;XIRECS;7967.0;2;4;4
604800;;;PEBBLES_XS;XIRECS;5665.0;2;4;4
605600;SUBMISSION;;PEBBLES_XL;XIRECS;15411.0;7;4;4
606100;;SUBMISSION;GALAXY_SOUNDS_BLACK_HOLES;XIRECS;12584.0;5;4;4
607600;SUBMISSION;;SNACKPACK_PISTACHIO;XIRECS;9507.0;3;4;4
607600;SUBMISSION;;SNACKPACK_STRAWBERRY;XIRECS;11308.0;3;4;4
607600;SUBMISSION;;SNACKPACK_VANILLA;XIRECS;10447.0;3;4;4
610900;SUBMISSION;;SLEEP_POD_COTTON;XIRECS;12782.0;5;4;4
613100;;SUBMISSION;GALAXY_SOUNDS_BLACK_HOLES;XIRECS;12519.0;5;4;4
613600;;SUBMISSION;SNACKPACK_PISTACHIO;XIRECS;9491.0;3;4;4
613600;;SUBMISSION;SNACKPACK_STRAWBERRY;XIRECS;11296.0;3;4;4
613600;;SUBMISSION;SNACKPACK_VANILLA;XIRECS;10455.0;3;4;4
613600;;;GALAXY_SOUNDS_BLACK_HOLES;XIRECS;12544.0;2;4;4
613600;;;GALAXY_SOUNDS_DARK_MATTER;XIRECS;9993.0;2;4;4
613600;;;GALAXY_SOUNDS_PLANETARY_RINGS;XIRECS;10842.0;2;4;4
613600;;;GALAXY_SOUNDS_SOLAR_FLAMES;XIRECS;11394.0;2;4;4
613600;;;GALAXY_SOUNDS_SOLAR_WINDS;XIRECS;11000.0;2;4;4
613600;;;OXYGEN_SHAKE_CHOCOLATE;XIRECS;10669.0;2;4;4
613600;;;OXYGEN_SHAKE_EVENING_BREATH;XIRECS;9310.0;2;4;4
613600;;;OXYGEN_SHAKE_GARLIC;XIRECS;12878.0;2;4;4
613600;;;OXYGEN_SHAKE_MINT;XIRECS;9316.0;2;4;4
613600;;;OXYGEN_SHAKE_MORNING_BREATH;XIRECS;9218.0;2;4;4
613600;;;PANEL_1X2;XIRECS;9478.0;2;4;4
613600;;;PANEL_1X4;XIRECS;8248.0;2;4;4
613600;;;PANEL_2X2;XIRECS;8755.0;2;4;4
613600;;;PANEL_2X4;XIRECS;12211.0;2;4;4
613600;;;PANEL_4X4;XIRECS;9619.0;2;4;4
613600;;;ROBOT_DISHES;XIRECS;10600.0;2;4;4
613600;;;ROBOT_IRONING;XIRECS;7680.0;2;4;4
613600;;;ROBOT_LAUNDRY;XIRECS;8813.0;2;4;4
613600;;;ROBOT_MOPPING;XIRECS;11575.0;2;4;4
613600;;;ROBOT_VACUUMING;XIRECS;8442.0;2;4;4
613600;;;SLEEP_POD_COTTON;XIRECS;12771.0;2;4;4
613600;;;SLEEP_POD_LAMB_WOOL;XIRECS;11458.0;2;4;4
613600;;;SLEEP_POD_NYLON;XIRECS;10237.0;2;4;4
613600;;;SLEEP_POD_POLYESTER;XIRECS;12973.0;2;4;4
613600;;;SLEEP_POD_SUEDE;XIRECS;12362.0;2;4;4
613600;;;SNACKPACK_CHOCOLATE;XIRECS;9422.0;2;4;4
613600;;;SNACKPACK_PISTACHIO;XIRECS;9491.0;2;4;4
613600;;;SNACKPACK_RASPBERRY;XIRECS;9818.0;2;4;4
613600;;;SNACKPACK_STRAWBERRY;XIRECS;11296.0;2;4;4
613600;;;SNACKPACK_VANILLA;XIRECS;10455.0;2;4;4
613600;;;TRANSLATOR_ASTRO_BLACK;XIRECS;9308.0;2;4;4
613600;;;TRANSLATOR_ECLIPSE_CHARCOAL;XIRECS;9701.0;2;4;4
613600;;;TRANSLATOR_GRAPHITE_MIST;XIRECS;10218.0;2;4;4
613600;;;TRANSLATOR_SPACE_GRAY;XIRECS;8951.0;2;4;4
613600;;;TRANSLATOR_VOID_BLUE;XIRECS;11361.0;2;4;4
613600;;;UV_VISOR_AMBER;XIRECS;6565.0;2;4;4
613600;;;UV_VISOR_MAGENTA;XIRECS;11388.0;2;4;4
613600;;;UV_VISOR_ORANGE;XIRECS;11032.0;2;4;4
613600;;;UV_VISOR_RED;XIRECS;12183.0;2;4;4
613600;;;UV_VISOR_YELLOW;XIRECS;10006.0;2;4;4
614700;SUBMISSION;;SNACKPACK_PISTACHIO;XIRECS;9499.0;2;4;4
614700;SUBMISSION;;SNACKPACK_STRAWBERRY;XIRECS;11311.0;2;4;4
614700;SUBMISSION;;SNACKPACK_VANILLA;XIRECS;10471.0;2;4;4
614700;;;GALAXY_SOUNDS_BLACK_HOLES;XIRECS;12501.0;3;4;4
614700;;;GALAXY_SOUNDS_DARK_MATTER;XIRECS;9997.0;3;4;4
614700;;;GALAXY_SOUNDS_PLANETARY_RINGS;XIRECS;10832.0;3;4;4
614700;;;GALAXY_SOUNDS_SOLAR_FLAMES;XIRECS;11336.0;3;4;4
614700;;;GALAXY_SOUNDS_SOLAR_WINDS;XIRECS;11001.0;3;4;4
614700;;;OXYGEN_SHAKE_CHOCOLATE;XIRECS;10633.0;3;4;4
614700;;;OXYGEN_SHAKE_EVENING_BREATH;XIRECS;9274.0;3;4;4
614700;;;OXYGEN_SHAKE_GARLIC;XIRECS;12889.0;3;4;4
614700;;;OXYGEN_SHAKE_MINT;XIRECS;9359.0;3;4;4
614700;;;OXYGEN_SHAKE_MORNING_BREATH;XIRECS;9215.0;3;4;4
614700;;;PANEL_1X2;XIRECS;9455.0;3;4;4
614700;;;PANEL_1X4;XIRECS;8268.0;3;4;4
614700;;;PANEL_2X2;XIRECS;8699.0;3;4;4
614700;;;PANEL_2X4;XIRECS;12196.0;3;4;4
614700;;;PANEL_4X4;XIRECS;9587.0;3;4;4
614700;;;ROBOT_DISHES;XIRECS;10596.0;3;4;4
614700;;;ROBOT_IRONING;XIRECS;7647.0;3;4;4
614700;;;ROBOT_LAUNDRY;XIRECS;8804.0;3;4;4
614700;;;ROBOT_MOPPING;XIRECS;11615.0;3;4;4
614700;;;ROBOT_VACUUMING;XIRECS;8382.0;3;4;4
614700;;;SLEEP_POD_COTTON;XIRECS;12753.0;3;4;4
614700;;;SLEEP_POD_LAMB_WOOL;XIRECS;11424.0;3;4;4
614700;;;SLEEP_POD_NYLON;XIRECS;10238.0;3;4;4
614700;;;SLEEP_POD_POLYESTER;XIRECS;12935.0;3;4;4
614700;;;SLEEP_POD_SUEDE;XIRECS;12354.0;3;4;4
614700;;;SNACKPACK_CHOCOLATE;XIRECS;9388.0;3;4;4
614700;;;SNACKPACK_RASPBERRY;XIRECS;9788.0;3;4;4
614700;;;TRANSLATOR_ASTRO_BLACK;XIRECS;9315.0;3;4;4
614700;;;TRANSLATOR_ECLIPSE_CHARCOAL;XIRECS;9667.0;3;4;4
614700;;;TRANSLATOR_GRAPHITE_MIST;XIRECS;10189.0;3;4;4
614700;;;TRANSLATOR_SPACE_GRAY;XIRECS;8938.0;3;4;4
614700;;;TRANSLATOR_VOID_BLUE;XIRECS;11324.0;3;4;4
614700;;;UV_VISOR_AMBER;XIRECS;6575.0;3;4;4
614700;;;UV_VISOR_MAGENTA;XIRECS;11333.0;3;4;4
614700;;;UV_VISOR_ORANGE;XIRECS;10974.0;3;4;4
614700;;;UV_VISOR_RED;XIRECS;12167.0;3;4;4
614700;;;UV_VISOR_YELLOW;XIRECS;10004.0;3;4;4
614800;SUBMISSION;;SLEEP_POD_COTTON;XIRECS;12763.0;5;4;4
618400;SUBMISSION;;PANEL_1X4;XIRECS;8307.0;5;4;4
618500;SUBMISSION;;SNACKPACK_PISTACHIO;XIRECS;9428.0;2;4;4
618500;SUBMISSION;;SNACKPACK_STRAWBERRY;XIRECS;11219.0;2;4;4
618500;SUBMISSION;;SNACKPACK_VANILLA;XIRECS;10492.0;2;4;4
618500;;;GALAXY_SOUNDS_BLACK_HOLES;XIRECS;12661.0;3;4;4
618500;;;GALAXY_SOUNDS_DARK_MATTER;XIRECS;9949.0;3;4;4
618500;;;GALAXY_SOUNDS_PLANETARY_RINGS;XIRECS;10881.0;3;4;4
618500;;;GALAXY_SOUNDS_SOLAR_FLAMES;XIRECS;11405.0;3;4;4
618500;;;GALAXY_SOUNDS_SOLAR_WINDS;XIRECS;11021.0;3;4;4
618500;;;OXYGEN_SHAKE_CHOCOLATE;XIRECS;10607.0;3;4;4
618500;;;OXYGEN_SHAKE_EVENING_BREATH;XIRECS;9274.0;3;4;4
618500;;;OXYGEN_SHAKE_GARLIC;XIRECS;12866.0;3;4;4
618500;;;OXYGEN_SHAKE_MINT;XIRECS;9393.0;3;4;4
618500;;;OXYGEN_SHAKE_MORNING_BREATH;XIRECS;9279.0;3;4;4
618500;;;PANEL_1X2;XIRECS;9489.0;3;4;4
618500;;;PANEL_1X4;XIRECS;8302.0;3;4;4
618500;;;PANEL_2X2;XIRECS;8643.0;3;4;4
618500;;;PANEL_2X4;XIRECS;12190.0;3;4;4
618500;;;PANEL_4X4;XIRECS;9550.0;3;4;4
618500;;;ROBOT_DISHES;XIRECS;10696.0;3;4;4
618500;;;ROBOT_IRONING;XIRECS;7677.0;3;4;4
618500;;;ROBOT_LAUNDRY;XIRECS;8798.0;3;4;4
618500;;;ROBOT_MOPPING;XIRECS;11515.0;3;4;4
618500;;;ROBOT_VACUUMING;XIRECS;8327.0;3;4;4
618500;;;SLEEP_POD_COTTON;XIRECS;12696.0;3;4;4
618500;;;SLEEP_POD_LAMB_WOOL;XIRECS;11402.0;3;4;4
618500;;;SLEEP_POD_NYLON;XIRECS;10384.0;3;4;4
618500;;;SLEEP_POD_POLYESTER;XIRECS;12980.0;3;4;4
618500;;;SLEEP_POD_SUEDE;XIRECS;12267.0;3;4;4
618500;;;SNACKPACK_CHOCOLATE;XIRECS;9380.0;3;4;4
618500;;;SNACKPACK_RASPBERRY;XIRECS;9863.0;3;4;4
618500;;;TRANSLATOR_ASTRO_BLACK;XIRECS;9293.0;3;4;4
618500;;;TRANSLATOR_ECLIPSE_CHARCOAL;XIRECS;9650.0;3;4;4
618500;;;TRANSLATOR_GRAPHITE_MIST;XIRECS;10064.0;3;4;4
618500;;;TRANSLATOR_SPACE_GRAY;XIRECS;8832.0;3;4;4
618500;;;TRANSLATOR_VOID_BLUE;XIRECS;11352.0;3;4;4
618500;;;UV_VISOR_AMBER;XIRECS;6513.0;3;4;4
618500;;;UV_VISOR_MAGENTA;XIRECS;11203.0;3;4;4
618500;;;UV_VISOR_ORANGE;XIRECS;11002.0;3;4;4
618500;;;UV_VISOR_RED;XIRECS;12149.0;3;4;4
618500;;;UV_VISOR_YELLOW;XIRECS;10056.0;3;4;4
618700;;;MICROCHIP_CIRCLE;XIRECS;9655.0;2;4;4
618700;;;MICROCHIP_OVAL;XIRECS;5841.0;2;4;4
618700;;;MICROCHIP_RECTANGLE;XIRECS;8728.0;2;4;4
618700;;;MICROCHIP_SQUARE;XIRECS;14439.0;2;4;4
618700;;;MICROCHIP_TRIANGLE;XIRECS;8359.0;2;4;4
618800;SUBMISSION;;GALAXY_SOUNDS_BLACK_HOLES;XIRECS;12697.0;5;4;4
618900;;;MICROCHIP_CIRCLE;XIRECS;9651.0;3;4;4
618900;;;MICROCHIP_OVAL;XIRECS;5847.0;3;4;4
618900;;;MICROCHIP_RECTANGLE;XIRECS;8733.0;3;4;4
618900;;;MICROCHIP_SQUARE;XIRECS;14479.0;3;4;4
618900;;;MICROCHIP_TRIANGLE;XIRECS;8352.0;3;4;4
619100;;SUBMISSION;SLEEP_POD_COTTON;XIRECS;12680.0;5;4;4
619200;;SUBMISSION;PEBBLES_XL;XIRECS;15256.0;8;4;4
619300;;SUBMISSION;SNACKPACK_PISTACHIO;XIRECS;9435.0;2;4;4
619300;;SUBMISSION;SNACKPACK_STRAWBERRY;XIRECS;11248.0;2;4;4
619300;;SUBMISSION;SNACKPACK_VANILLA;XIRECS;10486.0;2;4;4
619700;SUBMISSION;;PEBBLES_XL;XIRECS;15249.0;6;4;4
620500;SUBMISSION;;SNACKPACK_PISTACHIO;XIRECS;9444.0;2;4;4
620500;SUBMISSION;;SNACKPACK_STRAWBERRY;XIRECS;11265.0;2;4;4
620500;SUBMISSION;;SNACKPACK_VANILLA;XIRECS;10458.0;2;4;4
620700;SUBMISSION;;PEBBLES_XL;XIRECS;15287.0;2;4;4
620800;SUBMISSION;;GALAXY_SOUNDS_BLACK_HOLES;XIRECS;12700.0;5;4;4
620900;SUBMISSION;;PANEL_1X4;XIRECS;8333.0;5;4;4
621300;;;GALAXY_SOUNDS_BLACK_HOLES;XIRECS;12746.0;2;4;4
621300;;;GALAXY_SOUNDS_DARK_MATTER;XIRECS;9965.0;2;4;4
621300;;;GALAXY_SOUNDS_PLANETARY_RINGS;XIRECS;10815.0;2;4;4
621300;;;GALAXY_SOUNDS_SOLAR_FLAMES;XIRECS;11372.0;2;4;4
621300;;;GALAXY_SOUNDS_SOLAR_WINDS;XIRECS;11019.0;2;4;4
621300;;;OXYGEN_SHAKE_CHOCOLATE;XIRECS;10650.0;2;4;4
621300;;;OXYGEN_SHAKE_EVENING_BREATH;XIRECS;9304.0;2;4;4
621300;;;OXYGEN_SHAKE_GARLIC;XIRECS;12814.0;2;4;4
621300;;;OXYGEN_SHAKE_MINT;XIRECS;9500.0;2;4;4
621300;;;OXYGEN_SHAKE_MORNING_BREATH;XIRECS;9241.0;2;4;4
621300;;;PANEL_1X2;XIRECS;9474.0;2;4;4
621300;;;PANEL_1X4;XIRECS;8320.0;2;4;4
621300;;;PANEL_2X2;XIRECS;8728.0;2;4;4
621300;;;PANEL_2X4;XIRECS;12232.0;2;4;4
621300;;;PANEL_4X4;XIRECS;9471.0;2;4;4
621300;;;ROBOT_DISHES;XIRECS;10596.0;2;4;4
621300;;;ROBOT_IRONING;XIRECS;7637.0;2;4;4
621300;;;ROBOT_LAUNDRY;XIRECS;8897.0;2;4;4
621300;;;ROBOT_MOPPING;XIRECS;11397.0;2;4;4
621300;;;ROBOT_VACUUMING;XIRECS;8329.0;2;4;4
621300;;;SLEEP_POD_COTTON;XIRECS;12730.0;2;4;4
621300;;;SLEEP_POD_LAMB_WOOL;XIRECS;11255.0;2;4;4
621300;;;SLEEP_POD_NYLON;XIRECS;10461.0;2;4;4
621300;;;SLEEP_POD_POLYESTER;XIRECS;12897.0;2;4;4
621300;;;SLEEP_POD_SUEDE;XIRECS;12162.0;2;4;4
621300;;;SNACKPACK_CHOCOLATE;XIRECS;9405.0;2;4;4
621300;;;SNACKPACK_PISTACHIO;XIRECS;9470.0;2;4;4
621300;;;SNACKPACK_RASPBERRY;XIRECS;9760.0;2;4;4
621300;;;SNACKPACK_STRAWBERRY;XIRECS;11326.0;2;4;4
621300;;;SNACKPACK_VANILLA;XIRECS;10459.0;2;4;4
621300;;;TRANSLATOR_ASTRO_BLACK;XIRECS;9318.0;2;4;4
621300;;;TRANSLATOR_ECLIPSE_CHARCOAL;XIRECS;9625.0;2;4;4
621300;;;TRANSLATOR_GRAPHITE_MIST;XIRECS;10055.0;2;4;4
621300;;;TRANSLATOR_SPACE_GRAY;XIRECS;8881.0;2;4;4
621300;;;TRANSLATOR_VOID_BLUE;XIRECS;11360.0;2;4;4
621300;;;UV_VISOR_AMBER;XIRECS;6530.0;2;4;4
621300;;;UV_VISOR_MAGENTA;XIRECS;11177.0;2;4;4
621300;;;UV_VISOR_ORANGE;XIRECS;11008.0;2;4;4
621300;;;UV_VISOR_RED;XIRECS;12037.0;2;4;4
621300;;;UV_VISOR_YELLOW;XIRECS;9956.0;2;4;4
621700;;;GALAXY_SOUNDS_BLACK_HOLES;XIRECS;12716.0;3;4;4
621700;;;GALAXY_SOUNDS_DARK_MATTER;XIRECS;9966.0;3;4;4
621700;;;GALAXY_SOUNDS_PLANETARY_RINGS;XIRECS;10782.0;3;4;4
621700;;;GALAXY_SOUNDS_SOLAR_FLAMES;XIRECS;11371.0;3;4;4
621700;;;GALAXY_SOUNDS_SOLAR_WINDS;XIRECS;11015.0;3;4;4
621700;;;OXYGEN_SHAKE_CHOCOLATE;XIRECS;10611.0;3;4;4
621700;;;OXYGEN_SHAKE_EVENING_BREATH;XIRECS;9314.0;3;4;4
621700;;;OXYGEN_SHAKE_GARLIC;XIRECS;12805.0;3;4;4
621700;;;OXYGEN_SHAKE_MINT;XIRECS;9533.0;3;4;4
621700;;;OXYGEN_SHAKE_MORNING_BREATH;XIRECS;9262.0;3;4;4
621700;;;PANEL_1X2;XIRECS;9463.0;3;4;4
621700;;;PANEL_1X4;XIRECS;8312.0;3;4;4
621700;;;PANEL_2X2;XIRECS;8735.0;3;4;4
621700;;;PANEL_2X4;XIRECS;12202.0;3;4;4
621700;;;PANEL_4X4;XIRECS;9446.0;3;4;4
621700;;;ROBOT_DISHES;XIRECS;10596.0;3;4;4
621700;;;ROBOT_IRONING;XIRECS;7627.0;3;4;4
621700;;;ROBOT_LAUNDRY;XIRECS;8902.0;3;4;4
621700;;;ROBOT_MOPPING;XIRECS;11390.0;3;4;4
621700;;;ROBOT_VACUUMING;XIRECS;8334.0;3;4;4
621700;;;SLEEP_POD_COTTON;XIRECS;12688.0;3;4;4
621700;;;SLEEP_POD_LAMB_WOOL;XIRECS;11250.0;3;4;4
621700;;;SLEEP_POD_NYLON;XIRECS;10406.0;3;4;4
621700;;;SLEEP_POD_POLYESTER;XIRECS;12896.0;3;4;4
621700;;;SLEEP_POD_SUEDE;XIRECS;12177.0;3;4;4
621700;;;SNACKPACK_CHOCOLATE;XIRECS;9398.0;3;4;4
621700;;;SNACKPACK_PISTACHIO;XIRECS;9449.0;3;4;4
621700;;;SNACKPACK_RASPBERRY;XIRECS;9786.0;3;4;4
621700;;;SNACKPACK_STRAWBERRY;XIRECS;11302.0;3;4;4
621700;;;SNACKPACK_VANILLA;XIRECS;10467.0;3;4;4
621700;;;TRANSLATOR_ASTRO_BLACK;XIRECS;9314.0;3;4;4
621700;;;TRANSLATOR_ECLIPSE_CHARCOAL;XIRECS;9620.0;3;4;4
621700;;;TRANSLATOR_GRAPHITE_MIST;XIRECS;10045.0;3;4;4
621700;;;TRANSLATOR_SPACE_GRAY;XIRECS;8871.0;3;4;4
621700;;;TRANSLATOR_VOID_BLUE;XIRECS;11349.0;3;4;4
621700;;;UV_VISOR_AMBER;XIRECS;6528.0;3;4;4
621700;;;UV_VISOR_MAGENTA;XIRECS;11183.0;3;4;4
621700;;;UV_VISOR_ORANGE;XIRECS;10979.0;3;4;4
621700;;;UV_VISOR_RED;XIRECS;12030.0;3;4;4
621700;;;UV_VISOR_YELLOW;XIRECS;9958.0;3;4;4
623600;;;PEBBLES_L;XIRECS;10361.0;3;4;4
623600;;;PEBBLES_M;XIRECS;10828.0;3;4;4
623600;;;PEBBLES_S;XIRECS;7885.0;3;4;4
623600;;;PEBBLES_XL;XIRECS;15125.0;3;4;4
623600;;;PEBBLES_XS;XIRECS;5768.0;3;4;4
623700;;SUBMISSION;SLEEP_POD_COTTON;XIRECS;12594.0;5;4;4
623800;SUBMISSION;;GALAXY_SOUNDS_BLACK_HOLES;XIRECS;12684.0;5;4;4
624500;;SUBMISSION;GALAXY_SOUNDS_BLACK_HOLES;XIRECS;12626.0;5;4;4
626100;SUBMISSION;;PANEL_1X4;XIRECS;8347.0;5;4;4
626300;;;GALAXY_SOUNDS_BLACK_HOLES;XIRECS;12709.0;1;4;4
626300;;;GALAXY_SOUNDS_DARK_MATTER;XIRECS;9977.0;1;4;4
626300;;;GALAXY_SOUNDS_PLANETARY_RINGS;XIRECS;10768.0;1;4;4
626300;;;GALAXY_SOUNDS_SOLAR_FLAMES;XIRECS;11410.0;1;4;4
626300;;;GALAXY_SOUNDS_SOLAR_WINDS;XIRECS;11068.0;1;4;4
626300;;;OXYGEN_SHAKE_CHOCOLATE;XIRECS;10594.0;1;4;4
626300;;;OXYGEN_SHAKE_EVENING_BREATH;XIRECS;9246.0;1;4;4
626300;;;OXYGEN_SHAKE_GARLIC;XIRECS;12950.0;1;4;4
626300;;;OXYGEN_SHAKE_MINT;XIRECS;9603.0;1;4;4
626300;;;OXYGEN_SHAKE_MORNING_BREATH;XIRECS;9161.0;1;4;4
626300;;;PANEL_1X2;XIRECS;9469.0;1;4;4
626300;;;PANEL_1X4;XIRECS;8348.0;1;4;4
626300;;;PANEL_2X2;XIRECS;8777.0;1;4;4
626300;;;PANEL_2X4;XIRECS;12192.0;1;4;4
626300;;;PANEL_4X4;XIRECS;9492.0;1;4;4
626300;;;ROBOT_DISHES;XIRECS;10604.0;1;4;4
626300;;;ROBOT_IRONING;XIRECS;7483.0;1;4;4
626300;;;ROBOT_LAUNDRY;XIRECS;8909.0;1;4;4
626300;;;ROBOT_MOPPING;XIRECS;11413.0;1;4;4
626300;;;ROBOT_VACUUMING;XIRECS;8300.0;1;4;4
626300;;;SLEEP_POD_COTTON;XIRECS;12626.0;1;4;4
626300;;;SLEEP_POD_LAMB_WOOL;XIRECS;11272.0;1;4;4
626300;;;SLEEP_POD_NYLON;XIRECS;10595.0;1;4;4
626300;;;SLEEP_POD_POLYESTER;XIRECS;12931.0;1;4;4
626300;;;SLEEP_POD_SUEDE;XIRECS;12096.0;1;4;4
626300;;;SNACKPACK_CHOCOLATE;XIRECS;9410.0;1;4;4
626300;;;SNACKPACK_PISTACHIO;XIRECS;9458.0;1;4;4
626300;;;SNACKPACK_RASPBERRY;XIRECS;9809.0;1;4;4
626300;;;SNACKPACK_STRAWBERRY;XIRECS;11302.0;1;4;4
626300;;;SNACKPACK_VANILLA;XIRECS;10473.0;1;4;4
626300;;;TRANSLATOR_ASTRO_BLACK;XIRECS;9290.0;1;4;4
626300;;;TRANSLATOR_ECLIPSE_CHARCOAL;XIRECS;9726.0;1;4;4
626300;;;TRANSLATOR_GRAPHITE_MIST;XIRECS;10039.0;1;4;4
626300;;;TRANSLATOR_SPACE_GRAY;XIRECS;8849.0;1;4;4
626300;;;TRANSLATOR_VOID_BLUE;XIRECS;11356.0;1;4;4
626300;;;UV_VISOR_AMBER;XIRECS;6567.0;1;4;4
626300;;;UV_VISOR_MAGENTA;XIRECS;11163.0;1;4;4
626300;;;UV_VISOR_ORANGE;XIRECS;11044.0;1;4;4
626300;;;UV_VISOR_RED;XIRECS;11975.0;1;4;4
626300;;;UV_VISOR_YELLOW;XIRECS;10024.0;1;4;4
626400;SUBMISSION;;GALAXY_SOUNDS_BLACK_HOLES;XIRECS;12705.0;5;4;4
626800;;SUBMISSION;GALAXY_SOUNDS_BLACK_HOLES;XIRECS;12640.0;5;4;4
627500;SUBMISSION;;SNACKPACK_PISTACHIO;XIRECS;9435.0;3;4;4
627500;SUBMISSION;;SNACKPACK_STRAWBERRY;XIRECS;11259.0;3;4;4
627500;SUBMISSION;;SNACKPACK_VANILLA;XIRECS;10454.0;3;4;4
627900;;;PEBBLES_L;XIRECS;10315.0;4;4;4
627900;;;PEBBLES_M;XIRECS;10694.0;4;4;4
627900;;;PEBBLES_S;XIRECS;7889.0;4;4;4
627900;;;PEBBLES_XL;XIRECS;15311.0;4;4;4
627900;;;PEBBLES_XS;XIRECS;5759.0;4;4;4
629300;;SUBMISSION;PEBBLES_XL;XIRECS;15181.0;4;4;4
630200;;SUBMISSION;PEBBLES_XL;XIRECS;15301.0;3;4;4
630400;;SUBMISSION;SNACKPACK_PISTACHIO;XIRECS;9456.0;2;4;4
630400;;SUBMISSION;SNACKPACK_STRAWBERRY;XIRECS;11302.0;2;4;4
630400;;SUBMISSION;SNACKPACK_VANILLA;XIRECS;10473.0;2;4;4
630500;SUBMISSION;;PANEL_1X4;XIRECS;8425.0;5;4;4
631600;SUBMISSION;;PEBBLES_XL;XIRECS;15519.0;2;4;4
631600;;;PEBBLES_L;XIRECS;10134.0;4;4;4
631600;;;PEBBLES_M;XIRECS;10716.0;4;4;4
631600;;;PEBBLES_S;XIRECS;7887.0;4;4;4
631600;;;PEBBLES_XS;XIRECS;5713.0;4;4;4
632000;;SUBMISSION;SNACKPACK_PISTACHIO;XIRECS;9424.0;2;4;4
632000;;SUBMISSION;SNACKPACK_STRAWBERRY;XIRECS;11261.0;2;4;4
632000;;SUBMISSION;SNACKPACK_VANILLA;XIRECS;10481.0;2;4;4
633400;SUBMISSION;;PEBBLES_XL;XIRECS;15595.0;2;4;4
633400;;;PEBBLES_L;XIRECS;10066.0;3;4;4
633400;;;PEBBLES_M;XIRECS;10719.0;3;4;4
633400;;;PEBBLES_S;XIRECS;7895.0;3;4;4
633400;;;PEBBLES_XS;XIRECS;5693.0;3;4;4
634200;SUBMISSION;;SNACKPACK_PISTACHIO;XIRECS;9429.0;1;4;4
634200;SUBMISSION;;SNACKPACK_STRAWBERRY;XIRECS;11247.0;1;4;4
634200;SUBMISSION;;SNACKPACK_VANILLA;XIRECS;10467.0;1;4;4
634200;;;GALAXY_SOUNDS_BLACK_HOLES;XIRECS;12638.0;1;4;4
634200;;;GALAXY_SOUNDS_DARK_MATTER;XIRECS;9969.0;1;4;4
634200;;;GALAXY_SOUNDS_PLANETARY_RINGS;XIRECS;10684.0;1;4;4
634200;;;GALAXY_SOUNDS_SOLAR_FLAMES;XIRECS;11466.0;1;4;4
634200;;;GALAXY_SOUNDS_SOLAR_WINDS;XIRECS;11098.0;1;4;4
634200;;;OXYGEN_SHAKE_CHOCOLATE;XIRECS;10573.0;1;4;4
634200;;;OXYGEN_SHAKE_EVENING_BREATH;XIRECS;9164.0;1;4;4
634200;;;OXYGEN_SHAKE_GARLIC;XIRECS;13034.0;1;4;4
634200;;;OXYGEN_SHAKE_MINT;XIRECS;9727.0;1;4;4
634200;;;OXYGEN_SHAKE_MORNING_BREATH;XIRECS;9131.0;1;4;4
634200;;;PANEL_1X2;XIRECS;9379.0;1;4;4
634200;;;PANEL_1X4;XIRECS;8345.0;1;4;4
634200;;;PANEL_2X2;XIRECS;8727.0;1;4;4
634200;;;PANEL_2X4;XIRECS;12305.0;1;4;4
634200;;;PANEL_4X4;XIRECS;9475.0;1;4;4
634200;;;ROBOT_DISHES;XIRECS;10596.0;1;4;4
634200;;;ROBOT_IRONING;XIRECS;7507.0;1;4;4
634200;;;ROBOT_LAUNDRY;XIRECS;8971.0;1;4;4
634200;;;ROBOT_MOPPING;XIRECS;11495.0;1;4;4
634200;;;ROBOT_VACUUMING;XIRECS;8404.0;1;4;4
634200;;;SLEEP_POD_COTTON;XIRECS;12734.0;1;4;4
634200;;;SLEEP_POD_LAMB_WOOL;XIRECS;11264.0;1;4;4
634200;;;SLEEP_POD_NYLON;XIRECS;10641.0;1;4;4
634200;;;SLEEP_POD_POLYESTER;XIRECS;12958.0;1;4;4
634200;;;SLEEP_POD_SUEDE;XIRECS;12043.0;1;4;4
634200;;;SNACKPACK_CHOCOLATE;XIRECS;9392.0;1;4;4
634200;;;SNACKPACK_RASPBERRY;XIRECS;9824.0;1;4;4
634200;;;TRANSLATOR_ASTRO_BLACK;XIRECS;9263.0;1;4;4
634200;;;TRANSLATOR_ECLIPSE_CHARCOAL;XIRECS;9758.0;1;4;4
634200;;;TRANSLATOR_GRAPHITE_MIST;XIRECS;10048.0;1;4;4
634200;;;TRANSLATOR_SPACE_GRAY;XIRECS;9010.0;1;4;4
634200;;;TRANSLATOR_VOID_BLUE;XIRECS;11580.0;1;4;4
634200;;;UV_VISOR_AMBER;XIRECS;6628.0;1;4;4
634200;;;UV_VISOR_MAGENTA;XIRECS;11106.0;1;4;4
634200;;;UV_VISOR_ORANGE;XIRECS;11211.0;1;4;4
634200;;;UV_VISOR_RED;XIRECS;11890.0;1;4;4
634200;;;UV_VISOR_YELLOW;XIRECS;9941.0;1;4;4
634300;SUBMISSION;;SLEEP_POD_COTTON;XIRECS;12741.0;5;4;4
634900;SUBMISSION;;PEBBLES_XL;XIRECS;15542.0;3;4;4
635100;;SUBMISSION;PEBBLES_XL;XIRECS;15542.0;8;4;4
636500;;SUBMISSION;PANEL_1X4;XIRECS;8302.0;5;4;4
637100;;SUBMISSION;SLEEP_POD_COTTON;XIRECS;12602.0;5;4;4
637400;;SUBMISSION;GALAXY_SOUNDS_BLACK_HOLES;XIRECS;12586.0;5;4;4
637600;SUBMISSION;;PEBBLES_XL;XIRECS;15453.0;3;4;4
637800;SUBMISSION;;SNACKPACK_PISTACHIO;XIRECS;9409.0;4;4;4
637800;SUBMISSION;;SNACKPACK_STRAWBERRY;XIRECS;11184.0;4;4;4
637800;;SUBMISSION;PEBBLES_XL;XIRECS;15418.0;2;4;4
637800;SUBMISSION;;SNACKPACK_VANILLA;XIRECS;10415.0;4;4;4
637800;;;PEBBLES_L;XIRECS;10258.0;4;4;4
637800;;;PEBBLES_M;XIRECS;10785.0;4;4;4
637800;;;PEBBLES_S;XIRECS;7880.0;4;4;4
637800;;;PEBBLES_XS;XIRECS;5691.0;4;4;4
638900;SUBMISSION;;PEBBLES_XL;XIRECS;15324.0;7;4;4
639100;;SUBMISSION;PEBBLES_XL;XIRECS;15317.0;8;4;4
640800;;;MICROCHIP_CIRCLE;XIRECS;9850.0;3;4;4
640800;;;MICROCHIP_OVAL;XIRECS;5841.0;3;4;4
640800;;;MICROCHIP_RECTANGLE;XIRECS;8545.0;3;4;4
640800;;;MICROCHIP_SQUARE;XIRECS;14614.0;3;4;4
640800;;;MICROCHIP_TRIANGLE;XIRECS;8611.0;3;4;4
641000;;SUBMISSION;GALAXY_SOUNDS_BLACK_HOLES;XIRECS;12481.0;5;4;4
641300;;SUBMISSION;SNACKPACK_PISTACHIO;XIRECS;9422.0;2;4;4
641300;;SUBMISSION;SNACKPACK_STRAWBERRY;XIRECS;11200.0;2;4;4
641300;;SUBMISSION;PEBBLES_XL;XIRECS;15176.0;2;4;4
641300;;SUBMISSION;SNACKPACK_VANILLA;XIRECS;10421.0;2;4;4
641300;;;GALAXY_SOUNDS_BLACK_HOLES;XIRECS;12499.0;2;4;4
641300;;;GALAXY_SOUNDS_DARK_MATTER;XIRECS;10044.0;2;4;4
641300;;;GALAXY_SOUNDS_PLANETARY_RINGS;XIRECS;10647.0;2;4;4
641300;;;GALAXY_SOUNDS_SOLAR_FLAMES;XIRECS;11461.0;2;4;4
641300;;;GALAXY_SOUNDS_SOLAR_WINDS;XIRECS;11152.0;2;4;4
641300;;;OXYGEN_SHAKE_CHOCOLATE;XIRECS;10582.0;2;4;4
641300;;;OXYGEN_SHAKE_EVENING_BREATH;XIRECS;9186.0;2;4;4
641300;;;OXYGEN_SHAKE_GARLIC;XIRECS;13140.0;2;4;4
641300;;;OXYGEN_SHAKE_MINT;XIRECS;9719.0;2;4;4
641300;;;OXYGEN_SHAKE_MORNING_BREATH;XIRECS;9182.0;2;4;4
641300;;;PANEL_1X2;XIRECS;9343.0;2;4;4
641300;;;PANEL_1X4;XIRECS;8345.0;2;4;4
641300;;;PANEL_2X2;XIRECS;8753.0;2;4;4
641300;;;PANEL_2X4;XIRECS;12357.0;2;4;4
641300;;;PANEL_4X4;XIRECS;9409.0;2;4;4
641300;;;PEBBLES_L;XIRECS;10364.0;5;4;4
641300;;;PEBBLES_M;XIRECS;10827.0;5;4;4
641300;;;PEBBLES_S;XIRECS;7923.0;5;4;4
641300;;;PEBBLES_XS;XIRECS;5741.0;5;4;4
641300;;;ROBOT_DISHES;XIRECS;10604.0;2;4;4
641300;;;ROBOT_IRONING;XIRECS;7543.0;2;4;4
641300;;;ROBOT_LAUNDRY;XIRECS;8940.0;2;4;4
641300;;;ROBOT_MOPPING;XIRECS;11472.0;2;4;4
641300;;;ROBOT_VACUUMING;XIRECS;8411.0;2;4;4
641300;;;SLEEP_POD_COTTON;XIRECS;12670.0;2;4;4
641300;;;SLEEP_POD_LAMB_WOOL;XIRECS;11287.0;2;4;4
641300;;;SLEEP_POD_NYLON;XIRECS;10654.0;2;4;4
641300;;;SLEEP_POD_POLYESTER;XIRECS;13087.0;2;4;4
641300;;;SLEEP_POD_SUEDE;XIRECS;11972.0;2;4;4
641300;;;SNACKPACK_CHOCOLATE;XIRECS;9491.0;2;4;4
641300;;;SNACKPACK_RASPBERRY;XIRECS;9922.0;2;4;4
641300;;;TRANSLATOR_ASTRO_BLACK;XIRECS;9309.0;2;4;4
641300;;;TRANSLATOR_ECLIPSE_CHARCOAL;XIRECS;9686.0;2;4;4
641300;;;TRANSLATOR_GRAPHITE_MIST;XIRECS;10071.0;2;4;4
641300;;;TRANSLATOR_SPACE_GRAY;XIRECS;8952.0;2;4;4
641300;;;TRANSLATOR_VOID_BLUE;XIRECS;11594.0;2;4;4
641300;;;UV_VISOR_AMBER;XIRECS;6728.0;2;4;4
641300;;;UV_VISOR_MAGENTA;XIRECS;11101.0;2;4;4
641300;;;UV_VISOR_ORANGE;XIRECS;11249.0;2;4;4
641300;;;UV_VISOR_RED;XIRECS;11812.0;2;4;4
641300;;;UV_VISOR_YELLOW;XIRECS;10035.0;2;4;4
643100;;SUBMISSION;PEBBLES_XL;XIRECS;15131.0;5;4;4
644200;SUBMISSION;;PEBBLES_XL;XIRECS;15082.0;4;4;4
644900;;;MICROCHIP_CIRCLE;XIRECS;9987.0;2;4;4
644900;;;MICROCHIP_OVAL;XIRECS;5800.0;2;4;4
644900;;;MICROCHIP_RECTANGLE;XIRECS;8457.0;2;4;4
644900;;;MICROCHIP_SQUARE;XIRECS;14688.0;2;4;4
644900;;;MICROCHIP_TRIANGLE;XIRECS;8520.0;2;4;4
646100;;;MICROCHIP_CIRCLE;XIRECS;10016.0;2;4;4
646100;;;MICROCHIP_OVAL;XIRECS;5854.0;2;4;4
646100;;;MICROCHIP_RECTANGLE;XIRECS;8417.0;2;4;4
646100;;;MICROCHIP_SQUARE;XIRECS;14632.0;2;4;4
646100;;;MICROCHIP_TRIANGLE;XIRECS;8549.0;2;4;4
646500;;SUBMISSION;PEBBLES_XL;XIRECS;14988.0;2;4;4
646500;;;PEBBLES_L;XIRECS;10336.0;2;4;4
646500;;;PEBBLES_M;XIRECS;10940.0;2;4;4
646500;;;PEBBLES_S;XIRECS;8124.0;2;4;4
646500;;;PEBBLES_XS;XIRECS;5644.0;2;4;4
646600;SUBMISSION;;PEBBLES_XL;XIRECS;14973.0;8;4;4
647700;;SUBMISSION;PEBBLES_XL;XIRECS;15197.0;2;4;4
647700;;;PEBBLES_L;XIRECS;10325.0;2;4;4
647700;;;PEBBLES_M;XIRECS;10937.0;2;4;4
647700;;;PEBBLES_S;XIRECS;8045.0;2;4;4
647700;;;PEBBLES_XS;XIRECS;5527.0;2;4;4
647900;;SUBMISSION;PEBBLES_XL;XIRECS;15220.0;2;4;4
647900;;;PEBBLES_L;XIRECS;10310.0;4;4;4
647900;;;PEBBLES_M;XIRECS;10931.0;4;4;4
647900;;;PEBBLES_S;XIRECS;8046.0;4;4;4
647900;;;PEBBLES_XS;XIRECS;5525.0;4;4;4
648300;;;MICROCHIP_CIRCLE;XIRECS;9983.0;1;4;4
648300;;;MICROCHIP_OVAL;XIRECS;5836.0;1;4;4
648300;;;MICROCHIP_RECTANGLE;XIRECS;8457.0;1;4;4
648300;;;MICROCHIP_SQUARE;XIRECS;14793.0;1;4;4
648300;;;MICROCHIP_TRIANGLE;XIRECS;8479.0;1;4;4
650100;;SUBMISSION;PEBBLES_XL;XIRECS;15191.0;7;4;4
652400;SUBMISSION;;PANEL_1X4;XIRECS;8414.0;5;4;4
652700;;SUBMISSION;PEBBLES_XL;XIRECS;15319.0;4;4;4
653200;SUBMISSION;;PEBBLES_XL;XIRECS;15429.0;2;4;4
653200;;;PEBBLES_L;XIRECS;10376.0;5;4;4
653200;;;PEBBLES_M;XIRECS;10754.0;5;4;4
653200;;;PEBBLES_S;XIRECS;7966.0;5;4;4
653200;;;PEBBLES_XS;XIRECS;5444.0;5;4;4
655000;;SUBMISSION;PEBBLES_XL;XIRECS;15464.0;2;4;4
655400;SUBMISSION;;PEBBLES_XL;XIRECS;15587.0;4;4;4
655900;SUBMISSION;;SLEEP_POD_COTTON;XIRECS;12654.0;5;4;4
656100;SUBMISSION;;SNACKPACK_PISTACHIO;XIRECS;9422.0;2;4;4
656100;SUBMISSION;;SNACKPACK_STRAWBERRY;XIRECS;11204.0;2;4;4
656100;SUBMISSION;;SNACKPACK_VANILLA;XIRECS;10393.0;2;4;4
656200;;SUBMISSION;SNACKPACK_PISTACHIO;XIRECS;9417.0;5;4;4
656200;;SUBMISSION;SNACKPACK_STRAWBERRY;XIRECS;11194.0;5;4;4
656200;;SUBMISSION;SNACKPACK_VANILLA;XIRECS;10387.0;5;4;4
657600;;;GALAXY_SOUNDS_BLACK_HOLES;XIRECS;12455.0;4;4;4
657600;;;GALAXY_SOUNDS_DARK_MATTER;XIRECS;10040.0;4;4;4
657600;;;GALAXY_SOUNDS_PLANETARY_RINGS;XIRECS;10821.0;4;4;4
657600;;;GALAXY_SOUNDS_SOLAR_FLAMES;XIRECS;11537.0;4;4;4
657600;;;GALAXY_SOUNDS_SOLAR_WINDS;XIRECS;11188.0;4;4;4
657600;;;OXYGEN_SHAKE_CHOCOLATE;XIRECS;10832.0;4;4;4
657600;;;OXYGEN_SHAKE_EVENING_BREATH;XIRECS;9196.0;4;4;4
657600;;;OXYGEN_SHAKE_GARLIC;XIRECS;13356.0;4;4;4
657600;;;OXYGEN_SHAKE_MINT;XIRECS;9719.0;4;4;4
657600;;;OXYGEN_SHAKE_MORNING_BREATH;XIRECS;9118.0;4;4;4
657600;;;PANEL_1X2;XIRECS;9280.0;4;4;4
657600;;;PANEL_1X4;XIRECS;8451.0;4;4;4
657600;;;PANEL_2X2;XIRECS;8662.0;4;4;4
657600;;;PANEL_2X4;XIRECS;12577.0;4;4;4
657600;;;PANEL_4X4;XIRECS;9534.0;4;4;4
657600;;;ROBOT_DISHES;XIRECS;10604.0;4;4;4
657600;;;ROBOT_IRONING;XIRECS;7553.0;4;4;4
657600;;;ROBOT_LAUNDRY;XIRECS;8943.0;4;4;4
657600;;;ROBOT_MOPPING;XIRECS;11464.0;4;4;4
657600;;;ROBOT_VACUUMING;XIRECS;8487.0;4;4;4
657600;;;SLEEP_POD_COTTON;XIRECS;12653.0;4;4;4
657600;;;SLEEP_POD_LAMB_WOOL;XIRECS;11139.0;4;4;4
657600;;;SLEEP_POD_NYLON;XIRECS;10470.0;4;4;4
657600;;;SLEEP_POD_POLYESTER;XIRECS;12868.0;4;4;4
657600;;;SLEEP_POD_SUEDE;XIRECS;11922.0;4;4;4
657600;;;SNACKPACK_CHOCOLATE;XIRECS;9485.0;4;4;4
657600;;;SNACKPACK_PISTACHIO;XIRECS;9426.0;4;4;4
657600;;;SNACKPACK_RASPBERRY;XIRECS;9923.0;4;4;4
657600;;;SNACKPACK_STRAWBERRY;XIRECS;11205.0;4;4;4
657600;;;SNACKPACK_VANILLA;XIRECS;10417.0;4;4;4
657600;;;TRANSLATOR_ASTRO_BLACK;XIRECS;9297.0;4;4;4
657600;;;TRANSLATOR_ECLIPSE_CHARCOAL;XIRECS;9581.0;4;4;4
657600;;;TRANSLATOR_GRAPHITE_MIST;XIRECS;10282.0;4;4;4
657600;;;TRANSLATOR_SPACE_GRAY;XIRECS;8697.0;4;4;4
657600;;;TRANSLATOR_VOID_BLUE;XIRECS;11787.0;4;4;4
657600;;;UV_VISOR_AMBER;XIRECS;6730.0;4;4;4
657600;;;UV_VISOR_MAGENTA;XIRECS;11253.0;4;4;4
657600;;;UV_VISOR_ORANGE;XIRECS;11451.0;4;4;4
657600;;;UV_VISOR_RED;XIRECS;11997.0;4;4;4
657600;;;UV_VISOR_YELLOW;XIRECS;9990.0;4;4;4
658200;SUBMISSION;;PEBBLES_XL;XIRECS;15741.0;2;4;4
658200;;;PEBBLES_L;XIRECS;10279.0;4;4;4
658200;;;PEBBLES_M;XIRECS;10687.0;4;4;4
658200;;;PEBBLES_S;XIRECS;7932.0;4;4;4
658200;;;PEBBLES_XS;XIRECS;5330.0;4;4;4
659500;;SUBMISSION;SLEEP_POD_COTTON;XIRECS;12557.0;5;4;4
659700;;SUBMISSION;PEBBLES_XL;XIRECS;15872.0;2;4;4
659700;;;PEBBLES_L;XIRECS;10338.0;5;4;4
659700;;;PEBBLES_M;XIRECS;10639.0;5;4;4
659700;;;PEBBLES_S;XIRECS;7857.0;5;4;4
659700;;;PEBBLES_XS;XIRECS;5325.0;5;4;4
661000;SUBMISSION;;PEBBLES_XL;XIRECS;16088.0;4;4;4
661500;;SUBMISSION;SNACKPACK_PISTACHIO;XIRECS;9424.0;3;4;4
661500;;SUBMISSION;SNACKPACK_STRAWBERRY;XIRECS;11208.0;3;4;4
661500;;SUBMISSION;SNACKPACK_VANILLA;XIRECS;10426.0;3;4;4
663100;SUBMISSION;;PEBBLES_XL;XIRECS;16184.0;4;4;4
663700;;SUBMISSION;PEBBLES_XL;XIRECS;16165.0;4;4;4
666100;SUBMISSION;;SNACKPACK_PISTACHIO;XIRECS;9413.0;2;4;4
666100;SUBMISSION;;SNACKPACK_STRAWBERRY;XIRECS;11223.0;2;4;4
666100;SUBMISSION;;SNACKPACK_VANILLA;XIRECS;10389.0;2;4;4
666100;;;GALAXY_SOUNDS_BLACK_HOLES;XIRECS;12440.0;3;4;4
666100;;;GALAXY_SOUNDS_DARK_MATTER;XIRECS;9897.0;3;4;4
666100;;;GALAXY_SOUNDS_PLANETARY_RINGS;XIRECS;10783.0;3;4;4
666100;;;GALAXY_SOUNDS_SOLAR_FLAMES;XIRECS;11531.0;3;4;4
666100;;;GALAXY_SOUNDS_SOLAR_WINDS;XIRECS;11143.0;3;4;4
666100;;;OXYGEN_SHAKE_CHOCOLATE;XIRECS;10855.0;3;4;4
666100;;;OXYGEN_SHAKE_EVENING_BREATH;XIRECS;9234.0;3;4;4
666100;;;OXYGEN_SHAKE_GARLIC;XIRECS;13435.0;3;4;4
666100;;;OXYGEN_SHAKE_MINT;XIRECS;9869.0;3;4;4
666100;;;OXYGEN_SHAKE_MORNING_BREATH;XIRECS;9227.0;3;4;4
666100;;;PANEL_1X2;XIRECS;9376.0;3;4;4
666100;;;PANEL_1X4;XIRECS;8518.0;3;4;4
666100;;;PANEL_2X2;XIRECS;8613.0;3;4;4
666100;;;PANEL_2X4;XIRECS;12319.0;3;4;4
666100;;;PANEL_4X4;XIRECS;9480.0;3;4;4
666100;;;ROBOT_DISHES;XIRECS;10696.0;3;4;4
666100;;;ROBOT_IRONING;XIRECS;7637.0;3;4;4
666100;;;ROBOT_LAUNDRY;XIRECS;9163.0;3;4;4
666100;;;ROBOT_MOPPING;XIRECS;11487.0;3;4;4
666100;;;ROBOT_VACUUMING;XIRECS;8477.0;3;4;4
666100;;;SLEEP_POD_COTTON;XIRECS;12555.0;3;4;4
666100;;;SLEEP_POD_LAMB_WOOL;XIRECS;11116.0;3;4;4
666100;;;SLEEP_POD_NYLON;XIRECS;10578.0;3;4;4
666100;;;SLEEP_POD_POLYESTER;XIRECS;12860.0;3;4;4
666100;;;SLEEP_POD_SUEDE;XIRECS;11746.0;3;4;4
666100;;;SNACKPACK_CHOCOLATE;XIRECS;9481.0;3;4;4
666100;;;SNACKPACK_RASPBERRY;XIRECS;9879.0;3;4;4
666100;;;TRANSLATOR_ASTRO_BLACK;XIRECS;9481.0;3;4;4
666100;;;TRANSLATOR_ECLIPSE_CHARCOAL;XIRECS;9704.0;3;4;4
666100;;;TRANSLATOR_GRAPHITE_MIST;XIRECS;10216.0;3;4;4
666100;;;TRANSLATOR_SPACE_GRAY;XIRECS;8632.0;3;4;4
666100;;;TRANSLATOR_VOID_BLUE;XIRECS;11796.0;3;4;4
666100;;;UV_VISOR_AMBER;XIRECS;6642.0;3;4;4
666100;;;UV_VISOR_MAGENTA;XIRECS;11270.0;3;4;4
666100;;;UV_VISOR_ORANGE;XIRECS;11395.0;3;4;4
666100;;;UV_VISOR_RED;XIRECS;12145.0;3;4;4
666100;;;UV_VISOR_YELLOW;XIRECS;9969.0;3;4;4
666200;SUBMISSION;;PEBBLES_XL;XIRECS;16136.0;5;4;4
667900;SUBMISSION;;PEBBLES_XL;XIRECS;16150.0;7;4;4
668900;SUBMISSION;;SNACKPACK_PISTACHIO;XIRECS;9481.0;1;4;4
668900;SUBMISSION;;SNACKPACK_STRAWBERRY;XIRECS;11298.0;1;4;4
668900;SUBMISSION;;SNACKPACK_VANILLA;XIRECS;10379.0;1;4;4
668900;;;GALAXY_SOUNDS_BLACK_HOLES;XIRECS;12461.0;1;4;4
668900;;;GALAXY_SOUNDS_DARK_MATTER;XIRECS;9859.0;1;4;4
668900;;;GALAXY_SOUNDS_PLANETARY_RINGS;XIRECS;10738.0;1;4;4
668900;;;GALAXY_SOUNDS_SOLAR_FLAMES;XIRECS;11509.0;1;4;4
668900;;;GALAXY_SOUNDS_SOLAR_WINDS;XIRECS;11220.0;1;4;4
668900;;;OXYGEN_SHAKE_CHOCOLATE;XIRECS;10831.0;1;4;4
668900;;;OXYGEN_SHAKE_EVENING_BREATH;XIRECS;9304.0;1;4;4
668900;;;OXYGEN_SHAKE_GARLIC;XIRECS;13455.0;1;4;4
668900;;;OXYGEN_SHAKE_MINT;XIRECS;9831.0;1;4;4
668900;;;OXYGEN_SHAKE_MORNING_BREATH;XIRECS;9227.0;1;4;4
668900;;;PANEL_1X2;XIRECS;9348.0;1;4;4
668900;;;PANEL_1X4;XIRECS;8574.0;1;4;4
668900;;;PANEL_2X2;XIRECS;8592.0;1;4;4
668900;;;PANEL_2X4;XIRECS;12284.0;1;4;4
668900;;;PANEL_4X4;XIRECS;9453.0;1;4;4
668900;;;ROBOT_DISHES;XIRECS;10796.0;1;4;4
668900;;;ROBOT_IRONING;XIRECS;7657.0;1;4;4
668900;;;ROBOT_LAUNDRY;XIRECS;9069.0;1;4;4
668900;;;ROBOT_MOPPING;XIRECS;11539.0;1;4;4
668900;;;ROBOT_VACUUMING;XIRECS;8430.0;1;4;4
668900;;;SLEEP_POD_COTTON;XIRECS;12598.0;1;4;4
668900;;;SLEEP_POD_LAMB_WOOL;XIRECS;11092.0;1;4;4
668900;;;SLEEP_POD_NYLON;XIRECS;10549.0;1;4;4
668900;;;SLEEP_POD_POLYESTER;XIRECS;12831.0;1;4;4
668900;;;SLEEP_POD_SUEDE;XIRECS;11797.0;1;4;4
668900;;;SNACKPACK_CHOCOLATE;XIRECS;9488.0;1;4;4
668900;;;SNACKPACK_RASPBERRY;XIRECS;9821.0;1;4;4
668900;;;TRANSLATOR_ASTRO_BLACK;XIRECS;9520.0;1;4;4
668900;;;TRANSLATOR_ECLIPSE_CHARCOAL;XIRECS;9686.0;1;4;4
668900;;;TRANSLATOR_GRAPHITE_MIST;XIRECS;10274.0;1;4;4
668900;;;TRANSLATOR_SPACE_GRAY;XIRECS;8620.0;1;4;4
668900;;;TRANSLATOR_VOID_BLUE;XIRECS;11699.0;1;4;4
668900;;;UV_VISOR_AMBER;XIRECS;6632.0;1;4;4
668900;;;UV_VISOR_MAGENTA;XIRECS;11333.0;1;4;4
668900;;;UV_VISOR_ORANGE;XIRECS;11402.0;1;4;4
668900;;;UV_VISOR_RED;XIRECS;12145.0;1;4;4
668900;;;UV_VISOR_YELLOW;XIRECS;9932.0;1;4;4
669500;SUBMISSION;;OXYGEN_SHAKE_MORNING_BREATH;XIRECS;9253.0;5;4;4
672000;SUBMISSION;;SNACKPACK_PISTACHIO;XIRECS;9453.0;2;4;4
672000;SUBMISSION;;SNACKPACK_STRAWBERRY;XIRECS;11257.0;2;4;4
672000;SUBMISSION;;SNACKPACK_VANILLA;XIRECS;10420.0;2;4;4
672500;;SUBMISSION;OXYGEN_SHAKE_MORNING_BREATH;XIRECS;9175.0;5;4;4
673100;;;MICROCHIP_CIRCLE;XIRECS;10101.0;1;4;4
673100;;;MICROCHIP_OVAL;XIRECS;5888.0;1;4;4
673100;;;MICROCHIP_RECTANGLE;XIRECS;8120.0;1;4;4
673100;;;MICROCHIP_SQUARE;XIRECS;14644.0;1;4;4
673100;;;MICROCHIP_TRIANGLE;XIRECS;8407.0;1;4;4
675500;;;PEBBLES_L;XIRECS;10113.0;5;4;4
675500;;;PEBBLES_M;XIRECS;10597.0;5;4;4
675500;;;PEBBLES_S;XIRECS;7480.0;5;4;4
675500;;;PEBBLES_XL;XIRECS;16234.0;5;4;4
675500;;;PEBBLES_XS;XIRECS;5543.0;5;4;4
676200;SUBMISSION;;SNACKPACK_PISTACHIO;XIRECS;9470.0;3;4;4
676200;SUBMISSION;;SNACKPACK_STRAWBERRY;XIRECS;11296.0;3;4;4
676200;SUBMISSION;;SNACKPACK_VANILLA;XIRECS;10341.0;3;4;4
676800;;SUBMISSION;SNACKPACK_PISTACHIO;XIRECS;9464.0;2;4;4
676800;;SUBMISSION;SNACKPACK_STRAWBERRY;XIRECS;11298.0;2;4;4
676800;;SUBMISSION;SNACKPACK_VANILLA;XIRECS;10341.0;2;4;4
676800;;;GALAXY_SOUNDS_BLACK_HOLES;XIRECS;12510.0;2;4;4
676800;;;GALAXY_SOUNDS_DARK_MATTER;XIRECS;9904.0;2;4;4
676800;;;GALAXY_SOUNDS_PLANETARY_RINGS;XIRECS;10898.0;2;4;4
676800;;;GALAXY_SOUNDS_SOLAR_FLAMES;XIRECS;11498.0;2;4;4
676800;;;GALAXY_SOUNDS_SOLAR_WINDS;XIRECS;11229.0;2;4;4
676800;;;OXYGEN_SHAKE_CHOCOLATE;XIRECS;10903.0;2;4;4
676800;;;OXYGEN_SHAKE_EVENING_BREATH;XIRECS;9376.0;2;4;4
676800;;;OXYGEN_SHAKE_GARLIC;XIRECS;13503.0;2;4;4
676800;;;OXYGEN_SHAKE_MINT;XIRECS;9859.0;2;4;4
676800;;;OXYGEN_SHAKE_MORNING_BREATH;XIRECS;9181.0;2;4;4
676800;;;PANEL_1X2;XIRECS;9340.0;2;4;4
676800;;;PANEL_1X4;XIRECS;8649.0;2;4;4
676800;;;PANEL_2X2;XIRECS;8681.0;2;4;4
676800;;;PANEL_2X4;XIRECS;12170.0;2;4;4
676800;;;PANEL_4X4;XIRECS;9434.0;2;4;4
676800;;;ROBOT_DISHES;XIRECS;10904.0;2;4;4
676800;;;ROBOT_IRONING;XIRECS;7673.0;2;4;4
676800;;;ROBOT_LAUNDRY;XIRECS;9083.0;2;4;4
676800;;;ROBOT_MOPPING;XIRECS;11524.0;2;4;4
676800;;;ROBOT_VACUUMING;XIRECS;8522.0;2;4;4
676800;;;SLEEP_POD_COTTON;XIRECS;12514.0;2;4;4
676800;;;SLEEP_POD_LAMB_WOOL;XIRECS;10879.0;2;4;4
676800;;;SLEEP_POD_NYLON;XIRECS;10562.0;2;4;4
676800;;;SLEEP_POD_POLYESTER;XIRECS;12658.0;2;4;4
676800;;;SLEEP_POD_SUEDE;XIRECS;11669.0;2;4;4
676800;;;SNACKPACK_CHOCOLATE;XIRECS;9564.0;2;4;4
676800;;;SNACKPACK_RASPBERRY;XIRECS;9871.0;2;4;4
676800;;;TRANSLATOR_ASTRO_BLACK;XIRECS;9620.0;2;4;4
676800;;;TRANSLATOR_ECLIPSE_CHARCOAL;XIRECS;9734.0;2;4;4
676800;;;TRANSLATOR_GRAPHITE_MIST;XIRECS;10243.0;2;4;4
676800;;;TRANSLATOR_SPACE_GRAY;XIRECS;8661.0;2;4;4
676800;;;TRANSLATOR_VOID_BLUE;XIRECS;11512.0;2;4;4
676800;;;UV_VISOR_AMBER;XIRECS;6572.0;2;4;4
676800;;;UV_VISOR_MAGENTA;XIRECS;11383.0;2;4;4
676800;;;UV_VISOR_ORANGE;XIRECS;11244.0;2;4;4
676800;;;UV_VISOR_RED;XIRECS;12113.0;2;4;4
676800;;;UV_VISOR_YELLOW;XIRECS;9910.0;2;4;4
677000;;SUBMISSION;SNACKPACK_PISTACHIO;XIRECS;9459.0;5;4;4
677000;;SUBMISSION;SNACKPACK_STRAWBERRY;XIRECS;11297.0;5;4;4
677000;;SUBMISSION;SNACKPACK_VANILLA;XIRECS;10316.0;5;4;4
678300;;SUBMISSION;PEBBLES_XL;XIRECS;16461.0;3;4;4
678500;;;MICROCHIP_CIRCLE;XIRECS;10167.0;3;4;4
678500;;;MICROCHIP_OVAL;XIRECS;5902.0;3;4;4
678500;;;MICROCHIP_RECTANGLE;XIRECS;8161.0;3;4;4
678500;;;MICROCHIP_SQUARE;XIRECS;14476.0;3;4;4
678500;;;MICROCHIP_TRIANGLE;XIRECS;8332.0;3;4;4
678700;SUBMISSION;;PEBBLES_XL;XIRECS;16518.0;3;4;4
678900;SUBMISSION;;OXYGEN_SHAKE_MORNING_BREATH;XIRECS;9251.0;5;4;4
679500;;;GALAXY_SOUNDS_BLACK_HOLES;XIRECS;12495.0;2;4;4
679500;;;GALAXY_SOUNDS_DARK_MATTER;XIRECS;10020.0;2;4;4
679500;;;GALAXY_SOUNDS_PLANETARY_RINGS;XIRECS;10871.0;2;4;4
679500;;;GALAXY_SOUNDS_SOLAR_FLAMES;XIRECS;11495.0;2;4;4
679500;;;GALAXY_SOUNDS_SOLAR_WINDS;XIRECS;11231.0;2;4;4
679500;;;OXYGEN_SHAKE_CHOCOLATE;XIRECS;10877.0;2;4;4
679500;;;OXYGEN_SHAKE_EVENING_BREATH;XIRECS;9466.0;2;4;4
679500;;;OXYGEN_SHAKE_GARLIC;XIRECS;13510.0;2;4;4
679500;;;OXYGEN_SHAKE_MINT;XIRECS;9851.0;2;4;4
679500;;;OXYGEN_SHAKE_MORNING_BREATH;XIRECS;9283.0;2;4;4
679500;;;PANEL_1X2;XIRECS;9357.0;2;4;4
679500;;;PANEL_1X4;XIRECS;8625.0;2;4;4
679500;;;PANEL_2X2;XIRECS;8566.0;2;4;4
679500;;;PANEL_2X4;XIRECS;12247.0;2;4;4
679500;;;PANEL_4X4;XIRECS;9488.0;2;4;4
679500;;;ROBOT_DISHES;XIRECS;11004.0;2;4;4
679500;;;ROBOT_IRONING;XIRECS;7703.0;2;4;4
679500;;;ROBOT_LAUNDRY;XIRECS;9129.0;2;4;4
679500;;;ROBOT_MOPPING;XIRECS;11516.0;2;4;4
679500;;;ROBOT_VACUUMING;XIRECS;8583.0;2;4;4
679500;;;SLEEP_POD_COTTON;XIRECS;12479.0;2;4;4
679500;;;SLEEP_POD_LAMB_WOOL;XIRECS;10835.0;2;4;4
679500;;;SLEEP_POD_NYLON;XIRECS;10500.0;2;4;4
679500;;;SLEEP_POD_POLYESTER;XIRECS;12613.0;2;4;4
679500;;;SLEEP_POD_SUEDE;XIRECS;11655.0;2;4;4
679500;;;SNACKPACK_CHOCOLATE;XIRECS;9593.0;2;4;4
679500;;;SNACKPACK_PISTACHIO;XIRECS;9475.0;2;4;4
679500;;;SNACKPACK_RASPBERRY;XIRECS;9860.0;2;4;4
679500;;;SNACKPACK_STRAWBERRY;XIRECS;11308.0;2;4;4
679500;;;SNACKPACK_VANILLA;XIRECS;10311.0;2;4;4
679500;;;TRANSLATOR_ASTRO_BLACK;XIRECS;9638.0;2;4;4
679500;;;TRANSLATOR_ECLIPSE_CHARCOAL;XIRECS;9832.0;2;4;4
679500;;;TRANSLATOR_GRAPHITE_MIST;XIRECS;10246.0;2;4;4
679500;;;TRANSLATOR_SPACE_GRAY;XIRECS;8621.0;2;4;4
679500;;;TRANSLATOR_VOID_BLUE;XIRECS;11478.0;2;4;4
679500;;;UV_VISOR_AMBER;XIRECS;6539.0;2;4;4
679500;;;UV_VISOR_MAGENTA;XIRECS;11401.0;2;4;4
679500;;;UV_VISOR_ORANGE;XIRECS;11240.0;2;4;4
679500;;;UV_VISOR_RED;XIRECS;12060.0;2;4;4
679500;;;UV_VISOR_YELLOW;XIRECS;9812.0;2;4;4
679800;;SUBMISSION;PEBBLES_XL;XIRECS;16568.0;5;4;4
680300;;;GALAXY_SOUNDS_BLACK_HOLES;XIRECS;12525.0;1;4;4
680300;;;GALAXY_SOUNDS_DARK_MATTER;XIRECS;10062.0;1;4;4
680300;;;GALAXY_SOUNDS_PLANETARY_RINGS;XIRECS;10897.0;1;4;4
680300;;;GALAXY_SOUNDS_SOLAR_FLAMES;XIRECS;11465.0;1;4;4
680300;;;GALAXY_SOUNDS_SOLAR_WINDS;XIRECS;11209.0;1;4;4
680300;;;OXYGEN_SHAKE_CHOCOLATE;XIRECS;10855.0;1;4;4
680300;;;OXYGEN_SHAKE_EVENING_BREATH;XIRECS;9406.0;1;4;4
680300;;;OXYGEN_SHAKE_GARLIC;XIRECS;13474.0;1;4;4
680300;;;OXYGEN_SHAKE_MINT;XIRECS;9823.0;1;4;4
680300;;;OXYGEN_SHAKE_MORNING_BREATH;XIRECS;9272.0;1;4;4
680300;;;PANEL_1X2;XIRECS;9398.0;1;4;4
680300;;;PANEL_1X4;XIRECS;8630.0;1;4;4
680300;;;PANEL_2X2;XIRECS;8542.0;1;4;4
680300;;;PANEL_2X4;XIRECS;12213.0;1;4;4
680300;;;PANEL_4X4;XIRECS;9500.0;1;4;4
680300;;;ROBOT_DISHES;XIRECS;11004.0;1;4;4
680300;;;ROBOT_IRONING;XIRECS;7693.0;1;4;4
680300;;;ROBOT_LAUNDRY;XIRECS;9159.0;1;4;4
680300;;;ROBOT_MOPPING;XIRECS;11494.0;1;4;4
680300;;;ROBOT_VACUUMING;XIRECS;8609.0;1;4;4
680300;;;SLEEP_POD_COTTON;XIRECS;12496.0;1;4;4
680300;;;SLEEP_POD_LAMB_WOOL;XIRECS;10866.0;1;4;4
680300;;;SLEEP_POD_NYLON;XIRECS;10516.0;1;4;4
680300;;;SLEEP_POD_POLYESTER;XIRECS;12649.0;1;4;4
680300;;;SLEEP_POD_SUEDE;XIRECS;11682.0;1;4;4
680300;;;SNACKPACK_CHOCOLATE;XIRECS;9543.0;1;4;4
680300;;;SNACKPACK_PISTACHIO;XIRECS;9488.0;1;4;4
680300;;;SNACKPACK_RASPBERRY;XIRECS;9868.0;1;4;4
680300;;;SNACKPACK_STRAWBERRY;XIRECS;11302.0;1;4;4
680300;;;SNACKPACK_VANILLA;XIRECS;10363.0;1;4;4
680300;;;TRANSLATOR_ASTRO_BLACK;XIRECS;9620.0;1;4;4
680300;;;TRANSLATOR_ECLIPSE_CHARCOAL;XIRECS;9840.0;1;4;4
680300;;;TRANSLATOR_GRAPHITE_MIST;XIRECS;10250.0;1;4;4
680300;;;TRANSLATOR_SPACE_GRAY;XIRECS;8627.0;1;4;4
680300;;;TRANSLATOR_VOID_BLUE;XIRECS;11491.0;1;4;4
680300;;;UV_VISOR_AMBER;XIRECS;6539.0;1;4;4
680300;;;UV_VISOR_MAGENTA;XIRECS;11403.0;1;4;4
680300;;;UV_VISOR_ORANGE;XIRECS;11263.0;1;4;4
680300;;;UV_VISOR_RED;XIRECS;12050.0;1;4;4
680300;;;UV_VISOR_YELLOW;XIRECS;9817.0;1;4;4
681100;SUBMISSION;;PEBBLES_XL;XIRECS;16387.0;2;4;4
681100;;;PEBBLES_L;XIRECS;10068.0;5;4;4
681100;;;PEBBLES_M;XIRECS;10710.0;5;4;4
681100;;;PEBBLES_S;XIRECS;7382.0;5;4;4
681100;;;PEBBLES_XS;XIRECS;5422.0;5;4;4
682400;SUBMISSION;;OXYGEN_SHAKE_MORNING_BREATH;XIRECS;9293.0;5;4;4
683500;;SUBMISSION;PEBBLES_XL;XIRECS;16294.0;2;4;4
683500;;;PEBBLES_L;XIRECS;10103.0;5;4;4
683500;;;PEBBLES_M;XIRECS;10847.0;5;4;4
683500;;;PEBBLES_S;XIRECS;7447.0;5;4;4
683500;;;PEBBLES_XS;XIRECS;5341.0;5;4;4
683800;SUBMISSION;;SNACKPACK_PISTACHIO;XIRECS;9446.0;2;4;4
683800;SUBMISSION;;SNACKPACK_STRAWBERRY;XIRECS;11233.0;2;4;4
683800;;SUBMISSION;PEBBLES_XL;XIRECS;16299.0;8;4;4
683800;SUBMISSION;;SNACKPACK_VANILLA;XIRECS;10298.0;2;4;4
683800;;;GALAXY_SOUNDS_BLACK_HOLES;XIRECS;12452.0;2;4;4
683800;;;GALAXY_SOUNDS_DARK_MATTER;XIRECS;10121.0;2;4;4
683800;;;GALAXY_SOUNDS_PLANETARY_RINGS;XIRECS;10809.0;2;4;4
683800;;;GALAXY_SOUNDS_SOLAR_FLAMES;XIRECS;11366.0;2;4;4
683800;;;GALAXY_SOUNDS_SOLAR_WINDS;XIRECS;11170.0;2;4;4
683800;;;OXYGEN_SHAKE_CHOCOLATE;XIRECS;10936.0;2;4;4
683800;;;OXYGEN_SHAKE_EVENING_BREATH;XIRECS;9424.0;2;4;4
683800;;;OXYGEN_SHAKE_GARLIC;XIRECS;13310.0;2;4;4
683800;;;OXYGEN_SHAKE_MINT;XIRECS;9891.0;2;4;4
683800;;;OXYGEN_SHAKE_MORNING_BREATH;XIRECS;9260.0;2;4;4
683800;;;PANEL_1X2;XIRECS;9411.0;2;4;4
683800;;;PANEL_1X4;XIRECS;8573.0;2;4;4
683800;;;PANEL_2X2;XIRECS;8590.0;2;4;4
683800;;;PANEL_2X4;XIRECS;12284.0;2;4;4
683800;;;PANEL_4X4;XIRECS;9463.0;2;4;4
683800;;;ROBOT_DISHES;XIRECS;10996.0;2;4;4
683800;;;ROBOT_IRONING;XIRECS;7597.0;2;4;4
683800;;;ROBOT_LAUNDRY;XIRECS;9155.0;2;4;4
683800;;;ROBOT_MOPPING;XIRECS;11480.0;2;4;4
683800;;;ROBOT_VACUUMING;XIRECS;8642.0;2;4;4
683800;;;SLEEP_POD_COTTON;XIRECS;12542.0;2;4;4
683800;;;SLEEP_POD_LAMB_WOOL;XIRECS;11034.0;2;4;4
683800;;;SLEEP_POD_NYLON;XIRECS;10579.0;2;4;4
683800;;;SLEEP_POD_POLYESTER;XIRECS;12587.0;2;4;4
683800;;;SLEEP_POD_SUEDE;XIRECS;11719.0;2;4;4
683800;;;SNACKPACK_CHOCOLATE;XIRECS;9580.0;2;4;4
683800;;;SNACKPACK_RASPBERRY;XIRECS;9922.0;2;4;4
683800;;;TRANSLATOR_ASTRO_BLACK;XIRECS;9487.0;2;4;4
683800;;;TRANSLATOR_ECLIPSE_CHARCOAL;XIRECS;9846.0;2;4;4
683800;;;TRANSLATOR_GRAPHITE_MIST;XIRECS;10137.0;2;4;4
683800;;;TRANSLATOR_SPACE_GRAY;XIRECS;8567.0;2;4;4
683800;;;TRANSLATOR_VOID_BLUE;XIRECS;11515.0;2;4;4
683800;;;UV_VISOR_AMBER;XIRECS;6575.0;2;4;4
683800;;;UV_VISOR_MAGENTA;XIRECS;11388.0;2;4;4
683800;;;UV_VISOR_ORANGE;XIRECS;11181.0;2;4;4
683800;;;UV_VISOR_RED;XIRECS;12001.0;2;4;4
683800;;;UV_VISOR_YELLOW;XIRECS;9897.0;2;4;4
684800;;SUBMISSION;PEBBLES_XL;XIRECS;16323.0;4;4;4
686000;;;MICROCHIP_CIRCLE;XIRECS;10119.0;1;4;4
686000;;;MICROCHIP_OVAL;XIRECS;5842.0;1;4;4
686000;;;MICROCHIP_RECTANGLE;XIRECS;7936.0;1;4;4
686000;;;MICROCHIP_SQUARE;XIRECS;14640.0;1;4;4
686000;;;MICROCHIP_TRIANGLE;XIRECS;8334.0;1;4;4
686300;SUBMISSION;;SNACKPACK_PISTACHIO;XIRECS;9450.0;4;4;4
686300;SUBMISSION;;SNACKPACK_STRAWBERRY;XIRECS;11251.0;4;4;4
686300;SUBMISSION;;SNACKPACK_VANILLA;XIRECS;10270.0;4;4;4
687500;;;GALAXY_SOUNDS_BLACK_HOLES;XIRECS;12379.0;4;4;4
687500;;;GALAXY_SOUNDS_DARK_MATTER;XIRECS;10092.0;4;4;4
687500;;;GALAXY_SOUNDS_PLANETARY_RINGS;XIRECS;10844.0;4;4;4
687500;;;GALAXY_SOUNDS_SOLAR_FLAMES;XIRECS;11375.0;4;4;4
687500;;;GALAXY_SOUNDS_SOLAR_WINDS;XIRECS;11190.0;4;4;4
687500;;;OXYGEN_SHAKE_CHOCOLATE;XIRECS;10973.0;4;4;4
687500;;;OXYGEN_SHAKE_EVENING_BREATH;XIRECS;9434.0;4;4;4
687500;;;OXYGEN_SHAKE_GARLIC;XIRECS;13433.0;4;4;4
687500;;;OXYGEN_SHAKE_MINT;XIRECS;9878.0;4;4;4
687500;;;OXYGEN_SHAKE_MORNING_BREATH;XIRECS;9248.0;4;4;4
687500;;;PANEL_1X2;XIRECS;9418.0;4;4;4
687500;;;PANEL_1X4;XIRECS;8613.0;4;4;4
687500;;;PANEL_2X2;XIRECS;8645.0;4;4;4
687500;;;PANEL_2X4;XIRECS;12225.0;4;4;4
687500;;;PANEL_4X4;XIRECS;9449.0;4;4;4
687500;;;ROBOT_DISHES;XIRECS;10996.0;4;4;4
687500;;;ROBOT_IRONING;XIRECS;7567.0;4;4;4
687500;;;ROBOT_LAUNDRY;XIRECS;9182.0;4;4;4
687500;;;ROBOT_MOPPING;XIRECS;11437.0;4;4;4
687500;;;ROBOT_VACUUMING;XIRECS;8647.0;4;4;4
687500;;;SLEEP_POD_COTTON;XIRECS;12650.0;4;4;4
687500;;;SLEEP_POD_LAMB_WOOL;XIRECS;10842.0;4;4;4
687500;;;SLEEP_POD_NYLON;XIRECS;10590.0;4;4;4
687500;;;SLEEP_POD_POLYESTER;XIRECS;12626.0;4;4;4
687500;;;SLEEP_POD_SUEDE;XIRECS;11794.0;4;4;4
687500;;;SNACKPACK_CHOCOLATE;XIRECS;9608.0;4;4;4
687500;;;SNACKPACK_PISTACHIO;XIRECS;9419.0;4;4;4
687500;;;SNACKPACK_RASPBERRY;XIRECS;9941.0;4;4;4
687500;;;SNACKPACK_STRAWBERRY;XIRECS;11228.0;4;4;4
687500;;;SNACKPACK_VANILLA;XIRECS;10265.0;4;4;4
687500;;;TRANSLATOR_ASTRO_BLACK;XIRECS;9455.0;4;4;4
687500;;;TRANSLATOR_ECLIPSE_CHARCOAL;XIRECS;9781.0;4;4;4
687500;;;TRANSLATOR_GRAPHITE_MIST;XIRECS;10114.0;4;4;4
687500;;;TRANSLATOR_SPACE_GRAY;XIRECS;8575.0;4;4;4
687500;;;TRANSLATOR_VOID_BLUE;XIRECS;11478.0;4;4;4
687500;;;UV_VISOR_AMBER;XIRECS;6629.0;4;4;4
687500;;;UV_VISOR_MAGENTA;XIRECS;11386.0;4;4;4
687500;;;UV_VISOR_ORANGE;XIRECS;11175.0;4;4;4
687500;;;UV_VISOR_RED;XIRECS;11901.0;4;4;4
687500;;;UV_VISOR_YELLOW;XIRECS;9910.0;4;4;4
688000;;;PEBBLES_L;XIRECS;9897.0;2;4;4
688000;;;PEBBLES_M;XIRECS;10850.0;2;4;4
688000;;;PEBBLES_S;XIRECS;7631.0;2;4;4
688000;;;PEBBLES_XL;XIRECS;16248.0;2;4;4
688000;;;PEBBLES_XS;XIRECS;5406.0;2;4;4
688400;SUBMISSION;;SLEEP_POD_COTTON;XIRECS;12636.0;5;4;4
689300;SUBMISSION;;SNACKPACK_PISTACHIO;XIRECS;9372.0;1;4;4
689300;SUBMISSION;;SNACKPACK_STRAWBERRY;XIRECS;11154.0;1;4;4
689300;SUBMISSION;;PEBBLES_XL;XIRECS;16348.0;2;4;4
689300;SUBMISSION;;SNACKPACK_VANILLA;XIRECS;10228.0;1;4;4
689300;;;PEBBLES_L;XIRECS;9867.0;2;4;4
689300;;;PEBBLES_M;XIRECS;10785.0;2;4;4
689300;;;PEBBLES_S;XIRECS;7609.0;2;4;4
689300;;;PEBBLES_XS;XIRECS;5358.0;2;4;4
690000;;;MICROCHIP_CIRCLE;XIRECS;10154.0;2;4;4
690000;;;MICROCHIP_OVAL;XIRECS;5796.0;2;4;4
690000;;;MICROCHIP_RECTANGLE;XIRECS;7921.0;2;4;4
690000;;;MICROCHIP_SQUARE;XIRECS;14566.0;2;4;4
690000;;;MICROCHIP_TRIANGLE;XIRECS;8336.0;2;4;4
690100;SUBMISSION;;PEBBLES_XL;XIRECS;16335.0;5;4;4
690200;;SUBMISSION;SNACKPACK_PISTACHIO;XIRECS;9383.0;2;4;4
690200;;SUBMISSION;SNACKPACK_STRAWBERRY;XIRECS;11170.0;2;4;4
690200;;SUBMISSION;SNACKPACK_VANILLA;XIRECS;10249.0;2;4;4
690600;;SUBMISSION;PEBBLES_XL;XIRECS;16304.0;2;4;4
690600;;;PEBBLES_L;XIRECS;9853.0;3;4;4
690600;;;PEBBLES_M;XIRECS;10848.0;3;4;4
690600;;;PEBBLES_S;XIRECS;7695.0;3;4;4
690600;;;PEBBLES_XS;XIRECS;5331.0;3;4;4
690800;SUBMISSION;;SNACKPACK_PISTACHIO;XIRECS;9387.0;2;4;4
690800;SUBMISSION;;SNACKPACK_STRAWBERRY;XIRECS;11165.0;2;4;4
690800;SUBMISSION;;SNACKPACK_VANILLA;XIRECS;10214.0;2;4;4
691100;;SUBMISSION;SNACKPACK_PISTACHIO;XIRECS;9389.0;2;4;4
691100;;SUBMISSION;SNACKPACK_STRAWBERRY;XIRECS;11171.0;2;4;4
691100;;SUBMISSION;SNACKPACK_VANILLA;XIRECS;10218.0;2;4;4
692300;;SUBMISSION;PEBBLES_XL;XIRECS;16281.0;2;4;4
692300;;;PEBBLES_L;XIRECS;9933.0;4;4;4
692300;;;PEBBLES_M;XIRECS;10862.0;4;4;4
692300;;;PEBBLES_S;XIRECS;7678.0;4;4;4
692300;;;PEBBLES_XS;XIRECS;5277.0;4;4;4
692400;;SUBMISSION;SLEEP_POD_COTTON;XIRECS;12505.0;5;4;4
693500;SUBMISSION;;SNACKPACK_PISTACHIO;XIRECS;9453.0;2;4;4
693500;SUBMISSION;;SNACKPACK_STRAWBERRY;XIRECS;11260.0;2;4;4
693500;SUBMISSION;;SNACKPACK_VANILLA;XIRECS;10267.0;2;4;4
693800;;;GALAXY_SOUNDS_BLACK_HOLES;XIRECS;12361.0;4;4;4
693800;;;GALAXY_SOUNDS_DARK_MATTER;XIRECS;10169.0;4;4;4
693800;;;GALAXY_SOUNDS_PLANETARY_RINGS;XIRECS;10755.0;4;4;4
693800;;;GALAXY_SOUNDS_SOLAR_FLAMES;XIRECS;11405.0;4;4;4
693800;;;GALAXY_SOUNDS_SOLAR_WINDS;XIRECS;11346.0;4;4;4
693800;;;OXYGEN_SHAKE_CHOCOLATE;XIRECS;10927.0;4;4;4
693800;;;OXYGEN_SHAKE_EVENING_BREATH;XIRECS;9434.0;4;4;4
693800;;;OXYGEN_SHAKE_GARLIC;XIRECS;13456.0;4;4;4
693800;;;OXYGEN_SHAKE_MINT;XIRECS;9995.0;4;4;4
693800;;;OXYGEN_SHAKE_MORNING_BREATH;XIRECS;9237.0;4;4;4
693800;;;PANEL_1X2;XIRECS;9458.0;4;4;4
693800;;;PANEL_1X4;XIRECS;8615.0;4;4;4
693800;;;PANEL_2X2;XIRECS;8695.0;4;4;4
693800;;;PANEL_2X4;XIRECS;12125.0;4;4;4
693800;;;PANEL_4X4;XIRECS;9461.0;4;4;4
693800;;;ROBOT_DISHES;XIRECS;11096.0;4;4;4
693800;;;ROBOT_IRONING;XIRECS;7597.0;4;4;4
693800;;;ROBOT_LAUNDRY;XIRECS;9157.0;4;4;4
693800;;;ROBOT_MOPPING;XIRECS;11576.0;4;4;4
693800;;;ROBOT_VACUUMING;XIRECS;8538.0;4;4;4
693800;;;SLEEP_POD_COTTON;XIRECS;12536.0;4;4;4
693800;;;SLEEP_POD_LAMB_WOOL;XIRECS;10776.0;4;4;4
693800;;;SLEEP_POD_NYLON;XIRECS;10687.0;4;4;4
693800;;;SLEEP_POD_POLYESTER;XIRECS;12703.0;4;4;4
693800;;;SLEEP_POD_SUEDE;XIRECS;11608.0;4;4;4
693800;;;SNACKPACK_CHOCOLATE;XIRECS;9616.0;4;4;4
693800;;;SNACKPACK_PISTACHIO;XIRECS;9450.0;4;4;4
693800;;;SNACKPACK_RASPBERRY;XIRECS;9922.0;4;4;4
693800;;;SNACKPACK_STRAWBERRY;XIRECS;11260.0;4;4;4
693800;;;SNACKPACK_VANILLA;XIRECS;10262.0;4;4;4
693800;;;TRANSLATOR_ASTRO_BLACK;XIRECS;9337.0;4;4;4
693800;;;TRANSLATOR_ECLIPSE_CHARCOAL;XIRECS;9851.0;4;4;4
693800;;;TRANSLATOR_GRAPHITE_MIST;XIRECS;10009.0;4;4;4
693800;;;TRANSLATOR_SPACE_GRAY;XIRECS;8551.0;4;4;4
693800;;;TRANSLATOR_VOID_BLUE;XIRECS;11324.0;4;4;4
693800;;;UV_VISOR_AMBER;XIRECS;6600.0;4;4;4
693800;;;UV_VISOR_MAGENTA;XIRECS;11378.0;4;4;4
693800;;;UV_VISOR_ORANGE;XIRECS;11240.0;4;4;4
693800;;;UV_VISOR_RED;XIRECS;11898.0;4;4;4
693800;;;UV_VISOR_YELLOW;XIRECS;9910.0;4;4;4
693900;;SUBMISSION;PEBBLES_XL;XIRECS;16403.0;5;4;4
693900;;;MICROCHIP_CIRCLE;XIRECS;10175.0;3;4;4
693900;;;MICROCHIP_OVAL;XIRECS;5781.0;3;4;4
693900;;;MICROCHIP_RECTANGLE;XIRECS;7974.0;3;4;4
693900;;;MICROCHIP_SQUARE;XIRECS;14238.0;3;4;4
693900;;;MICROCHIP_TRIANGLE;XIRECS;8276.0;3;4;4
694500;;;MICROCHIP_CIRCLE;XIRECS;10134.0;2;4;4
694500;;;MICROCHIP_OVAL;XIRECS;5776.0;2;4;4
694500;;;MICROCHIP_RECTANGLE;XIRECS;7986.0;2;4;4
694500;;;MICROCHIP_SQUARE;XIRECS;14255.0;2;4;4
694500;;;MICROCHIP_TRIANGLE;XIRECS;8299.0;2;4;4
694600;;;PEBBLES_L;XIRECS;9828.0;5;4;4
694600;;;PEBBLES_M;XIRECS;10898.0;5;4;4
694600;;;PEBBLES_S;XIRECS;7633.0;5;4;4
694600;;;PEBBLES_XL;XIRECS;16515.0;5;4;4
694600;;;PEBBLES_XS;XIRECS;5159.0;5;4;4
696000;;SUBMISSION;SNACKPACK_PISTACHIO;XIRECS;9434.0;5;4;4
696000;;SUBMISSION;SNACKPACK_STRAWBERRY;XIRECS;11216.0;5;4;4
696000;;SUBMISSION;SNACKPACK_VANILLA;XIRECS;10268.0;5;4;4
699300;;SUBMISSION;SNACKPACK_PISTACHIO;XIRECS;9406.0;3;4;4
699300;;SUBMISSION;SNACKPACK_STRAWBERRY;XIRECS;11167.0;3;4;4
699300;;SUBMISSION;SNACKPACK_VANILLA;XIRECS;10265.0;3;4;4
699300;;;MICROCHIP_CIRCLE;XIRECS;10177.0;2;4;4
699300;;;MICROCHIP_OVAL;XIRECS;5714.0;2;4;4
699300;;;MICROCHIP_RECTANGLE;XIRECS;8081.0;2;4;4
699300;;;MICROCHIP_SQUARE;XIRECS;14422.0;2;4;4
699300;;;MICROCHIP_TRIANGLE;XIRECS;8391.0;2;4;4
699700;SUBMISSION;;PEBBLES_XL;XIRECS;16628.0;2;4;4
699700;;;PEBBLES_L;XIRECS;9803.0;2;4;4
699700;;;PEBBLES_M;XIRECS;10964.0;2;4;4
699700;;;PEBBLES_S;XIRECS;7423.0;2;4;4
699700;;;PEBBLES_XS;XIRECS;5150.0;2;4;4
701400;;;GALAXY_SOUNDS_BLACK_HOLES;XIRECS;12397.0;1;4;4
701400;;;GALAXY_SOUNDS_DARK_MATTER;XIRECS;10134.0;1;4;4
701400;;;GALAXY_SOUNDS_PLANETARY_RINGS;XIRECS;10616.0;1;4;4
701400;;;GALAXY_SOUNDS_SOLAR_FLAMES;XIRECS;11336.0;1;4;4
701400;;;GALAXY_SOUNDS_SOLAR_WINDS;XIRECS;11436.0;1;4;4
701400;;;OXYGEN_SHAKE_CHOCOLATE;XIRECS;11034.0;1;4;4
701400;;;OXYGEN_SHAKE_EVENING_BREATH;XIRECS;9526.0;1;4;4
701400;;;OXYGEN_SHAKE_GARLIC;XIRECS;13415.0;1;4;4
701400;;;OXYGEN_SHAKE_MINT;XIRECS;9968.0;1;4;4
701400;;;OXYGEN_SHAKE_MORNING_BREATH;XIRECS;9306.0;1;4;4
701400;;;PANEL_1X2;XIRECS;9603.0;1;4;4
701400;;;PANEL_1X4;XIRECS;8493.0;1;4;4
701400;;;PANEL_2X2;XIRECS;8660.0;1;4;4
701400;;;PANEL_2X4;XIRECS;12141.0;1;4;4
701400;;;PANEL_4X4;XIRECS;9356.0;1;4;4
701400;;;ROBOT_DISHES;XIRECS;11204.0;1;4;4
701400;;;ROBOT_IRONING;XIRECS;7533.0;1;4;4
701400;;;ROBOT_LAUNDRY;XIRECS;9120.0;1;4;4
701400;;;ROBOT_MOPPING;XIRECS;11676.0;1;4;4
701400;;;ROBOT_VACUUMING;XIRECS;8586.0;1;4;4
701400;;;SLEEP_POD_COTTON;XIRECS;12449.0;1;4;4
701400;;;SLEEP_POD_LAMB_WOOL;XIRECS;10797.0;1;4;4
701400;;;SLEEP_POD_NYLON;XIRECS;10619.0;1;4;4
701400;;;SLEEP_POD_POLYESTER;XIRECS;12631.0;1;4;4
701400;;;SLEEP_POD_SUEDE;XIRECS;11585.0;1;4;4
701400;;;SNACKPACK_CHOCOLATE;XIRECS;9638.0;1;4;4
701400;;;SNACKPACK_PISTACHIO;XIRECS;9430.0;1;4;4
701400;;;SNACKPACK_RASPBERRY;XIRECS;9998.0;1;4;4
701400;;;SNACKPACK_STRAWBERRY;XIRECS;11218.0;1;4;4
701400;;;SNACKPACK_VANILLA;XIRECS;10277.0;1;4;4
701400;;;TRANSLATOR_ASTRO_BLACK;XIRECS;9351.0;1;4;4
701400;;;TRANSLATOR_ECLIPSE_CHARCOAL;XIRECS;9724.0;1;4;4
701400;;;TRANSLATOR_GRAPHITE_MIST;XIRECS;10198.0;1;4;4
701400;;;TRANSLATOR_SPACE_GRAY;XIRECS;8533.0;1;4;4
701400;;;TRANSLATOR_VOID_BLUE;XIRECS;11368.0;1;4;4
701400;;;UV_VISOR_AMBER;XIRECS;6611.0;1;4;4
701400;;;UV_VISOR_MAGENTA;XIRECS;11306.0;1;4;4
701400;;;UV_VISOR_ORANGE;XIRECS;11087.0;1;4;4
701400;;;UV_VISOR_RED;XIRECS;12104.0;1;4;4
701400;;;UV_VISOR_YELLOW;XIRECS;9948.0;1;4;4
702000;;;MICROCHIP_CIRCLE;XIRECS;10209.0;1;4;4
702000;;;MICROCHIP_OVAL;XIRECS;5719.0;1;4;4
702000;;;MICROCHIP_RECTANGLE;XIRECS;7980.0;1;4;4
702000;;;MICROCHIP_SQUARE;XIRECS;14303.0;1;4;4
702000;;;MICROCHIP_TRIANGLE;XIRECS;8285.0;1;4;4
703500;;SUBMISSION;PEBBLES_XL;XIRECS;16337.0;3;4;4
704200;SUBMISSION;;PEBBLES_XL;XIRECS;16297.0;8;4;4
704400;SUBMISSION;;OXYGEN_SHAKE_MORNING_BREATH;XIRECS;9314.0;5;4;4
704500;SUBMISSION;;PEBBLES_XL;XIRECS;16252.0;2;4;4
704500;;;PEBBLES_L;XIRECS;9868.0;2;4;4
704500;;;PEBBLES_M;XIRECS;11127.0;2;4;4
704500;;;PEBBLES_S;XIRECS;7365.0;2;4;4
704500;;;PEBBLES_XS;XIRECS;5357.0;2;4;4
704600;SUBMISSION;;PEBBLES_XL;XIRECS;16258.0;2;4;4
704600;;;PEBBLES_L;XIRECS;9863.0;5;4;4
704600;;;PEBBLES_M;XIRECS;11121.0;5;4;4
704600;;;PEBBLES_S;XIRECS;7339.0;5;4;4
704600;;;PEBBLES_XS;XIRECS;5388.0;5;4;4
705700;SUBMISSION;;PEBBLES_XL;XIRECS;16205.0;2;4;4
705700;;;PEBBLES_L;XIRECS;9893.0;3;4;4
705700;;;PEBBLES_M;XIRECS;11158.0;3;4;4
705700;;;PEBBLES_S;XIRECS;7364.0;3;4;4
705700;;;PEBBLES_XS;XIRECS;5348.0;3;4;4
708200;;SUBMISSION;PEBBLES_XL;XIRECS;16205.0;5;4;4
710000;;SUBMISSION;PEBBLES_XL;XIRECS;16518.0;2;4;4
710000;;;PEBBLES_L;XIRECS;9833.0;4;4;4
710000;;;PEBBLES_M;XIRECS;11020.0;4;4;4
710000;;;PEBBLES_S;XIRECS;7451.0;4;4;4
710000;;;PEBBLES_XS;XIRECS;5209.0;4;4;4
710100;;SUBMISSION;PEBBLES_XL;XIRECS;16615.0;2;4;4
710100;;;PEBBLES_L;XIRECS;9801.0;2;4;4
710100;;;PEBBLES_M;XIRECS;11013.0;2;4;4
710100;;;PEBBLES_S;XIRECS;7427.0;2;4;4
710100;;;PEBBLES_XS;XIRECS;5175.0;2;4;4
711400;;;MICROCHIP_CIRCLE;XIRECS;10305.0;1;4;4
711400;;;MICROCHIP_OVAL;XIRECS;5710.0;1;4;4
711400;;;MICROCHIP_RECTANGLE;XIRECS;7996.0;1;4;4
711400;;;MICROCHIP_SQUARE;XIRECS;14371.0;1;4;4
711400;;;MICROCHIP_TRIANGLE;XIRECS;8368.0;1;4;4
711400;;;PEBBLES_L;XIRECS;9818.0;2;4;4
711400;;;PEBBLES_M;XIRECS;11057.0;2;4;4
711400;;;PEBBLES_S;XIRECS;7269.0;2;4;4
711400;;;PEBBLES_XL;XIRECS;16729.0;2;4;4
711400;;;PEBBLES_XS;XIRECS;5160.0;2;4;4
712000;SUBMISSION;;SNACKPACK_PISTACHIO;XIRECS;9331.0;2;4;4
712000;SUBMISSION;;SNACKPACK_STRAWBERRY;XIRECS;11069.0;2;4;4
712000;SUBMISSION;;SNACKPACK_VANILLA;XIRECS;10277.0;2;4;4
712000;;;GALAXY_SOUNDS_BLACK_HOLES;XIRECS;12287.0;2;4;4
712000;;;GALAXY_SOUNDS_DARK_MATTER;XIRECS;10076.0;2;4;4
712000;;;GALAXY_SOUNDS_PLANETARY_RINGS;XIRECS;10636.0;2;4;4
712000;;;GALAXY_SOUNDS_SOLAR_FLAMES;XIRECS;11312.0;2;4;4
712000;;;GALAXY_SOUNDS_SOLAR_WINDS;XIRECS;11439.0;2;4;4
712000;;;OXYGEN_SHAKE_CHOCOLATE;XIRECS;11014.0;2;4;4
712000;;;OXYGEN_SHAKE_EVENING_BREATH;XIRECS;9474.0;2;4;4
712000;;;OXYGEN_SHAKE_GARLIC;XIRECS;13268.0;2;4;4
712000;;;OXYGEN_SHAKE_MINT;XIRECS;10054.0;2;4;4
712000;;;OXYGEN_SHAKE_MORNING_BREATH;XIRECS;9292.0;2;4;4
712000;;;PANEL_1X2;XIRECS;9637.0;2;4;4
712000;;;PANEL_1X4;XIRECS;8588.0;2;4;4
712000;;;PANEL_2X2;XIRECS;8606.0;2;4;4
712000;;;PANEL_2X4;XIRECS;12063.0;2;4;4
712000;;;PANEL_4X4;XIRECS;9344.0;2;4;4
712000;;;ROBOT_DISHES;XIRECS;10996.0;2;4;4
712000;;;ROBOT_IRONING;XIRECS;7547.0;2;4;4
712000;;;ROBOT_LAUNDRY;XIRECS;9046.0;2;4;4
712000;;;ROBOT_MOPPING;XIRECS;11637.0;2;4;4
712000;;;ROBOT_VACUUMING;XIRECS;8518.0;2;4;4
712000;;;SLEEP_POD_COTTON;XIRECS;12347.0;2;4;4
712000;;;SLEEP_POD_LAMB_WOOL;XIRECS;10868.0;2;4;4
712000;;;SLEEP_POD_NYLON;XIRECS;10566.0;2;4;4
712000;;;SLEEP_POD_POLYESTER;XIRECS;12593.0;2;4;4
712000;;;SLEEP_POD_SUEDE;XIRECS;11542.0;2;4;4
712000;;;SNACKPACK_CHOCOLATE;XIRECS;9621.0;2;4;4
712000;;;SNACKPACK_RASPBERRY;XIRECS;10141.0;2;4;4
712000;;;TRANSLATOR_ASTRO_BLACK;XIRECS;9386.0;2;4;4
712000;;;TRANSLATOR_ECLIPSE_CHARCOAL;XIRECS;9643.0;2;4;4
712000;;;TRANSLATOR_GRAPHITE_MIST;XIRECS;10037.0;2;4;4
712000;;;TRANSLATOR_SPACE_GRAY;XIRECS;8374.0;2;4;4
712000;;;TRANSLATOR_VOID_BLUE;XIRECS;11330.0;2;4;4
712000;;;UV_VISOR_AMBER;XIRECS;6584.0;2;4;4
712000;;;UV_VISOR_MAGENTA;XIRECS;11242.0;2;4;4
712000;;;UV_VISOR_ORANGE;XIRECS;11036.0;2;4;4
712000;;;UV_VISOR_RED;XIRECS;12215.0;2;4;4
712000;;;UV_VISOR_YELLOW;XIRECS;9894.0;2;4;4
712700;;;MICROCHIP_CIRCLE;XIRECS;10330.0;3;4;4
712700;;;MICROCHIP_OVAL;XIRECS;5735.0;3;4;4
712700;;;MICROCHIP_RECTANGLE;XIRECS;7999.0;3;4;4
712700;;;MICROCHIP_SQUARE;XIRECS;14264.0;3;4;4
712700;;;MICROCHIP_TRIANGLE;XIRECS;8396.0;3;4;4
712800;SUBMISSION;;PEBBLES_XL;XIRECS;16585.0;2;4;4
712800;;;PEBBLES_L;XIRECS;9862.0;2;4;4
712800;;;PEBBLES_M;XIRECS;11013.0;2;4;4
712800;;;PEBBLES_S;XIRECS;7239.0;2;4;4
712800;;;PEBBLES_XS;XIRECS;5269.0;2;4;4
713700;;;MICROCHIP_CIRCLE;XIRECS;10330.0;3;4;4
713700;;;MICROCHIP_OVAL;XIRECS;5731.0;3;4;4
713700;;;MICROCHIP_RECTANGLE;XIRECS;7999.0;3;4;4
713700;;;MICROCHIP_SQUARE;XIRECS;14213.0;3;4;4
713700;;;MICROCHIP_TRIANGLE;XIRECS;8415.0;3;4;4
714700;SUBMISSION;;SNACKPACK_PISTACHIO;XIRECS;9301.0;5;4;4
714700;SUBMISSION;;SNACKPACK_STRAWBERRY;XIRECS;11048.0;5;4;4
714700;SUBMISSION;;SNACKPACK_VANILLA;XIRECS;10322.0;5;4;4
715200;;;MICROCHIP_CIRCLE;XIRECS;10287.0;1;4;4
715200;;;MICROCHIP_OVAL;XIRECS;5693.0;1;4;4
715200;;;MICROCHIP_RECTANGLE;XIRECS;8028.0;1;4;4
715200;;;MICROCHIP_SQUARE;XIRECS;14304.0;1;4;4
715200;;;MICROCHIP_TRIANGLE;XIRECS;8306.0;1;4;4
717200;;SUBMISSION;PEBBLES_XL;XIRECS;16692.0;5;4;4
717700;;;MICROCHIP_CIRCLE;XIRECS;10290.0;1;4;4
717700;;;MICROCHIP_OVAL;XIRECS;5671.0;1;4;4
717700;;;MICROCHIP_RECTANGLE;XIRECS;8076.0;1;4;4
717700;;;MICROCHIP_SQUARE;XIRECS;14078.0;1;4;4
717700;;;MICROCHIP_TRIANGLE;XIRECS;8310.0;1;4;4
718400;;;GALAXY_SOUNDS_BLACK_HOLES;XIRECS;12396.0;1;4;4
718400;;;GALAXY_SOUNDS_DARK_MATTER;XIRECS;9881.0;1;4;4
718400;;;GALAXY_SOUNDS_PLANETARY_RINGS;XIRECS;10757.0;1;4;4
718400;;;GALAXY_SOUNDS_SOLAR_FLAMES;XIRECS;11413.0;1;4;4
718400;;;GALAXY_SOUNDS_SOLAR_WINDS;XIRECS;11532.0;1;4;4
718400;;;OXYGEN_SHAKE_CHOCOLATE;XIRECS;11095.0;1;4;4
718400;;;OXYGEN_SHAKE_EVENING_BREATH;XIRECS;9364.0;1;4;4
718400;;;OXYGEN_SHAKE_GARLIC;XIRECS;13185.0;1;4;4
718400;;;OXYGEN_SHAKE_MINT;XIRECS;10190.0;1;4;4
718400;;;OXYGEN_SHAKE_MORNING_BREATH;XIRECS;9282.0;1;4;4
718400;;;PANEL_1X2;XIRECS;9604.0;1;4;4
718400;;;PANEL_1X4;XIRECS;8623.0;1;4;4
718400;;;PANEL_2X2;XIRECS;8625.0;1;4;4
718400;;;PANEL_2X4;XIRECS;12166.0;1;4;4
718400;;;PANEL_4X4;XIRECS;9455.0;1;4;4
718400;;;ROBOT_DISHES;XIRECS;10996.0;1;4;4
718400;;;ROBOT_IRONING;XIRECS;7627.0;1;4;4
718400;;;ROBOT_LAUNDRY;XIRECS;9079.0;1;4;4
718400;;;ROBOT_MOPPING;XIRECS;11585.0;1;4;4
718400;;;ROBOT_VACUUMING;XIRECS;8636.0;1;4;4
718400;;;SLEEP_POD_COTTON;XIRECS;12169.0;1;4;4
718400;;;SLEEP_POD_LAMB_WOOL;XIRECS;11058.0;1;4;4
718400;;;SLEEP_POD_NYLON;XIRECS;10543.0;1;4;4
718400;;;SLEEP_POD_POLYESTER;XIRECS;12552.0;1;4;4
718400;;;SLEEP_POD_SUEDE;XIRECS;11519.0;1;4;4
718400;;;SNACKPACK_CHOCOLATE;XIRECS;9661.0;1;4;4
718400;;;SNACKPACK_PISTACHIO;XIRECS;9303.0;1;4;4
718400;;;SNACKPACK_RASPBERRY;XIRECS;10138.0;1;4;4
718400;;;SNACKPACK_STRAWBERRY;XIRECS;11064.0;1;4;4
718400;;;SNACKPACK_VANILLA;XIRECS;10244.0;1;4;4
718400;;;TRANSLATOR_ASTRO_BLACK;XIRECS;9384.0;1;4;4
718400;;;TRANSLATOR_ECLIPSE_CHARCOAL;XIRECS;9682.0;1;4;4
718400;;;TRANSLATOR_GRAPHITE_MIST;XIRECS;10005.0;1;4;4
718400;;;TRANSLATOR_SPACE_GRAY;XIRECS;8199.0;1;4;4
718400;;;TRANSLATOR_VOID_BLUE;XIRECS;11252.0;1;4;4
718400;;;UV_VISOR_AMBER;XIRECS;6624.0;1;4;4
718400;;;UV_VISOR_MAGENTA;XIRECS;11162.0;1;4;4
718400;;;UV_VISOR_ORANGE;XIRECS;10948.0;1;4;4
718400;;;UV_VISOR_RED;XIRECS;12341.0;1;4;4
718400;;;UV_VISOR_YELLOW;XIRECS;9866.0;1;4;4
719200;;SUBMISSION;SNACKPACK_PISTACHIO;XIRECS;9324.0;3;4;4
719200;;SUBMISSION;SNACKPACK_STRAWBERRY;XIRECS;11099.0;3;4;4
719200;;SUBMISSION;SNACKPACK_VANILLA;XIRECS;10243.0;3;4;4
719600;;SUBMISSION;OXYGEN_SHAKE_MORNING_BREATH;XIRECS;9259.0;5;4;4
719800;;;PEBBLES_L;XIRECS;9976.0;3;4;4
719800;;;PEBBLES_M;XIRECS;11091.0;3;4;4
719800;;;PEBBLES_S;XIRECS;6983.0;3;4;4
719800;;;PEBBLES_XL;XIRECS;16642.0;3;4;4
719800;;;PEBBLES_XS;XIRECS;5340.0;3;4;4
720400;SUBMISSION;;SNACKPACK_PISTACHIO;XIRECS;9336.0;4;4;4
720400;SUBMISSION;;SNACKPACK_STRAWBERRY;XIRECS;11129.0;4;4;4
720400;SUBMISSION;;SNACKPACK_VANILLA;XIRECS;10220.0;4;4;4
720800;SUBMISSION;;PEBBLES_XL;XIRECS;16557.0;2;4;4
720800;;;PEBBLES_L;XIRECS;9961.0;5;4;4
720800;;;PEBBLES_M;XIRECS;11107.0;5;4;4
720800;;;PEBBLES_S;XIRECS;7028.0;5;4;4
720800;;;PEBBLES_XS;XIRECS;5315.0;5;4;4
721600;;SUBMISSION;PEBBLES_XL;XIRECS;16564.0;3;4;4
724600;;SUBMISSION;SNACKPACK_PISTACHIO;XIRECS;9344.0;3;4;4
724600;;SUBMISSION;SNACKPACK_STRAWBERRY;XIRECS;11168.0;3;4;4
724600;;SUBMISSION;SNACKPACK_VANILLA;XIRECS;10194.0;3;4;4
725200;;;GALAXY_SOUNDS_BLACK_HOLES;XIRECS;12303.0;2;4;4
725200;;;GALAXY_SOUNDS_DARK_MATTER;XIRECS;9890.0;2;4;4
725200;;;GALAXY_SOUNDS_PLANETARY_RINGS;XIRECS;10858.0;2;4;4
725200;;;GALAXY_SOUNDS_SOLAR_FLAMES;XIRECS;11415.0;2;4;4
725200;;;GALAXY_SOUNDS_SOLAR_WINDS;XIRECS;11533.0;2;4;4
725200;;;MICROCHIP_CIRCLE;XIRECS;10327.0;3;4;4
725200;;;MICROCHIP_OVAL;XIRECS;5662.0;3;4;4
725200;;;MICROCHIP_RECTANGLE;XIRECS;8151.0;3;4;4
725200;;;MICROCHIP_SQUARE;XIRECS;14420.0;3;4;4
725200;;;MICROCHIP_TRIANGLE;XIRECS;8322.0;3;4;4
725200;;;OXYGEN_SHAKE_CHOCOLATE;XIRECS;11005.0;2;4;4
725200;;;OXYGEN_SHAKE_EVENING_BREATH;XIRECS;9244.0;2;4;4
725200;;;OXYGEN_SHAKE_GARLIC;XIRECS;13107.0;2;4;4
725200;;;OXYGEN_SHAKE_MINT;XIRECS;10180.0;2;4;4
725200;;;OXYGEN_SHAKE_MORNING_BREATH;XIRECS;9216.0;2;4;4
725200;;;PANEL_1X2;XIRECS;9608.0;2;4;4
725200;;;PANEL_1X4;XIRECS;8694.0;2;4;4
725200;;;PANEL_2X2;XIRECS;8673.0;2;4;4
725200;;;PANEL_2X4;XIRECS;12115.0;2;4;4
725200;;;PANEL_4X4;XIRECS;9402.0;2;4;4
725200;;;ROBOT_DISHES;XIRECS;10896.0;2;4;4
725200;;;ROBOT_IRONING;XIRECS;7507.0;2;4;4
725200;;;ROBOT_LAUNDRY;XIRECS;9119.0;2;4;4
725200;;;ROBOT_MOPPING;XIRECS;11553.0;2;4;4
725200;;;ROBOT_VACUUMING;XIRECS;8609.0;2;4;4
725200;;;SLEEP_POD_COTTON;XIRECS;12122.0;2;4;4
725200;;;SLEEP_POD_LAMB_WOOL;XIRECS;10878.0;2;4;4
725200;;;SLEEP_POD_NYLON;XIRECS;10585.0;2;4;4
725200;;;SLEEP_POD_POLYESTER;XIRECS;12441.0;2;4;4
725200;;;SLEEP_POD_SUEDE;XIRECS;11645.0;2;4;4
725200;;;SNACKPACK_CHOCOLATE;XIRECS;9706.0;2;4;4
725200;;;SNACKPACK_PISTACHIO;XIRECS;9329.0;2;4;4
725200;;;SNACKPACK_RASPBERRY;XIRECS;10041.0;2;4;4
725200;;;SNACKPACK_STRAWBERRY;XIRECS;11143.0;2;4;4
725200;;;SNACKPACK_VANILLA;XIRECS;10203.0;2;4;4
725200;;;TRANSLATOR_ASTRO_BLACK;XIRECS;9267.0;2;4;4
725200;;;TRANSLATOR_ECLIPSE_CHARCOAL;XIRECS;9709.0;2;4;4
725200;;;TRANSLATOR_GRAPHITE_MIST;XIRECS;10089.0;2;4;4
725200;;;TRANSLATOR_SPACE_GRAY;XIRECS;8227.0;2;4;4
725200;;;TRANSLATOR_VOID_BLUE;XIRECS;11216.0;2;4;4
725200;;;UV_VISOR_AMBER;XIRECS;6765.0;2;4;4
725200;;;UV_VISOR_MAGENTA;XIRECS;11141.0;2;4;4
725200;;;UV_VISOR_ORANGE;XIRECS;10930.0;2;4;4
725200;;;UV_VISOR_RED;XIRECS;12330.0;2;4;4
725200;;;UV_VISOR_YELLOW;XIRECS;9929.0;2;4;4
725800;;;MICROCHIP_CIRCLE;XIRECS;10314.0;1;4;4
725800;;;MICROCHIP_OVAL;XIRECS;5701.0;1;4;4
725800;;;MICROCHIP_RECTANGLE;XIRECS;8183.0;1;4;4
725800;;;MICROCHIP_SQUARE;XIRECS;14400.0;1;4;4
725800;;;MICROCHIP_TRIANGLE;XIRECS;8285.0;1;4;4
726300;;SUBMISSION;SNACKPACK_PISTACHIO;XIRECS;9320.0;3;4;4
726300;;SUBMISSION;SNACKPACK_STRAWBERRY;XIRECS;11137.0;3;4;4
726300;;SUBMISSION;SNACKPACK_VANILLA;XIRECS;10203.0;3;4;4
726400;SUBMISSION;;PEBBLES_XL;XIRECS;16663.0;5;4;4
726500;SUBMISSION;;PEBBLES_XL;XIRECS;16662.0;2;4;4
726500;;;PEBBLES_L;XIRECS;9959.0;4;4;4
726500;;;PEBBLES_M;XIRECS;11139.0;4;4;4
726500;;;PEBBLES_S;XIRECS;6897.0;4;4;4
726500;;;PEBBLES_XS;XIRECS;5311.0;4;4;4
727100;SUBMISSION;;GALAXY_SOUNDS_PLANETARY_RINGS;XIRECS;10901.0;5;4;4
727500;SUBMISSION;;UV_VISOR_AMBER;XIRECS;6817.0;5;4;4
727600;SUBMISSION;;PEBBLES_XL;XIRECS;16667.0;7;4;4
729000;;;MICROCHIP_CIRCLE;XIRECS;10300.0;2;4;4
729000;;;MICROCHIP_OVAL;XIRECS;5649.0;2;4;4
729000;;;MICROCHIP_RECTANGLE;XIRECS;8247.0;2;4;4
729000;;;MICROCHIP_SQUARE;XIRECS;14347.0;2;4;4
729000;;;MICROCHIP_TRIANGLE;XIRECS;8407.0;2;4;4
729500;SUBMISSION;;GALAXY_SOUNDS_PLANETARY_RINGS;XIRECS;10911.0;5;4;4
730300;SUBMISSION;;UV_VISOR_AMBER;XIRECS;6841.0;5;4;4
730900;SUBMISSION;;OXYGEN_SHAKE_MORNING_BREATH;XIRECS;9385.0;5;4;4
731400;;SUBMISSION;GALAXY_SOUNDS_PLANETARY_RINGS;XIRECS;10786.0;5;4;4
731800;SUBMISSION;;PEBBLES_XL;XIRECS;16687.0;5;4;4
731900;SUBMISSION;;SNACKPACK_PISTACHIO;XIRECS;9288.0;5;4;4
731900;SUBMISSION;;SNACKPACK_STRAWBERRY;XIRECS;11097.0;5;4;4
731900;SUBMISSION;;SNACKPACK_VANILLA;XIRECS;10159.0;5;4;4
732500;;SUBMISSION;SNACKPACK_PISTACHIO;XIRECS;9296.0;1;4;4
732500;;SUBMISSION;SNACKPACK_STRAWBERRY;XIRECS;11109.0;1;4;4
732500;;SUBMISSION;SNACKPACK_VANILLA;XIRECS;10187.0;1;4;4
732500;;;GALAXY_SOUNDS_BLACK_HOLES;XIRECS;12326.0;1;4;4
732500;;;GALAXY_SOUNDS_DARK_MATTER;XIRECS;9951.0;1;4;4
732500;;;GALAXY_SOUNDS_PLANETARY_RINGS;XIRECS;10785.0;1;4;4
732500;;;GALAXY_SOUNDS_SOLAR_FLAMES;XIRECS;11345.0;1;4;4
732500;;;GALAXY_SOUNDS_SOLAR_WINDS;XIRECS;11607.0;1;4;4
732500;;;OXYGEN_SHAKE_CHOCOLATE;XIRECS;11125.0;1;4;4
732500;;;OXYGEN_SHAKE_EVENING_BREATH;XIRECS;9246.0;1;4;4
732500;;;OXYGEN_SHAKE_GARLIC;XIRECS;13134.0;1;4;4
732500;;;OXYGEN_SHAKE_MINT;XIRECS;10143.0;1;4;4
732500;;;OXYGEN_SHAKE_MORNING_BREATH;XIRECS;9419.0;1;4;4
732500;;;PANEL_1X2;XIRECS;9532.0;1;4;4
732500;;;PANEL_1X4;XIRECS;8763.0;1;4;4
732500;;;PANEL_2X2;XIRECS;8597.0;1;4;4
732500;;;PANEL_2X4;XIRECS;12021.0;1;4;4
732500;;;PANEL_4X4;XIRECS;9430.0;1;4;4
732500;;;ROBOT_DISHES;XIRECS;10804.0;1;4;4
732500;;;ROBOT_IRONING;XIRECS;7603.0;1;4;4
732500;;;ROBOT_LAUNDRY;XIRECS;9324.0;1;4;4
732500;;;ROBOT_MOPPING;XIRECS;11472.0;1;4;4
732500;;;ROBOT_VACUUMING;XIRECS;8614.0;1;4;4
732500;;;SLEEP_POD_COTTON;XIRECS;12216.0;1;4;4
732500;;;SLEEP_POD_LAMB_WOOL;XIRECS;10865.0;1;4;4
732500;;;SLEEP_POD_NYLON;XIRECS;10632.0;1;4;4
732500;;;SLEEP_POD_POLYESTER;XIRECS;12418.0;1;4;4
732500;;;SLEEP_POD_SUEDE;XIRECS;11678.0;1;4;4
732500;;;SNACKPACK_CHOCOLATE;XIRECS;9749.0;1;4;4
732500;;;SNACKPACK_RASPBERRY;XIRECS;10145.0;1;4;4
732500;;;TRANSLATOR_ASTRO_BLACK;XIRECS;9313.0;1;4;4
732500;;;TRANSLATOR_ECLIPSE_CHARCOAL;XIRECS;9610.0;1;4;4
732500;;;TRANSLATOR_GRAPHITE_MIST;XIRECS;10039.0;1;4;4
732500;;;TRANSLATOR_SPACE_GRAY;XIRECS;8171.0;1;4;4
732500;;;TRANSLATOR_VOID_BLUE;XIRECS;11153.0;1;4;4
732500;;;UV_VISOR_AMBER;XIRECS;6830.0;1;4;4
732500;;;UV_VISOR_MAGENTA;XIRECS;11226.0;1;4;4
732500;;;UV_VISOR_ORANGE;XIRECS;11070.0;1;4;4
732500;;;UV_VISOR_RED;XIRECS;12333.0;1;4;4
732500;;;UV_VISOR_YELLOW;XIRECS;9862.0;1;4;4
733200;SUBMISSION;;OXYGEN_SHAKE_MORNING_BREATH;XIRECS;9438.0;5;4;4
733700;;;MICROCHIP_CIRCLE;XIRECS;10201.0;2;4;4
733700;;;MICROCHIP_OVAL;XIRECS;5595.0;2;4;4
733700;;;MICROCHIP_RECTANGLE;XIRECS;8166.0;2;4;4
733700;;;MICROCHIP_SQUARE;XIRECS;14196.0;2;4;4
733700;;;MICROCHIP_TRIANGLE;XIRECS;8388.0;2;4;4
733800;;SUBMISSION;GALAXY_SOUNDS_PLANETARY_RINGS;XIRECS;10669.0;5;4;4
735000;SUBMISSION;;UV_VISOR_AMBER;XIRECS;6850.0;5;4;4
735400;;SUBMISSION;SNACKPACK_PISTACHIO;XIRECS;9300.0;2;4;4
735400;;SUBMISSION;SNACKPACK_STRAWBERRY;XIRECS;11102.0;2;4;4
735400;;SUBMISSION;SNACKPACK_VANILLA;XIRECS;10165.0;2;4;4
735400;;;GALAXY_SOUNDS_BLACK_HOLES;XIRECS;12352.0;4;4;4
735400;;;GALAXY_SOUNDS_DARK_MATTER;XIRECS;9937.0;4;4;4
735400;;;GALAXY_SOUNDS_PLANETARY_RINGS;XIRECS;10632.0;4;4;4
735400;;;GALAXY_SOUNDS_SOLAR_FLAMES;XIRECS;11390.0;4;4;4
735400;;;GALAXY_SOUNDS_SOLAR_WINDS;XIRECS;11521.0;4;4;4
735400;;;OXYGEN_SHAKE_CHOCOLATE;XIRECS;11164.0;4;4;4
735400;;;OXYGEN_SHAKE_EVENING_BREATH;XIRECS;9246.0;4;4;4
735400;;;OXYGEN_SHAKE_GARLIC;XIRECS;13259.0;4;4;4
735400;;;OXYGEN_SHAKE_MINT;XIRECS;10179.0;4;4;4
735400;;;OXYGEN_SHAKE_MORNING_BREATH;XIRECS;9435.0;4;4;4
735400;;;PANEL_1X2;XIRECS;9544.0;4;4;4
735400;;;PANEL_1X4;XIRECS;8848.0;4;4;4
735400;;;PANEL_2X2;XIRECS;8605.0;4;4;4
735400;;;PANEL_2X4;XIRECS;12026.0;4;4;4
735400;;;PANEL_4X4;XIRECS;9505.0;4;4;4
735400;;;ROBOT_DISHES;XIRECS;10804.0;4;4;4
735400;;;ROBOT_IRONING;XIRECS;7583.0;4;4;4
735400;;;ROBOT_LAUNDRY;XIRECS;9255.0;4;4;4
735400;;;ROBOT_MOPPING;XIRECS;11540.0;4;4;4
735400;;;ROBOT_VACUUMING;XIRECS;8671.0;4;4;4
735400;;;SLEEP_POD_COTTON;XIRECS;12117.0;4;4;4
735400;;;SLEEP_POD_LAMB_WOOL;XIRECS;10813.0;4;4;4
735400;;;SLEEP_POD_NYLON;XIRECS;10598.0;4;4;4
735400;;;SLEEP_POD_POLYESTER;XIRECS;12526.0;4;4;4
735400;;;SLEEP_POD_SUEDE;XIRECS;11684.0;4;4;4
735400;;;SNACKPACK_CHOCOLATE;XIRECS;9773.0;4;4;4
735400;;;SNACKPACK_RASPBERRY;XIRECS;10160.0;4;4;4
735400;;;TRANSLATOR_ASTRO_BLACK;XIRECS;9310.0;4;4;4
735400;;;TRANSLATOR_ECLIPSE_CHARCOAL;XIRECS;9589.0;4;4;4
735400;;;TRANSLATOR_GRAPHITE_MIST;XIRECS;10082.0;4;4;4
735400;;;TRANSLATOR_SPACE_GRAY;XIRECS;8156.0;4;4;4
735400;;;TRANSLATOR_VOID_BLUE;XIRECS;11251.0;4;4;4
735400;;;UV_VISOR_AMBER;XIRECS;6846.0;4;4;4
735400;;;UV_VISOR_MAGENTA;XIRECS;11131.0;4;4;4
735400;;;UV_VISOR_ORANGE;XIRECS;10997.0;4;4;4
735400;;;UV_VISOR_RED;XIRECS;12406.0;4;4;4
735400;;;UV_VISOR_YELLOW;XIRECS;9836.0;4;4;4
737800;;;MICROCHIP_CIRCLE;XIRECS;10254.0;1;4;4
737800;;;MICROCHIP_OVAL;XIRECS;5591.0;1;4;4
737800;;;MICROCHIP_RECTANGLE;XIRECS;8136.0;1;4;4
737800;;;MICROCHIP_SQUARE;XIRECS;14160.0;1;4;4
737800;;;MICROCHIP_TRIANGLE;XIRECS;8476.0;1;4;4
738100;;SUBMISSION;SNACKPACK_PISTACHIO;XIRECS;9270.0;4;4;4
738100;;SUBMISSION;SNACKPACK_STRAWBERRY;XIRECS;11029.0;4;4;4
738100;;SUBMISSION;SNACKPACK_VANILLA;XIRECS;10199.0;4;4;4
738500;SUBMISSION;;SNACKPACK_PISTACHIO;XIRECS;9271.0;1;4;4
738500;SUBMISSION;;SNACKPACK_STRAWBERRY;XIRECS;11040.0;1;4;4
738500;SUBMISSION;;SNACKPACK_VANILLA;XIRECS;10208.0;1;4;4
738500;;;GALAXY_SOUNDS_BLACK_HOLES;XIRECS;12386.0;1;4;4
738500;;;GALAXY_SOUNDS_DARK_MATTER;XIRECS;9924.0;1;4;4
738500;;;GALAXY_SOUNDS_PLANETARY_RINGS;XIRECS;10600.0;1;4;4
738500;;;GALAXY_SOUNDS_SOLAR_FLAMES;XIRECS;11413.0;1;4;4
738500;;;GALAXY_SOUNDS_SOLAR_WINDS;XIRECS;11495.0;1;4;4
738500;;;OXYGEN_SHAKE_CHOCOLATE;XIRECS;11093.0;1;4;4
738500;;;OXYGEN_SHAKE_EVENING_BREATH;XIRECS;9244.0;1;4;4
738500;;;OXYGEN_SHAKE_GARLIC;XIRECS;13317.0;1;4;4
738500;;;OXYGEN_SHAKE_MINT;XIRECS;10211.0;1;4;4
738500;;;OXYGEN_SHAKE_MORNING_BREATH;XIRECS;9364.0;1;4;4
738500;;;PANEL_1X2;XIRECS;9570.0;1;4;4
738500;;;PANEL_1X4;XIRECS;8856.0;1;4;4
738500;;;PANEL_2X2;XIRECS;8646.0;1;4;4
738500;;;PANEL_2X4;XIRECS;12128.0;1;4;4
738500;;;PANEL_4X4;XIRECS;9461.0;1;4;4
738500;;;ROBOT_DISHES;XIRECS;10796.0;1;4;4
738500;;;ROBOT_IRONING;XIRECS;7577.0;1;4;4
738500;;;ROBOT_LAUNDRY;XIRECS;9272.0;1;4;4
738500;;;ROBOT_MOPPING;XIRECS;11660.0;1;4;4
738500;;;ROBOT_VACUUMING;XIRECS;8663.0;1;4;4
738500;;;SLEEP_POD_COTTON;XIRECS;12111.0;1;4;4
738500;;;SLEEP_POD_LAMB_WOOL;XIRECS;10749.0;1;4;4
738500;;;SLEEP_POD_NYLON;XIRECS;10632.0;1;4;4
738500;;;SLEEP_POD_POLYESTER;XIRECS;12591.0;1;4;4
738500;;;SLEEP_POD_SUEDE;XIRECS;11634.0;1;4;4
738500;;;SNACKPACK_CHOCOLATE;XIRECS;9708.0;1;4;4
738500;;;SNACKPACK_RASPBERRY;XIRECS;10167.0;1;4;4
738500;;;TRANSLATOR_ASTRO_BLACK;XIRECS;9214.0;1;4;4
738500;;;TRANSLATOR_ECLIPSE_CHARCOAL;XIRECS;9635.0;1;4;4
738500;;;TRANSLATOR_GRAPHITE_MIST;XIRECS;10124.0;1;4;4
738500;;;TRANSLATOR_SPACE_GRAY;XIRECS;8195.0;1;4;4
738500;;;TRANSLATOR_VOID_BLUE;XIRECS;11218.0;1;4;4
738500;;;UV_VISOR_AMBER;XIRECS;6836.0;1;4;4
738500;;;UV_VISOR_MAGENTA;XIRECS;11080.0;1;4;4
738500;;;UV_VISOR_ORANGE;XIRECS;10915.0;1;4;4
738500;;;UV_VISOR_RED;XIRECS;12272.0;1;4;4
738500;;;UV_VISOR_YELLOW;XIRECS;9868.0;1;4;4
740200;;;GALAXY_SOUNDS_BLACK_HOLES;XIRECS;12355.0;3;4;4
740200;;;GALAXY_SOUNDS_DARK_MATTER;XIRECS;9977.0;3;4;4
740200;;;GALAXY_SOUNDS_PLANETARY_RINGS;XIRECS;10663.0;3;4;4
740200;;;GALAXY_SOUNDS_SOLAR_FLAMES;XIRECS;11372.0;3;4;4
740200;;;GALAXY_SOUNDS_SOLAR_WINDS;XIRECS;11525.0;3;4;4
740200;;;OXYGEN_SHAKE_CHOCOLATE;XIRECS;11007.0;3;4;4
740200;;;OXYGEN_SHAKE_EVENING_BREATH;XIRECS;9206.0;3;4;4
740200;;;OXYGEN_SHAKE_GARLIC;XIRECS;13335.0;3;4;4
740200;;;OXYGEN_SHAKE_MINT;XIRECS;10169.0;3;4;4
740200;;;OXYGEN_SHAKE_MORNING_BREATH;XIRECS;9430.0;3;4;4
740200;;;PANEL_1X2;XIRECS;9661.0;3;4;4
740200;;;PANEL_1X4;XIRECS;8865.0;3;4;4
740200;;;PANEL_2X2;XIRECS;8667.0;3;4;4
740200;;;PANEL_2X4;XIRECS;12142.0;3;4;4
740200;;;PANEL_4X4;XIRECS;9442.0;3;4;4
740200;;;ROBOT_DISHES;XIRECS;10804.0;3;4;4
740200;;;ROBOT_IRONING;XIRECS;7573.0;3;4;4
740200;;;ROBOT_LAUNDRY;XIRECS;9259.0;3;4;4
740200;;;ROBOT_MOPPING;XIRECS;11681.0;3;4;4
740200;;;ROBOT_VACUUMING;XIRECS;8632.0;3;4;4
740200;;;SLEEP_POD_COTTON;XIRECS;12123.0;3;4;4
740200;;;SLEEP_POD_LAMB_WOOL;XIRECS;10773.0;3;4;4
740200;;;SLEEP_POD_NYLON;XIRECS;10655.0;3;4;4
740200;;;SLEEP_POD_POLYESTER;XIRECS;12652.0;3;4;4
740200;;;SLEEP_POD_SUEDE;XIRECS;11610.0;3;4;4
740200;;;SNACKPACK_CHOCOLATE;XIRECS;9758.0;3;4;4
740200;;;SNACKPACK_PISTACHIO;XIRECS;9281.0;3;4;4
740200;;;SNACKPACK_RASPBERRY;XIRECS;10197.0;3;4;4
740200;;;SNACKPACK_STRAWBERRY;XIRECS;11039.0;3;4;4
740200;;;SNACKPACK_VANILLA;XIRECS;10188.0;3;4;4
740200;;;TRANSLATOR_ASTRO_BLACK;XIRECS;9267.0;3;4;4
740200;;;TRANSLATOR_ECLIPSE_CHARCOAL;XIRECS;9641.0;3;4;4
740200;;;TRANSLATOR_GRAPHITE_MIST;XIRECS;10109.0;3;4;4
740200;;;TRANSLATOR_SPACE_GRAY;XIRECS;8220.0;3;4;4
740200;;;TRANSLATOR_VOID_BLUE;XIRECS;11264.0;3;4;4
740200;;;UV_VISOR_AMBER;XIRECS;6870.0;3;4;4
740200;;;UV_VISOR_MAGENTA;XIRECS;11114.0;3;4;4
740200;;;UV_VISOR_ORANGE;XIRECS;10789.0;3;4;4
740200;;;UV_VISOR_RED;XIRECS;12314.0;3;4;4
740200;;;UV_VISOR_YELLOW;XIRECS;9834.0;3;4;4
741800;;;GALAXY_SOUNDS_BLACK_HOLES;XIRECS;12316.0;2;4;4
741800;;;GALAXY_SOUNDS_DARK_MATTER;XIRECS;10011.0;2;4;4
741800;;;GALAXY_SOUNDS_PLANETARY_RINGS;XIRECS;10685.0;2;4;4
741800;;;GALAXY_SOUNDS_SOLAR_FLAMES;XIRECS;11373.0;2;4;4
741800;;;GALAXY_SOUNDS_SOLAR_WINDS;XIRECS;11531.0;2;4;4
741800;;;OXYGEN_SHAKE_CHOCOLATE;XIRECS;11007.0;2;4;4
741800;;;OXYGEN_SHAKE_EVENING_BREATH;XIRECS;9256.0;2;4;4
741800;;;OXYGEN_SHAKE_GARLIC;XIRECS;13287.0;2;4;4
741800;;;OXYGEN_SHAKE_MINT;XIRECS;10228.0;2;4;4
741800;;;OXYGEN_SHAKE_MORNING_BREATH;XIRECS;9394.0;2;4;4
741800;;;PANEL_1X2;XIRECS;9660.0;2;4;4
741800;;;PANEL_1X4;XIRECS;8850.0;2;4;4
741800;;;PANEL_2X2;XIRECS;8710.0;2;4;4
741800;;;PANEL_2X4;XIRECS;12145.0;2;4;4
741800;;;PANEL_4X4;XIRECS;9449.0;2;4;4
741800;;;ROBOT_DISHES;XIRECS;10704.0;2;4;4
741800;;;ROBOT_IRONING;XIRECS;7583.0;2;4;4
741800;;;ROBOT_LAUNDRY;XIRECS;9291.0;2;4;4
741800;;;ROBOT_MOPPING;XIRECS;11611.0;2;4;4
741800;;;ROBOT_VACUUMING;XIRECS;8640.0;2;4;4
741800;;;SLEEP_POD_COTTON;XIRECS;12160.0;2;4;4
741800;;;SLEEP_POD_LAMB_WOOL;XIRECS;10842.0;2;4;4
741800;;;SLEEP_POD_NYLON;XIRECS;10592.0;2;4;4
741800;;;SLEEP_POD_POLYESTER;XIRECS;12617.0;2;4;4
741800;;;SLEEP_POD_SUEDE;XIRECS;11622.0;2;4;4
741800;;;SNACKPACK_CHOCOLATE;XIRECS;9765.0;2;4;4
741800;;;SNACKPACK_PISTACHIO;XIRECS;9301.0;2;4;4
741800;;;SNACKPACK_RASPBERRY;XIRECS;10199.0;2;4;4
741800;;;SNACKPACK_STRAWBERRY;XIRECS;11052.0;2;4;4
741800;;;SNACKPACK_VANILLA;XIRECS;10183.0;2;4;4
741800;;;TRANSLATOR_ASTRO_BLACK;XIRECS;9270.0;2;4;4
741800;;;TRANSLATOR_ECLIPSE_CHARCOAL;XIRECS;9685.0;2;4;4
741800;;;TRANSLATOR_GRAPHITE_MIST;XIRECS;10098.0;2;4;4
741800;;;TRANSLATOR_SPACE_GRAY;XIRECS;8204.0;2;4;4
741800;;;TRANSLATOR_VOID_BLUE;XIRECS;11231.0;2;4;4
741800;;;UV_VISOR_AMBER;XIRECS;6858.0;2;4;4
741800;;;UV_VISOR_MAGENTA;XIRECS;11149.0;2;4;4
741800;;;UV_VISOR_ORANGE;XIRECS;10790.0;2;4;4
741800;;;UV_VISOR_RED;XIRECS;12301.0;2;4;4
741800;;;UV_VISOR_YELLOW;XIRECS;9787.0;2;4;4
742800;;SUBMISSION;PEBBLES_XL;XIRECS;16671.0;3;4;4
743400;;SUBMISSION;PEBBLES_XL;XIRECS;16641.0;2;4;4
743400;;;PEBBLES_L;XIRECS;9857.0;2;4;4
743400;;;PEBBLES_M;XIRECS;11020.0;2;4;4
743400;;;PEBBLES_S;XIRECS;6946.0;2;4;4
743400;;;PEBBLES_XS;XIRECS;5567.0;2;4;4
743500;SUBMISSION;;UV_VISOR_AMBER;XIRECS;6883.0;5;4;4
745800;;SUBMISSION;PEBBLES_XL;XIRECS;16806.0;8;4;4
747800;;;MICROCHIP_CIRCLE;XIRECS;10439.0;1;4;4
747800;;;MICROCHIP_OVAL;XIRECS;5629.0;1;4;4
747800;;;MICROCHIP_RECTANGLE;XIRECS;8170.0;1;4;4
747800;;;MICROCHIP_SQUARE;XIRECS;14249.0;1;4;4
747800;;;MICROCHIP_TRIANGLE;XIRECS;8323.0;1;4;4
748400;;;GALAXY_SOUNDS_BLACK_HOLES;XIRECS;12230.0;4;4;4
748400;;;GALAXY_SOUNDS_DARK_MATTER;XIRECS;9949.0;4;4;4
748400;;;GALAXY_SOUNDS_PLANETARY_RINGS;XIRECS;10652.0;4;4;4
748400;;;GALAXY_SOUNDS_SOLAR_FLAMES;XIRECS;11371.0;4;4;4
748400;;;GALAXY_SOUNDS_SOLAR_WINDS;XIRECS;11571.0;4;4;4
748400;;;OXYGEN_SHAKE_CHOCOLATE;XIRECS;11107.0;4;4;4
748400;;;OXYGEN_SHAKE_EVENING_BREATH;XIRECS;9336.0;4;4;4
748400;;;OXYGEN_SHAKE_GARLIC;XIRECS;13177.0;4;4;4
748400;;;OXYGEN_SHAKE_MINT;XIRECS;10259.0;4;4;4
748400;;;OXYGEN_SHAKE_MORNING_BREATH;XIRECS;9404.0;4;4;4
748400;;;PANEL_1X2;XIRECS;9695.0;4;4;4
748400;;;PANEL_1X4;XIRECS;8819.0;4;4;4
748400;;;PANEL_2X2;XIRECS;8747.0;4;4;4
748400;;;PANEL_2X4;XIRECS;12217.0;4;4;4
748400;;;PANEL_4X4;XIRECS;9593.0;4;4;4
748400;;;ROBOT_DISHES;XIRECS;10604.0;4;4;4
748400;;;ROBOT_IRONING;XIRECS;7483.0;4;4;4
748400;;;ROBOT_LAUNDRY;XIRECS;9253.0;4;4;4
748400;;;ROBOT_MOPPING;XIRECS;11689.0;4;4;4
748400;;;ROBOT_VACUUMING;XIRECS;8561.0;4;4;4
748400;;;SLEEP_POD_COTTON;XIRECS;12017.0;4;4;4
748400;;;SLEEP_POD_LAMB_WOOL;XIRECS;10856.0;4;4;4
748400;;;SLEEP_POD_NYLON;XIRECS;10589.0;4;4;4
748400;;;SLEEP_POD_POLYESTER;XIRECS;12449.0;4;4;4
748400;;;SLEEP_POD_SUEDE;XIRECS;11745.0;4;4;4
748400;;;SNACKPACK_CHOCOLATE;XIRECS;9796.0;4;4;4
748400;;;SNACKPACK_PISTACHIO;XIRECS;9305.0;4;4;4
748400;;;SNACKPACK_RASPBERRY;XIRECS;10207.0;4;4;4
748400;;;SNACKPACK_STRAWBERRY;XIRECS;11048.0;4;4;4
748400;;;SNACKPACK_VANILLA;XIRECS;10158.0;4;4;4
748400;;;TRANSLATOR_ASTRO_BLACK;XIRECS;9167.0;4;4;4
748400;;;TRANSLATOR_ECLIPSE_CHARCOAL;XIRECS;9599.0;4;4;4
748400;;;TRANSLATOR_GRAPHITE_MIST;XIRECS;10059.0;4;4;4
748400;;;TRANSLATOR_SPACE_GRAY;XIRECS;8262.0;4;4;4
748400;;;TRANSLATOR_VOID_BLUE;XIRECS;11279.0;4;4;4
748400;;;UV_VISOR_AMBER;XIRECS;6870.0;4;4;4
748400;;;UV_VISOR_MAGENTA;XIRECS;11048.0;4;4;4
748400;;;UV_VISOR_ORANGE;XIRECS;10818.0;4;4;4
748400;;;UV_VISOR_RED;XIRECS;12353.0;4;4;4
748400;;;UV_VISOR_YELLOW;XIRECS;9885.0;4;4;4
751800;;SUBMISSION;UV_VISOR_AMBER;XIRECS;6782.0;5;4;4
751900;;SUBMISSION;SNACKPACK_PISTACHIO;XIRECS;9301.0;1;4;4
751900;;SUBMISSION;SNACKPACK_STRAWBERRY;XIRECS;11053.0;1;4;4
751900;;SUBMISSION;SNACKPACK_VANILLA;XIRECS;10185.0;1;4;4
752100;;;MICROCHIP_CIRCLE;XIRECS;10554.0;3;4;4
752100;;;MICROCHIP_OVAL;XIRECS;5753.0;3;4;4
752100;;;MICROCHIP_RECTANGLE;XIRECS;7971.0;3;4;4
752100;;;MICROCHIP_SQUARE;XIRECS;14294.0;3;4;4
752100;;;MICROCHIP_TRIANGLE;XIRECS;8432.0;3;4;4
753000;;SUBMISSION;PEBBLES_XL;XIRECS;16984.0;4;4;4
753300;SUBMISSION;;SNACKPACK_PISTACHIO;XIRECS;9291.0;5;4;4
753300;SUBMISSION;;SNACKPACK_STRAWBERRY;XIRECS;11019.0;5;4;4
753300;;SUBMISSION;PEBBLES_XL;XIRECS;16959.0;3;4;4
753300;SUBMISSION;;SNACKPACK_VANILLA;XIRECS;10180.0;5;4;4
753800;;;MICROCHIP_CIRCLE;XIRECS;10560.0;1;4;4
753800;;;MICROCHIP_OVAL;XIRECS;5747.0;1;4;4
753800;;;MICROCHIP_RECTANGLE;XIRECS;8029.0;1;4;4
753800;;;MICROCHIP_SQUARE;XIRECS;14324.0;1;4;4
753800;;;MICROCHIP_TRIANGLE;XIRECS;8395.0;1;4;4
754500;;;PEBBLES_L;XIRECS;9650.0;4;4;4
754500;;;PEBBLES_M;XIRECS;11004.0;4;4;4
754500;;;PEBBLES_S;XIRECS;6829.0;4;4;4
754500;;;PEBBLES_XL;XIRECS;16999.0;4;4;4
754500;;;PEBBLES_XS;XIRECS;5551.0;4;4;4
754600;;SUBMISSION;SNACKPACK_PISTACHIO;XIRECS;9297.0;1;4;4
754600;;SUBMISSION;SNACKPACK_STRAWBERRY;XIRECS;11010.0;1;4;4
754600;;SUBMISSION;SNACKPACK_VANILLA;XIRECS;10212.0;1;4;4
754600;;;GALAXY_SOUNDS_BLACK_HOLES;XIRECS;12314.0;2;4;4
754600;;;GALAXY_SOUNDS_DARK_MATTER;XIRECS;9899.0;2;4;4
754600;;;GALAXY_SOUNDS_PLANETARY_RINGS;XIRECS;10645.0;2;4;4
754600;;;GALAXY_SOUNDS_SOLAR_FLAMES;XIRECS;11282.0;2;4;4
754600;;;GALAXY_SOUNDS_SOLAR_WINDS;XIRECS;11592.0;2;4;4
754600;;;OXYGEN_SHAKE_CHOCOLATE;XIRECS;10907.0;2;4;4
754600;;;OXYGEN_SHAKE_EVENING_BREATH;XIRECS;9356.0;2;4;4
754600;;;OXYGEN_SHAKE_GARLIC;XIRECS;13230.0;2;4;4
754600;;;OXYGEN_SHAKE_MINT;XIRECS;10262.0;2;4;4
754600;;;OXYGEN_SHAKE_MORNING_BREATH;XIRECS;9406.0;2;4;4
754600;;;PANEL_1X2;XIRECS;9679.0;2;4;4
754600;;;PANEL_1X4;XIRECS;8801.0;2;4;4
754600;;;PANEL_2X2;XIRECS;8747.0;2;4;4
754600;;;PANEL_2X4;XIRECS;12286.0;2;4;4
754600;;;PANEL_4X4;XIRECS;9679.0;2;4;4
754600;;;ROBOT_DISHES;XIRECS;10604.0;2;4;4
754600;;;ROBOT_IRONING;XIRECS;7553.0;2;4;4
754600;;;ROBOT_LAUNDRY;XIRECS;9153.0;2;4;4
754600;;;ROBOT_MOPPING;XIRECS;11682.0;2;4;4
754600;;;ROBOT_VACUUMING;XIRECS;8617.0;2;4;4
754600;;;SLEEP_POD_COTTON;XIRECS;11777.0;2;4;4
754600;;;SLEEP_POD_LAMB_WOOL;XIRECS;10913.0;2;4;4
754600;;;SLEEP_POD_NYLON;XIRECS;10589.0;2;4;4
754600;;;SLEEP_POD_POLYESTER;XIRECS;12592.0;2;4;4
754600;;;SLEEP_POD_SUEDE;XIRECS;11635.0;2;4;4
754600;;;SNACKPACK_CHOCOLATE;XIRECS;9744.0;2;4;4
754600;;;SNACKPACK_RASPBERRY;XIRECS;10222.0;2;4;4
754600;;;TRANSLATOR_ASTRO_BLACK;XIRECS;8927.0;2;4;4
754600;;;TRANSLATOR_ECLIPSE_CHARCOAL;XIRECS;9517.0;2;4;4
754600;;;TRANSLATOR_GRAPHITE_MIST;XIRECS;10170.0;2;4;4
754600;;;TRANSLATOR_SPACE_GRAY;XIRECS;8363.0;2;4;4
754600;;;TRANSLATOR_VOID_BLUE;XIRECS;11221.0;2;4;4
754600;;;UV_VISOR_AMBER;XIRECS;6787.0;2;4;4
754600;;;UV_VISOR_MAGENTA;XIRECS;11210.0;2;4;4
754600;;;UV_VISOR_ORANGE;XIRECS;10734.0;2;4;4
754600;;;UV_VISOR_RED;XIRECS;12226.0;2;4;4
754600;;;UV_VISOR_YELLOW;XIRECS;9923.0;2;4;4
755300;;SUBMISSION;UV_VISOR_AMBER;XIRECS;6767.0;5;4;4
755600;;SUBMISSION;SNACKPACK_PISTACHIO;XIRECS;9279.0;3;4;4
755600;;SUBMISSION;SNACKPACK_STRAWBERRY;XIRECS;10975.0;3;4;4
755600;;SUBMISSION;SNACKPACK_VANILLA;XIRECS;10188.0;3;4;4
756100;SUBMISSION;;ROBOT_MOPPING;XIRECS;11751.0;5;4;4
756100;SUBMISSION;;PEBBLES_XL;XIRECS;16817.0;2;4;4
756100;;;PEBBLES_L;XIRECS;9654.0;3;4;4
756100;;;PEBBLES_M;XIRECS;11085.0;3;4;4
756100;;;PEBBLES_S;XIRECS;6892.0;3;4;4
756100;;;PEBBLES_XS;XIRECS;5521.0;3;4;4
756400;;;GALAXY_SOUNDS_BLACK_HOLES;XIRECS;12277.0;1;4;4
756400;;;GALAXY_SOUNDS_DARK_MATTER;XIRECS;9902.0;1;4;4
756400;;;GALAXY_SOUNDS_PLANETARY_RINGS;XIRECS;10617.0;1;4;4
756400;;;GALAXY_SOUNDS_SOLAR_FLAMES;XIRECS;11275.0;1;4;4
756400;;;GALAXY_SOUNDS_SOLAR_WINDS;XIRECS;11484.0;1;4;4
756400;;;OXYGEN_SHAKE_CHOCOLATE;XIRECS;10907.0;1;4;4
756400;;;OXYGEN_SHAKE_EVENING_BREATH;XIRECS;9366.0;1;4;4
756400;;;OXYGEN_SHAKE_GARLIC;XIRECS;13254.0;1;4;4
756400;;;OXYGEN_SHAKE_MINT;XIRECS;10261.0;1;4;4
756400;;;OXYGEN_SHAKE_MORNING_BREATH;XIRECS;9413.0;1;4;4
756400;;;PANEL_1X2;XIRECS;9684.0;1;4;4
756400;;;PANEL_1X4;XIRECS;8822.0;1;4;4
756400;;;PANEL_2X2;XIRECS;8747.0;1;4;4
756400;;;PANEL_2X4;XIRECS;12216.0;1;4;4
756400;;;PANEL_4X4;XIRECS;9676.0;1;4;4
756400;;;ROBOT_DISHES;XIRECS;10604.0;1;4;4
756400;;;ROBOT_IRONING;XIRECS;7573.0;1;4;4
756400;;;ROBOT_LAUNDRY;XIRECS;9186.0;1;4;4
756400;;;ROBOT_MOPPING;XIRECS;11803.0;1;4;4
756400;;;ROBOT_VACUUMING;XIRECS;8601.0;1;4;4
756400;;;SLEEP_POD_COTTON;XIRECS;11824.0;1;4;4
756400;;;SLEEP_POD_LAMB_WOOL;XIRECS;10826.0;1;4;4
756400;;;SLEEP_POD_NYLON;XIRECS;10675.0;1;4;4
756400;;;SLEEP_POD_POLYESTER;XIRECS;12641.0;1;4;4
756400;;;SLEEP_POD_SUEDE;XIRECS;11681.0;1;4;4
756400;;;SNACKPACK_CHOCOLATE;XIRECS;9783.0;1;4;4
756400;;;SNACKPACK_PISTACHIO;XIRECS;9285.0;1;4;4
756400;;;SNACKPACK_RASPBERRY;XIRECS;10239.0;1;4;4
756400;;;SNACKPACK_STRAWBERRY;XIRECS;10983.0;1;4;4
756400;;;SNACKPACK_VANILLA;XIRECS;10173.0;1;4;4
756400;;;TRANSLATOR_ASTRO_BLACK;XIRECS;8959.0;1;4;4
756400;;;TRANSLATOR_ECLIPSE_CHARCOAL;XIRECS;9483.0;1;4;4
756400;;;TRANSLATOR_GRAPHITE_MIST;XIRECS;10118.0;1;4;4
756400;;;TRANSLATOR_SPACE_GRAY;XIRECS;8414.0;1;4;4
756400;;;TRANSLATOR_VOID_BLUE;XIRECS;11269.0;1;4;4
756400;;;UV_VISOR_AMBER;XIRECS;6771.0;1;4;4
756400;;;UV_VISOR_MAGENTA;XIRECS;11275.0;1;4;4
756400;;;UV_VISOR_ORANGE;XIRECS;10620.0;1;4;4
756400;;;UV_VISOR_RED;XIRECS;12121.0;1;4;4
756400;;;UV_VISOR_YELLOW;XIRECS;10006.0;1;4;4
757500;SUBMISSION;;SNACKPACK_PISTACHIO;XIRECS;9281.0;2;4;4
757500;SUBMISSION;;SNACKPACK_STRAWBERRY;XIRECS;10970.0;2;4;4
757500;SUBMISSION;;SNACKPACK_VANILLA;XIRECS;10181.0;2;4;4
757700;SUBMISSION;;ROBOT_MOPPING;XIRECS;11836.0;5;4;4
758500;SUBMISSION;;PEBBLES_XL;XIRECS;16881.0;4;4;4
758500;SUBMISSION;;PEBBLES_XL;XIRECS;16872.0;2;4;4
758500;;;PEBBLES_L;XIRECS;9534.0;3;4;4
758500;;;PEBBLES_M;XIRECS;11080.0;3;4;4
758500;;;PEBBLES_S;XIRECS;6936.0;3;4;4
758500;;;PEBBLES_XS;XIRECS;5547.0;3;4;4
759200;SUBMISSION;;ROBOT_MOPPING;XIRECS;11887.0;5;4;4
760200;;SUBMISSION;SNACKPACK_PISTACHIO;XIRECS;9252.0;2;4;4
760200;;SUBMISSION;SNACKPACK_STRAWBERRY;XIRECS;10989.0;2;4;4
760200;;SUBMISSION;SNACKPACK_VANILLA;XIRECS;10183.0;2;4;4
760200;;;GALAXY_SOUNDS_BLACK_HOLES;XIRECS;12294.0;1;4;4
760200;;;GALAXY_SOUNDS_DARK_MATTER;XIRECS;9838.0;1;4;4
760200;;;GALAXY_SOUNDS_PLANETARY_RINGS;XIRECS;10733.0;1;4;4
760200;;;GALAXY_SOUNDS_SOLAR_FLAMES;XIRECS;11366.0;1;4;4
760200;;;GALAXY_SOUNDS_SOLAR_WINDS;XIRECS;11412.0;1;4;4
760200;;;OXYGEN_SHAKE_CHOCOLATE;XIRECS;10900.0;1;4;4
760200;;;OXYGEN_SHAKE_EVENING_BREATH;XIRECS;9290.0;1;4;4
760200;;;OXYGEN_SHAKE_GARLIC;XIRECS;13238.0;1;4;4
760200;;;OXYGEN_SHAKE_MINT;XIRECS;10146.0;1;4;4
760200;;;OXYGEN_SHAKE_MORNING_BREATH;XIRECS;9402.0;1;4;4
760200;;;PANEL_1X2;XIRECS;9745.0;1;4;4
760200;;;PANEL_1X4;XIRECS;8813.0;1;4;4
760200;;;PANEL_2X2;XIRECS;8740.0;1;4;4
760200;;;PANEL_2X4;XIRECS;12175.0;1;4;4
760200;;;PANEL_4X4;XIRECS;9620.0;1;4;4
760200;;;ROBOT_DISHES;XIRECS;10500.0;1;4;4
760200;;;ROBOT_IRONING;XIRECS;7650.0;1;4;4
760200;;;ROBOT_LAUNDRY;XIRECS;9061.0;1;4;4
760200;;;ROBOT_MOPPING;XIRECS;11839.0;1;4;4
760200;;;ROBOT_VACUUMING;XIRECS;8672.0;1;4;4
760200;;;SLEEP_POD_COTTON;XIRECS;11853.0;1;4;4
760200;;;SLEEP_POD_LAMB_WOOL;XIRECS;10802.0;1;4;4
760200;;;SLEEP_POD_NYLON;XIRECS;10735.0;1;4;4
760200;;;SLEEP_POD_POLYESTER;XIRECS;12651.0;1;4;4
760200;;;SLEEP_POD_SUEDE;XIRECS;11622.0;1;4;4
760200;;;SNACKPACK_CHOCOLATE;XIRECS;9757.0;1;4;4
760200;;;SNACKPACK_PISTACHIO;XIRECS;9252.0;1;4;4
760200;;;SNACKPACK_RASPBERRY;XIRECS;10228.0;1;4;4
760200;;;SNACKPACK_STRAWBERRY;XIRECS;10989.0;1;4;4
760200;;;SNACKPACK_VANILLA;XIRECS;10183.0;1;4;4
760200;;;TRANSLATOR_ASTRO_BLACK;XIRECS;8941.0;1;4;4
760200;;;TRANSLATOR_ECLIPSE_CHARCOAL;XIRECS;9570.0;1;4;4
760200;;;TRANSLATOR_GRAPHITE_MIST;XIRECS;10016.0;1;4;4
760200;;;TRANSLATOR_SPACE_GRAY;XIRECS;8462.0;1;4;4
760200;;;TRANSLATOR_VOID_BLUE;XIRECS;11302.0;1;4;4
760200;;;UV_VISOR_AMBER;XIRECS;6771.0;1;4;4
760200;;;UV_VISOR_MAGENTA;XIRECS;11329.0;1;4;4
760200;;;UV_VISOR_ORANGE;XIRECS;10697.0;1;4;4
760200;;;UV_VISOR_RED;XIRECS;12032.0;1;4;4
760200;;;UV_VISOR_YELLOW;XIRECS;10025.0;1;4;4
761200;SUBMISSION;;ROBOT_MOPPING;XIRECS;11871.0;5;4;4
761300;SUBMISSION;;PEBBLES_XL;XIRECS;17032.0;2;4;4
761300;;;PEBBLES_L;XIRECS;9517.0;4;4;4
761300;;;PEBBLES_M;XIRECS;11036.0;4;4;4
761300;;;PEBBLES_S;XIRECS;7005.0;4;4;4
761300;;;PEBBLES_XS;XIRECS;5379.0;4;4;4
762500;SUBMISSION;;PEBBLES_XL;XIRECS;16972.0;2;4;4
762500;;;PEBBLES_L;XIRECS;9517.0;5;4;4
762500;;;PEBBLES_M;XIRECS;11020.0;5;4;4
762500;;;PEBBLES_S;XIRECS;7019.0;5;4;4
762500;;;PEBBLES_XS;XIRECS;5441.0;5;4;4
762900;;;MICROCHIP_CIRCLE;XIRECS;10401.0;3;4;4
762900;;;MICROCHIP_OVAL;XIRECS;5714.0;3;4;4
762900;;;MICROCHIP_RECTANGLE;XIRECS;7999.0;3;4;4
762900;;;MICROCHIP_SQUARE;XIRECS;14451.0;3;4;4
762900;;;MICROCHIP_TRIANGLE;XIRECS;8292.0;3;4;4
763600;;SUBMISSION;OXYGEN_SHAKE_MORNING_BREATH;XIRECS;9365.0;5;4;4
763800;SUBMISSION;;SNACKPACK_PISTACHIO;XIRECS;9269.0;4;4;4
763800;SUBMISSION;;SNACKPACK_STRAWBERRY;XIRECS;11000.0;4;4;4
763800;SUBMISSION;;SNACKPACK_VANILLA;XIRECS;10190.0;4;4;4
764300;;SUBMISSION;SNACKPACK_PISTACHIO;XIRECS;9269.0;2;4;4
764300;;SUBMISSION;SNACKPACK_STRAWBERRY;XIRECS;10997.0;2;4;4
764300;SUBMISSION;;PEBBLES_XL;XIRECS;17067.0;3;4;4
764300;;SUBMISSION;SNACKPACK_VANILLA;XIRECS;10170.0;2;4;4
764600;;;GALAXY_SOUNDS_BLACK_HOLES;XIRECS;12432.0;2;4;4
764600;;;GALAXY_SOUNDS_DARK_MATTER;XIRECS;9876.0;2;4;4
764600;;;GALAXY_SOUNDS_PLANETARY_RINGS;XIRECS;10841.0;2;4;4
764600;;;GALAXY_SOUNDS_SOLAR_FLAMES;XIRECS;11317.0;2;4;4
764600;;;GALAXY_SOUNDS_SOLAR_WINDS;XIRECS;11417.0;2;4;4
764600;;;OXYGEN_SHAKE_CHOCOLATE;XIRECS;10807.0;2;4;4
764600;;;OXYGEN_SHAKE_EVENING_BREATH;XIRECS;9376.0;2;4;4
764600;;;OXYGEN_SHAKE_GARLIC;XIRECS;13453.0;2;4;4
764600;;;OXYGEN_SHAKE_MINT;XIRECS;10297.0;2;4;4
764600;;;OXYGEN_SHAKE_MORNING_BREATH;XIRECS;9357.0;2;4;4
764600;;;PANEL_1X2;XIRECS;9784.0;2;4;4
764600;;;PANEL_1X4;XIRECS;8836.0;2;4;4
764600;;;PANEL_2X2;XIRECS;8769.0;2;4;4
764600;;;PANEL_2X4;XIRECS;12159.0;2;4;4
764600;;;PANEL_4X4;XIRECS;9594.0;2;4;4
764600;;;ROBOT_DISHES;XIRECS;10404.0;2;4;4
764600;;;ROBOT_IRONING;XIRECS;7653.0;2;4;4
764600;;;ROBOT_LAUNDRY;XIRECS;9046.0;2;4;4
764600;;;ROBOT_MOPPING;XIRECS;11820.0;2;4;4
764600;;;ROBOT_VACUUMING;XIRECS;8722.0;2;4;4
764600;;;SLEEP_POD_COTTON;XIRECS;11963.0;2;4;4
764600;;;SLEEP_POD_LAMB_WOOL;XIRECS;10790.0;2;4;4
764600;;;SLEEP_POD_NYLON;XIRECS;10703.0;2;4;4
764600;;;SLEEP_POD_POLYESTER;XIRECS;12715.0;2;4;4
764600;;;SLEEP_POD_SUEDE;XIRECS;11690.0;2;4;4
764600;;;SNACKPACK_CHOCOLATE;XIRECS;9779.0;2;4;4
764600;;;SNACKPACK_PISTACHIO;XIRECS;9281.0;2;4;4
764600;;;SNACKPACK_RASPBERRY;XIRECS;10225.0;2;4;4
764600;;;SNACKPACK_STRAWBERRY;XIRECS;11009.0;2;4;4
764600;;;SNACKPACK_VANILLA;XIRECS;10171.0;2;4;4
764600;;;TRANSLATOR_ASTRO_BLACK;XIRECS;8866.0;2;4;4
764600;;;TRANSLATOR_ECLIPSE_CHARCOAL;XIRECS;9701.0;2;4;4
764600;;;TRANSLATOR_GRAPHITE_MIST;XIRECS;10052.0;2;4;4
764600;;;TRANSLATOR_SPACE_GRAY;XIRECS;8449.0;2;4;4
764600;;;TRANSLATOR_VOID_BLUE;XIRECS;11294.0;2;4;4
764600;;;UV_VISOR_AMBER;XIRECS;6836.0;2;4;4
764600;;;UV_VISOR_MAGENTA;XIRECS;11400.0;2;4;4
764600;;;UV_VISOR_ORANGE;XIRECS;10692.0;2;4;4
764600;;;UV_VISOR_RED;XIRECS;11956.0;2;4;4
764600;;;UV_VISOR_YELLOW;XIRECS;10086.0;2;4;4
765200;SUBMISSION;;GALAXY_SOUNDS_PLANETARY_RINGS;XIRECS;10853.0;5;4;4
765200;;SUBMISSION;PEBBLES_XL;XIRECS;17168.0;2;4;4
765200;;;PEBBLES_L;XIRECS;9515.0;4;4;4
765200;;;PEBBLES_M;XIRECS;10954.0;4;4;4
765200;;;PEBBLES_S;XIRECS;6998.0;4;4;4
765200;;;PEBBLES_XS;XIRECS;5397.0;4;4;4
766000;;;GALAXY_SOUNDS_BLACK_HOLES;XIRECS;12472.0;4;4;4
766000;;;GALAXY_SOUNDS_DARK_MATTER;XIRECS;9892.0;4;4;4
766000;;;GALAXY_SOUNDS_PLANETARY_RINGS;XIRECS;10817.0;4;4;4
766000;;;GALAXY_SOUNDS_SOLAR_FLAMES;XIRECS;11335.0;4;4;4
766000;;;GALAXY_SOUNDS_SOLAR_WINDS;XIRECS;11366.0;4;4;4
766000;;;OXYGEN_SHAKE_CHOCOLATE;XIRECS;10807.0;4;4;4
766000;;;OXYGEN_SHAKE_EVENING_BREATH;XIRECS;9386.0;4;4;4
766000;;;OXYGEN_SHAKE_GARLIC;XIRECS;13461.0;4;4;4
766000;;;OXYGEN_SHAKE_MINT;XIRECS;10242.0;4;4;4
766000;;;OXYGEN_SHAKE_MORNING_BREATH;XIRECS;9367.0;4;4;4
766000;;;PANEL_1X2;XIRECS;9754.0;4;4;4
766000;;;PANEL_1X4;XIRECS;8802.0;4;4;4
766000;;;PANEL_2X2;XIRECS;8769.0;4;4;4
766000;;;PANEL_2X4;XIRECS;12129.0;4;4;4
766000;;;PANEL_4X4;XIRECS;9601.0;4;4;4
766000;;;ROBOT_DISHES;XIRECS;10404.0;4;4;4
766000;;;ROBOT_IRONING;XIRECS;7643.0;4;4;4
766000;;;ROBOT_LAUNDRY;XIRECS;9083.0;4;4;4
766000;;;ROBOT_MOPPING;XIRECS;11861.0;4;4;4
766000;;;ROBOT_VACUUMING;XIRECS;8711.0;4;4;4
766000;;;SLEEP_POD_COTTON;XIRECS;12003.0;4;4;4
766000;;;SLEEP_POD_LAMB_WOOL;XIRECS;10770.0;4;4;4
766000;;;SLEEP_POD_NYLON;XIRECS;10712.0;4;4;4
766000;;;SLEEP_POD_POLYESTER;XIRECS;12767.0;4;4;4
766000;;;SLEEP_POD_SUEDE;XIRECS;11740.0;4;4;4
766000;;;SNACKPACK_CHOCOLATE;XIRECS;9823.0;4;4;4
766000;;;SNACKPACK_PISTACHIO;XIRECS;9294.0;4;4;4
766000;;;SNACKPACK_RASPBERRY;XIRECS;10221.0;4;4;4
766000;;;SNACKPACK_STRAWBERRY;XIRECS;11027.0;4;4;4
766000;;;SNACKPACK_VANILLA;XIRECS;10121.0;4;4;4
766000;;;TRANSLATOR_ASTRO_BLACK;XIRECS;8777.0;4;4;4
766000;;;TRANSLATOR_ECLIPSE_CHARCOAL;XIRECS;9700.0;4;4;4
766000;;;TRANSLATOR_GRAPHITE_MIST;XIRECS;10021.0;4;4;4
766000;;;TRANSLATOR_SPACE_GRAY;XIRECS;8448.0;4;4;4
766000;;;TRANSLATOR_VOID_BLUE;XIRECS;11253.0;4;4;4
766000;;;UV_VISOR_AMBER;XIRECS;6858.0;4;4;4
766000;;;UV_VISOR_MAGENTA;XIRECS;11509.0;4;4;4
766000;;;UV_VISOR_ORANGE;XIRECS;10675.0;4;4;4
766000;;;UV_VISOR_RED;XIRECS;11931.0;4;4;4
766000;;;UV_VISOR_YELLOW;XIRECS;10081.0;4;4;4
766800;SUBMISSION;;UV_VISOR_AMBER;XIRECS;6877.0;5;4;4
767500;;SUBMISSION;PEBBLES_XL;XIRECS;16987.0;2;4;4
767500;;;PEBBLES_L;XIRECS;9520.0;2;4;4
767500;;;PEBBLES_M;XIRECS;11086.0;2;4;4
767500;;;PEBBLES_S;XIRECS;7074.0;2;4;4
767500;;;PEBBLES_XS;XIRECS;5366.0;2;4;4
768100;SUBMISSION;;SNACKPACK_PISTACHIO;XIRECS;9311.0;3;4;4
768100;SUBMISSION;;SNACKPACK_STRAWBERRY;XIRECS;11045.0;3;4;4
768100;SUBMISSION;;SNACKPACK_VANILLA;XIRECS;10091.0;3;4;4
768600;;SUBMISSION;PEBBLES_XL;XIRECS;17130.0;5;4;4
768800;SUBMISSION;;ROBOT_IRONING;XIRECS;7683.0;4;4;4
768900;SUBMISSION;;ROBOT_IRONING;XIRECS;7693.0;1;4;4
769400;SUBMISSION;;GALAXY_SOUNDS_BLACK_HOLES;XIRECS;12497.0;5;4;4
769600;SUBMISSION;;UV_VISOR_AMBER;XIRECS;6907.0;5;4;4
770100;;SUBMISSION;PEBBLES_XL;XIRECS;17164.0;5;4;4
770100;;;MICROCHIP_CIRCLE;XIRECS;10392.0;2;4;4
770100;;;MICROCHIP_OVAL;XIRECS;5705.0;2;4;4
770100;;;MICROCHIP_RECTANGLE;XIRECS;7992.0;2;4;4
770100;;;MICROCHIP_SQUARE;XIRECS;14585.0;2;4;4
770100;;;MICROCHIP_TRIANGLE;XIRECS;8330.0;2;4;4
770300;;SUBMISSION;GALAXY_SOUNDS_PLANETARY_RINGS;XIRECS;10685.0;5;4;4
770500;;SUBMISSION;SNACKPACK_PISTACHIO;XIRECS;9268.0;5;4;4
770500;;SUBMISSION;SNACKPACK_STRAWBERRY;XIRECS;10981.0;5;4;4
770500;;SUBMISSION;SNACKPACK_VANILLA;XIRECS;10111.0;5;4;4
770800;SUBMISSION;;PEBBLES_XL;XIRECS;16976.0;2;4;4
770800;;;PEBBLES_L;XIRECS;9510.0;3;4;4
770800;;;PEBBLES_M;XIRECS;11092.0;3;4;4
770800;;;PEBBLES_S;XIRECS;7003.0;3;4;4
770800;;;PEBBLES_XS;XIRECS;5388.0;3;4;4
771000;SUBMISSION;;GALAXY_SOUNDS_BLACK_HOLES;XIRECS;12548.0;5;4;4
771100;;;GALAXY_SOUNDS_BLACK_HOLES;XIRECS;12542.0;4;4;4
771100;;;GALAXY_SOUNDS_DARK_MATTER;XIRECS;9843.0;4;4;4
771100;;;GALAXY_SOUNDS_PLANETARY_RINGS;XIRECS;10676.0;4;4;4
771100;;;GALAXY_SOUNDS_SOLAR_FLAMES;XIRECS;11202.0;4;4;4
771100;;;GALAXY_SOUNDS_SOLAR_WINDS;XIRECS;11311.0;4;4;4
771100;;;OXYGEN_SHAKE_CHOCOLATE;XIRECS;10607.0;4;4;4
771100;;;OXYGEN_SHAKE_EVENING_BREATH;XIRECS;9246.0;4;4;4
771100;;;OXYGEN_SHAKE_GARLIC;XIRECS;13464.0;4;4;4
771100;;;OXYGEN_SHAKE_MINT;XIRECS;10209.0;4;4;4
771100;;;OXYGEN_SHAKE_MORNING_BREATH;XIRECS;9434.0;4;4;4
771100;;;PANEL_1X2;XIRECS;9856.0;4;4;4
771100;;;PANEL_1X4;XIRECS;8967.0;4;4;4
771100;;;PANEL_2X2;XIRECS;8792.0;4;4;4
771100;;;PANEL_2X4;XIRECS;12240.0;4;4;4
771100;;;PANEL_4X4;XIRECS;9584.0;4;4;4
771100;;;ROBOT_DISHES;XIRECS;10404.0;4;4;4
771100;;;ROBOT_IRONING;XIRECS;7713.0;4;4;4
771100;;;ROBOT_LAUNDRY;XIRECS;9011.0;4;4;4
771100;;;ROBOT_MOPPING;XIRECS;11893.0;4;4;4
771100;;;ROBOT_VACUUMING;XIRECS;8714.0;4;4;4
771100;;;SLEEP_POD_COTTON;XIRECS;11820.0;4;4;4
771100;;;SLEEP_POD_LAMB_WOOL;XIRECS;10839.0;4;4;4
771100;;;SLEEP_POD_NYLON;XIRECS;10780.0;4;4;4
771100;;;SLEEP_POD_POLYESTER;XIRECS;12813.0;4;4;4
771100;;;SLEEP_POD_SUEDE;XIRECS;11614.0;4;4;4
771100;;;SNACKPACK_CHOCOLATE;XIRECS;9818.0;4;4;4
771100;;;SNACKPACK_PISTACHIO;XIRECS;9269.0;4;4;4
771100;;;SNACKPACK_RASPBERRY;XIRECS;10258.0;4;4;4
771100;;;SNACKPACK_STRAWBERRY;XIRECS;10979.0;4;4;4
771100;;;SNACKPACK_VANILLA;XIRECS;10121.0;4;4;4
771100;;;TRANSLATOR_ASTRO_BLACK;XIRECS;8748.0;4;4;4
771100;;;TRANSLATOR_ECLIPSE_CHARCOAL;XIRECS;9552.0;4;4;4
771100;;;TRANSLATOR_GRAPHITE_MIST;XIRECS;10000.0;4;4;4
771100;;;TRANSLATOR_SPACE_GRAY;XIRECS;8442.0;4;4;4
771100;;;TRANSLATOR_VOID_BLUE;XIRECS;11262.0;4;4;4
771100;;;UV_VISOR_AMBER;XIRECS;6907.0;4;4;4
771100;;;UV_VISOR_MAGENTA;XIRECS;11494.0;4;4;4
771100;;;UV_VISOR_ORANGE;XIRECS;10614.0;4;4;4
771100;;;UV_VISOR_RED;XIRECS;11962.0;4;4;4
771100;;;UV_VISOR_YELLOW;XIRECS;10055.0;4;4;4
772500;SUBMISSION;;ROBOT_IRONING;XIRECS;7733.0;4;4;4
772600;SUBMISSION;;ROBOT_IRONING;XIRECS;7743.0;1;4;4
773100;;;GALAXY_SOUNDS_BLACK_HOLES;XIRECS;12585.0;3;4;4
773100;;;GALAXY_SOUNDS_DARK_MATTER;XIRECS;9861.0;3;4;4
773100;;;GALAXY_SOUNDS_PLANETARY_RINGS;XIRECS;10698.0;3;4;4
773100;;;GALAXY_SOUNDS_SOLAR_FLAMES;XIRECS;11234.0;3;4;4
773100;;;GALAXY_SOUNDS_SOLAR_WINDS;XIRECS;11312.0;3;4;4
773100;;;OXYGEN_SHAKE_CHOCOLATE;XIRECS;10612.0;3;4;4
773100;;;OXYGEN_SHAKE_EVENING_BREATH;XIRECS;9206.0;3;4;4
773100;;;OXYGEN_SHAKE_GARLIC;XIRECS;13472.0;3;4;4
773100;;;OXYGEN_SHAKE_MINT;XIRECS;10122.0;3;4;4
773100;;;OXYGEN_SHAKE_MORNING_BREATH;XIRECS;9455.0;3;4;4
773100;;;PANEL_1X2;XIRECS;9879.0;3;4;4
773100;;;PANEL_1X4;XIRECS;9016.0;3;4;4
773100;;;PANEL_2X2;XIRECS;8824.0;3;4;4
773100;;;PANEL_2X4;XIRECS;12199.0;3;4;4
773100;;;PANEL_4X4;XIRECS;9592.0;3;4;4
773100;;;ROBOT_DISHES;XIRECS;10504.0;3;4;4
773100;;;ROBOT_IRONING;XIRECS;7743.0;3;4;4
773100;;;ROBOT_LAUNDRY;XIRECS;8977.0;3;4;4
773100;;;ROBOT_MOPPING;XIRECS;11958.0;3;4;4
773100;;;ROBOT_VACUUMING;XIRECS;8692.0;3;4;4
773100;;;SLEEP_POD_COTTON;XIRECS;11882.0;3;4;4
773100;;;SLEEP_POD_LAMB_WOOL;XIRECS;10865.0;3;4;4
773100;;;SLEEP_POD_NYLON;XIRECS;10822.0;3;4;4
773100;;;SLEEP_POD_POLYESTER;XIRECS;12825.0;3;4;4
773100;;;SLEEP_POD_SUEDE;XIRECS;11647.0;3;4;4
773100;;;SNACKPACK_CHOCOLATE;XIRECS;9826.0;3;4;4
773100;;;SNACKPACK_PISTACHIO;XIRECS;9286.0;3;4;4
773100;;;SNACKPACK_RASPBERRY;XIRECS;10221.0;3;4;4
773100;;;SNACKPACK_STRAWBERRY;XIRECS;11013.0;3;4;4
773100;;;SNACKPACK_VANILLA;XIRECS;10106.0;3;4;4
773100;;;TRANSLATOR_ASTRO_BLACK;XIRECS;8729.0;3;4;4
773100;;;TRANSLATOR_ECLIPSE_CHARCOAL;XIRECS;9571.0;3;4;4
773100;;;TRANSLATOR_GRAPHITE_MIST;XIRECS;10015.0;3;4;4
773100;;;TRANSLATOR_SPACE_GRAY;XIRECS;8431.0;3;4;4
773100;;;TRANSLATOR_VOID_BLUE;XIRECS;11262.0;3;4;4
773100;;;UV_VISOR_AMBER;XIRECS;6924.0;3;4;4
773100;;;UV_VISOR_MAGENTA;XIRECS;11476.0;3;4;4
773100;;;UV_VISOR_ORANGE;XIRECS;10643.0;3;4;4
773100;;;UV_VISOR_RED;XIRECS;11955.0;3;4;4
773100;;;UV_VISOR_YELLOW;XIRECS;10136.0;3;4;4
773200;SUBMISSION;;GALAXY_SOUNDS_BLACK_HOLES;XIRECS;12589.0;5;4;4
773500;;;PEBBLES_L;XIRECS;9479.0;2;4;4
773500;;;PEBBLES_M;XIRECS;11169.0;2;4;4
773500;;;PEBBLES_S;XIRECS;7104.0;2;4;4
773500;;;PEBBLES_XL;XIRECS;16851.0;2;4;4
773500;;;PEBBLES_XS;XIRECS;5430.0;2;4;4
774700;SUBMISSION;;PEBBLES_XL;XIRECS;16822.0;2;4;4
774700;;;MICROCHIP_CIRCLE;XIRECS;10275.0;1;4;4
774700;;;MICROCHIP_OVAL;XIRECS;5762.0;1;4;4
774700;;;MICROCHIP_RECTANGLE;XIRECS;7984.0;1;4;4
774700;;;MICROCHIP_SQUARE;XIRECS;14629.0;1;4;4
774700;;;MICROCHIP_TRIANGLE;XIRECS;8163.0;1;4;4
774700;;;PEBBLES_L;XIRECS;9404.0;2;4;4
774700;;;PEBBLES_M;XIRECS;11232.0;2;4;4
774700;;;PEBBLES_S;XIRECS;7064.0;2;4;4
774700;;;PEBBLES_XS;XIRECS;5446.0;2;4;4
776800;SUBMISSION;;ROBOT_IRONING;XIRECS;7773.0;5;4;4
777300;;SUBMISSION;PEBBLES_XL;XIRECS;16786.0;5;4;4
777500;SUBMISSION;;GALAXY_SOUNDS_BLACK_HOLES;XIRECS;12625.0;5;4;4
778800;SUBMISSION;;SNACKPACK_PISTACHIO;XIRECS;9290.0;2;4;4
778800;SUBMISSION;;SNACKPACK_STRAWBERRY;XIRECS;11060.0;2;4;4
778800;SUBMISSION;;SNACKPACK_VANILLA;XIRECS;10196.0;2;4;4
778800;;;GALAXY_SOUNDS_BLACK_HOLES;XIRECS;12624.0;2;4;4
778800;;;GALAXY_SOUNDS_DARK_MATTER;XIRECS;9807.0;2;4;4
778800;;;GALAXY_SOUNDS_PLANETARY_RINGS;XIRECS;10529.0;2;4;4
778800;;;GALAXY_SOUNDS_SOLAR_FLAMES;XIRECS;11204.0;2;4;4
778800;;;GALAXY_SOUNDS_SOLAR_WINDS;XIRECS;11304.0;2;4;4
778800;;;OXYGEN_SHAKE_CHOCOLATE;XIRECS;10577.0;2;4;4
778800;;;OXYGEN_SHAKE_EVENING_BREATH;XIRECS;9154.0;2;4;4
778800;;;OXYGEN_SHAKE_GARLIC;XIRECS;13494.0;2;4;4
778800;;;OXYGEN_SHAKE_MINT;XIRECS;10098.0;2;4;4
778800;;;OXYGEN_SHAKE_MORNING_BREATH;XIRECS;9362.0;2;4;4
778800;;;PANEL_1X2;XIRECS;9885.0;2;4;4
778800;;;PANEL_1X4;XIRECS;9058.0;2;4;4
778800;;;PANEL_2X2;XIRECS;8808.0;2;4;4
778800;;;PANEL_2X4;XIRECS;12275.0;2;4;4
778800;;;PANEL_4X4;XIRECS;9493.0;2;4;4
778800;;;ROBOT_DISHES;XIRECS;10396.0;2;4;4
778800;;;ROBOT_IRONING;XIRECS;7747.0;2;4;4
778800;;;ROBOT_LAUNDRY;XIRECS;8913.0;2;4;4
778800;;;ROBOT_MOPPING;XIRECS;11979.0;2;4;4
778800;;;ROBOT_VACUUMING;XIRECS;8689.0;2;4;4
778800;;;SLEEP_POD_COTTON;XIRECS;11787.0;2;4;4
778800;;;SLEEP_POD_LAMB_WOOL;XIRECS;10804.0;2;4;4
778800;;;SLEEP_POD_NYLON;XIRECS;10754.0;2;4;4
778800;;;SLEEP_POD_POLYESTER;XIRECS;12895.0;2;4;4
778800;;;SLEEP_POD_SUEDE;XIRECS;11521.0;2;4;4
778800;;;SNACKPACK_CHOCOLATE;XIRECS;9696.0;2;4;4
778800;;;SNACKPACK_RASPBERRY;XIRECS;10181.0;2;4;4
778800;;;TRANSLATOR_ASTRO_BLACK;XIRECS;8686.0;2;4;4
778800;;;TRANSLATOR_ECLIPSE_CHARCOAL;XIRECS;9543.0;2;4;4
778800;;;TRANSLATOR_GRAPHITE_MIST;XIRECS;9961.0;2;4;4
778800;;;TRANSLATOR_SPACE_GRAY;XIRECS;8538.0;2;4;4
778800;;;TRANSLATOR_VOID_BLUE;XIRECS;11094.0;2;4;4
778800;;;UV_VISOR_AMBER;XIRECS;6932.0;2;4;4
778800;;;UV_VISOR_MAGENTA;XIRECS;11356.0;2;4;4
778800;;;UV_VISOR_ORANGE;XIRECS;10567.0;2;4;4
778800;;;UV_VISOR_RED;XIRECS;11845.0;2;4;4
778800;;;UV_VISOR_YELLOW;XIRECS;10023.0;2;4;4
779800;;;MICROCHIP_CIRCLE;XIRECS;10226.0;1;4;4
779800;;;MICROCHIP_OVAL;XIRECS;5706.0;1;4;4
779800;;;MICROCHIP_RECTANGLE;XIRECS;8067.0;1;4;4
779800;;;MICROCHIP_SQUARE;XIRECS;14857.0;1;4;4
779800;;;MICROCHIP_TRIANGLE;XIRECS;8107.0;1;4;4
780200;SUBMISSION;;PEBBLES_XL;XIRECS;16798.0;5;4;4
781100;SUBMISSION;;ROBOT_IRONING;XIRECS;7833.0;5;4;4
782000;;;GALAXY_SOUNDS_BLACK_HOLES;XIRECS;12685.0;4;4;4
782000;;;GALAXY_SOUNDS_DARK_MATTER;XIRECS;9736.0;4;4;4
782000;;;GALAXY_SOUNDS_PLANETARY_RINGS;XIRECS;10550.0;4;4;4
782000;;;GALAXY_SOUNDS_SOLAR_FLAMES;XIRECS;11215.0;4;4;4
782000;;;GALAXY_SOUNDS_SOLAR_WINDS;XIRECS;11233.0;4;4;4
782000;;;OXYGEN_SHAKE_CHOCOLATE;XIRECS;10615.0;4;4;4
782000;;;OXYGEN_SHAKE_EVENING_BREATH;XIRECS;9056.0;4;4;4
782000;;;OXYGEN_SHAKE_GARLIC;XIRECS;13495.0;4;4;4
782000;;;OXYGEN_SHAKE_MINT;XIRECS;10100.0;4;4;4
782000;;;OXYGEN_SHAKE_MORNING_BREATH;XIRECS;9409.0;4;4;4
782000;;;PANEL_1X2;XIRECS;9814.0;4;4;4
782000;;;PANEL_1X4;XIRECS;9116.0;4;4;4
782000;;;PANEL_2X2;XIRECS;8866.0;4;4;4
782000;;;PANEL_2X4;XIRECS;12329.0;4;4;4
782000;;;PANEL_4X4;XIRECS;9487.0;4;4;4
782000;;;ROBOT_DISHES;XIRECS;10504.0;4;4;4
782000;;;ROBOT_IRONING;XIRECS;7823.0;4;4;4
782000;;;ROBOT_LAUNDRY;XIRECS;8904.0;4;4;4
782000;;;ROBOT_MOPPING;XIRECS;11954.0;4;4;4
782000;;;ROBOT_VACUUMING;XIRECS;8803.0;4;4;4
782000;;;SLEEP_POD_COTTON;XIRECS;11819.0;4;4;4
782000;;;SLEEP_POD_LAMB_WOOL;XIRECS;10790.0;4;4;4
782000;;;SLEEP_POD_NYLON;XIRECS;10786.0;4;4;4
782000;;;SLEEP_POD_POLYESTER;XIRECS;12823.0;4;4;4
782000;;;SLEEP_POD_SUEDE;XIRECS;11545.0;4;4;4
782000;;;SNACKPACK_CHOCOLATE;XIRECS;9692.0;4;4;4
782000;;;SNACKPACK_PISTACHIO;XIRECS;9264.0;4;4;4
782000;;;SNACKPACK_RASPBERRY;XIRECS;10243.0;4;4;4
782000;;;SNACKPACK_STRAWBERRY;XIRECS;11030.0;4;4;4
782000;;;SNACKPACK_VANILLA;XIRECS;10237.0;4;4;4
782000;;;TRANSLATOR_ASTRO_BLACK;XIRECS;8675.0;4;4;4
782000;;;TRANSLATOR_ECLIPSE_CHARCOAL;XIRECS;9642.0;4;4;4
782000;;;TRANSLATOR_GRAPHITE_MIST;XIRECS;9974.0;4;4;4
782000;;;TRANSLATOR_SPACE_GRAY;XIRECS;8596.0;4;4;4
782000;;;TRANSLATOR_VOID_BLUE;XIRECS;11105.0;4;4;4
782000;;;UV_VISOR_AMBER;XIRECS;6972.0;4;4;4
782000;;;UV_VISOR_MAGENTA;XIRECS;11424.0;4;4;4
782000;;;UV_VISOR_ORANGE;XIRECS;10615.0;4;4;4
782000;;;UV_VISOR_RED;XIRECS;11860.0;4;4;4
782000;;;UV_VISOR_YELLOW;XIRECS;10014.0;4;4;4
783100;;;PEBBLES_L;XIRECS;9266.0;2;4;4
783100;;;PEBBLES_M;XIRECS;11174.0;2;4;4
783100;;;PEBBLES_S;XIRECS;7396.0;2;4;4
783100;;;PEBBLES_XL;XIRECS;16783.0;2;4;4
783100;;;PEBBLES_XS;XIRECS;5412.0;2;4;4
784400;;;GALAXY_SOUNDS_BLACK_HOLES;XIRECS;12592.0;3;4;4
784400;;;GALAXY_SOUNDS_DARK_MATTER;XIRECS;9762.0;3;4;4
784400;;;GALAXY_SOUNDS_PLANETARY_RINGS;XIRECS;10551.0;3;4;4
784400;;;GALAXY_SOUNDS_SOLAR_FLAMES;XIRECS;11119.0;3;4;4
784400;;;GALAXY_SOUNDS_SOLAR_WINDS;XIRECS;11178.0;3;4;4
784400;;;OXYGEN_SHAKE_CHOCOLATE;XIRECS;10595.0;3;4;4
784400;;;OXYGEN_SHAKE_EVENING_BREATH;XIRECS;9076.0;3;4;4
784400;;;OXYGEN_SHAKE_GARLIC;XIRECS;13537.0;3;4;4
784400;;;OXYGEN_SHAKE_MINT;XIRECS;10003.0;3;4;4
784400;;;OXYGEN_SHAKE_MORNING_BREATH;XIRECS;9393.0;3;4;4
784400;;;PANEL_1X2;XIRECS;9773.0;3;4;4
784400;;;PANEL_1X4;XIRECS;9089.0;3;4;4
784400;;;PANEL_2X2;XIRECS;8895.0;3;4;4
784400;;;PANEL_2X4;XIRECS;12379.0;3;4;4
784400;;;PANEL_4X4;XIRECS;9457.0;3;4;4
784400;;;ROBOT_DISHES;XIRECS;10604.0;3;4;4
784400;;;ROBOT_IRONING;XIRECS;7833.0;3;4;4
784400;;;ROBOT_LAUNDRY;XIRECS;8884.0;3;4;4
784400;;;ROBOT_MOPPING;XIRECS;11965.0;3;4;4
784400;;;ROBOT_VACUUMING;XIRECS;8757.0;3;4;4
784400;;;SLEEP_POD_COTTON;XIRECS;11764.0;3;4;4
784400;;;SLEEP_POD_LAMB_WOOL;XIRECS;10858.0;3;4;4
784400;;;SLEEP_POD_NYLON;XIRECS;10766.0;3;4;4
784400;;;SLEEP_POD_POLYESTER;XIRECS;12806.0;3;4;4
784400;;;SLEEP_POD_SUEDE;XIRECS;11498.0;3;4;4
784400;;;SNACKPACK_CHOCOLATE;XIRECS;9681.0;3;4;4
784400;;;SNACKPACK_PISTACHIO;XIRECS;9289.0;3;4;4
784400;;;SNACKPACK_RASPBERRY;XIRECS;10206.0;3;4;4
784400;;;SNACKPACK_STRAWBERRY;XIRECS;11071.0;3;4;4
784400;;;SNACKPACK_VANILLA;XIRECS;10248.0;3;4;4
784400;;;TRANSLATOR_ASTRO_BLACK;XIRECS;8728.0;3;4;4
784400;;;TRANSLATOR_ECLIPSE_CHARCOAL;XIRECS;9602.0;3;4;4
784400;;;TRANSLATOR_GRAPHITE_MIST;XIRECS;10015.0;3;4;4
784400;;;TRANSLATOR_SPACE_GRAY;XIRECS;8614.0;3;4;4
784400;;;TRANSLATOR_VOID_BLUE;XIRECS;11026.0;3;4;4
784400;;;UV_VISOR_AMBER;XIRECS;6966.0;3;4;4
784400;;;UV_VISOR_MAGENTA;XIRECS;11438.0;3;4;4
784400;;;UV_VISOR_ORANGE;XIRECS;10638.0;3;4;4
784400;;;UV_VISOR_RED;XIRECS;11855.0;3;4;4
784400;;;UV_VISOR_YELLOW;XIRECS;10059.0;3;4;4
784700;;;GALAXY_SOUNDS_BLACK_HOLES;XIRECS;12598.0;1;4;4
784700;;;GALAXY_SOUNDS_DARK_MATTER;XIRECS;9763.0;1;4;4
784700;;;GALAXY_SOUNDS_PLANETARY_RINGS;XIRECS;10558.0;1;4;4
784700;;;GALAXY_SOUNDS_SOLAR_FLAMES;XIRECS;11076.0;1;4;4
784700;;;GALAXY_SOUNDS_SOLAR_WINDS;XIRECS;11202.0;1;4;4
784700;;;OXYGEN_SHAKE_CHOCOLATE;XIRECS;10645.0;1;4;4
784700;;;OXYGEN_SHAKE_EVENING_BREATH;XIRECS;9066.0;1;4;4
784700;;;OXYGEN_SHAKE_GARLIC;XIRECS;13593.0;1;4;4
784700;;;OXYGEN_SHAKE_MINT;XIRECS;10007.0;1;4;4
784700;;;OXYGEN_SHAKE_MORNING_BREATH;XIRECS;9376.0;1;4;4
784700;;;PANEL_1X2;XIRECS;9778.0;1;4;4
784700;;;PANEL_1X4;XIRECS;9100.0;1;4;4
784700;;;PANEL_2X2;XIRECS;8904.0;1;4;4
784700;;;PANEL_2X4;XIRECS;12366.0;1;4;4
784700;;;PANEL_4X4;XIRECS;9448.0;1;4;4
784700;;;ROBOT_DISHES;XIRECS;10604.0;1;4;4
784700;;;ROBOT_IRONING;XIRECS;7823.0;1;4;4
784700;;;ROBOT_LAUNDRY;XIRECS;8892.0;1;4;4
784700;;;ROBOT_MOPPING;XIRECS;11966.0;1;4;4
784700;;;ROBOT_VACUUMING;XIRECS;8778.0;1;4;4
784700;;;SLEEP_POD_COTTON;XIRECS;11804.0;1;4;4
784700;;;SLEEP_POD_LAMB_WOOL;XIRECS;10852.0;1;4;4
784700;;;SLEEP_POD_NYLON;XIRECS;10771.0;1;4;4
784700;;;SLEEP_POD_POLYESTER;XIRECS;12854.0;1;4;4
784700;;;SLEEP_POD_SUEDE;XIRECS;11486.0;1;4;4
784700;;;SNACKPACK_CHOCOLATE;XIRECS;9680.0;1;4;4
784700;;;SNACKPACK_PISTACHIO;XIRECS;9294.0;1;4;4
784700;;;SNACKPACK_RASPBERRY;XIRECS;10197.0;1;4;4
784700;;;SNACKPACK_STRAWBERRY;XIRECS;11075.0;1;4;4
784700;;;SNACKPACK_VANILLA;XIRECS;10247.0;1;4;4
784700;;;TRANSLATOR_ASTRO_BLACK;XIRECS;8709.0;1;4;4
784700;;;TRANSLATOR_ECLIPSE_CHARCOAL;XIRECS;9600.0;1;4;4
784700;;;TRANSLATOR_GRAPHITE_MIST;XIRECS;10034.0;1;4;4
784700;;;TRANSLATOR_SPACE_GRAY;XIRECS;8611.0;1;4;4
784700;;;TRANSLATOR_VOID_BLUE;XIRECS;11030.0;1;4;4
784700;;;UV_VISOR_AMBER;XIRECS;6972.0;1;4;4
784700;;;UV_VISOR_MAGENTA;XIRECS;11432.0;1;4;4
784700;;;UV_VISOR_ORANGE;XIRECS;10605.0;1;4;4
784700;;;UV_VISOR_RED;XIRECS;11862.0;1;4;4
784700;;;UV_VISOR_YELLOW;XIRECS;10051.0;1;4;4
785100;;SUBMISSION;SNACKPACK_PISTACHIO;XIRECS;9285.0;3;4;4
785100;;SUBMISSION;SNACKPACK_STRAWBERRY;XIRECS;11058.0;3;4;4
785100;;SUBMISSION;SNACKPACK_VANILLA;XIRECS;10219.0;3;4;4
785700;SUBMISSION;;SNACKPACK_PISTACHIO;XIRECS;9303.0;4;4;4
785700;SUBMISSION;;SNACKPACK_STRAWBERRY;XIRECS;11079.0;4;4;4
785700;SUBMISSION;;SNACKPACK_VANILLA;XIRECS;10214.0;4;4;4
786100;SUBMISSION;;SNACKPACK_PISTACHIO;XIRECS;9306.0;4;4;4
786100;SUBMISSION;;SNACKPACK_STRAWBERRY;XIRECS;11075.0;4;4;4
786100;SUBMISSION;;SNACKPACK_VANILLA;XIRECS;10190.0;4;4;4
786700;;SUBMISSION;OXYGEN_SHAKE_MORNING_BREATH;XIRECS;9332.0;5;4;4
786700;;;PEBBLES_L;XIRECS;9334.0;2;4;4
786700;;;PEBBLES_M;XIRECS;11134.0;2;4;4
786700;;;PEBBLES_S;XIRECS;7307.0;2;4;4
786700;;;PEBBLES_XL;XIRECS;16794.0;2;4;4
786700;;;PEBBLES_XS;XIRECS;5463.0;2;4;4
787000;;;MICROCHIP_CIRCLE;XIRECS;10311.0;3;4;4
787000;;;MICROCHIP_OVAL;XIRECS;5616.0;3;4;4
787000;;;MICROCHIP_RECTANGLE;XIRECS;7872.0;3;4;4
787000;;;MICROCHIP_SQUARE;XIRECS;14718.0;3;4;4
787000;;;MICROCHIP_TRIANGLE;XIRECS;8039.0;3;4;4
787200;;;PEBBLES_L;XIRECS;9345.0;5;4;4
787200;;;PEBBLES_M;XIRECS;11108.0;5;4;4
787200;;;PEBBLES_S;XIRECS;7325.0;5;4;4
787200;;;PEBBLES_XL;XIRECS;16777.0;5;4;4
787200;;;PEBBLES_XS;XIRECS;5477.0;5;4;4
787600;;SUBMISSION;SNACKPACK_PISTACHIO;XIRECS;9303.0;4;4;4
787600;;SUBMISSION;SNACKPACK_STRAWBERRY;XIRECS;11080.0;4;4;4
787600;;SUBMISSION;SNACKPACK_VANILLA;XIRECS;10211.0;4;4;4
788700;;SUBMISSION;SNACKPACK_PISTACHIO;XIRECS;9305.0;3;4;4
788700;;SUBMISSION;SNACKPACK_STRAWBERRY;XIRECS;11092.0;3;4;4
788700;;SUBMISSION;SNACKPACK_VANILLA;XIRECS;10212.0;3;4;4
788900;;SUBMISSION;SNACKPACK_PISTACHIO;XIRECS;9311.0;1;4;4
788900;;SUBMISSION;SNACKPACK_STRAWBERRY;XIRECS;11101.0;1;4;4
788900;;SUBMISSION;SNACKPACK_VANILLA;XIRECS;10228.0;1;4;4
789200;;;PEBBLES_L;XIRECS;9303.0;2;4;4
789200;;;PEBBLES_M;XIRECS;11082.0;2;4;4
789200;;;PEBBLES_S;XIRECS;7236.0;2;4;4
789200;;;PEBBLES_XL;XIRECS;17020.0;2;4;4
789200;;;PEBBLES_XS;XIRECS;5391.0;2;4;4
790400;;;MICROCHIP_CIRCLE;XIRECS;10309.0;1;4;4
790400;;;MICROCHIP_OVAL;XIRECS;5682.0;1;4;4
790400;;;MICROCHIP_RECTANGLE;XIRECS;7973.0;1;4;4
790400;;;MICROCHIP_SQUARE;XIRECS;14596.0;1;4;4
790400;;;MICROCHIP_TRIANGLE;XIRECS;8094.0;1;4;4
790700;;SUBMISSION;PEBBLES_XL;XIRECS;16896.0;4;4;4
791000;;SUBMISSION;OXYGEN_SHAKE_MORNING_BREATH;XIRECS;9275.0;5;4;4
791500;;SUBMISSION;PEBBLES_XL;XIRECS;16812.0;1;4;4
792700;;SUBMISSION;ROBOT_IRONING;XIRECS;7677.0;5;4;4
792900;;;MICROCHIP_CIRCLE;XIRECS;10322.0;2;4;4
792900;;;MICROCHIP_OVAL;XIRECS;5639.0;2;4;4
792900;;;MICROCHIP_RECTANGLE;XIRECS;7904.0;2;4;4
792900;;;MICROCHIP_SQUARE;XIRECS;14652.0;2;4;4
792900;;;MICROCHIP_TRIANGLE;XIRECS;8075.0;2;4;4
794500;SUBMISSION;;SNACKPACK_PISTACHIO;XIRECS;9284.0;5;4;4
794500;SUBMISSION;;SNACKPACK_STRAWBERRY;XIRECS;11032.0;5;4;4
794500;SUBMISSION;;SNACKPACK_VANILLA;XIRECS;10239.0;5;4;4
795000;;;GALAXY_SOUNDS_BLACK_HOLES;XIRECS;12512.0;2;4;4
795000;;;GALAXY_SOUNDS_DARK_MATTER;XIRECS;9682.0;2;4;4
795000;;;GALAXY_SOUNDS_PLANETARY_RINGS;XIRECS;10437.0;2;4;4
795000;;;GALAXY_SOUNDS_SOLAR_FLAMES;XIRECS;11046.0;2;4;4
795000;;;GALAXY_SOUNDS_SOLAR_WINDS;XIRECS;11068.0;2;4;4
795000;;;OXYGEN_SHAKE_CHOCOLATE;XIRECS;10684.0;2;4;4
795000;;;OXYGEN_SHAKE_EVENING_BREATH;XIRECS;9104.0;2;4;4
795000;;;OXYGEN_SHAKE_GARLIC;XIRECS;13788.0;2;4;4
795000;;;OXYGEN_SHAKE_MINT;XIRECS;10014.0;2;4;4
795000;;;OXYGEN_SHAKE_MORNING_BREATH;XIRECS;9310.0;2;4;4
795000;;;PANEL_1X2;XIRECS;9823.0;2;4;4
795000;;;PANEL_1X4;XIRECS;9047.0;2;4;4
795000;;;PANEL_2X2;XIRECS;8891.0;2;4;4
795000;;;PANEL_2X4;XIRECS;12375.0;2;4;4
795000;;;PANEL_4X4;XIRECS;9450.0;2;4;4
795000;;;ROBOT_DISHES;XIRECS;10596.0;2;4;4
795000;;;ROBOT_IRONING;XIRECS;7687.0;2;4;4
795000;;;ROBOT_LAUNDRY;XIRECS;8829.0;2;4;4
795000;;;ROBOT_MOPPING;XIRECS;11825.0;2;4;4
795000;;;ROBOT_VACUUMING;XIRECS;8733.0;2;4;4
795000;;;SLEEP_POD_COTTON;XIRECS;11792.0;2;4;4
795000;;;SLEEP_POD_LAMB_WOOL;XIRECS;11079.0;2;4;4
795000;;;SLEEP_POD_NYLON;XIRECS;10643.0;2;4;4
795000;;;SLEEP_POD_POLYESTER;XIRECS;12799.0;2;4;4
795000;;;SLEEP_POD_SUEDE;XIRECS;11653.0;2;4;4
795000;;;SNACKPACK_CHOCOLATE;XIRECS;9671.0;2;4;4
795000;;;SNACKPACK_PISTACHIO;XIRECS;9258.0;2;4;4
795000;;;SNACKPACK_RASPBERRY;XIRECS;10238.0;2;4;4
795000;;;SNACKPACK_STRAWBERRY;XIRECS;10993.0;2;4;4
795000;;;SNACKPACK_VANILLA;XIRECS;10223.0;2;4;4
795000;;;TRANSLATOR_ASTRO_BLACK;XIRECS;8651.0;2;4;4
795000;;;TRANSLATOR_ECLIPSE_CHARCOAL;XIRECS;9620.0;2;4;4
795000;;;TRANSLATOR_GRAPHITE_MIST;XIRECS;10097.0;2;4;4
795000;;;TRANSLATOR_SPACE_GRAY;XIRECS;8618.0;2;4;4
795000;;;TRANSLATOR_VOID_BLUE;XIRECS;10939.0;2;4;4
795000;;;UV_VISOR_AMBER;XIRECS;6870.0;2;4;4
795000;;;UV_VISOR_MAGENTA;XIRECS;11563.0;2;4;4
795000;;;UV_VISOR_ORANGE;XIRECS;10465.0;2;4;4
795000;;;UV_VISOR_RED;XIRECS;11775.0;2;4;4
795000;;;UV_VISOR_YELLOW;XIRECS;10010.0;2;4;4
795600;SUBMISSION;;SNACKPACK_PISTACHIO;XIRECS;9261.0;3;4;4
795600;SUBMISSION;;SNACKPACK_STRAWBERRY;XIRECS;11008.0;3;4;4
795600;SUBMISSION;;SNACKPACK_VANILLA;XIRECS;10208.0;3;4;4
796600;;SUBMISSION;ROBOT_IRONING;XIRECS;7667.0;5;4;4
796800;SUBMISSION;;PEBBLES_XL;XIRECS;16823.0;8;4;4
797000;;;GALAXY_SOUNDS_BLACK_HOLES;XIRECS;12530.0;3;4;4
797000;;;GALAXY_SOUNDS_DARK_MATTER;XIRECS;9676.0;3;4;4
797000;;;GALAXY_SOUNDS_PLANETARY_RINGS;XIRECS;10422.0;3;4;4
797000;;;GALAXY_SOUNDS_SOLAR_FLAMES;XIRECS;11064.0;3;4;4
797000;;;GALAXY_SOUNDS_SOLAR_WINDS;XIRECS;11128.0;3;4;4
797000;;;OXYGEN_SHAKE_CHOCOLATE;XIRECS;10667.0;3;4;4
797000;;;OXYGEN_SHAKE_EVENING_BREATH;XIRECS;9064.0;3;4;4
797000;;;OXYGEN_SHAKE_GARLIC;XIRECS;13884.0;3;4;4
797000;;;OXYGEN_SHAKE_MINT;XIRECS;9935.0;3;4;4
797000;;;OXYGEN_SHAKE_MORNING_BREATH;XIRECS;9341.0;3;4;4
797000;;;PANEL_1X2;XIRECS;9863.0;3;4;4
797000;;;PANEL_1X4;XIRECS;9028.0;3;4;4
797000;;;PANEL_2X2;XIRECS;8892.0;3;4;4
797000;;;PANEL_2X4;XIRECS;12341.0;3;4;4
797000;;;PANEL_4X4;XIRECS;9497.0;3;4;4
797000;;;ROBOT_DISHES;XIRECS;10696.0;3;4;4
797000;;;ROBOT_IRONING;XIRECS;7667.0;3;4;4
797000;;;ROBOT_LAUNDRY;XIRECS;8844.0;3;4;4
797000;;;ROBOT_MOPPING;XIRECS;11872.0;3;4;4
797000;;;ROBOT_VACUUMING;XIRECS;8665.0;3;4;4
797000;;;SLEEP_POD_COTTON;XIRECS;11735.0;3;4;4
797000;;;SLEEP_POD_LAMB_WOOL;XIRECS;11053.0;3;4;4
797000;;;SLEEP_POD_NYLON;XIRECS;10708.0;3;4;4
797000;;;SLEEP_POD_POLYESTER;XIRECS;12866.0;3;4;4
797000;;;SLEEP_POD_SUEDE;XIRECS;11624.0;3;4;4
797000;;;SNACKPACK_CHOCOLATE;XIRECS;9737.0;3;4;4
797000;;;SNACKPACK_PISTACHIO;XIRECS;9215.0;3;4;4
797000;;;SNACKPACK_RASPBERRY;XIRECS;10268.0;3;4;4
797000;;;SNACKPACK_STRAWBERRY;XIRECS;10953.0;3;4;4
797000;;;SNACKPACK_VANILLA;XIRECS;10158.0;3;4;4
797000;;;TRANSLATOR_ASTRO_BLACK;XIRECS;8595.0;3;4;4
797000;;;TRANSLATOR_ECLIPSE_CHARCOAL;XIRECS;9566.0;3;4;4
797000;;;TRANSLATOR_GRAPHITE_MIST;XIRECS;10011.0;3;4;4
797000;;;TRANSLATOR_SPACE_GRAY;XIRECS;8645.0;3;4;4
797000;;;TRANSLATOR_VOID_BLUE;XIRECS;10975.0;3;4;4
797000;;;UV_VISOR_AMBER;XIRECS;6914.0;3;4;4
797000;;;UV_VISOR_MAGENTA;XIRECS;11510.0;3;4;4
797000;;;UV_VISOR_ORANGE;XIRECS;10528.0;3;4;4
797000;;;UV_VISOR_RED;XIRECS;11756.0;3;4;4
797000;;;UV_VISOR_YELLOW;XIRECS;10061.0;3;4;4
798200;SUBMISSION;;PEBBLES_XL;XIRECS;16821.0;5;4;4
798400;SUBMISSION;;OXYGEN_SHAKE_MORNING_BREATH;XIRECS;9360.0;5;4;4
798800;;SUBMISSION;PEBBLES_XL;XIRECS;16786.0;2;4;4
798800;;;PEBBLES_L;XIRECS;9555.0;5;4;4
798800;;;PEBBLES_M;XIRECS;10838.0;5;4;4
798800;;;PEBBLES_S;XIRECS;7324.0;5;4;4
798800;;;PEBBLES_XS;XIRECS;5529.0;5;4;4
799000;;SUBMISSION;SNACKPACK_PISTACHIO;XIRECS;9227.0;5;4;4
799000;;SUBMISSION;SNACKPACK_STRAWBERRY;XIRECS;10944.0;5;4;4
799000;;SUBMISSION;SNACKPACK_VANILLA;XIRECS;10166.0;5;4;4
799600;;SUBMISSION;ROBOT_IRONING;XIRECS;7647.0;5;4;4
799700;;SUBMISSION;OXYGEN_SHAKE_MORNING_BREATH;XIRECS;9297.0;5;4;4
800400;SUBMISSION;;SNACKPACK_PISTACHIO;XIRECS;9188.0;5;4;4
800400;SUBMISSION;;SNACKPACK_STRAWBERRY;XIRECS;10900.0;5;4;4
800400;SUBMISSION;;SNACKPACK_VANILLA;XIRECS;10127.0;5;4;4
800500;SUBMISSION;;OXYGEN_SHAKE_MORNING_BREATH;XIRECS;9355.0;5;4;4
800700;;SUBMISSION;SNACKPACK_PISTACHIO;XIRECS;9194.0;1;4;4
800700;;SUBMISSION;SNACKPACK_STRAWBERRY;XIRECS;10904.0;1;4;4
800700;;SUBMISSION;SNACKPACK_VANILLA;XIRECS;10133.0;1;4;4
800700;;;GALAXY_SOUNDS_BLACK_HOLES;XIRECS;12493.0;1;4;4
800700;;;GALAXY_SOUNDS_DARK_MATTER;XIRECS;9650.0;1;4;4
800700;;;GALAXY_SOUNDS_PLANETARY_RINGS;XIRECS;10487.0;1;4;4
800700;;;GALAXY_SOUNDS_SOLAR_FLAMES;XIRECS;11312.0;1;4;4
800700;;;GALAXY_SOUNDS_SOLAR_WINDS;XIRECS;11168.0;1;4;4
800700;;;OXYGEN_SHAKE_CHOCOLATE;XIRECS;10682.0;1;4;4
800700;;;OXYGEN_SHAKE_EVENING_BREATH;XIRECS;9126.0;1;4;4
800700;;;OXYGEN_SHAKE_GARLIC;XIRECS;14020.0;1;4;4
800700;;;OXYGEN_SHAKE_MINT;XIRECS;9983.0;1;4;4
800700;;;OXYGEN_SHAKE_MORNING_BREATH;XIRECS;9340.0;1;4;4
800700;;;PANEL_1X2;XIRECS;9873.0;1;4;4
800700;;;PANEL_1X4;XIRECS;8972.0;1;4;4
800700;;;PANEL_2X2;XIRECS;8944.0;1;4;4
800700;;;PANEL_2X4;XIRECS;12348.0;1;4;4
800700;;;PANEL_4X4;XIRECS;9453.0;1;4;4
800700;;;ROBOT_DISHES;XIRECS;10804.0;1;4;4
800700;;;ROBOT_IRONING;XIRECS;7653.0;1;4;4
800700;;;ROBOT_LAUNDRY;XIRECS;8905.0;1;4;4
800700;;;ROBOT_MOPPING;XIRECS;11942.0;1;4;4
800700;;;ROBOT_VACUUMING;XIRECS;8616.0;1;4;4
800700;;;SLEEP_POD_COTTON;XIRECS;11778.0;1;4;4
800700;;;SLEEP_POD_LAMB_WOOL;XIRECS;11178.0;1;4;4
800700;;;SLEEP_POD_NYLON;XIRECS;10624.0;1;4;4
800700;;;SLEEP_POD_POLYESTER;XIRECS;12664.0;1;4;4
800700;;;SLEEP_POD_SUEDE;XIRECS;11703.0;1;4;4
800700;;;SNACKPACK_CHOCOLATE;XIRECS;9793.0;1;4;4
800700;;;SNACKPACK_RASPBERRY;XIRECS;10342.0;1;4;4
800700;;;TRANSLATOR_ASTRO_BLACK;XIRECS;8570.0;1;4;4
800700;;;TRANSLATOR_ECLIPSE_CHARCOAL;XIRECS;9595.0;1;4;4
800700;;;TRANSLATOR_GRAPHITE_MIST;XIRECS;9972.0;1;4;4
800700;;;TRANSLATOR_SPACE_GRAY;XIRECS;8658.0;1;4;4
800700;;;TRANSLATOR_VOID_BLUE;XIRECS;11052.0;1;4;4
800700;;;UV_VISOR_AMBER;XIRECS;6887.0;1;4;4
800700;;;UV_VISOR_MAGENTA;XIRECS;11486.0;1;4;4
800700;;;UV_VISOR_ORANGE;XIRECS;10486.0;1;4;4
800700;;;UV_VISOR_RED;XIRECS;11854.0;1;4;4
800700;;;UV_VISOR_YELLOW;XIRECS;10017.0;1;4;4
801100;;;MICROCHIP_CIRCLE;XIRECS;10535.0;2;4;4
801100;;;MICROCHIP_OVAL;XIRECS;5648.0;2;4;4
801100;;;MICROCHIP_RECTANGLE;XIRECS;7953.0;2;4;4
801100;;;MICROCHIP_SQUARE;XIRECS;14863.0;2;4;4
801100;;;MICROCHIP_TRIANGLE;XIRECS;8062.0;2;4;4
801300;;SUBMISSION;GALAXY_SOUNDS_BLACK_HOLES;XIRECS;12477.0;5;4;4
802200;;SUBMISSION;SNACKPACK_PISTACHIO;XIRECS;9200.0;2;4;4
802200;;SUBMISSION;SNACKPACK_STRAWBERRY;XIRECS;10914.0;2;4;4
802200;;SUBMISSION;SNACKPACK_VANILLA;XIRECS;10080.0;2;4;4
802700;;;MICROCHIP_CIRCLE;XIRECS;10563.0;3;4;4
802700;;;MICROCHIP_OVAL;XIRECS;5617.0;3;4;4
802700;;;MICROCHIP_RECTANGLE;XIRECS;8033.0;3;4;4
802700;;;MICROCHIP_SQUARE;XIRECS;14775.0;3;4;4
802700;;;MICROCHIP_TRIANGLE;XIRECS;8095.0;3;4;4
802800;SUBMISSION;;PEBBLES_XL;XIRECS;16618.0;2;4;4
802800;;;PEBBLES_L;XIRECS;9605.0;3;4;4
802800;;;PEBBLES_M;XIRECS;10799.0;3;4;4
802800;;;PEBBLES_S;XIRECS;7385.0;3;4;4
802800;;;PEBBLES_XS;XIRECS;5562.0;3;4;4
803300;;;GALAXY_SOUNDS_BLACK_HOLES;XIRECS;12441.0;3;4;4
803300;;;GALAXY_SOUNDS_DARK_MATTER;XIRECS;9657.0;3;4;4
803300;;;GALAXY_SOUNDS_PLANETARY_RINGS;XIRECS;10476.0;3;4;4
803300;;;GALAXY_SOUNDS_SOLAR_FLAMES;XIRECS;11325.0;3;4;4
803300;;;GALAXY_SOUNDS_SOLAR_WINDS;XIRECS;11111.0;3;4;4
803300;;;OXYGEN_SHAKE_CHOCOLATE;XIRECS;10681.0;3;4;4
803300;;;OXYGEN_SHAKE_EVENING_BREATH;XIRECS;9134.0;3;4;4
803300;;;OXYGEN_SHAKE_GARLIC;XIRECS;14028.0;3;4;4
803300;;;OXYGEN_SHAKE_MINT;XIRECS;9988.0;3;4;4
803300;;;OXYGEN_SHAKE_MORNING_BREATH;XIRECS;9381.0;3;4;4
803300;;;PANEL_1X2;XIRECS;9877.0;3;4;4
803300;;;PANEL_1X4;XIRECS;9002.0;3;4;4
803300;;;PANEL_2X2;XIRECS;8940.0;3;4;4
803300;;;PANEL_2X4;XIRECS;12404.0;3;4;4
803300;;;PANEL_4X4;XIRECS;9488.0;3;4;4
803300;;;ROBOT_DISHES;XIRECS;10896.0;3;4;4
803300;;;ROBOT_IRONING;XIRECS;7677.0;3;4;4
803300;;;ROBOT_LAUNDRY;XIRECS;8958.0;3;4;4
803300;;;ROBOT_MOPPING;XIRECS;11879.0;3;4;4
803300;;;ROBOT_VACUUMING;XIRECS;8551.0;3;4;4
803300;;;SLEEP_POD_COTTON;XIRECS;11808.0;3;4;4
803300;;;SLEEP_POD_LAMB_WOOL;XIRECS;11087.0;3;4;4
803300;;;SLEEP_POD_NYLON;XIRECS;10580.0;3;4;4
803300;;;SLEEP_POD_POLYESTER;XIRECS;12661.0;3;4;4
803300;;;SLEEP_POD_SUEDE;XIRECS;11735.0;3;4;4
803300;;;SNACKPACK_CHOCOLATE;XIRECS;9785.0;3;4;4
803300;;;SNACKPACK_PISTACHIO;XIRECS;9218.0;3;4;4
803300;;;SNACKPACK_RASPBERRY;XIRECS;10265.0;3;4;4
803300;;;SNACKPACK_STRAWBERRY;XIRECS;10932.0;3;4;4
803300;;;SNACKPACK_VANILLA;XIRECS;10106.0;3;4;4
803300;;;TRANSLATOR_ASTRO_BLACK;XIRECS;8589.0;3;4;4
803300;;;TRANSLATOR_ECLIPSE_CHARCOAL;XIRECS;9578.0;3;4;4
803300;;;TRANSLATOR_GRAPHITE_MIST;XIRECS;9916.0;3;4;4
803300;;;TRANSLATOR_SPACE_GRAY;XIRECS;8656.0;3;4;4
803300;;;TRANSLATOR_VOID_BLUE;XIRECS;11059.0;3;4;4
803300;;;UV_VISOR_AMBER;XIRECS;6856.0;3;4;4
803300;;;UV_VISOR_MAGENTA;XIRECS;11452.0;3;4;4
803300;;;UV_VISOR_ORANGE;XIRECS;10448.0;3;4;4
803300;;;UV_VISOR_RED;XIRECS;11850.0;3;4;4
803300;;;UV_VISOR_YELLOW;XIRECS;9907.0;3;4;4
804100;;SUBMISSION;PEBBLES_XL;XIRECS;16760.0;5;4;4
804100;;SUBMISSION;GALAXY_SOUNDS_BLACK_HOLES;XIRECS;12386.0;5;4;4
806100;SUBMISSION;;OXYGEN_SHAKE_MORNING_BREATH;XIRECS;9430.0;5;4;4
806700;;SUBMISSION;GALAXY_SOUNDS_BLACK_HOLES;XIRECS;12398.0;5;4;4
806900;;SUBMISSION;SNACKPACK_PISTACHIO;XIRECS;9223.0;5;4;4
806900;;SUBMISSION;SNACKPACK_STRAWBERRY;XIRECS;10947.0;5;4;4
806900;;SUBMISSION;PEBBLES_XL;XIRECS;16794.0;8;4;4
806900;;SUBMISSION;SNACKPACK_VANILLA;XIRECS;10103.0;5;4;4
807300;;;MICROCHIP_CIRCLE;XIRECS;10636.0;1;4;4
807300;;;MICROCHIP_OVAL;XIRECS;5606.0;1;4;4
807300;;;MICROCHIP_RECTANGLE;XIRECS;7977.0;1;4;4
807300;;;MICROCHIP_SQUARE;XIRECS;14740.0;1;4;4
807300;;;MICROCHIP_TRIANGLE;XIRECS;8189.0;1;4;4
807800;SUBMISSION;;SNACKPACK_PISTACHIO;XIRECS;9223.0;2;4;4
807800;SUBMISSION;;SNACKPACK_STRAWBERRY;XIRECS;10947.0;2;4;4
807800;SUBMISSION;;SNACKPACK_VANILLA;XIRECS;10101.0;2;4;4
807800;;;GALAXY_SOUNDS_BLACK_HOLES;XIRECS;12444.0;2;4;4
807800;;;GALAXY_SOUNDS_DARK_MATTER;XIRECS;9667.0;2;4;4
807800;;;GALAXY_SOUNDS_PLANETARY_RINGS;XIRECS;10393.0;2;4;4
807800;;;GALAXY_SOUNDS_SOLAR_FLAMES;XIRECS;11217.0;2;4;4
807800;;;GALAXY_SOUNDS_SOLAR_WINDS;XIRECS;11139.0;2;4;4
807800;;;OXYGEN_SHAKE_CHOCOLATE;XIRECS;10652.0;2;4;4
807800;;;OXYGEN_SHAKE_EVENING_BREATH;XIRECS;9054.0;2;4;4
807800;;;OXYGEN_SHAKE_GARLIC;XIRECS;13989.0;2;4;4
807800;;;OXYGEN_SHAKE_MINT;XIRECS;9941.0;2;4;4
807800;;;OXYGEN_SHAKE_MORNING_BREATH;XIRECS;9455.0;2;4;4
807800;;;PANEL_1X2;XIRECS;9883.0;2;4;4
807800;;;PANEL_1X4;XIRECS;8955.0;2;4;4
807800;;;PANEL_2X2;XIRECS;8918.0;2;4;4
807800;;;PANEL_2X4;XIRECS;12343.0;2;4;4
807800;;;PANEL_4X4;XIRECS;9459.0;2;4;4
807800;;;ROBOT_DISHES;XIRECS;10896.0;2;4;4
807800;;;ROBOT_IRONING;XIRECS;7647.0;2;4;4
807800;;;ROBOT_LAUNDRY;XIRECS;8985.0;2;4;4
807800;;;ROBOT_MOPPING;XIRECS;11839.0;2;4;4
807800;;;ROBOT_VACUUMING;XIRECS;8606.0;2;4;4
807800;;;SLEEP_POD_COTTON;XIRECS;11852.0;2;4;4
807800;;;SLEEP_POD_LAMB_WOOL;XIRECS;11052.0;2;4;4
807800;;;SLEEP_POD_NYLON;XIRECS;10568.0;2;4;4
807800;;;SLEEP_POD_POLYESTER;XIRECS;12693.0;2;4;4
807800;;;SLEEP_POD_SUEDE;XIRECS;11704.0;2;4;4
807800;;;SNACKPACK_CHOCOLATE;XIRECS;9795.0;2;4;4
807800;;;SNACKPACK_RASPBERRY;XIRECS;10240.0;2;4;4
807800;;;TRANSLATOR_ASTRO_BLACK;XIRECS;8580.0;2;4;4
807800;;;TRANSLATOR_ECLIPSE_CHARCOAL;XIRECS;9507.0;2;4;4
807800;;;TRANSLATOR_GRAPHITE_MIST;XIRECS;9930.0;2;4;4
807800;;;TRANSLATOR_SPACE_GRAY;XIRECS;8665.0;2;4;4
807800;;;TRANSLATOR_VOID_BLUE;XIRECS;11072.0;2;4;4
807800;;;UV_VISOR_AMBER;XIRECS;6888.0;2;4;4
807800;;;UV_VISOR_MAGENTA;XIRECS;11498.0;2;4;4
807800;;;UV_VISOR_ORANGE;XIRECS;10429.0;2;4;4
807800;;;UV_VISOR_RED;XIRECS;11764.0;2;4;4
807800;;;UV_VISOR_YELLOW;XIRECS;9954.0;2;4;4
808300;SUBMISSION;;SNACKPACK_PISTACHIO;XIRECS;9225.0;5;4;4
808300;SUBMISSION;;SNACKPACK_STRAWBERRY;XIRECS;10947.0;5;4;4
808300;SUBMISSION;;SNACKPACK_VANILLA;XIRECS;10130.0;5;4;4
808500;SUBMISSION;;GALAXY_SOUNDS_BLACK_HOLES;XIRECS;12532.0;5;4;4
809200;SUBMISSION;;OXYGEN_SHAKE_MORNING_BREATH;XIRECS;9478.0;5;4;4
809200;;;MICROCHIP_CIRCLE;XIRECS;10580.0;3;4;4
809200;;;MICROCHIP_OVAL;XIRECS;5611.0;3;4;4
809200;;;MICROCHIP_RECTANGLE;XIRECS;8013.0;3;4;4
809200;;;MICROCHIP_SQUARE;XIRECS;14793.0;3;4;4
809200;;;MICROCHIP_TRIANGLE;XIRECS;8293.0;3;4;4
809400;;;MICROCHIP_CIRCLE;XIRECS;10573.0;2;4;4
809400;;;MICROCHIP_OVAL;XIRECS;5616.0;2;4;4
809400;;;MICROCHIP_RECTANGLE;XIRECS;8018.0;2;4;4
809400;;;MICROCHIP_SQUARE;XIRECS;14849.0;2;4;4
809400;;;MICROCHIP_TRIANGLE;XIRECS;8320.0;2;4;4
811100;SUBMISSION;;SNACKPACK_PISTACHIO;XIRECS;9234.0;1;4;4
811100;SUBMISSION;;SNACKPACK_STRAWBERRY;XIRECS;10962.0;1;4;4
811100;SUBMISSION;;SNACKPACK_VANILLA;XIRECS;10168.0;1;4;4
811300;SUBMISSION;;GALAXY_SOUNDS_BLACK_HOLES;XIRECS;12622.0;5;4;4
811700;;SUBMISSION;SNACKPACK_PISTACHIO;XIRECS;9242.0;3;4;4
811700;;SUBMISSION;SNACKPACK_STRAWBERRY;XIRECS;10981.0;3;4;4
811700;;SUBMISSION;SNACKPACK_VANILLA;XIRECS;10150.0;3;4;4
812000;SUBMISSION;;PEBBLES_XL;XIRECS;16930.0;6;4;4
812000;;;MICROCHIP_CIRCLE;XIRECS;10563.0;3;4;4
812000;;;MICROCHIP_OVAL;XIRECS;5585.0;3;4;4
812000;;;MICROCHIP_RECTANGLE;XIRECS;7972.0;3;4;4
812000;;;MICROCHIP_SQUARE;XIRECS;14702.0;3;4;4
812000;;;MICROCHIP_TRIANGLE;XIRECS;8313.0;3;4;4
812300;SUBMISSION;;PEBBLES_XL;XIRECS;16788.0;7;4;4
812400;;SUBMISSION;ROBOT_MOPPING;XIRECS;11772.0;5;4;4
812800;SUBMISSION;;GALAXY_SOUNDS_BLACK_HOLES;XIRECS;12732.0;5;4;4
813000;;;MICROCHIP_CIRCLE;XIRECS;10578.0;1;4;4
813000;;;MICROCHIP_OVAL;XIRECS;5565.0;1;4;4
813000;;;MICROCHIP_RECTANGLE;XIRECS;7926.0;1;4;4
813000;;;MICROCHIP_SQUARE;XIRECS;14846.0;1;4;4
813000;;;MICROCHIP_TRIANGLE;XIRECS;8297.0;1;4;4
813600;SUBMISSION;;PEBBLES_XL;XIRECS;16806.0;5;4;4
814200;;;GALAXY_SOUNDS_BLACK_HOLES;XIRECS;12759.0;3;4;4
814200;;;GALAXY_SOUNDS_DARK_MATTER;XIRECS;9661.0;3;4;4
814200;;;GALAXY_SOUNDS_PLANETARY_RINGS;XIRECS;10425.0;3;4;4
814200;;;GALAXY_SOUNDS_SOLAR_FLAMES;XIRECS;11225.0;3;4;4
814200;;;GALAXY_SOUNDS_SOLAR_WINDS;XIRECS;11137.0;3;4;4
814200;;;OXYGEN_SHAKE_CHOCOLATE;XIRECS;10669.0;3;4;4
814200;;;OXYGEN_SHAKE_EVENING_BREATH;XIRECS;8984.0;3;4;4
814200;;;OXYGEN_SHAKE_GARLIC;XIRECS;14000.0;3;4;4
814200;;;OXYGEN_SHAKE_MINT;XIRECS;9963.0;3;4;4
814200;;;OXYGEN_SHAKE_MORNING_BREATH;XIRECS;9575.0;3;4;4
814200;;;PANEL_1X2;XIRECS;9875.0;3;4;4
814200;;;PANEL_1X4;XIRECS;8772.0;3;4;4
814200;;;PANEL_2X2;XIRECS;8785.0;3;4;4
814200;;;PANEL_2X4;XIRECS;12414.0;3;4;4
814200;;;PANEL_4X4;XIRECS;9404.0;3;4;4
814200;;;ROBOT_DISHES;XIRECS;10796.0;3;4;4
814200;;;ROBOT_IRONING;XIRECS;7657.0;3;4;4
814200;;;ROBOT_LAUNDRY;XIRECS;8966.0;3;4;4
814200;;;ROBOT_MOPPING;XIRECS;11774.0;3;4;4
814200;;;ROBOT_VACUUMING;XIRECS;8649.0;3;4;4
814200;;;SLEEP_POD_COTTON;XIRECS;11976.0;3;4;4
814200;;;SLEEP_POD_LAMB_WOOL;XIRECS;10963.0;3;4;4
814200;;;SLEEP_POD_NYLON;XIRECS;10541.0;3;4;4
814200;;;SLEEP_POD_POLYESTER;XIRECS;12604.0;3;4;4
814200;;;SLEEP_POD_SUEDE;XIRECS;11783.0;3;4;4
814200;;;SNACKPACK_CHOCOLATE;XIRECS;9730.0;3;4;4
814200;;;SNACKPACK_PISTACHIO;XIRECS;9195.0;3;4;4
814200;;;SNACKPACK_RASPBERRY;XIRECS;10310.0;3;4;4
814200;;;SNACKPACK_STRAWBERRY;XIRECS;10914.0;3;4;4
814200;;;SNACKPACK_VANILLA;XIRECS;10172.0;3;4;4
814200;;;TRANSLATOR_ASTRO_BLACK;XIRECS;8670.0;3;4;4
814200;;;TRANSLATOR_ECLIPSE_CHARCOAL;XIRECS;9407.0;3;4;4
814200;;;TRANSLATOR_GRAPHITE_MIST;XIRECS;10039.0;3;4;4
814200;;;TRANSLATOR_SPACE_GRAY;XIRECS;8699.0;3;4;4
814200;;;TRANSLATOR_VOID_BLUE;XIRECS;11132.0;3;4;4
814200;;;UV_VISOR_AMBER;XIRECS;6841.0;3;4;4
814200;;;UV_VISOR_MAGENTA;XIRECS;11476.0;3;4;4
814200;;;UV_VISOR_ORANGE;XIRECS;10401.0;3;4;4
814200;;;UV_VISOR_RED;XIRECS;11941.0;3;4;4
814200;;;UV_VISOR_YELLOW;XIRECS;10009.0;3;4;4
814400;SUBMISSION;;SNACKPACK_PISTACHIO;XIRECS;9207.0;3;4;4
814400;SUBMISSION;;SNACKPACK_STRAWBERRY;XIRECS;10932.0;3;4;4
814400;SUBMISSION;;SNACKPACK_VANILLA;XIRECS;10182.0;3;4;4
816200;SUBMISSION;;SLEEP_POD_COTTON;XIRECS;11980.0;5;4;4
816300;;SUBMISSION;UV_VISOR_AMBER;XIRECS;6806.0;5;4;4
816500;;SUBMISSION;PEBBLES_XL;XIRECS;16741.0;2;4;4
816500;;;PEBBLES_L;XIRECS;9485.0;5;4;4
816500;;;PEBBLES_M;XIRECS;10684.0;5;4;4
816500;;;PEBBLES_S;XIRECS;7481.0;5;4;4
816500;;;PEBBLES_XS;XIRECS;5641.0;5;4;4
816600;SUBMISSION;;PEBBLES_XL;XIRECS;16687.0;4;4;4
816700;;;PEBBLES_L;XIRECS;9529.0;4;4;4
816700;;;PEBBLES_M;XIRECS;10684.0;4;4;4
816700;;;PEBBLES_S;XIRECS;7475.0;4;4;4
816700;;;PEBBLES_XL;XIRECS;16613.0;4;4;4
816700;;;PEBBLES_XS;XIRECS;5666.0;4;4;4
817000;;SUBMISSION;ROBOT_IRONING;XIRECS;7597.0;4;4;4
817100;;SUBMISSION;ROBOT_IRONING;XIRECS;7617.0;1;4;4
817500;;;GALAXY_SOUNDS_BLACK_HOLES;XIRECS;12681.0;3;4;4
817500;;;GALAXY_SOUNDS_DARK_MATTER;XIRECS;9716.0;3;4;4
817500;;;GALAXY_SOUNDS_PLANETARY_RINGS;XIRECS;10411.0;3;4;4
817500;;;GALAXY_SOUNDS_SOLAR_FLAMES;XIRECS;11181.0;3;4;4
817500;;;GALAXY_SOUNDS_SOLAR_WINDS;XIRECS;11103.0;3;4;4
817500;;;OXYGEN_SHAKE_CHOCOLATE;XIRECS;10663.0;3;4;4
817500;;;OXYGEN_SHAKE_EVENING_BREATH;XIRECS;8924.0;3;4;4
817500;;;OXYGEN_SHAKE_GARLIC;XIRECS;13895.0;3;4;4
817500;;;OXYGEN_SHAKE_MINT;XIRECS;9843.0;3;4;4
817500;;;OXYGEN_SHAKE_MORNING_BREATH;XIRECS;9695.0;3;4;4
817500;;;PANEL_1X2;XIRECS;9812.0;3;4;4
817500;;;PANEL_1X4;XIRECS;8780.0;3;4;4
817500;;;PANEL_2X2;XIRECS;8864.0;3;4;4
817500;;;PANEL_2X4;XIRECS;12441.0;3;4;4
817500;;;PANEL_4X4;XIRECS;9394.0;3;4;4
817500;;;ROBOT_DISHES;XIRECS;10896.0;3;4;4
817500;;;ROBOT_IRONING;XIRECS;7617.0;3;4;4
817500;;;ROBOT_LAUNDRY;XIRECS;8872.0;3;4;4
817500;;;ROBOT_MOPPING;XIRECS;11855.0;3;4;4
817500;;;ROBOT_VACUUMING;XIRECS;8606.0;3;4;4
817500;;;SLEEP_POD_COTTON;XIRECS;11967.0;3;4;4
817500;;;SLEEP_POD_LAMB_WOOL;XIRECS;10974.0;3;4;4
817500;;;SLEEP_POD_NYLON;XIRECS;10499.0;3;4;4
817500;;;SLEEP_POD_POLYESTER;XIRECS;12548.0;3;4;4
817500;;;SLEEP_POD_SUEDE;XIRECS;11787.0;3;4;4
817500;;;SNACKPACK_CHOCOLATE;XIRECS;9704.0;3;4;4
817500;;;SNACKPACK_PISTACHIO;XIRECS;9192.0;3;4;4
817500;;;SNACKPACK_RASPBERRY;XIRECS;10322.0;3;4;4
817500;;;SNACKPACK_STRAWBERRY;XIRECS;10901.0;3;4;4
817500;;;SNACKPACK_VANILLA;XIRECS;10209.0;3;4;4
817500;;;TRANSLATOR_ASTRO_BLACK;XIRECS;8759.0;3;4;4
817500;;;TRANSLATOR_ECLIPSE_CHARCOAL;XIRECS;9360.0;3;4;4
817500;;;TRANSLATOR_GRAPHITE_MIST;XIRECS;9975.0;3;4;4
817500;;;TRANSLATOR_SPACE_GRAY;XIRECS;8619.0;3;4;4
817500;;;TRANSLATOR_VOID_BLUE;XIRECS;11126.0;3;4;4
817500;;;UV_VISOR_AMBER;XIRECS;6821.0;3;4;4
817500;;;UV_VISOR_MAGENTA;XIRECS;11406.0;3;4;4
817500;;;UV_VISOR_ORANGE;XIRECS;10332.0;3;4;4
817500;;;UV_VISOR_RED;XIRECS;11955.0;3;4;4
817500;;;UV_VISOR_YELLOW;XIRECS;10011.0;3;4;4
817900;;SUBMISSION;PEBBLES_XL;XIRECS;16402.0;2;4;4
817900;;;PEBBLES_L;XIRECS;9643.0;5;4;4
817900;;;PEBBLES_M;XIRECS;10772.0;5;4;4
817900;;;PEBBLES_S;XIRECS;7496.0;5;4;4
817900;;;PEBBLES_XS;XIRECS;5718.0;5;4;4
818700;;;MICROCHIP_CIRCLE;XIRECS;10549.0;3;4;4
818700;;;MICROCHIP_OVAL;XIRECS;5516.0;3;4;4
818700;;;MICROCHIP_RECTANGLE;XIRECS;7890.0;3;4;4
818700;;;MICROCHIP_SQUARE;XIRECS;14841.0;3;4;4
818700;;;MICROCHIP_TRIANGLE;XIRECS;8424.0;3;4;4
818900;;;MICROCHIP_CIRCLE;XIRECS;10549.0;2;4;4
818900;;;MICROCHIP_OVAL;XIRECS;5493.0;2;4;4
818900;;;MICROCHIP_RECTANGLE;XIRECS;7880.0;2;4;4
818900;;;MICROCHIP_SQUARE;XIRECS;14846.0;2;4;4
818900;;;MICROCHIP_TRIANGLE;XIRECS;8394.0;2;4;4
819500;;;MICROCHIP_CIRCLE;XIRECS;10534.0;1;4;4
819500;;;MICROCHIP_OVAL;XIRECS;5487.0;1;4;4
819500;;;MICROCHIP_RECTANGLE;XIRECS;7878.0;1;4;4
819500;;;MICROCHIP_SQUARE;XIRECS;14840.0;1;4;4
819500;;;MICROCHIP_TRIANGLE;XIRECS;8354.0;1;4;4
820500;;SUBMISSION;PEBBLES_XL;XIRECS;16299.0;2;4;4
820500;;;PEBBLES_L;XIRECS;9535.0;3;4;4
820500;;;PEBBLES_M;XIRECS;10900.0;3;4;4
820500;;;PEBBLES_S;XIRECS;7603.0;3;4;4
820500;;;PEBBLES_XS;XIRECS;5694.0;3;4;4
821000;;SUBMISSION;ROBOT_MOPPING;XIRECS;11737.0;5;4;4
822800;;SUBMISSION;SNACKPACK_PISTACHIO;XIRECS;9212.0;2;4;4
822800;;SUBMISSION;SNACKPACK_STRAWBERRY;XIRECS;10938.0;2;4;4
822800;;SUBMISSION;SNACKPACK_VANILLA;XIRECS;10202.0;2;4;4
822800;;;GALAXY_SOUNDS_BLACK_HOLES;XIRECS;12802.0;2;4;4
822800;;;GALAXY_SOUNDS_DARK_MATTER;XIRECS;9598.0;2;4;4
822800;;;GALAXY_SOUNDS_PLANETARY_RINGS;XIRECS;10332.0;2;4;4
822800;;;GALAXY_SOUNDS_SOLAR_FLAMES;XIRECS;11211.0;2;4;4
822800;;;GALAXY_SOUNDS_SOLAR_WINDS;XIRECS;11160.0;2;4;4
822800;;;OXYGEN_SHAKE_CHOCOLATE;XIRECS;10853.0;2;4;4
822800;;;OXYGEN_SHAKE_EVENING_BREATH;XIRECS;8946.0;2;4;4
822800;;;OXYGEN_SHAKE_GARLIC;XIRECS;13949.0;2;4;4
822800;;;OXYGEN_SHAKE_MINT;XIRECS;9753.0;2;4;4
822800;;;OXYGEN_SHAKE_MORNING_BREATH;XIRECS;9610.0;2;4;4
822800;;;PANEL_1X2;XIRECS;9843.0;2;4;4
822800;;;PANEL_1X4;XIRECS;8863.0;2;4;4
822800;;;PANEL_2X2;XIRECS;8955.0;2;4;4
822800;;;PANEL_2X4;XIRECS;12420.0;2;4;4
822800;;;PANEL_4X4;XIRECS;9512.0;2;4;4
822800;;;ROBOT_DISHES;XIRECS;10804.0;2;4;4
822800;;;ROBOT_IRONING;XIRECS;7623.0;2;4;4
822800;;;ROBOT_LAUNDRY;XIRECS;8866.0;2;4;4
822800;;;ROBOT_MOPPING;XIRECS;11690.0;2;4;4
822800;;;ROBOT_VACUUMING;XIRECS;8517.0;2;4;4
822800;;;SLEEP_POD_COTTON;XIRECS;11905.0;2;4;4
822800;;;SLEEP_POD_LAMB_WOOL;XIRECS;11037.0;2;4;4
822800;;;SLEEP_POD_NYLON;XIRECS;10425.0;2;4;4
822800;;;SLEEP_POD_POLYESTER;XIRECS;12526.0;2;4;4
822800;;;SLEEP_POD_SUEDE;XIRECS;11706.0;2;4;4
822800;;;SNACKPACK_CHOCOLATE;XIRECS;9725.0;2;4;4
822800;;;SNACKPACK_RASPBERRY;XIRECS;10320.0;2;4;4
822800;;;TRANSLATOR_ASTRO_BLACK;XIRECS;8815.0;2;4;4
822800;;;TRANSLATOR_ECLIPSE_CHARCOAL;XIRECS;9473.0;2;4;4
822800;;;TRANSLATOR_GRAPHITE_MIST;XIRECS;9982.0;2;4;4
822800;;;TRANSLATOR_SPACE_GRAY;XIRECS;8588.0;2;4;4
822800;;;TRANSLATOR_VOID_BLUE;XIRECS;11076.0;2;4;4
822800;;;UV_VISOR_AMBER;XIRECS;6860.0;2;4;4
822800;;;UV_VISOR_MAGENTA;XIRECS;11553.0;2;4;4
822800;;;UV_VISOR_ORANGE;XIRECS;10207.0;2;4;4
822800;;;UV_VISOR_RED;XIRECS;11935.0;2;4;4
822800;;;UV_VISOR_YELLOW;XIRECS;10041.0;2;4;4
823000;;SUBMISSION;SNACKPACK_PISTACHIO;XIRECS;9212.0;4;4;4
823000;;SUBMISSION;SNACKPACK_STRAWBERRY;XIRECS;10945.0;4;4;4
823000;;SUBMISSION;SNACKPACK_VANILLA;XIRECS;10203.0;4;4;4
823100;;SUBMISSION;PEBBLES_XL;XIRECS;16102.0;8;4;4
823100;;;PEBBLES_L;XIRECS;9493.0;3;4;4
823100;;;PEBBLES_M;XIRECS;11047.0;3;4;4
823100;;;PEBBLES_S;XIRECS;7638.0;3;4;4
823100;;;PEBBLES_XL;XIRECS;16102.0;3;4;4
823100;;;PEBBLES_XS;XIRECS;5717.0;3;4;4
823900;;SUBMISSION;ROBOT_MOPPING;XIRECS;11700.0;5;4;4
823900;;SUBMISSION;PEBBLES_XL;XIRECS;16037.0;5;4;4
824200;;;MICROCHIP_CIRCLE;XIRECS;10526.0;2;4;4
824200;;;MICROCHIP_OVAL;XIRECS;5595.0;2;4;4
824200;;;MICROCHIP_RECTANGLE;XIRECS;8040.0;2;4;4
824200;;;MICROCHIP_SQUARE;XIRECS;14863.0;2;4;4
824200;;;MICROCHIP_TRIANGLE;XIRECS;8275.0;2;4;4
824500;SUBMISSION;;SNACKPACK_PISTACHIO;XIRECS;9178.0;5;4;4
824500;SUBMISSION;;SNACKPACK_STRAWBERRY;XIRECS;10898.0;5;4;4
824500;SUBMISSION;;SNACKPACK_VANILLA;XIRECS;10207.0;5;4;4
825500;;;GALAXY_SOUNDS_BLACK_HOLES;XIRECS;12827.0;1;4;4
825500;;;GALAXY_SOUNDS_DARK_MATTER;XIRECS;9595.0;1;4;4
825500;;;GALAXY_SOUNDS_PLANETARY_RINGS;XIRECS;10371.0;1;4;4
825500;;;GALAXY_SOUNDS_SOLAR_FLAMES;XIRECS;11229.0;1;4;4
825500;;;GALAXY_SOUNDS_SOLAR_WINDS;XIRECS;11112.0;1;4;4
825500;;;OXYGEN_SHAKE_CHOCOLATE;XIRECS;10804.0;1;4;4
825500;;;OXYGEN_SHAKE_EVENING_BREATH;XIRECS;8954.0;1;4;4
825500;;;OXYGEN_SHAKE_GARLIC;XIRECS;13968.0;1;4;4
825500;;;OXYGEN_SHAKE_MINT;XIRECS;9725.0;1;4;4
825500;;;OXYGEN_SHAKE_MORNING_BREATH;XIRECS;9641.0;1;4;4
825500;;;PANEL_1X2;XIRECS;9851.0;1;4;4
825500;;;PANEL_1X4;XIRECS;8819.0;1;4;4
825500;;;PANEL_2X2;XIRECS;8965.0;1;4;4
825500;;;PANEL_2X4;XIRECS;12450.0;1;4;4
825500;;;PANEL_4X4;XIRECS;9563.0;1;4;4
825500;;;ROBOT_DISHES;XIRECS;10796.0;1;4;4
825500;;;ROBOT_IRONING;XIRECS;7657.0;1;4;4
825500;;;ROBOT_LAUNDRY;XIRECS;8962.0;1;4;4
825500;;;ROBOT_MOPPING;XIRECS;11693.0;1;4;4
825500;;;ROBOT_VACUUMING;XIRECS;8532.0;1;4;4
825500;;;SLEEP_POD_COTTON;XIRECS;11889.0;1;4;4
825500;;;SLEEP_POD_LAMB_WOOL;XIRECS;10993.0;1;4;4
825500;;;SLEEP_POD_NYLON;XIRECS;10369.0;1;4;4
825500;;;SLEEP_POD_POLYESTER;XIRECS;12504.0;1;4;4
825500;;;SLEEP_POD_SUEDE;XIRECS;11801.0;1;4;4
825500;;;SNACKPACK_CHOCOLATE;XIRECS;9697.0;1;4;4
825500;;;SNACKPACK_PISTACHIO;XIRECS;9175.0;1;4;4
825500;;;SNACKPACK_RASPBERRY;XIRECS;10310.0;1;4;4
825500;;;SNACKPACK_STRAWBERRY;XIRECS;10899.0;1;4;4
825500;;;SNACKPACK_VANILLA;XIRECS;10209.0;1;4;4
825500;;;TRANSLATOR_ASTRO_BLACK;XIRECS;8814.0;1;4;4
825500;;;TRANSLATOR_ECLIPSE_CHARCOAL;XIRECS;9464.0;1;4;4
825500;;;TRANSLATOR_GRAPHITE_MIST;XIRECS;9897.0;1;4;4
825500;;;TRANSLATOR_SPACE_GRAY;XIRECS;8516.0;1;4;4
825500;;;TRANSLATOR_VOID_BLUE;XIRECS;11074.0;1;4;4
825500;;;UV_VISOR_AMBER;XIRECS;6873.0;1;4;4
825500;;;UV_VISOR_MAGENTA;XIRECS;11450.0;1;4;4
825500;;;UV_VISOR_ORANGE;XIRECS;10177.0;1;4;4
825500;;;UV_VISOR_RED;XIRECS;11919.0;1;4;4
825500;;;UV_VISOR_YELLOW;XIRECS;10051.0;1;4;4
825900;;;MICROCHIP_CIRCLE;XIRECS;10535.0;3;4;4
825900;;;MICROCHIP_OVAL;XIRECS;5602.0;3;4;4
825900;;;MICROCHIP_RECTANGLE;XIRECS;8104.0;3;4;4
825900;;;MICROCHIP_SQUARE;XIRECS;14796.0;3;4;4
825900;;;MICROCHIP_TRIANGLE;XIRECS;8175.0;3;4;4
826500;SUBMISSION;;PEBBLES_XL;XIRECS;15913.0;6;4;4
826900;;SUBMISSION;SLEEP_POD_COTTON;XIRECS;11857.0;5;4;4
827500;;SUBMISSION;ROBOT_MOPPING;XIRECS;11701.0;5;4;4
828100;;SUBMISSION;SNACKPACK_PISTACHIO;XIRECS;9189.0;2;4;4
828100;;SUBMISSION;SNACKPACK_STRAWBERRY;XIRECS;10911.0;2;4;4
828100;;SUBMISSION;SNACKPACK_VANILLA;XIRECS;10208.0;2;4;4
828100;;;GALAXY_SOUNDS_BLACK_HOLES;XIRECS;12880.0;3;4;4
828100;;;GALAXY_SOUNDS_DARK_MATTER;XIRECS;9615.0;3;4;4
828100;;;GALAXY_SOUNDS_PLANETARY_RINGS;XIRECS;10346.0;3;4;4
828100;;;GALAXY_SOUNDS_SOLAR_FLAMES;XIRECS;11225.0;3;4;4
828100;;;GALAXY_SOUNDS_SOLAR_WINDS;XIRECS;10947.0;3;4;4
828100;;;OXYGEN_SHAKE_CHOCOLATE;XIRECS;10749.0;3;4;4
828100;;;OXYGEN_SHAKE_EVENING_BREATH;XIRECS;9026.0;3;4;4
828100;;;OXYGEN_SHAKE_GARLIC;XIRECS;14001.0;3;4;4
828100;;;OXYGEN_SHAKE_MINT;XIRECS;9790.0;3;4;4
828100;;;OXYGEN_SHAKE_MORNING_BREATH;XIRECS;9686.0;3;4;4
828100;;;PANEL_1X2;XIRECS;9928.0;3;4;4
828100;;;PANEL_1X4;XIRECS;8803.0;3;4;4
828100;;;PANEL_2X2;XIRECS;8930.0;3;4;4
828100;;;PANEL_2X4;XIRECS;12378.0;3;4;4
828100;;;PANEL_4X4;XIRECS;9603.0;3;4;4
828100;;;ROBOT_DISHES;XIRECS;10804.0;3;4;4
828100;;;ROBOT_IRONING;XIRECS;7603.0;3;4;4
828100;;;ROBOT_LAUNDRY;XIRECS;9011.0;3;4;4
828100;;;ROBOT_MOPPING;XIRECS;11698.0;3;4;4
828100;;;ROBOT_VACUUMING;XIRECS;8568.0;3;4;4
828100;;;SLEEP_POD_COTTON;XIRECS;11920.0;3;4;4
828100;;;SLEEP_POD_LAMB_WOOL;XIRECS;11142.0;3;4;4
828100;;;SLEEP_POD_NYLON;XIRECS;10322.0;3;4;4
828100;;;SLEEP_POD_POLYESTER;XIRECS;12531.0;3;4;4
828100;;;SLEEP_POD_SUEDE;XIRECS;11760.0;3;4;4
828100;;;SNACKPACK_CHOCOLATE;XIRECS;9732.0;3;4;4
828100;;;SNACKPACK_RASPBERRY;XIRECS;10347.0;3;4;4
828100;;;TRANSLATOR_ASTRO_BLACK;XIRECS;8862.0;3;4;4
828100;;;TRANSLATOR_ECLIPSE_CHARCOAL;XIRECS;9404.0;3;4;4
828100;;;TRANSLATOR_GRAPHITE_MIST;XIRECS;9878.0;3;4;4
828100;;;TRANSLATOR_SPACE_GRAY;XIRECS;8527.0;3;4;4
828100;;;TRANSLATOR_VOID_BLUE;XIRECS;11100.0;3;4;4
828100;;;UV_VISOR_AMBER;XIRECS;6884.0;3;4;4
828100;;;UV_VISOR_MAGENTA;XIRECS;11561.0;3;4;4
828100;;;UV_VISOR_ORANGE;XIRECS;10169.0;3;4;4
828100;;;UV_VISOR_RED;XIRECS;11960.0;3;4;4
828100;;;UV_VISOR_YELLOW;XIRECS;10033.0;3;4;4
828600;;SUBMISSION;SNACKPACK_PISTACHIO;XIRECS;9172.0;5;4;4
828600;;SUBMISSION;SNACKPACK_STRAWBERRY;XIRECS;10893.0;5;4;4
828600;;SUBMISSION;SNACKPACK_VANILLA;XIRECS;10193.0;5;4;4
829100;SUBMISSION;;SNACKPACK_PISTACHIO;XIRECS;9172.0;4;4;4
829100;SUBMISSION;;SNACKPACK_STRAWBERRY;XIRECS;10907.0;4;4;4
829100;SUBMISSION;;SNACKPACK_VANILLA;XIRECS;10172.0;4;4;4
829200;SUBMISSION;;UV_VISOR_AMBER;XIRECS;6913.0;5;4;4
829300;SUBMISSION;;SLEEP_POD_COTTON;XIRECS;11931.0;5;4;4
829400;SUBMISSION;;PEBBLES_XL;XIRECS;15939.0;3;4;4
830000;SUBMISSION;;PEBBLES_XL;XIRECS;16093.0;2;4;4
830000;;;PEBBLES_L;XIRECS;9509.0;3;4;4
830000;;;PEBBLES_M;XIRECS;11044.0;3;4;4
830000;;;PEBBLES_S;XIRECS;7701.0;3;4;4
830000;;;PEBBLES_XS;XIRECS;5622.0;3;4;4
830800;SUBMISSION;;PEBBLES_XL;XIRECS;16131.0;6;4;4
831700;;SUBMISSION;PEBBLES_XL;XIRECS;16200.0;4;4;4
832100;;;MICROCHIP_CIRCLE;XIRECS;10728.0;2;4;4
832100;;;MICROCHIP_OVAL;XIRECS;5611.0;2;4;4
832100;;;MICROCHIP_RECTANGLE;XIRECS;8172.0;2;4;4
832100;;;MICROCHIP_SQUARE;XIRECS;14961.0;2;4;4
832100;;;MICROCHIP_TRIANGLE;XIRECS;8155.0;2;4;4
833500;SUBMISSION;;SNACKPACK_PISTACHIO;XIRECS;9212.0;4;4;4
833500;SUBMISSION;;SNACKPACK_STRAWBERRY;XIRECS;10971.0;4;4;4
833500;SUBMISSION;;SNACKPACK_VANILLA;XIRECS;10133.0;4;4;4
833800;;SUBMISSION;PEBBLES_XL;XIRECS;16236.0;6;4;4
833900;SUBMISSION;;SLEEP_POD_COTTON;XIRECS;12001.0;5;4;4
835400;;;GALAXY_SOUNDS_BLACK_HOLES;XIRECS;12675.0;2;4;4
835400;;;GALAXY_SOUNDS_DARK_MATTER;XIRECS;9630.0;2;4;4
835400;;;GALAXY_SOUNDS_PLANETARY_RINGS;XIRECS;10409.0;2;4;4
835400;;;GALAXY_SOUNDS_SOLAR_FLAMES;XIRECS;11292.0;2;4;4
835400;;;GALAXY_SOUNDS_SOLAR_WINDS;XIRECS;10879.0;2;4;4
835400;;;OXYGEN_SHAKE_CHOCOLATE;XIRECS;10801.0;2;4;4
835400;;;OXYGEN_SHAKE_EVENING_BREATH;XIRECS;8914.0;2;4;4
835400;;;OXYGEN_SHAKE_GARLIC;XIRECS;13925.0;2;4;4
835400;;;OXYGEN_SHAKE_MINT;XIRECS;9799.0;2;4;4
835400;;;OXYGEN_SHAKE_MORNING_BREATH;XIRECS;9572.0;2;4;4
835400;;;PANEL_1X2;XIRECS;9889.0;2;4;4
835400;;;PANEL_1X4;XIRECS;8809.0;2;4;4
835400;;;PANEL_2X2;XIRECS;9019.0;2;4;4
835400;;;PANEL_2X4;XIRECS;12314.0;2;4;4
835400;;;PANEL_4X4;XIRECS;9702.0;2;4;4
835400;;;ROBOT_DISHES;XIRECS;10896.0;2;4;4
835400;;;ROBOT_IRONING;XIRECS;7577.0;2;4;4
835400;;;ROBOT_LAUNDRY;XIRECS;8991.0;2;4;4
835400;;;ROBOT_MOPPING;XIRECS;11530.0;2;4;4
835400;;;ROBOT_VACUUMING;XIRECS;8569.0;2;4;4
835400;;;SLEEP_POD_COTTON;XIRECS;11964.0;2;4;4
835400;;;SLEEP_POD_LAMB_WOOL;XIRECS;11088.0;2;4;4
835400;;;SLEEP_POD_NYLON;XIRECS;10350.0;2;4;4
835400;;;SLEEP_POD_POLYESTER;XIRECS;12425.0;2;4;4
835400;;;SLEEP_POD_SUEDE;XIRECS;11858.0;2;4;4
835400;;;SNACKPACK_CHOCOLATE;XIRECS;9759.0;2;4;4
835400;;;SNACKPACK_PISTACHIO;XIRECS;9196.0;2;4;4
835400;;;SNACKPACK_RASPBERRY;XIRECS;10279.0;2;4;4
835400;;;SNACKPACK_STRAWBERRY;XIRECS;10955.0;2;4;4
835400;;;SNACKPACK_VANILLA;XIRECS;10143.0;2;4;4
835400;;;TRANSLATOR_ASTRO_BLACK;XIRECS;8876.0;2;4;4
835400;;;TRANSLATOR_ECLIPSE_CHARCOAL;XIRECS;9337.0;2;4;4
835400;;;TRANSLATOR_GRAPHITE_MIST;XIRECS;9749.0;2;4;4
835400;;;TRANSLATOR_SPACE_GRAY;XIRECS;8652.0;2;4;4
835400;;;TRANSLATOR_VOID_BLUE;XIRECS;11257.0;2;4;4
835400;;;UV_VISOR_AMBER;XIRECS;6844.0;2;4;4
835400;;;UV_VISOR_MAGENTA;XIRECS;11521.0;2;4;4
835400;;;UV_VISOR_ORANGE;XIRECS;10109.0;2;4;4
835400;;;UV_VISOR_RED;XIRECS;12059.0;2;4;4
835400;;;UV_VISOR_YELLOW;XIRECS;9995.0;2;4;4
836400;;SUBMISSION;SNACKPACK_PISTACHIO;XIRECS;9189.0;2;4;4
836400;;SUBMISSION;SNACKPACK_STRAWBERRY;XIRECS;10924.0;2;4;4
836400;;SUBMISSION;SNACKPACK_VANILLA;XIRECS;10178.0;2;4;4
836400;;;GALAXY_SOUNDS_BLACK_HOLES;XIRECS;12721.0;2;4;4
836400;;;GALAXY_SOUNDS_DARK_MATTER;XIRECS;9645.0;2;4;4
836400;;;GALAXY_SOUNDS_PLANETARY_RINGS;XIRECS;10427.0;2;4;4
836400;;;GALAXY_SOUNDS_SOLAR_FLAMES;XIRECS;11269.0;2;4;4
836400;;;GALAXY_SOUNDS_SOLAR_WINDS;XIRECS;10937.0;2;4;4
836400;;;OXYGEN_SHAKE_CHOCOLATE;XIRECS;10794.0;2;4;4
836400;;;OXYGEN_SHAKE_EVENING_BREATH;XIRECS;8936.0;2;4;4
836400;;;OXYGEN_SHAKE_GARLIC;XIRECS;13942.0;2;4;4
836400;;;OXYGEN_SHAKE_MINT;XIRECS;9817.0;2;4;4
836400;;;OXYGEN_SHAKE_MORNING_BREATH;XIRECS;9590.0;2;4;4
836400;;;PANEL_1X2;XIRECS;9879.0;2;4;4
836400;;;PANEL_1X4;XIRECS;8801.0;2;4;4
836400;;;PANEL_2X2;XIRECS;9010.0;2;4;4
836400;;;PANEL_2X4;XIRECS;12380.0;2;4;4
836400;;;PANEL_4X4;XIRECS;9733.0;2;4;4
836400;;;ROBOT_DISHES;XIRECS;10904.0;2;4;4
836400;;;ROBOT_IRONING;XIRECS;7593.0;2;4;4
836400;;;ROBOT_LAUNDRY;XIRECS;8991.0;2;4;4
836400;;;ROBOT_MOPPING;XIRECS;11567.0;2;4;4
836400;;;ROBOT_VACUUMING;XIRECS;8630.0;2;4;4
836400;;;SLEEP_POD_COTTON;XIRECS;11973.0;2;4;4
836400;;;SLEEP_POD_LAMB_WOOL;XIRECS;11067.0;2;4;4
836400;;;SLEEP_POD_NYLON;XIRECS;10345.0;2;4;4
836400;;;SLEEP_POD_POLYESTER;XIRECS;12376.0;2;4;4
836400;;;SLEEP_POD_SUEDE;XIRECS;11886.0;2;4;4
836400;;;SNACKPACK_CHOCOLATE;XIRECS;9755.0;2;4;4
836400;;;SNACKPACK_RASPBERRY;XIRECS;10341.0;2;4;4
836400;;;TRANSLATOR_ASTRO_BLACK;XIRECS;8906.0;2;4;4
836400;;;TRANSLATOR_ECLIPSE_CHARCOAL;XIRECS;9353.0;2;4;4
836400;;;TRANSLATOR_GRAPHITE_MIST;XIRECS;9754.0;2;4;4
836400;;;TRANSLATOR_SPACE_GRAY;XIRECS;8586.0;2;4;4
836400;;;TRANSLATOR_VOID_BLUE;XIRECS;11301.0;2;4;4
836400;;;UV_VISOR_AMBER;XIRECS;6831.0;2;4;4
836400;;;UV_VISOR_MAGENTA;XIRECS;11567.0;2;4;4
836400;;;UV_VISOR_ORANGE;XIRECS;10146.0;2;4;4
836400;;;UV_VISOR_RED;XIRECS;12144.0;2;4;4
836400;;;UV_VISOR_YELLOW;XIRECS;9985.0;2;4;4
836600;;SUBMISSION;SNACKPACK_PISTACHIO;XIRECS;9170.0;3;4;4
836600;;SUBMISSION;SNACKPACK_STRAWBERRY;XIRECS;10897.0;3;4;4
836600;;SUBMISSION;SNACKPACK_VANILLA;XIRECS;10181.0;3;4;4
837500;;;MICROCHIP_CIRCLE;XIRECS;10591.0;1;4;4
837500;;;MICROCHIP_OVAL;XIRECS;5620.0;1;4;4
837500;;;MICROCHIP_RECTANGLE;XIRECS;8156.0;1;4;4
837500;;;MICROCHIP_SQUARE;XIRECS;15193.0;1;4;4
837500;;;MICROCHIP_TRIANGLE;XIRECS;8129.0;1;4;4
838100;;SUBMISSION;UV_VISOR_AMBER;XIRECS;6828.0;5;4;4
839600;SUBMISSION;;SNACKPACK_PISTACHIO;XIRECS;9182.0;2;4;4
839600;SUBMISSION;;SNACKPACK_STRAWBERRY;XIRECS;10919.0;2;4;4
839600;SUBMISSION;;SNACKPACK_VANILLA;XIRECS;10200.0;2;4;4
839700;SUBMISSION;;PEBBLES_XL;XIRECS;16187.0;5;4;4
839800;SUBMISSION;;PEBBLES_XL;XIRECS;16222.0;5;4;4
839800;;SUBMISSION;SLEEP_POD_COTTON;XIRECS;11870.0;5;4;4
840800;;SUBMISSION;PEBBLES_XL;XIRECS;16345.0;2;4;4
840800;;;PEBBLES_L;XIRECS;9564.0;2;4;4
840800;;;PEBBLES_M;XIRECS;11013.0;2;4;4
840800;;;PEBBLES_S;XIRECS;7438.0;2;4;4
840800;;;PEBBLES_XS;XIRECS;5672.0;2;4;4
841500;;SUBMISSION;UV_VISOR_AMBER;XIRECS;6749.0;5;4;4
841600;;SUBMISSION;SLEEP_POD_COTTON;XIRECS;11793.0;5;4;4
842000;SUBMISSION;;PEBBLES_XL;XIRECS;16361.0;2;4;4
842100;;SUBMISSION;SNACKPACK_PISTACHIO;XIRECS;9157.0;3;4;4
842100;;SUBMISSION;SNACKPACK_STRAWBERRY;XIRECS;10888.0;3;4;4
842100;;SUBMISSION;SNACKPACK_VANILLA;XIRECS;10218.0;3;4;4
842200;;;PEBBLES_L;XIRECS;9529.0;5;4;4
842200;;;PEBBLES_M;XIRECS;11107.0;5;4;4
842200;;;PEBBLES_S;XIRECS;7343.0;5;4;4
842200;;;PEBBLES_XL;XIRECS;16326.0;5;4;4
842200;;;PEBBLES_XS;XIRECS;5662.0;5;4;4
842600;SUBMISSION;;SNACKPACK_PISTACHIO;XIRECS;9164.0;2;4;4
842600;SUBMISSION;;SNACKPACK_STRAWBERRY;XIRECS;10898.0;2;4;4
842600;SUBMISSION;;SNACKPACK_VANILLA;XIRECS;10224.0;2;4;4
842600;;;GALAXY_SOUNDS_BLACK_HOLES;XIRECS;12696.0;2;4;4
842600;;;GALAXY_SOUNDS_DARK_MATTER;XIRECS;9563.0;2;4;4
842600;;;GALAXY_SOUNDS_PLANETARY_RINGS;XIRECS;10372.0;2;4;4
842600;;;GALAXY_SOUNDS_SOLAR_FLAMES;XIRECS;11301.0;2;4;4
842600;;;GALAXY_SOUNDS_SOLAR_WINDS;XIRECS;10782.0;2;4;4
842600;;;OXYGEN_SHAKE_CHOCOLATE;XIRECS;10716.0;2;4;4
842600;;;OXYGEN_SHAKE_EVENING_BREATH;XIRECS;8954.0;2;4;4
842600;;;OXYGEN_SHAKE_GARLIC;XIRECS;13891.0;2;4;4
842600;;;OXYGEN_SHAKE_MINT;XIRECS;9682.0;2;4;4
842600;;;OXYGEN_SHAKE_MORNING_BREATH;XIRECS;9594.0;2;4;4
842600;;;PANEL_1X2;XIRECS;9839.0;2;4;4
842600;;;PANEL_1X4;XIRECS;8721.0;2;4;4
842600;;;PANEL_2X2;XIRECS;8939.0;2;4;4
842600;;;PANEL_2X4;XIRECS;12243.0;2;4;4
842600;;;PANEL_4X4;XIRECS;9758.0;2;4;4
842600;;;ROBOT_DISHES;XIRECS;10896.0;2;4;4
842600;;;ROBOT_IRONING;XIRECS;7577.0;2;4;4
842600;;;ROBOT_LAUNDRY;XIRECS;9162.0;2;4;4
842600;;;ROBOT_MOPPING;XIRECS;11478.0;2;4;4
842600;;;ROBOT_VACUUMING;XIRECS;8601.0;2;4;4
842600;;;SLEEP_POD_COTTON;XIRECS;11800.0;2;4;4
842600;;;SLEEP_POD_LAMB_WOOL;XIRECS;11147.0;2;4;4
842600;;;SLEEP_POD_NYLON;XIRECS;10179.0;2;4;4
842600;;;SLEEP_POD_POLYESTER;XIRECS;12456.0;2;4;4
842600;;;SLEEP_POD_SUEDE;XIRECS;11866.0;2;4;4
842600;;;SNACKPACK_CHOCOLATE;XIRECS;9679.0;2;4;4
842600;;;SNACKPACK_RASPBERRY;XIRECS;10296.0;2;4;4
842600;;;TRANSLATOR_ASTRO_BLACK;XIRECS;8866.0;2;4;4
842600;;;TRANSLATOR_ECLIPSE_CHARCOAL;XIRECS;9364.0;2;4;4
842600;;;TRANSLATOR_GRAPHITE_MIST;XIRECS;9804.0;2;4;4
842600;;;TRANSLATOR_SPACE_GRAY;XIRECS;8523.0;2;4;4
842600;;;TRANSLATOR_VOID_BLUE;XIRECS;11267.0;2;4;4
842600;;;UV_VISOR_AMBER;XIRECS;6744.0;2;4;4
842600;;;UV_VISOR_MAGENTA;XIRECS;11657.0;2;4;4
842600;;;UV_VISOR_ORANGE;XIRECS;10125.0;2;4;4
842600;;;UV_VISOR_RED;XIRECS;12068.0;2;4;4
842600;;;UV_VISOR_YELLOW;XIRECS;10000.0;2;4;4
845700;;SUBMISSION;UV_VISOR_AMBER;XIRECS;6753.0;5;4;4
847000;SUBMISSION;;SNACKPACK_PISTACHIO;XIRECS;9194.0;4;4;4
847000;SUBMISSION;;SNACKPACK_STRAWBERRY;XIRECS;10940.0;4;4;4
847000;SUBMISSION;;SNACKPACK_VANILLA;XIRECS;10224.0;4;4;4
847200;;SUBMISSION;PEBBLES_XL;XIRECS;16581.0;2;4;4
847200;;;PEBBLES_L;XIRECS;9415.0;3;4;4
847200;;;PEBBLES_M;XIRECS;11109.0;3;4;4
847200;;;PEBBLES_S;XIRECS;7263.0;3;4;4
847200;;;PEBBLES_XS;XIRECS;5665.0;3;4;4
847300;;SUBMISSION;PANEL_1X4;XIRECS;8582.0;5;4;4
847900;;SUBMISSION;SNACKPACK_PISTACHIO;XIRECS;9239.0;2;4;4
847900;;SUBMISSION;SNACKPACK_STRAWBERRY;XIRECS;11003.0;2;4;4
847900;;SUBMISSION;SNACKPACK_VANILLA;XIRECS;10226.0;2;4;4
848100;;SUBMISSION;OXYGEN_SHAKE_MORNING_BREATH;XIRECS;9471.0;5;4;4
848700;;;MICROCHIP_CIRCLE;XIRECS;10455.0;3;4;4
848700;;;MICROCHIP_OVAL;XIRECS;5704.0;3;4;4
848700;;;MICROCHIP_RECTANGLE;XIRECS;8140.0;3;4;4
848700;;;MICROCHIP_SQUARE;XIRECS;14484.0;3;4;4
848700;;;MICROCHIP_TRIANGLE;XIRECS;8187.0;3;4;4
849200;;SUBMISSION;PANEL_1X4;XIRECS;8583.0;5;4;4
849200;;SUBMISSION;UV_VISOR_AMBER;XIRECS;6735.0;5;4;4
849900;;;GALAXY_SOUNDS_BLACK_HOLES;XIRECS;12891.0;2;4;4
849900;;;GALAXY_SOUNDS_DARK_MATTER;XIRECS;9570.0;2;4;4
849900;;;GALAXY_SOUNDS_PLANETARY_RINGS;XIRECS;10273.0;2;4;4
849900;;;GALAXY_SOUNDS_SOLAR_FLAMES;XIRECS;11063.0;2;4;4
849900;;;GALAXY_SOUNDS_SOLAR_WINDS;XIRECS;10807.0;2;4;4
849900;;;OXYGEN_SHAKE_CHOCOLATE;XIRECS;10604.0;2;4;4
849900;;;OXYGEN_SHAKE_EVENING_BREATH;XIRECS;9044.0;2;4;4
849900;;;OXYGEN_SHAKE_GARLIC;XIRECS;13844.0;2;4;4
849900;;;OXYGEN_SHAKE_MINT;XIRECS;9504.0;2;4;4
849900;;;OXYGEN_SHAKE_MORNING_BREATH;XIRECS;9473.0;2;4;4
849900;;;PANEL_1X2;XIRECS;9702.0;2;4;4
849900;;;PANEL_1X4;XIRECS;8605.0;2;4;4
849900;;;PANEL_2X2;XIRECS;8933.0;2;4;4
849900;;;PANEL_2X4;XIRECS;12367.0;2;4;4
849900;;;PANEL_4X4;XIRECS;9766.0;2;4;4
849900;;;ROBOT_DISHES;XIRECS;10996.0;2;4;4
849900;;;ROBOT_IRONING;XIRECS;7597.0;2;4;4
849900;;;ROBOT_LAUNDRY;XIRECS;9246.0;2;4;4
849900;;;ROBOT_MOPPING;XIRECS;11466.0;2;4;4
849900;;;ROBOT_VACUUMING;XIRECS;8711.0;2;4;4
849900;;;SLEEP_POD_COTTON;XIRECS;11818.0;2;4;4
849900;;;SLEEP_POD_LAMB_WOOL;XIRECS;11145.0;2;4;4
849900;;;SLEEP_POD_NYLON;XIRECS;10242.0;2;4;4
849900;;;SLEEP_POD_POLYESTER;XIRECS;12501.0;2;4;4
849900;;;SLEEP_POD_SUEDE;XIRECS;12051.0;2;4;4
849900;;;SNACKPACK_CHOCOLATE;XIRECS;9664.0;2;4;4
849900;;;SNACKPACK_PISTACHIO;XIRECS;9211.0;2;4;4
849900;;;SNACKPACK_RASPBERRY;XIRECS;10202.0;2;4;4
849900;;;SNACKPACK_STRAWBERRY;XIRECS;10973.0;2;4;4
849900;;;SNACKPACK_VANILLA;XIRECS;10241.0;2;4;4
849900;;;TRANSLATOR_ASTRO_BLACK;XIRECS;8916.0;2;4;4
849900;;;TRANSLATOR_ECLIPSE_CHARCOAL;XIRECS;9512.0;2;4;4
849900;;;TRANSLATOR_GRAPHITE_MIST;XIRECS;9889.0;2;4;4
849900;;;TRANSLATOR_SPACE_GRAY;XIRECS;8555.0;2;4;4
849900;;;TRANSLATOR_VOID_BLUE;XIRECS;11184.0;2;4;4
849900;;;UV_VISOR_AMBER;XIRECS;6736.0;2;4;4
849900;;;UV_VISOR_MAGENTA;XIRECS;11676.0;2;4;4
849900;;;UV_VISOR_ORANGE;XIRECS;10254.0;2;4;4
849900;;;UV_VISOR_RED;XIRECS;12234.0;2;4;4
849900;;;UV_VISOR_YELLOW;XIRECS;10039.0;2;4;4
850800;;;GALAXY_SOUNDS_BLACK_HOLES;XIRECS;12858.0;1;4;4
850800;;;GALAXY_SOUNDS_DARK_MATTER;XIRECS;9599.0;1;4;4
850800;;;GALAXY_SOUNDS_PLANETARY_RINGS;XIRECS;10281.0;1;4;4
850800;;;GALAXY_SOUNDS_SOLAR_FLAMES;XIRECS;11109.0;1;4;4
850800;;;GALAXY_SOUNDS_SOLAR_WINDS;XIRECS;10809.0;1;4;4
850800;;;OXYGEN_SHAKE_CHOCOLATE;XIRECS;10636.0;1;4;4
850800;;;OXYGEN_SHAKE_EVENING_BREATH;XIRECS;9084.0;1;4;4
850800;;;OXYGEN_SHAKE_GARLIC;XIRECS;13850.0;1;4;4
850800;;;OXYGEN_SHAKE_MINT;XIRECS;9507.0;1;4;4
850800;;;OXYGEN_SHAKE_MORNING_BREATH;XIRECS;9437.0;1;4;4
850800;;;PANEL_1X2;XIRECS;9688.0;1;4;4
850800;;;PANEL_1X4;XIRECS;8612.0;1;4;4
850800;;;PANEL_2X2;XIRECS;8967.0;1;4;4
850800;;;PANEL_2X4;XIRECS;12372.0;1;4;4
850800;;;PANEL_4X4;XIRECS;9792.0;1;4;4
850800;;;ROBOT_DISHES;XIRECS;10996.0;1;4;4
850800;;;ROBOT_IRONING;XIRECS;7607.0;1;4;4
850800;;;ROBOT_LAUNDRY;XIRECS;9247.0;1;4;4
850800;;;ROBOT_MOPPING;XIRECS;11467.0;1;4;4
850800;;;ROBOT_VACUUMING;XIRECS;8706.0;1;4;4
850800;;;SLEEP_POD_COTTON;XIRECS;11821.0;1;4;4
850800;;;SLEEP_POD_LAMB_WOOL;XIRECS;11129.0;1;4;4
850800;;;SLEEP_POD_NYLON;XIRECS;10240.0;1;4;4
850800;;;SLEEP_POD_POLYESTER;XIRECS;12508.0;1;4;4
850800;;;SLEEP_POD_SUEDE;XIRECS;12043.0;1;4;4
850800;;;SNACKPACK_CHOCOLATE;XIRECS;9663.0;1;4;4
850800;;;SNACKPACK_PISTACHIO;XIRECS;9210.0;1;4;4
850800;;;SNACKPACK_RASPBERRY;XIRECS;10186.0;1;4;4
850800;;;SNACKPACK_STRAWBERRY;XIRECS;10991.0;1;4;4
850800;;;SNACKPACK_VANILLA;XIRECS;10244.0;1;4;4
850800;;;TRANSLATOR_ASTRO_BLACK;XIRECS;8885.0;1;4;4
850800;;;TRANSLATOR_ECLIPSE_CHARCOAL;XIRECS;9513.0;1;4;4
850800;;;TRANSLATOR_GRAPHITE_MIST;XIRECS;9954.0;1;4;4
850800;;;TRANSLATOR_SPACE_GRAY;XIRECS;8515.0;1;4;4
850800;;;TRANSLATOR_VOID_BLUE;XIRECS;11184.0;1;4;4
850800;;;UV_VISOR_AMBER;XIRECS;6723.0;1;4;4
850800;;;UV_VISOR_MAGENTA;XIRECS;11675.0;1;4;4
850800;;;UV_VISOR_ORANGE;XIRECS;10280.0;1;4;4
850800;;;UV_VISOR_RED;XIRECS;12267.0;1;4;4
850800;;;UV_VISOR_YELLOW;XIRECS;10032.0;1;4;4
851200;;SUBMISSION;SNACKPACK_PISTACHIO;XIRECS;9202.0;5;4;4
851200;;SUBMISSION;SNACKPACK_STRAWBERRY;XIRECS;10981.0;5;4;4
851200;;SUBMISSION;SNACKPACK_VANILLA;XIRECS;10260.0;5;4;4
851400;;SUBMISSION;OXYGEN_SHAKE_MORNING_BREATH;XIRECS;9417.0;5;4;4
851400;;;GALAXY_SOUNDS_BLACK_HOLES;XIRECS;12877.0;1;4;4
851400;;;GALAXY_SOUNDS_DARK_MATTER;XIRECS;9627.0;1;4;4
851400;;;GALAXY_SOUNDS_PLANETARY_RINGS;XIRECS;10282.0;1;4;4
851400;;;GALAXY_SOUNDS_SOLAR_FLAMES;XIRECS;11128.0;1;4;4
851400;;;GALAXY_SOUNDS_SOLAR_WINDS;XIRECS;10873.0;1;4;4
851400;;;OXYGEN_SHAKE_CHOCOLATE;XIRECS;10613.0;1;4;4
851400;;;OXYGEN_SHAKE_EVENING_BREATH;XIRECS;9146.0;1;4;4
851400;;;OXYGEN_SHAKE_GARLIC;XIRECS;13889.0;1;4;4
851400;;;OXYGEN_SHAKE_MINT;XIRECS;9509.0;1;4;4
851400;;;OXYGEN_SHAKE_MORNING_BREATH;XIRECS;9430.0;1;4;4
851400;;;PANEL_1X2;XIRECS;9677.0;1;4;4
851400;;;PANEL_1X4;XIRECS;8643.0;1;4;4
851400;;;PANEL_2X2;XIRECS;8948.0;1;4;4
851400;;;PANEL_2X4;XIRECS;12385.0;1;4;4
851400;;;PANEL_4X4;XIRECS;9792.0;1;4;4
851400;;;ROBOT_DISHES;XIRECS;11004.0;1;4;4
851400;;;ROBOT_IRONING;XIRECS;7623.0;1;4;4
851400;;;ROBOT_LAUNDRY;XIRECS;9265.0;1;4;4
851400;;;ROBOT_MOPPING;XIRECS;11520.0;1;4;4
851400;;;ROBOT_VACUUMING;XIRECS;8752.0;1;4;4
851400;;;SLEEP_POD_COTTON;XIRECS;11828.0;1;4;4
851400;;;SLEEP_POD_LAMB_WOOL;XIRECS;11156.0;1;4;4
851400;;;SLEEP_POD_NYLON;XIRECS;10235.0;1;4;4
851400;;;SLEEP_POD_POLYESTER;XIRECS;12533.0;1;4;4
851400;;;SLEEP_POD_SUEDE;XIRECS;12069.0;1;4;4
851400;;;SNACKPACK_CHOCOLATE;XIRECS;9663.0;1;4;4
851400;;;SNACKPACK_PISTACHIO;XIRECS;9207.0;1;4;4
851400;;;SNACKPACK_RASPBERRY;XIRECS;10218.0;1;4;4
851400;;;SNACKPACK_STRAWBERRY;XIRECS;10985.0;1;4;4
851400;;;SNACKPACK_VANILLA;XIRECS;10275.0;1;4;4
851400;;;TRANSLATOR_ASTRO_BLACK;XIRECS;8889.0;1;4;4
851400;;;TRANSLATOR_ECLIPSE_CHARCOAL;XIRECS;9524.0;1;4;4
851400;;;TRANSLATOR_GRAPHITE_MIST;XIRECS;9956.0;1;4;4
851400;;;TRANSLATOR_SPACE_GRAY;XIRECS;8536.0;1;4;4
851400;;;TRANSLATOR_VOID_BLUE;XIRECS;11245.0;1;4;4
851400;;;UV_VISOR_AMBER;XIRECS;6726.0;1;4;4
851400;;;UV_VISOR_MAGENTA;XIRECS;11677.0;1;4;4
851400;;;UV_VISOR_ORANGE;XIRECS;10282.0;1;4;4
851400;;;UV_VISOR_RED;XIRECS;12245.0;1;4;4
851400;;;UV_VISOR_YELLOW;XIRECS;10011.0;1;4;4
852000;SUBMISSION;;MICROCHIP_OVAL;XIRECS;5796.0;5;4;4
852100;;;MICROCHIP_CIRCLE;XIRECS;10487.0;1;4;4
852100;;;MICROCHIP_OVAL;XIRECS;5789.0;1;4;4
852100;;;MICROCHIP_RECTANGLE;XIRECS;8173.0;1;4;4
852100;;;MICROCHIP_SQUARE;XIRECS;14329.0;1;4;4
852100;;;MICROCHIP_TRIANGLE;XIRECS;8163.0;1;4;4
852400;;SUBMISSION;PEBBLES_XL;XIRECS;16385.0;6;4;4
853400;;;MICROCHIP_CIRCLE;XIRECS;10492.0;1;4;4
853400;;;MICROCHIP_OVAL;XIRECS;5771.0;1;4;4
853400;;;MICROCHIP_RECTANGLE;XIRECS;8261.0;1;4;4
853400;;;MICROCHIP_SQUARE;XIRECS;14385.0;1;4;4
853400;;;MICROCHIP_TRIANGLE;XIRECS;8152.0;1;4;4
854300;;SUBMISSION;OXYGEN_SHAKE_MORNING_BREATH;XIRECS;9409.0;5;4;4
854800;;;MICROCHIP_CIRCLE;XIRECS;10520.0;2;4;4
854800;;;MICROCHIP_OVAL;XIRECS;5753.0;2;4;4
854800;;;MICROCHIP_RECTANGLE;XIRECS;8242.0;2;4;4
854800;;;MICROCHIP_SQUARE;XIRECS;14402.0;2;4;4
854800;;;MICROCHIP_TRIANGLE;XIRECS;8181.0;2;4;4
855400;;SUBMISSION;SNACKPACK_PISTACHIO;XIRECS;9157.0;1;4;4
855400;;SUBMISSION;SNACKPACK_STRAWBERRY;XIRECS;10916.0;1;4;4
855400;SUBMISSION;;OXYGEN_SHAKE_MORNING_BREATH;XIRECS;9504.0;5;4;4
855400;;SUBMISSION;SNACKPACK_VANILLA;XIRECS;10323.0;1;4;4
856000;SUBMISSION;;MICROCHIP_OVAL;XIRECS;5784.0;5;4;4
856800;;;MICROCHIP_CIRCLE;XIRECS;10440.0;1;4;4
856800;;;MICROCHIP_OVAL;XIRECS;5789.0;1;4;4
856800;;;MICROCHIP_RECTANGLE;XIRECS;8248.0;1;4;4
856800;;;MICROCHIP_SQUARE;XIRECS;14333.0;1;4;4
856800;;;MICROCHIP_TRIANGLE;XIRECS;8176.0;1;4;4
857200;;;MICROCHIP_CIRCLE;XIRECS;10463.0;1;4;4
857200;;;MICROCHIP_OVAL;XIRECS;5812.0;1;4;4
857200;;;MICROCHIP_RECTANGLE;XIRECS;8241.0;1;4;4
857200;;;MICROCHIP_SQUARE;XIRECS;14364.0;1;4;4
857200;;;MICROCHIP_TRIANGLE;XIRECS;8157.0;1;4;4
857400;SUBMISSION;;SNACKPACK_PISTACHIO;XIRECS;9202.0;3;4;4
857400;SUBMISSION;;SNACKPACK_STRAWBERRY;XIRECS;10982.0;3;4;4
857400;SUBMISSION;;SNACKPACK_VANILLA;XIRECS;10292.0;3;4;4
857600;;SUBMISSION;PANEL_1X4;XIRECS;8555.0;5;4;4
858100;;SUBMISSION;SNACKPACK_PISTACHIO;XIRECS;9187.0;3;4;4
858100;;SUBMISSION;SNACKPACK_STRAWBERRY;XIRECS;10956.0;3;4;4
858100;;SUBMISSION;SNACKPACK_VANILLA;XIRECS;10322.0;3;4;4
858400;SUBMISSION;;SNACKPACK_PISTACHIO;XIRECS;9205.0;2;4;4
858400;SUBMISSION;;SNACKPACK_STRAWBERRY;XIRECS;10984.0;2;4;4
858400;SUBMISSION;;SNACKPACK_VANILLA;XIRECS;10334.0;2;4;4
858600;SUBMISSION;;SNACKPACK_PISTACHIO;XIRECS;9198.0;3;4;4
858600;SUBMISSION;;SNACKPACK_STRAWBERRY;XIRECS;10971.0;3;4;4
858600;SUBMISSION;;SNACKPACK_VANILLA;XIRECS;10337.0;3;4;4
859300;SUBMISSION;;UV_VISOR_AMBER;XIRECS;6775.0;5;4;4
859600;SUBMISSION;;SNACKPACK_PISTACHIO;XIRECS;9166.0;3;4;4
859600;SUBMISSION;;SNACKPACK_STRAWBERRY;XIRECS;10925.0;3;4;4
859600;SUBMISSION;;SNACKPACK_VANILLA;XIRECS;10348.0;3;4;4
859700;SUBMISSION;;ROBOT_IRONING;XIRECS;7693.0;5;4;4
860900;SUBMISSION;;MICROCHIP_OVAL;XIRECS;5842.0;5;4;4
861100;;SUBMISSION;SNACKPACK_PISTACHIO;XIRECS;9170.0;5;4;4
861100;;SUBMISSION;SNACKPACK_STRAWBERRY;XIRECS;10942.0;5;4;4
861100;SUBMISSION;;PEBBLES_XL;XIRECS;16234.0;5;4;4
861100;;SUBMISSION;SNACKPACK_VANILLA;XIRECS;10350.0;5;4;4
861700;;;MICROCHIP_CIRCLE;XIRECS;10434.0;1;4;4
861700;;;MICROCHIP_OVAL;XIRECS;5822.0;1;4;4
861700;;;MICROCHIP_RECTANGLE;XIRECS;8248.0;1;4;4
861700;;;MICROCHIP_SQUARE;XIRECS;14256.0;1;4;4
861700;;;MICROCHIP_TRIANGLE;XIRECS;8237.0;1;4;4
861800;SUBMISSION;;PANEL_1X4;XIRECS;8715.0;5;4;4
862000;SUBMISSION;;PEBBLES_XL;XIRECS;16226.0;3;4;4
862300;;;MICROCHIP_CIRCLE;XIRECS;10426.0;1;4;4
862300;;;MICROCHIP_OVAL;XIRECS;5839.0;1;4;4
862300;;;MICROCHIP_RECTANGLE;XIRECS;8235.0;1;4;4
862300;;;MICROCHIP_SQUARE;XIRECS;14239.0;1;4;4
862300;;;MICROCHIP_TRIANGLE;XIRECS;8294.0;1;4;4
863500;SUBMISSION;;SNACKPACK_PISTACHIO;XIRECS;9161.0;1;4;4
863500;SUBMISSION;;SNACKPACK_STRAWBERRY;XIRECS;10931.0;1;4;4
863500;SUBMISSION;;SNACKPACK_VANILLA;XIRECS;10336.0;1;4;4
863500;;;GALAXY_SOUNDS_BLACK_HOLES;XIRECS;13101.0;4;4;4
863500;;;GALAXY_SOUNDS_DARK_MATTER;XIRECS;9707.0;4;4;4
863500;;;GALAXY_SOUNDS_PLANETARY_RINGS;XIRECS;10222.0;4;4;4
863500;;;GALAXY_SOUNDS_SOLAR_FLAMES;XIRECS;11101.0;4;4;4
863500;;;GALAXY_SOUNDS_SOLAR_WINDS;XIRECS;10826.0;4;4;4
863500;;;OXYGEN_SHAKE_CHOCOLATE;XIRECS;10611.0;4;4;4
863500;;;OXYGEN_SHAKE_EVENING_BREATH;XIRECS;9434.0;4;4;4
863500;;;OXYGEN_SHAKE_GARLIC;XIRECS;13872.0;4;4;4
863500;;;OXYGEN_SHAKE_MINT;XIRECS;9521.0;4;4;4
863500;;;OXYGEN_SHAKE_MORNING_BREATH;XIRECS;9551.0;4;4;4
863500;;;PANEL_1X2;XIRECS;9504.0;4;4;4
863500;;;PANEL_1X4;XIRECS;8759.0;4;4;4
863500;;;PANEL_2X2;XIRECS;8849.0;4;4;4
863500;;;PANEL_2X4;XIRECS;12447.0;4;4;4
863500;;;PANEL_4X4;XIRECS;9725.0;4;4;4
863500;;;ROBOT_DISHES;XIRECS;11096.0;4;4;4
863500;;;ROBOT_IRONING;XIRECS;7677.0;4;4;4
863500;;;ROBOT_LAUNDRY;XIRECS;8985.0;4;4;4
863500;;;ROBOT_MOPPING;XIRECS;11433.0;4;4;4
863500;;;ROBOT_VACUUMING;XIRECS;8851.0;4;4;4
863500;;;SLEEP_POD_COTTON;XIRECS;11481.0;4;4;4
863500;;;SLEEP_POD_LAMB_WOOL;XIRECS;10995.0;4;4;4
863500;;;SLEEP_POD_NYLON;XIRECS;10237.0;4;4;4
863500;;;SLEEP_POD_POLYESTER;XIRECS;12328.0;4;4;4
863500;;;SLEEP_POD_SUEDE;XIRECS;12007.0;4;4;4
863500;;;SNACKPACK_CHOCOLATE;XIRECS;9570.0;4;4;4
863500;;;SNACKPACK_RASPBERRY;XIRECS;10223.0;4;4;4
863500;;;TRANSLATOR_ASTRO_BLACK;XIRECS;8930.0;4;4;4
863500;;;TRANSLATOR_ECLIPSE_CHARCOAL;XIRECS;9717.0;4;4;4
863500;;;TRANSLATOR_GRAPHITE_MIST;XIRECS;10018.0;4;4;4
863500;;;TRANSLATOR_SPACE_GRAY;XIRECS;8512.0;4;4;4
863500;;;TRANSLATOR_VOID_BLUE;XIRECS;11335.0;4;4;4
863500;;;UV_VISOR_AMBER;XIRECS;6810.0;4;4;4
863500;;;UV_VISOR_MAGENTA;XIRECS;11837.0;4;4;4
863500;;;UV_VISOR_ORANGE;XIRECS;10386.0;4;4;4
863500;;;UV_VISOR_RED;XIRECS;12150.0;4;4;4
863500;;;UV_VISOR_YELLOW;XIRECS;9926.0;4;4;4
863600;SUBMISSION;;PANEL_1X4;XIRECS;8771.0;5;4;4
863900;SUBMISSION;;OXYGEN_SHAKE_MORNING_BREATH;XIRECS;9591.0;5;4;4
863900;;;MICROCHIP_CIRCLE;XIRECS;10325.0;1;4;4
863900;;;MICROCHIP_OVAL;XIRECS;5835.0;1;4;4
863900;;;MICROCHIP_RECTANGLE;XIRECS;8167.0;1;4;4
863900;;;MICROCHIP_SQUARE;XIRECS;14280.0;1;4;4
863900;;;MICROCHIP_TRIANGLE;XIRECS;8338.0;1;4;4
864300;;;PEBBLES_L;XIRECS;9238.0;4;4;4
864300;;;PEBBLES_M;XIRECS;11415.0;4;4;4
864300;;;PEBBLES_S;XIRECS;7441.0;4;4;4
864300;;;PEBBLES_XL;XIRECS;16234.0;4;4;4
864300;;;PEBBLES_XS;XIRECS;5639.0;4;4;4
865300;SUBMISSION;;UV_VISOR_AMBER;XIRECS;6827.0;5;4;4
865400;SUBMISSION;;PANEL_1X4;XIRECS;8808.0;5;4;4
865600;;SUBMISSION;PEBBLES_XL;XIRECS;16217.0;7;4;4
866100;SUBMISSION;;ROBOT_IRONING;XIRECS;7693.0;5;4;4
867100;SUBMISSION;;PEBBLES_XL;XIRECS;16385.0;5;4;4
867100;SUBMISSION;;OXYGEN_SHAKE_MORNING_BREATH;XIRECS;9595.0;5;4;4
867100;;;GALAXY_SOUNDS_BLACK_HOLES;XIRECS;13020.0;1;4;4
867100;;;GALAXY_SOUNDS_DARK_MATTER;XIRECS;9777.0;1;4;4
867100;;;GALAXY_SOUNDS_PLANETARY_RINGS;XIRECS;10267.0;1;4;4
867100;;;GALAXY_SOUNDS_SOLAR_FLAMES;XIRECS;10951.0;1;4;4
867100;;;GALAXY_SOUNDS_SOLAR_WINDS;XIRECS;10852.0;1;4;4
867100;;;OXYGEN_SHAKE_CHOCOLATE;XIRECS;10601.0;1;4;4
867100;;;OXYGEN_SHAKE_EVENING_BREATH;XIRECS;9454.0;1;4;4
867100;;;OXYGEN_SHAKE_GARLIC;XIRECS;13785.0;1;4;4
867100;;;OXYGEN_SHAKE_MINT;XIRECS;9551.0;1;4;4
867100;;;OXYGEN_SHAKE_MORNING_BREATH;XIRECS;9583.0;1;4;4
867100;;;PANEL_1X2;XIRECS;9520.0;1;4;4
867100;;;PANEL_1X4;XIRECS;8782.0;1;4;4
867100;;;PANEL_2X2;XIRECS;8847.0;1;4;4
867100;;;PANEL_2X4;XIRECS;12499.0;1;4;4
867100;;;PANEL_4X4;XIRECS;9759.0;1;4;4
867100;;;ROBOT_DISHES;XIRECS;11096.0;1;4;4
867100;;;ROBOT_IRONING;XIRECS;7707.0;1;4;4
867100;;;ROBOT_LAUNDRY;XIRECS;8931.0;1;4;4
867100;;;ROBOT_MOPPING;XIRECS;11358.0;1;4;4
867100;;;ROBOT_VACUUMING;XIRECS;8732.0;1;4;4
867100;;;SLEEP_POD_COTTON;XIRECS;11442.0;1;4;4
867100;;;SLEEP_POD_LAMB_WOOL;XIRECS;11055.0;1;4;4
867100;;;SLEEP_POD_NYLON;XIRECS;10349.0;1;4;4
867100;;;SLEEP_POD_POLYESTER;XIRECS;12252.0;1;4;4
867100;;;SLEEP_POD_SUEDE;XIRECS;11934.0;1;4;4
867100;;;SNACKPACK_CHOCOLATE;XIRECS;9553.0;1;4;4
867100;;;SNACKPACK_PISTACHIO;XIRECS;9129.0;1;4;4
867100;;;SNACKPACK_RASPBERRY;XIRECS;10285.0;1;4;4
867100;;;SNACKPACK_STRAWBERRY;XIRECS;10877.0;1;4;4
867100;;;SNACKPACK_VANILLA;XIRECS;10349.0;1;4;4
867100;;;TRANSLATOR_ASTRO_BLACK;XIRECS;8936.0;1;4;4
867100;;;TRANSLATOR_ECLIPSE_CHARCOAL;XIRECS;9729.0;1;4;4
867100;;;TRANSLATOR_GRAPHITE_MIST;XIRECS;10050.0;1;4;4
867100;;;TRANSLATOR_SPACE_GRAY;XIRECS;8459.0;1;4;4
867100;;;TRANSLATOR_VOID_BLUE;XIRECS;11353.0;1;4;4
867100;;;UV_VISOR_AMBER;XIRECS;6855.0;1;4;4
867100;;;UV_VISOR_MAGENTA;XIRECS;11778.0;1;4;4
867100;;;UV_VISOR_ORANGE;XIRECS;10408.0;1;4;4
867100;;;UV_VISOR_RED;XIRECS;12151.0;1;4;4
867100;;;UV_VISOR_YELLOW;XIRECS;9883.0;1;4;4
867800;SUBMISSION;;PEBBLES_XL;XIRECS;16448.0;2;4;4
868700;;SUBMISSION;SNACKPACK_PISTACHIO;XIRECS;9117.0;4;4;4
868700;;SUBMISSION;SNACKPACK_STRAWBERRY;XIRECS;10863.0;4;4;4
868700;;SUBMISSION;SNACKPACK_VANILLA;XIRECS;10325.0;4;4;4
868900;;SUBMISSION;MICROCHIP_OVAL;XIRECS;5720.0;5;4;4
869400;SUBMISSION;;UV_VISOR_AMBER;XIRECS;6870.0;5;4;4
872000;;SUBMISSION;OXYGEN_SHAKE_MORNING_BREATH;XIRECS;9525.0;5;4;4
872500;;SUBMISSION;MICROCHIP_OVAL;XIRECS;5682.0;5;4;4
872600;;;PEBBLES_L;XIRECS;9275.0;2;4;4
872600;;;PEBBLES_M;XIRECS;11358.0;2;4;4
872600;;;PEBBLES_S;XIRECS;7203.0;2;4;4
872600;;;PEBBLES_XL;XIRECS;16481.0;2;4;4
872600;;;PEBBLES_XS;XIRECS;5650.0;2;4;4
874500;SUBMISSION;;SNACKPACK_PISTACHIO;XIRECS;9101.0;1;4;4
874500;SUBMISSION;;SNACKPACK_STRAWBERRY;XIRECS;10825.0;1;4;4
874500;SUBMISSION;;SNACKPACK_VANILLA;XIRECS;10266.0;1;4;4
874500;;;GALAXY_SOUNDS_BLACK_HOLES;XIRECS;13182.0;1;4;4
874500;;;GALAXY_SOUNDS_DARK_MATTER;XIRECS;9803.0;1;4;4
874500;;;GALAXY_SOUNDS_PLANETARY_RINGS;XIRECS;10262.0;1;4;4
874500;;;GALAXY_SOUNDS_SOLAR_FLAMES;XIRECS;10935.0;1;4;4
874500;;;GALAXY_SOUNDS_SOLAR_WINDS;XIRECS;10870.0;1;4;4
874500;;;OXYGEN_SHAKE_CHOCOLATE;XIRECS;10473.0;1;4;4
874500;;;OXYGEN_SHAKE_EVENING_BREATH;XIRECS;9424.0;1;4;4
874500;;;OXYGEN_SHAKE_GARLIC;XIRECS;13760.0;1;4;4
874500;;;OXYGEN_SHAKE_MINT;XIRECS;9653.0;1;4;4
874500;;;OXYGEN_SHAKE_MORNING_BREATH;XIRECS;9554.0;1;4;4
874500;;;PANEL_1X2;XIRECS;9484.0;1;4;4
874500;;;PANEL_1X4;XIRECS;8776.0;1;4;4
874500;;;PANEL_2X2;XIRECS;8915.0;1;4;4
874500;;;PANEL_2X4;XIRECS;12368.0;1;4;4
874500;;;PANEL_4X4;XIRECS;9771.0;1;4;4
874500;;;ROBOT_DISHES;XIRECS;10996.0;1;4;4
874500;;;ROBOT_IRONING;XIRECS;7677.0;1;4;4
874500;;;ROBOT_LAUNDRY;XIRECS;9087.0;1;4;4
874500;;;ROBOT_MOPPING;XIRECS;11344.0;1;4;4
874500;;;ROBOT_VACUUMING;XIRECS;8692.0;1;4;4
874500;;;SLEEP_POD_COTTON;XIRECS;11386.0;1;4;4
874500;;;SLEEP_POD_LAMB_WOOL;XIRECS;10971.0;1;4;4
874500;;;SLEEP_POD_NYLON;XIRECS;10468.0;1;4;4
874500;;;SLEEP_POD_POLYESTER;XIRECS;12290.0;1;4;4
874500;;;SLEEP_POD_SUEDE;XIRECS;11975.0;1;4;4
874500;;;SNACKPACK_CHOCOLATE;XIRECS;9637.0;1;4;4
874500;;;SNACKPACK_RASPBERRY;XIRECS;10319.0;1;4;4
874500;;;TRANSLATOR_ASTRO_BLACK;XIRECS;8894.0;1;4;4
874500;;;TRANSLATOR_ECLIPSE_CHARCOAL;XIRECS;9655.0;1;4;4
874500;;;TRANSLATOR_GRAPHITE_MIST;XIRECS;10043.0;1;4;4
874500;;;TRANSLATOR_SPACE_GRAY;XIRECS;8490.0;1;4;4
874500;;;TRANSLATOR_VOID_BLUE;XIRECS;11542.0;1;4;4
874500;;;UV_VISOR_AMBER;XIRECS;6860.0;1;4;4
874500;;;UV_VISOR_MAGENTA;XIRECS;11774.0;1;4;4
874500;;;UV_VISOR_ORANGE;XIRECS;10411.0;1;4;4
874500;;;UV_VISOR_RED;XIRECS;11861.0;1;4;4
874500;;;UV_VISOR_YELLOW;XIRECS;9839.0;1;4;4
874700;;;MICROCHIP_CIRCLE;XIRECS;10359.0;3;4;4
874700;;;MICROCHIP_OVAL;XIRECS;5683.0;3;4;4
874700;;;MICROCHIP_RECTANGLE;XIRECS;8094.0;3;4;4
874700;;;MICROCHIP_SQUARE;XIRECS;14217.0;3;4;4
874700;;;MICROCHIP_TRIANGLE;XIRECS;8435.0;3;4;4
875500;SUBMISSION;;SNACKPACK_PISTACHIO;XIRECS;9116.0;5;4;4
875500;SUBMISSION;;SNACKPACK_STRAWBERRY;XIRECS;10842.0;5;4;4
875500;SUBMISSION;;SNACKPACK_VANILLA;XIRECS;10304.0;5;4;4
876300;SUBMISSION;;SNACKPACK_PISTACHIO;XIRECS;9119.0;2;4;4
876300;SUBMISSION;;SNACKPACK_STRAWBERRY;XIRECS;10845.0;2;4;4
876300;SUBMISSION;;SNACKPACK_VANILLA;XIRECS;10341.0;2;4;4
876500;;;GALAXY_SOUNDS_BLACK_HOLES;XIRECS;13242.0;3;4;4
876500;;;GALAXY_SOUNDS_DARK_MATTER;XIRECS;9818.0;3;4;4
876500;;;GALAXY_SOUNDS_PLANETARY_RINGS;XIRECS;10307.0;3;4;4
876500;;;GALAXY_SOUNDS_SOLAR_FLAMES;XIRECS;10879.0;3;4;4
876500;;;GALAXY_SOUNDS_SOLAR_WINDS;XIRECS;10921.0;3;4;4
876500;;;OXYGEN_SHAKE_CHOCOLATE;XIRECS;10501.0;3;4;4
876500;;;OXYGEN_SHAKE_EVENING_BREATH;XIRECS;9504.0;3;4;4
876500;;;OXYGEN_SHAKE_GARLIC;XIRECS;13686.0;3;4;4
876500;;;OXYGEN_SHAKE_MINT;XIRECS;9673.0;3;4;4
876500;;;OXYGEN_SHAKE_MORNING_BREATH;XIRECS;9577.0;3;4;4
876500;;;PANEL_1X2;XIRECS;9458.0;3;4;4
876500;;;PANEL_1X4;XIRECS;8750.0;3;4;4
876500;;;PANEL_2X2;XIRECS;8895.0;3;4;4
876500;;;PANEL_2X4;XIRECS;12259.0;3;4;4
876500;;;PANEL_4X4;XIRECS;9762.0;3;4;4
876500;;;ROBOT_DISHES;XIRECS;10996.0;3;4;4
876500;;;ROBOT_IRONING;XIRECS;7647.0;3;4;4
876500;;;ROBOT_LAUNDRY;XIRECS;9107.0;3;4;4
876500;;;ROBOT_MOPPING;XIRECS;11373.0;3;4;4
876500;;;ROBOT_VACUUMING;XIRECS;8660.0;3;4;4
876500;;;SLEEP_POD_COTTON;XIRECS;11455.0;3;4;4
876500;;;SLEEP_POD_LAMB_WOOL;XIRECS;11003.0;3;4;4
876500;;;SLEEP_POD_NYLON;XIRECS;10479.0;3;4;4
876500;;;SLEEP_POD_POLYESTER;XIRECS;12225.0;3;4;4
876500;;;SLEEP_POD_SUEDE;XIRECS;11969.0;3;4;4
876500;;;SNACKPACK_CHOCOLATE;XIRECS;9572.0;3;4;4
876500;;;SNACKPACK_PISTACHIO;XIRECS;9117.0;3;4;4
876500;;;SNACKPACK_RASPBERRY;XIRECS;10292.0;3;4;4
876500;;;SNACKPACK_STRAWBERRY;XIRECS;10847.0;3;4;4
876500;;;SNACKPACK_VANILLA;XIRECS;10334.0;3;4;4
876500;;;TRANSLATOR_ASTRO_BLACK;XIRECS;8935.0;3;4;4
876500;;;TRANSLATOR_ECLIPSE_CHARCOAL;XIRECS;9649.0;3;4;4
876500;;;TRANSLATOR_GRAPHITE_MIST;XIRECS;10050.0;3;4;4
876500;;;TRANSLATOR_SPACE_GRAY;XIRECS;8520.0;3;4;4
876500;;;TRANSLATOR_VOID_BLUE;XIRECS;11530.0;3;4;4
876500;;;UV_VISOR_AMBER;XIRECS;6882.0;3;4;4
876500;;;UV_VISOR_MAGENTA;XIRECS;11692.0;3;4;4
876500;;;UV_VISOR_ORANGE;XIRECS;10433.0;3;4;4
876500;;;UV_VISOR_RED;XIRECS;11890.0;3;4;4
876500;;;UV_VISOR_YELLOW;XIRECS;9803.0;3;4;4
876600;SUBMISSION;;OXYGEN_SHAKE_MORNING_BREATH;XIRECS;9593.0;5;4;4
876900;SUBMISSION;;UV_VISOR_AMBER;XIRECS;6932.0;5;4;4
877300;;SUBMISSION;PEBBLES_XL;XIRECS;16559.0;2;4;4
877300;;;PEBBLES_L;XIRECS;9141.0;3;4;4
877300;;;PEBBLES_M;XIRECS;11276.0;3;4;4
877300;;;PEBBLES_S;XIRECS;7175.0;3;4;4
877300;;;PEBBLES_XS;XIRECS;5881.0;3;4;4
877400;;SUBMISSION;MICROCHIP_OVAL;XIRECS;5668.0;5;4;4
877500;;;GALAXY_SOUNDS_BLACK_HOLES;XIRECS;13266.0;4;4;4
877500;;;GALAXY_SOUNDS_DARK_MATTER;XIRECS;9847.0;4;4;4
877500;;;GALAXY_SOUNDS_PLANETARY_RINGS;XIRECS;10325.0;4;4;4
877500;;;GALAXY_SOUNDS_SOLAR_FLAMES;XIRECS;10836.0;4;4;4
877500;;;GALAXY_SOUNDS_SOLAR_WINDS;XIRECS;10871.0;4;4;4
877500;;;OXYGEN_SHAKE_CHOCOLATE;XIRECS;10478.0;4;4;4
877500;;;OXYGEN_SHAKE_EVENING_BREATH;XIRECS;9554.0;4;4;4
877500;;;OXYGEN_SHAKE_GARLIC;XIRECS;13647.0;4;4;4
877500;;;OXYGEN_SHAKE_MINT;XIRECS;9651.0;4;4;4
877500;;;OXYGEN_SHAKE_MORNING_BREATH;XIRECS;9557.0;4;4;4
877500;;;PANEL_1X2;XIRECS;9475.0;4;4;4
877500;;;PANEL_1X4;XIRECS;8794.0;4;4;4
877500;;;PANEL_2X2;XIRECS;8875.0;4;4;4
877500;;;PANEL_2X4;XIRECS;12250.0;4;4;4
877500;;;PANEL_4X4;XIRECS;9726.0;4;4;4
877500;;;ROBOT_DISHES;XIRECS;10996.0;4;4;4
877500;;;ROBOT_IRONING;XIRECS;7657.0;4;4;4
877500;;;ROBOT_LAUNDRY;XIRECS;9126.0;4;4;4
877500;;;ROBOT_MOPPING;XIRECS;11375.0;4;4;4
877500;;;ROBOT_VACUUMING;XIRECS;8645.0;4;4;4
877500;;;SLEEP_POD_COTTON;XIRECS;11489.0;4;4;4
877500;;;SLEEP_POD_LAMB_WOOL;XIRECS;11050.0;4;4;4
877500;;;SLEEP_POD_NYLON;XIRECS;10430.0;4;4;4
877500;;;SLEEP_POD_POLYESTER;XIRECS;12276.0;4;4;4
877500;;;SLEEP_POD_SUEDE;XIRECS;11961.0;4;4;4
877500;;;SNACKPACK_CHOCOLATE;XIRECS;9580.0;4;4;4
877500;;;SNACKPACK_PISTACHIO;XIRECS;9108.0;4;4;4
877500;;;SNACKPACK_RASPBERRY;XIRECS;10296.0;4;4;4
877500;;;SNACKPACK_STRAWBERRY;XIRECS;10833.0;4;4;4
877500;;;SNACKPACK_VANILLA;XIRECS;10334.0;4;4;4
877500;;;TRANSLATOR_ASTRO_BLACK;XIRECS;8913.0;4;4;4
877500;;;TRANSLATOR_ECLIPSE_CHARCOAL;XIRECS;9643.0;4;4;4
877500;;;TRANSLATOR_GRAPHITE_MIST;XIRECS;10097.0;4;4;4
877500;;;TRANSLATOR_SPACE_GRAY;XIRECS;8505.0;4;4;4
877500;;;TRANSLATOR_VOID_BLUE;XIRECS;11509.0;4;4;4
877500;;;UV_VISOR_AMBER;XIRECS;6917.0;4;4;4
877500;;;UV_VISOR_MAGENTA;XIRECS;11727.0;4;4;4
877500;;;UV_VISOR_ORANGE;XIRECS;10403.0;4;4;4
877500;;;UV_VISOR_RED;XIRECS;11848.0;4;4;4
877500;;;UV_VISOR_YELLOW;XIRECS;9803.0;4;4;4
879000;;SUBMISSION;PEBBLES_XL;XIRECS;16509.0;5;4;4
879500;;SUBMISSION;SNACKPACK_PISTACHIO;XIRECS;9099.0;2;4;4
879500;;SUBMISSION;SNACKPACK_STRAWBERRY;XIRECS;10811.0;2;4;4
879500;;SUBMISSION;SNACKPACK_VANILLA;XIRECS;10349.0;2;4;4
880100;SUBMISSION;;MICROCHIP_OVAL;XIRECS;5742.0;4;4;4
880200;SUBMISSION;;MICROCHIP_OVAL;XIRECS;5738.0;1;4;4
881300;;;MICROCHIP_CIRCLE;XIRECS;10404.0;1;4;4
881300;;;MICROCHIP_OVAL;XIRECS;5744.0;1;4;4
881300;;;MICROCHIP_RECTANGLE;XIRECS;8172.0;1;4;4
881300;;;MICROCHIP_SQUARE;XIRECS;14284.0;1;4;4
881300;;;MICROCHIP_TRIANGLE;XIRECS;8508.0;1;4;4
881500;;;MICROCHIP_CIRCLE;XIRECS;10433.0;1;4;4
881500;;;MICROCHIP_OVAL;XIRECS;5743.0;1;4;4
881500;;;MICROCHIP_RECTANGLE;XIRECS;8180.0;1;4;4
881500;;;MICROCHIP_SQUARE;XIRECS;14247.0;1;4;4
881500;;;MICROCHIP_TRIANGLE;XIRECS;8519.0;1;4;4
881800;;SUBMISSION;SNACKPACK_PISTACHIO;XIRECS;9123.0;4;4;4
881800;;SUBMISSION;SNACKPACK_STRAWBERRY;XIRECS;10869.0;4;4;4
881800;;SUBMISSION;SNACKPACK_VANILLA;XIRECS;10360.0;4;4;4
882300;;;MICROCHIP_CIRCLE;XIRECS;10471.0;2;4;4
882300;;;MICROCHIP_OVAL;XIRECS;5752.0;2;4;4
882300;;;MICROCHIP_RECTANGLE;XIRECS;8216.0;2;4;4
882300;;;MICROCHIP_SQUARE;XIRECS;14287.0;2;4;4
882300;;;MICROCHIP_TRIANGLE;XIRECS;8491.0;2;4;4
883000;;SUBMISSION;PEBBLES_XL;XIRECS;16555.0;8;4;4
883200;;SUBMISSION;ROBOT_IRONING;XIRECS;7607.0;5;4;4
883500;SUBMISSION;;PEBBLES_XL;XIRECS;16491.0;2;4;4
883500;;;PEBBLES_L;XIRECS;9246.0;3;4;4
883500;;;PEBBLES_M;XIRECS;11360.0;3;4;4
883500;;;PEBBLES_S;XIRECS;6995.0;3;4;4
883500;;;PEBBLES_XS;XIRECS;5876.0;3;4;4
883600;SUBMISSION;;PEBBLES_XL;XIRECS;16476.0;8;4;4
884400;;SUBMISSION;PEBBLES_XL;XIRECS;16555.0;5;4;4
885500;SUBMISSION;;SNACKPACK_PISTACHIO;XIRECS;9089.0;5;4;4
885500;SUBMISSION;;SNACKPACK_STRAWBERRY;XIRECS;10844.0;5;4;4
885500;SUBMISSION;;SNACKPACK_VANILLA;XIRECS;10331.0;5;4;4
886000;;SUBMISSION;SNACKPACK_PISTACHIO;XIRECS;9100.0;2;4;4
886000;;SUBMISSION;SNACKPACK_STRAWBERRY;XIRECS;10861.0;2;4;4
886000;;SUBMISSION;SNACKPACK_VANILLA;XIRECS;10365.0;2;4;4
886000;;;GALAXY_SOUNDS_BLACK_HOLES;XIRECS;13477.0;4;4;4
886000;;;GALAXY_SOUNDS_DARK_MATTER;XIRECS;9983.0;4;4;4
886000;;;GALAXY_SOUNDS_PLANETARY_RINGS;XIRECS;10320.0;4;4;4
886000;;;GALAXY_SOUNDS_SOLAR_FLAMES;XIRECS;10763.0;4;4;4
886000;;;GALAXY_SOUNDS_SOLAR_WINDS;XIRECS;10769.0;4;4;4
886000;;;OXYGEN_SHAKE_CHOCOLATE;XIRECS;10445.0;4;4;4
886000;;;OXYGEN_SHAKE_EVENING_BREATH;XIRECS;9556.0;4;4;4
886000;;;OXYGEN_SHAKE_GARLIC;XIRECS;13644.0;4;4;4
886000;;;OXYGEN_SHAKE_MINT;XIRECS;9603.0;4;4;4
886000;;;OXYGEN_SHAKE_MORNING_BREATH;XIRECS;9647.0;4;4;4
886000;;;PANEL_1X2;XIRECS;9471.0;4;4;4
886000;;;PANEL_1X4;XIRECS;8853.0;4;4;4
886000;;;PANEL_2X2;XIRECS;8808.0;4;4;4
886000;;;PANEL_2X4;XIRECS;12265.0;4;4;4
886000;;;PANEL_4X4;XIRECS;9862.0;4;4;4
886000;;;ROBOT_DISHES;XIRECS;11004.0;4;4;4
886000;;;ROBOT_IRONING;XIRECS;7603.0;4;4;4
886000;;;ROBOT_LAUNDRY;XIRECS;9163.0;4;4;4
886000;;;ROBOT_MOPPING;XIRECS;11281.0;4;4;4
886000;;;ROBOT_VACUUMING;XIRECS;8696.0;4;4;4
886000;;;SLEEP_POD_COTTON;XIRECS;11518.0;4;4;4
886000;;;SLEEP_POD_LAMB_WOOL;XIRECS;11215.0;4;4;4
886000;;;SLEEP_POD_NYLON;XIRECS;10491.0;4;4;4
886000;;;SLEEP_POD_POLYESTER;XIRECS;12467.0;4;4;4
886000;;;SLEEP_POD_SUEDE;XIRECS;12028.0;4;4;4
886000;;;SNACKPACK_CHOCOLATE;XIRECS;9576.0;4;4;4
886000;;;SNACKPACK_RASPBERRY;XIRECS;10318.0;4;4;4
886000;;;TRANSLATOR_ASTRO_BLACK;XIRECS;8898.0;4;4;4
886000;;;TRANSLATOR_ECLIPSE_CHARCOAL;XIRECS;9617.0;4;4;4
886000;;;TRANSLATOR_GRAPHITE_MIST;XIRECS;10051.0;4;4;4
886000;;;TRANSLATOR_SPACE_GRAY;XIRECS;8490.0;4;4;4
886000;;;TRANSLATOR_VOID_BLUE;XIRECS;11502.0;4;4;4
886000;;;UV_VISOR_AMBER;XIRECS;7038.0;4;4;4
886000;;;UV_VISOR_MAGENTA;XIRECS;11672.0;4;4;4
886000;;;UV_VISOR_ORANGE;XIRECS;10303.0;4;4;4
886000;;;UV_VISOR_RED;XIRECS;11896.0;4;4;4
886000;;;UV_VISOR_YELLOW;XIRECS;10050.0;4;4;4
886100;;SUBMISSION;PEBBLES_XL;XIRECS;16612.0;3;4;4
887400;;SUBMISSION;SNACKPACK_PISTACHIO;XIRECS;9110.0;1;4;4
887400;;SUBMISSION;SNACKPACK_STRAWBERRY;XIRECS;10855.0;1;4;4
887400;;SUBMISSION;SNACKPACK_VANILLA;XIRECS;10353.0;1;4;4
887400;;;GALAXY_SOUNDS_BLACK_HOLES;XIRECS;13502.0;1;4;4
887400;;;GALAXY_SOUNDS_DARK_MATTER;XIRECS;9988.0;1;4;4
887400;;;GALAXY_SOUNDS_PLANETARY_RINGS;XIRECS;10324.0;1;4;4
887400;;;GALAXY_SOUNDS_SOLAR_FLAMES;XIRECS;10734.0;1;4;4
887400;;;GALAXY_SOUNDS_SOLAR_WINDS;XIRECS;10751.0;1;4;4
887400;;;OXYGEN_SHAKE_CHOCOLATE;XIRECS;10494.0;1;4;4
887400;;;OXYGEN_SHAKE_EVENING_BREATH;XIRECS;9536.0;1;4;4
887400;;;OXYGEN_SHAKE_GARLIC;XIRECS;13719.0;1;4;4
887400;;;OXYGEN_SHAKE_MINT;XIRECS;9584.0;1;4;4
887400;;;OXYGEN_SHAKE_MORNING_BREATH;XIRECS;9627.0;1;4;4
887400;;;PANEL_1X2;XIRECS;9469.0;1;4;4
887400;;;PANEL_1X4;XIRECS;8865.0;1;4;4
887400;;;PANEL_2X2;XIRECS;8819.0;1;4;4
887400;;;PANEL_2X4;XIRECS;12311.0;1;4;4
887400;;;PANEL_4X4;XIRECS;9882.0;1;4;4
887400;;;ROBOT_DISHES;XIRECS;11104.0;1;4;4
887400;;;ROBOT_IRONING;XIRECS;7613.0;1;4;4
887400;;;ROBOT_LAUNDRY;XIRECS;9201.0;1;4;4
887400;;;ROBOT_MOPPING;XIRECS;11292.0;1;4;4
887400;;;ROBOT_VACUUMING;XIRECS;8710.0;1;4;4
887400;;;SLEEP_POD_COTTON;XIRECS;11528.0;1;4;4
887400;;;SLEEP_POD_LAMB_WOOL;XIRECS;11148.0;1;4;4
887400;;;SLEEP_POD_NYLON;XIRECS;10503.0;1;4;4
887400;;;SLEEP_POD_POLYESTER;XIRECS;12434.0;1;4;4
887400;;;SLEEP_POD_SUEDE;XIRECS;12038.0;1;4;4
887400;;;SNACKPACK_CHOCOLATE;XIRECS;9578.0;1;4;4
887400;;;SNACKPACK_RASPBERRY;XIRECS;10335.0;1;4;4
887400;;;TRANSLATOR_ASTRO_BLACK;XIRECS;8927.0;1;4;4
887400;;;TRANSLATOR_ECLIPSE_CHARCOAL;XIRECS;9568.0;1;4;4
887400;;;TRANSLATOR_GRAPHITE_MIST;XIRECS;9972.0;1;4;4
887400;;;TRANSLATOR_SPACE_GRAY;XIRECS;8516.0;1;4;4
887400;;;TRANSLATOR_VOID_BLUE;XIRECS;11416.0;1;4;4
887400;;;UV_VISOR_AMBER;XIRECS;7085.0;1;4;4
887400;;;UV_VISOR_MAGENTA;XIRECS;11636.0;1;4;4
887400;;;UV_VISOR_ORANGE;XIRECS;10312.0;1;4;4
887400;;;UV_VISOR_RED;XIRECS;11842.0;1;4;4
887400;;;UV_VISOR_YELLOW;XIRECS;9987.0;1;4;4
888200;;SUBMISSION;ROBOT_IRONING;XIRECS;7597.0;4;4;4
888300;;SUBMISSION;ROBOT_IRONING;XIRECS;7587.0;1;4;4
889500;;SUBMISSION;PEBBLES_XL;XIRECS;16706.0;4;4;4
890100;SUBMISSION;;SNACKPACK_PISTACHIO;XIRECS;9101.0;4;4;4
890100;SUBMISSION;;SNACKPACK_STRAWBERRY;XIRECS;10851.0;4;4;4
890100;SUBMISSION;;SNACKPACK_VANILLA;XIRECS;10403.0;4;4;4
890600;;;MICROCHIP_CIRCLE;XIRECS;10549.0;2;4;4
890600;;;MICROCHIP_OVAL;XIRECS;5733.0;2;4;4
890600;;;MICROCHIP_RECTANGLE;XIRECS;8445.0;2;4;4
890600;;;MICROCHIP_SQUARE;XIRECS;14206.0;2;4;4
890600;;;MICROCHIP_TRIANGLE;XIRECS;8241.0;2;4;4
891100;;SUBMISSION;SNACKPACK_PISTACHIO;XIRECS;9082.0;2;4;4
891100;;SUBMISSION;SNACKPACK_STRAWBERRY;XIRECS;10849.0;2;4;4
891100;;SUBMISSION;SNACKPACK_VANILLA;XIRECS;10407.0;2;4;4
891100;;;GALAXY_SOUNDS_BLACK_HOLES;XIRECS;13569.0;4;4;4
891100;;;GALAXY_SOUNDS_DARK_MATTER;XIRECS;9888.0;4;4;4
891100;;;GALAXY_SOUNDS_PLANETARY_RINGS;XIRECS;10270.0;4;4;4
891100;;;GALAXY_SOUNDS_SOLAR_FLAMES;XIRECS;10769.0;4;4;4
891100;;;GALAXY_SOUNDS_SOLAR_WINDS;XIRECS;10765.0;4;4;4
891100;;;OXYGEN_SHAKE_CHOCOLATE;XIRECS;10447.0;4;4;4
891100;;;OXYGEN_SHAKE_EVENING_BREATH;XIRECS;9486.0;4;4;4
891100;;;OXYGEN_SHAKE_GARLIC;XIRECS;13677.0;4;4;4
891100;;;OXYGEN_SHAKE_MINT;XIRECS;9734.0;4;4;4
891100;;;OXYGEN_SHAKE_MORNING_BREATH;XIRECS;9628.0;4;4;4
891100;;;PANEL_1X2;XIRECS;9582.0;4;4;4
891100;;;PANEL_1X4;XIRECS;8920.0;4;4;4
891100;;;PANEL_2X2;XIRECS;8777.0;4;4;4
891100;;;PANEL_2X4;XIRECS;12284.0;4;4;4
891100;;;PANEL_4X4;XIRECS;9922.0;4;4;4
891100;;;ROBOT_DISHES;XIRECS;11104.0;4;4;4
891100;;;ROBOT_IRONING;XIRECS;7593.0;4;4;4
891100;;;ROBOT_LAUNDRY;XIRECS;9206.0;4;4;4
891100;;;ROBOT_MOPPING;XIRECS;11270.0;4;4;4
891100;;;ROBOT_VACUUMING;XIRECS;8685.0;4;4;4
891100;;;SLEEP_POD_COTTON;XIRECS;11639.0;4;4;4
891100;;;SLEEP_POD_LAMB_WOOL;XIRECS;11117.0;4;4;4
891100;;;SLEEP_POD_NYLON;XIRECS;10594.0;4;4;4
891100;;;SLEEP_POD_POLYESTER;XIRECS;12419.0;4;4;4
891100;;;SLEEP_POD_SUEDE;XIRECS;11997.0;4;4;4
891100;;;SNACKPACK_CHOCOLATE;XIRECS;9535.0;4;4;4
891100;;;SNACKPACK_RASPBERRY;XIRECS;10343.0;4;4;4
891100;;;TRANSLATOR_ASTRO_BLACK;XIRECS;8897.0;4;4;4
891100;;;TRANSLATOR_ECLIPSE_CHARCOAL;XIRECS;9526.0;4;4;4
891100;;;TRANSLATOR_GRAPHITE_MIST;XIRECS;9972.0;4;4;4
891100;;;TRANSLATOR_SPACE_GRAY;XIRECS;8459.0;4;4;4
891100;;;TRANSLATOR_VOID_BLUE;XIRECS;11437.0;4;4;4
891100;;;UV_VISOR_AMBER;XIRECS;7065.0;4;4;4
891100;;;UV_VISOR_MAGENTA;XIRECS;11673.0;4;4;4
891100;;;UV_VISOR_ORANGE;XIRECS;10302.0;4;4;4
891100;;;UV_VISOR_RED;XIRECS;11857.0;4;4;4
891100;;;UV_VISOR_YELLOW;XIRECS;9957.0;4;4;4
891200;;SUBMISSION;SNACKPACK_PISTACHIO;XIRECS;9087.0;2;4;4
891200;;SUBMISSION;SNACKPACK_STRAWBERRY;XIRECS;10850.0;2;4;4
891200;;SUBMISSION;SNACKPACK_VANILLA;XIRECS;10409.0;2;4;4
891200;;;GALAXY_SOUNDS_BLACK_HOLES;XIRECS;13578.0;2;4;4
891200;;;GALAXY_SOUNDS_DARK_MATTER;XIRECS;9892.0;2;4;4
891200;;;GALAXY_SOUNDS_PLANETARY_RINGS;XIRECS;10272.0;2;4;4
891200;;;GALAXY_SOUNDS_SOLAR_FLAMES;XIRECS;10765.0;2;4;4
891200;;;GALAXY_SOUNDS_SOLAR_WINDS;XIRECS;10765.0;2;4;4
891200;;;OXYGEN_SHAKE_CHOCOLATE;XIRECS;10442.0;2;4;4
891200;;;OXYGEN_SHAKE_EVENING_BREATH;XIRECS;9496.0;2;4;4
891200;;;OXYGEN_SHAKE_GARLIC;XIRECS;13672.0;2;4;4
891200;;;OXYGEN_SHAKE_MINT;XIRECS;9752.0;2;4;4
891200;;;OXYGEN_SHAKE_MORNING_BREATH;XIRECS;9634.0;2;4;4
891200;;;PANEL_1X2;XIRECS;9575.0;2;4;4
891200;;;PANEL_1X4;XIRECS;8929.0;2;4;4
891200;;;PANEL_2X2;XIRECS;8772.0;2;4;4
891200;;;PANEL_2X4;XIRECS;12306.0;2;4;4
891200;;;PANEL_4X4;XIRECS;9920.0;2;4;4
891200;;;ROBOT_DISHES;XIRECS;11104.0;2;4;4
891200;;;ROBOT_IRONING;XIRECS;7593.0;2;4;4
891200;;;ROBOT_LAUNDRY;XIRECS;9190.0;2;4;4
891200;;;ROBOT_MOPPING;XIRECS;11276.0;2;4;4
891200;;;ROBOT_VACUUMING;XIRECS;8690.0;2;4;4
891200;;;SLEEP_POD_COTTON;XIRECS;11617.0;2;4;4
891200;;;SLEEP_POD_LAMB_WOOL;XIRECS;11119.0;2;4;4
891200;;;SLEEP_POD_NYLON;XIRECS;10585.0;2;4;4
891200;;;SLEEP_POD_POLYESTER;XIRECS;12442.0;2;4;4
891200;;;SLEEP_POD_SUEDE;XIRECS;11990.0;2;4;4
891200;;;SNACKPACK_CHOCOLATE;XIRECS;9534.0;2;4;4
891200;;;SNACKPACK_RASPBERRY;XIRECS;10344.0;2;4;4
891200;;;TRANSLATOR_ASTRO_BLACK;XIRECS;8895.0;2;4;4
891200;;;TRANSLATOR_ECLIPSE_CHARCOAL;XIRECS;9526.0;2;4;4
891200;;;TRANSLATOR_GRAPHITE_MIST;XIRECS;9980.0;2;4;4
891200;;;TRANSLATOR_SPACE_GRAY;XIRECS;8473.0;2;4;4
891200;;;TRANSLATOR_VOID_BLUE;XIRECS;11444.0;2;4;4
891200;;;UV_VISOR_AMBER;XIRECS;7076.0;2;4;4
891200;;;UV_VISOR_MAGENTA;XIRECS;11668.0;2;4;4
891200;;;UV_VISOR_ORANGE;XIRECS;10295.0;2;4;4
891200;;;UV_VISOR_RED;XIRECS;11842.0;2;4;4
891200;;;UV_VISOR_YELLOW;XIRECS;9968.0;2;4;4
892000;;SUBMISSION;SNACKPACK_PISTACHIO;XIRECS;9068.0;4;4;4
892000;;SUBMISSION;SNACKPACK_STRAWBERRY;XIRECS;10831.0;4;4;4
892000;;SUBMISSION;SNACKPACK_VANILLA;XIRECS;10393.0;4;4;4
892300;;;MICROCHIP_CIRCLE;XIRECS;10549.0;2;4;4
892300;;;MICROCHIP_OVAL;XIRECS;5733.0;2;4;4
892300;;;MICROCHIP_RECTANGLE;XIRECS;8381.0;2;4;4
892300;;;MICROCHIP_SQUARE;XIRECS;14312.0;2;4;4
892300;;;MICROCHIP_TRIANGLE;XIRECS;8287.0;2;4;4
894200;SUBMISSION;;ROBOT_IRONING;XIRECS;7653.0;5;4;4
894800;;;MICROCHIP_CIRCLE;XIRECS;10554.0;1;4;4
894800;;;MICROCHIP_OVAL;XIRECS;5783.0;1;4;4
894800;;;MICROCHIP_RECTANGLE;XIRECS;8422.0;1;4;4
894800;;;MICROCHIP_SQUARE;XIRECS;14449.0;1;4;4
894800;;;MICROCHIP_TRIANGLE;XIRECS;8232.0;1;4;4
894900;SUBMISSION;;MICROCHIP_OVAL;XIRECS;5781.0;5;4;4
896100;;;MICROCHIP_CIRCLE;XIRECS;10501.0;3;4;4
896100;;;MICROCHIP_OVAL;XIRECS;5740.0;3;4;4
896100;;;MICROCHIP_RECTANGLE;XIRECS;8325.0;3;4;4
896100;;;MICROCHIP_SQUARE;XIRECS;14343.0;3;4;4
896100;;;MICROCHIP_TRIANGLE;XIRECS;8194.0;3;4;4
896500;;;GALAXY_SOUNDS_BLACK_HOLES;XIRECS;13611.0;3;4;4
896500;;;GALAXY_SOUNDS_DARK_MATTER;XIRECS;9928.0;3;4;4
896500;;;GALAXY_SOUNDS_PLANETARY_RINGS;XIRECS;10234.0;3;4;4
896500;;;GALAXY_SOUNDS_SOLAR_FLAMES;XIRECS;10827.0;3;4;4
896500;;;GALAXY_SOUNDS_SOLAR_WINDS;XIRECS;10750.0;3;4;4
896500;;;OXYGEN_SHAKE_CHOCOLATE;XIRECS;10470.0;3;4;4
896500;;;OXYGEN_SHAKE_EVENING_BREATH;XIRECS;9446.0;3;4;4
896500;;;OXYGEN_SHAKE_GARLIC;XIRECS;13737.0;3;4;4
896500;;;OXYGEN_SHAKE_MINT;XIRECS;9594.0;3;4;4
896500;;;OXYGEN_SHAKE_MORNING_BREATH;XIRECS;9601.0;3;4;4
896500;;;PANEL_1X2;XIRECS;9552.0;3;4;4
896500;;;PANEL_1X4;XIRECS;8879.0;3;4;4
896500;;;PANEL_2X2;XIRECS;8919.0;3;4;4
896500;;;PANEL_2X4;XIRECS;12284.0;3;4;4
896500;;;PANEL_4X4;XIRECS;9866.0;3;4;4
896500;;;ROBOT_DISHES;XIRECS;11104.0;3;4;4
896500;;;ROBOT_IRONING;XIRECS;7643.0;3;4;4
896500;;;ROBOT_LAUNDRY;XIRECS;9117.0;3;4;4
896500;;;ROBOT_MOPPING;XIRECS;11300.0;3;4;4
896500;;;ROBOT_VACUUMING;XIRECS;8691.0;3;4;4
896500;;;SLEEP_POD_COTTON;XIRECS;11655.0;3;4;4
896500;;;SLEEP_POD_LAMB_WOOL;XIRECS;10938.0;3;4;4
896500;;;SLEEP_POD_NYLON;XIRECS;10538.0;3;4;4
896500;;;SLEEP_POD_POLYESTER;XIRECS;12355.0;3;4;4
896500;;;SLEEP_POD_SUEDE;XIRECS;12007.0;3;4;4
896500;;;SNACKPACK_CHOCOLATE;XIRECS;9532.0;3;4;4
896500;;;SNACKPACK_PISTACHIO;XIRECS;9087.0;3;4;4
896500;;;SNACKPACK_RASPBERRY;XIRECS;10352.0;3;4;4
896500;;;SNACKPACK_STRAWBERRY;XIRECS;10855.0;3;4;4
896500;;;SNACKPACK_VANILLA;XIRECS;10412.0;3;4;4
896500;;;TRANSLATOR_ASTRO_BLACK;XIRECS;8938.0;3;4;4
896500;;;TRANSLATOR_ECLIPSE_CHARCOAL;XIRECS;9421.0;3;4;4
896500;;;TRANSLATOR_GRAPHITE_MIST;XIRECS;9820.0;3;4;4
896500;;;TRANSLATOR_SPACE_GRAY;XIRECS;8486.0;3;4;4
896500;;;TRANSLATOR_VOID_BLUE;XIRECS;11373.0;3;4;4
896500;;;UV_VISOR_AMBER;XIRECS;6990.0;3;4;4
896500;;;UV_VISOR_MAGENTA;XIRECS;11747.0;3;4;4
896500;;;UV_VISOR_ORANGE;XIRECS;10274.0;3;4;4
896500;;;UV_VISOR_RED;XIRECS;11880.0;3;4;4
896500;;;UV_VISOR_YELLOW;XIRECS;9926.0;3;4;4
898000;SUBMISSION;;SNACKPACK_PISTACHIO;XIRECS;9058.0;2;4;4
898000;SUBMISSION;;SNACKPACK_STRAWBERRY;XIRECS;10809.0;2;4;4
898000;SUBMISSION;;SNACKPACK_VANILLA;XIRECS;10396.0;2;4;4
898000;;;GALAXY_SOUNDS_BLACK_HOLES;XIRECS;13674.0;2;4;4
898000;;;GALAXY_SOUNDS_DARK_MATTER;XIRECS;9970.0;2;4;4
898000;;;GALAXY_SOUNDS_PLANETARY_RINGS;XIRECS;10254.0;2;4;4
898000;;;GALAXY_SOUNDS_SOLAR_FLAMES;XIRECS;10820.0;2;4;4
898000;;;GALAXY_SOUNDS_SOLAR_WINDS;XIRECS;10698.0;2;4;4
898000;;;OXYGEN_SHAKE_CHOCOLATE;XIRECS;10509.0;2;4;4
898000;;;OXYGEN_SHAKE_EVENING_BREATH;XIRECS;9404.0;2;4;4
898000;;;OXYGEN_SHAKE_GARLIC;XIRECS;13669.0;2;4;4
898000;;;OXYGEN_SHAKE_MINT;XIRECS;9556.0;2;4;4
898000;;;OXYGEN_SHAKE_MORNING_BREATH;XIRECS;9533.0;2;4;4
898000;;;PANEL_1X2;XIRECS;9587.0;2;4;4
898000;;;PANEL_1X4;XIRECS;8856.0;2;4;4
898000;;;PANEL_2X2;XIRECS;8944.0;2;4;4
898000;;;PANEL_2X4;XIRECS;12274.0;2;4;4
898000;;;PANEL_4X4;XIRECS;9813.0;2;4;4
898000;;;ROBOT_DISHES;XIRECS;11096.0;2;4;4
898000;;;ROBOT_IRONING;XIRECS;7637.0;2;4;4
898000;;;ROBOT_LAUNDRY;XIRECS;9165.0;2;4;4
898000;;;ROBOT_MOPPING;XIRECS;11296.0;2;4;4
898000;;;ROBOT_VACUUMING;XIRECS;8665.0;2;4;4
898000;;;SLEEP_POD_COTTON;XIRECS;11594.0;2;4;4
898000;;;SLEEP_POD_LAMB_WOOL;XIRECS;10894.0;2;4;4
898000;;;SLEEP_POD_NYLON;XIRECS;10495.0;2;4;4
898000;;;SLEEP_POD_POLYESTER;XIRECS;12329.0;2;4;4
898000;;;SLEEP_POD_SUEDE;XIRECS;11979.0;2;4;4
898000;;;SNACKPACK_CHOCOLATE;XIRECS;9520.0;2;4;4
898000;;;SNACKPACK_RASPBERRY;XIRECS;10359.0;2;4;4
898000;;;TRANSLATOR_ASTRO_BLACK;XIRECS;8907.0;2;4;4
898000;;;TRANSLATOR_ECLIPSE_CHARCOAL;XIRECS;9427.0;2;4;4
898000;;;TRANSLATOR_GRAPHITE_MIST;XIRECS;9828.0;2;4;4
898000;;;TRANSLATOR_SPACE_GRAY;XIRECS;8469.0;2;4;4
898000;;;TRANSLATOR_VOID_BLUE;XIRECS;11415.0;2;4;4
898000;;;UV_VISOR_AMBER;XIRECS;6982.0;2;4;4
898000;;;UV_VISOR_MAGENTA;XIRECS;11738.0;2;4;4
898000;;;UV_VISOR_ORANGE;XIRECS;10201.0;2;4;4
898000;;;UV_VISOR_RED;XIRECS;11792.0;2;4;4
898000;;;UV_VISOR_YELLOW;XIRECS;9960.0;2;4;4
898300;SUBMISSION;;SNACKPACK_PISTACHIO;XIRECS;9054.0;5;4;4
898300;SUBMISSION;;SNACKPACK_STRAWBERRY;XIRECS;10809.0;5;4;4
898300;;SUBMISSION;OXYGEN_SHAKE_MORNING_BREATH;XIRECS;9537.0;5;4;4
898300;SUBMISSION;;SNACKPACK_VANILLA;XIRECS;10409.0;5;4;4
898500;;;GALAXY_SOUNDS_BLACK_HOLES;XIRECS;13655.0;2;4;4
898500;;;GALAXY_SOUNDS_DARK_MATTER;XIRECS;9972.0;2;4;4
898500;;;GALAXY_SOUNDS_PLANETARY_RINGS;XIRECS;10212.0;2;4;4
898500;;;GALAXY_SOUNDS_SOLAR_FLAMES;XIRECS;10842.0;2;4;4
898500;;;GALAXY_SOUNDS_SOLAR_WINDS;XIRECS;10667.0;2;4;4
898500;;;OXYGEN_SHAKE_CHOCOLATE;XIRECS;10504.0;2;4;4
898500;;;OXYGEN_SHAKE_EVENING_BREATH;XIRECS;9424.0;2;4;4
898500;;;OXYGEN_SHAKE_GARLIC;XIRECS;13635.0;2;4;4
898500;;;OXYGEN_SHAKE_MINT;XIRECS;9559.0;2;4;4
898500;;;OXYGEN_SHAKE_MORNING_BREATH;XIRECS;9545.0;2;4;4
898500;;;PANEL_1X2;XIRECS;9572.0;2;4;4
898500;;;PANEL_1X4;XIRECS;8844.0;2;4;4
898500;;;PANEL_2X2;XIRECS;8918.0;2;4;4
898500;;;PANEL_2X4;XIRECS;12292.0;2;4;4
898500;;;PANEL_4X4;XIRECS;9820.0;2;4;4
898500;;;ROBOT_DISHES;XIRECS;11096.0;2;4;4
898500;;;ROBOT_IRONING;XIRECS;7637.0;2;4;4
898500;;;ROBOT_LAUNDRY;XIRECS;9169.0;2;4;4
898500;;;ROBOT_MOPPING;XIRECS;11294.0;2;4;4
898500;;;ROBOT_VACUUMING;XIRECS;8652.0;2;4;4
898500;;;SLEEP_POD_COTTON;XIRECS;11563.0;2;4;4
898500;;;SLEEP_POD_LAMB_WOOL;XIRECS;10930.0;2;4;4
898500;;;SLEEP_POD_NYLON;XIRECS;10493.0;2;4;4
898500;;;SLEEP_POD_POLYESTER;XIRECS;12322.0;2;4;4
898500;;;SLEEP_POD_SUEDE;XIRECS;12031.0;2;4;4
898500;;;SNACKPACK_CHOCOLATE;XIRECS;9515.0;2;4;4
898500;;;SNACKPACK_PISTACHIO;XIRECS;9042.0;2;4;4
898500;;;SNACKPACK_RASPBERRY;XIRECS;10380.0;2;4;4
898500;;;SNACKPACK_STRAWBERRY;XIRECS;10787.0;2;4;4
898500;;;SNACKPACK_VANILLA;XIRECS;10397.0;2;4;4
898500;;;TRANSLATOR_ASTRO_BLACK;XIRECS;8915.0;2;4;4
898500;;;TRANSLATOR_ECLIPSE_CHARCOAL;XIRECS;9429.0;2;4;4
898500;;;TRANSLATOR_GRAPHITE_MIST;XIRECS;9838.0;2;4;4
898500;;;TRANSLATOR_SPACE_GRAY;XIRECS;8435.0;2;4;4
898500;;;TRANSLATOR_VOID_BLUE;XIRECS;11371.0;2;4;4
898500;;;UV_VISOR_AMBER;XIRECS;6973.0;2;4;4
898500;;;UV_VISOR_MAGENTA;XIRECS;11716.0;2;4;4
898500;;;UV_VISOR_ORANGE;XIRECS;10184.0;2;4;4
898500;;;UV_VISOR_RED;XIRECS;11802.0;2;4;4
898500;;;UV_VISOR_YELLOW;XIRECS;9969.0;2;4;4
900100;;;MICROCHIP_CIRCLE;XIRECS;10597.0;1;4;4
900100;;;MICROCHIP_OVAL;XIRECS;5773.0;1;4;4
900100;;;MICROCHIP_RECTANGLE;XIRECS;8385.0;1;4;4
900100;;;MICROCHIP_SQUARE;XIRECS;14299.0;1;4;4
900100;;;MICROCHIP_TRIANGLE;XIRECS;8195.0;1;4;4
900600;;SUBMISSION;OXYGEN_SHAKE_MORNING_BREATH;XIRECS;9496.0;5;4;4
901400;;SUBMISSION;SNACKPACK_PISTACHIO;XIRECS;9102.0;2;4;4
901400;;SUBMISSION;SNACKPACK_STRAWBERRY;XIRECS;10845.0;2;4;4
901400;;SUBMISSION;SNACKPACK_VANILLA;XIRECS;10429.0;2;4;4
901800;SUBMISSION;;PEBBLES_XL;XIRECS;16237.0;6;4;4
902500;;SUBMISSION;OXYGEN_SHAKE_MORNING_BREATH;XIRECS;9405.0;5;4;4
902800;SUBMISSION;;ROBOT_IRONING;XIRECS;7693.0;5;4;4
904600;;SUBMISSION;SNACKPACK_PISTACHIO;XIRECS;9089.0;5;4;4
904600;;SUBMISSION;SNACKPACK_STRAWBERRY;XIRECS;10821.0;5;4;4
904600;;SUBMISSION;SNACKPACK_VANILLA;XIRECS;10453.0;5;4;4
905000;;SUBMISSION;OXYGEN_SHAKE_MORNING_BREATH;XIRECS;9402.0;5;4;4
905900;SUBMISSION;;PEBBLES_XL;XIRECS;16032.0;4;4;4
907300;;;MICROCHIP_CIRCLE;XIRECS;10611.0;3;4;4
907300;;;MICROCHIP_OVAL;XIRECS;5796.0;3;4;4
907300;;;MICROCHIP_RECTANGLE;XIRECS;8371.0;3;4;4
907300;;;MICROCHIP_SQUARE;XIRECS;14342.0;3;4;4
907300;;;MICROCHIP_TRIANGLE;XIRECS;8134.0;3;4;4
908200;SUBMISSION;;SNACKPACK_PISTACHIO;XIRECS;9122.0;3;4;4
908200;SUBMISSION;;SNACKPACK_STRAWBERRY;XIRECS;10900.0;3;4;4
908200;SUBMISSION;;SNACKPACK_VANILLA;XIRECS;10434.0;3;4;4
908400;SUBMISSION;;MICROCHIP_OVAL;XIRECS;5799.0;5;4;4
908500;;SUBMISSION;PEBBLES_XL;XIRECS;15875.0;7;4;4
908700;;SUBMISSION;MICROCHIP_OVAL;XIRECS;5759.0;5;4;4
909200;SUBMISSION;;SNACKPACK_PISTACHIO;XIRECS;9137.0;1;4;4
909200;SUBMISSION;;SNACKPACK_STRAWBERRY;XIRECS;10934.0;1;4;4
909200;SUBMISSION;;SNACKPACK_VANILLA;XIRECS;10413.0;1;4;4
909200;;;GALAXY_SOUNDS_BLACK_HOLES;XIRECS;13668.0;4;4;4
909200;;;GALAXY_SOUNDS_DARK_MATTER;XIRECS;9976.0;4;4;4
909200;;;GALAXY_SOUNDS_PLANETARY_RINGS;XIRECS;10235.0;4;4;4
909200;;;GALAXY_SOUNDS_SOLAR_FLAMES;XIRECS;10787.0;4;4;4
909200;;;GALAXY_SOUNDS_SOLAR_WINDS;XIRECS;10537.0;4;4;4
909200;;;OXYGEN_SHAKE_CHOCOLATE;XIRECS;10550.0;4;4;4
909200;;;OXYGEN_SHAKE_EVENING_BREATH;XIRECS;9424.0;4;4;4
909200;;;OXYGEN_SHAKE_GARLIC;XIRECS;13647.0;4;4;4
909200;;;OXYGEN_SHAKE_MINT;XIRECS;9592.0;4;4;4
909200;;;OXYGEN_SHAKE_MORNING_BREATH;XIRECS;9393.0;4;4;4
909200;;;PANEL_1X2;XIRECS;9594.0;4;4;4
909200;;;PANEL_1X4;XIRECS;8744.0;4;4;4
909200;;;PANEL_2X2;XIRECS;8890.0;4;4;4
909200;;;PANEL_2X4;XIRECS;12165.0;4;4;4
909200;;;PANEL_4X4;XIRECS;9754.0;4;4;4
909200;;;ROBOT_DISHES;XIRECS;11196.0;4;4;4
909200;;;ROBOT_IRONING;XIRECS;7677.0;4;4;4
909200;;;ROBOT_LAUNDRY;XIRECS;9294.0;4;4;4
909200;;;ROBOT_MOPPING;XIRECS;11156.0;4;4;4
909200;;;ROBOT_VACUUMING;XIRECS;8682.0;4;4;4
909200;;;SLEEP_POD_COTTON;XIRECS;11485.0;4;4;4
909200;;;SLEEP_POD_LAMB_WOOL;XIRECS;10980.0;4;4;4
909200;;;SLEEP_POD_NYLON;XIRECS;10644.0;4;4;4
909200;;;SLEEP_POD_POLYESTER;XIRECS;12258.0;4;4;4
909200;;;SLEEP_POD_SUEDE;XIRECS;11913.0;4;4;4
909200;;;SNACKPACK_CHOCOLATE;XIRECS;9519.0;4;4;4
909200;;;SNACKPACK_RASPBERRY;XIRECS;10215.0;4;4;4
909200;;;TRANSLATOR_ASTRO_BLACK;XIRECS;8824.0;4;4;4
909200;;;TRANSLATOR_ECLIPSE_CHARCOAL;XIRECS;9525.0;4;4;4
909200;;;TRANSLATOR_GRAPHITE_MIST;XIRECS;9834.0;4;4;4
909200;;;TRANSLATOR_SPACE_GRAY;XIRECS;8401.0;4;4;4
909200;;;TRANSLATOR_VOID_BLUE;XIRECS;11244.0;4;4;4
909200;;;UV_VISOR_AMBER;XIRECS;7036.0;4;4;4
909200;;;UV_VISOR_MAGENTA;XIRECS;11606.0;4;4;4
909200;;;UV_VISOR_ORANGE;XIRECS;9945.0;4;4;4
909200;;;UV_VISOR_RED;XIRECS;11874.0;4;4;4
909200;;;UV_VISOR_YELLOW;XIRECS;9948.0;4;4;4
910200;;SUBMISSION;SNACKPACK_PISTACHIO;XIRECS;9169.0;2;4;4
910200;;SUBMISSION;SNACKPACK_STRAWBERRY;XIRECS;10966.0;2;4;4
910200;;SUBMISSION;SNACKPACK_VANILLA;XIRECS;10421.0;2;4;4
910300;SUBMISSION;;SNACKPACK_PISTACHIO;XIRECS;9176.0;4;4;4
910300;SUBMISSION;;SNACKPACK_STRAWBERRY;XIRECS;10978.0;4;4;4
910300;SUBMISSION;;SNACKPACK_VANILLA;XIRECS;10427.0;4;4;4
912500;;SUBMISSION;SNACKPACK_PISTACHIO;XIRECS;9190.0;3;4;4
912500;;SUBMISSION;SNACKPACK_STRAWBERRY;XIRECS;11004.0;3;4;4
912500;;SUBMISSION;SNACKPACK_VANILLA;XIRECS;10422.0;3;4;4
912700;SUBMISSION;;PEBBLES_XL;XIRECS;16200.0;4;4;4
913000;;SUBMISSION;SNACKPACK_PISTACHIO;XIRECS;9199.0;2;4;4
913000;;SUBMISSION;SNACKPACK_STRAWBERRY;XIRECS;11024.0;2;4;4
913000;;SUBMISSION;SNACKPACK_VANILLA;XIRECS;10406.0;2;4;4
913500;;SUBMISSION;SNACKPACK_PISTACHIO;XIRECS;9202.0;1;4;4
913500;;SUBMISSION;SNACKPACK_STRAWBERRY;XIRECS;11009.0;1;4;4
913500;;SUBMISSION;SNACKPACK_VANILLA;XIRECS;10406.0;1;4;4
913700;;SUBMISSION;MICROCHIP_OVAL;XIRECS;5654.0;5;4;4
914800;SUBMISSION;;SNACKPACK_PISTACHIO;XIRECS;9187.0;2;4;4
914800;SUBMISSION;;SNACKPACK_STRAWBERRY;XIRECS;10996.0;2;4;4
914800;SUBMISSION;;SNACKPACK_VANILLA;XIRECS;10369.0;2;4;4
915100;SUBMISSION;;PEBBLES_XL;XIRECS;16102.0;2;4;4
915100;;;PEBBLES_L;XIRECS;9079.0;2;4;4
915100;;;PEBBLES_M;XIRECS;11079.0;2;4;4
915100;;;PEBBLES_S;XIRECS;7490.0;2;4;4
915100;;;PEBBLES_XS;XIRECS;6220.0;2;4;4
916800;;SUBMISSION;ROBOT_IRONING;XIRECS;7627.0;5;4;4
918100;SUBMISSION;;SNACKPACK_PISTACHIO;XIRECS;9209.0;4;4;4
918100;SUBMISSION;;SNACKPACK_STRAWBERRY;XIRECS;11018.0;4;4;4
918100;SUBMISSION;;SNACKPACK_VANILLA;XIRECS;10324.0;4;4;4
918200;;SUBMISSION;SNACKPACK_PISTACHIO;XIRECS;9200.0;2;4;4
918200;;SUBMISSION;SNACKPACK_STRAWBERRY;XIRECS;11011.0;2;4;4
918200;;SUBMISSION;SNACKPACK_VANILLA;XIRECS;10324.0;2;4;4
918400;;SUBMISSION;MICROCHIP_OVAL;XIRECS;5649.0;5;4;4
918500;SUBMISSION;;PEBBLES_XL;XIRECS;15981.0;2;4;4
918500;;;PEBBLES_L;XIRECS;9064.0;4;4;4
918500;;;PEBBLES_M;XIRECS;11107.0;4;4;4
918500;;;PEBBLES_S;XIRECS;7514.0;4;4;4
918500;;;PEBBLES_XS;XIRECS;6303.0;4;4;4
919000;;SUBMISSION;PEBBLES_XL;XIRECS;15959.0;8;4;4
919000;;;GALAXY_SOUNDS_BLACK_HOLES;XIRECS;13697.0;3;4;4
919000;;;GALAXY_SOUNDS_DARK_MATTER;XIRECS;9912.0;3;4;4
919000;;;GALAXY_SOUNDS_PLANETARY_RINGS;XIRECS;10079.0;3;4;4
919000;;;GALAXY_SOUNDS_SOLAR_FLAMES;XIRECS;10755.0;3;4;4
919000;;;GALAXY_SOUNDS_SOLAR_WINDS;XIRECS;10680.0;3;4;4
919000;;;OXYGEN_SHAKE_CHOCOLATE;XIRECS;10697.0;3;4;4
919000;;;OXYGEN_SHAKE_EVENING_BREATH;XIRECS;9464.0;3;4;4
919000;;;OXYGEN_SHAKE_GARLIC;XIRECS;13591.0;3;4;4
919000;;;OXYGEN_SHAKE_MINT;XIRECS;9706.0;3;4;4
919000;;;OXYGEN_SHAKE_MORNING_BREATH;XIRECS;9316.0;3;4;4
919000;;;PANEL_1X2;XIRECS;9594.0;3;4;4
919000;;;PANEL_1X4;XIRECS;8789.0;3;4;4
919000;;;PANEL_2X2;XIRECS;8929.0;3;4;4
919000;;;PANEL_2X4;XIRECS;11964.0;3;4;4
919000;;;PANEL_4X4;XIRECS;9772.0;3;4;4
919000;;;ROBOT_DISHES;XIRECS;11096.0;3;4;4
919000;;;ROBOT_IRONING;XIRECS;7647.0;3;4;4
919000;;;ROBOT_LAUNDRY;XIRECS;9285.0;3;4;4
919000;;;ROBOT_MOPPING;XIRECS;11114.0;3;4;4
919000;;;ROBOT_VACUUMING;XIRECS;8741.0;3;4;4
919000;;;SLEEP_POD_COTTON;XIRECS;11532.0;3;4;4
919000;;;SLEEP_POD_LAMB_WOOL;XIRECS;11011.0;3;4;4
919000;;;SLEEP_POD_NYLON;XIRECS;10566.0;3;4;4
919000;;;SLEEP_POD_POLYESTER;XIRECS;12270.0;3;4;4
919000;;;SLEEP_POD_SUEDE;XIRECS;11894.0;3;4;4
919000;;;SNACKPACK_CHOCOLATE;XIRECS;9575.0;3;4;4
919000;;;SNACKPACK_PISTACHIO;XIRECS;9209.0;3;4;4
919000;;;SNACKPACK_RASPBERRY;XIRECS;10133.0;3;4;4
919000;;;SNACKPACK_STRAWBERRY;XIRECS;11027.0;3;4;4
919000;;;SNACKPACK_VANILLA;XIRECS;10328.0;3;4;4
919000;;;TRANSLATOR_ASTRO_BLACK;XIRECS;8900.0;3;4;4
919000;;;TRANSLATOR_ECLIPSE_CHARCOAL;XIRECS;9442.0;3;4;4
919000;;;TRANSLATOR_GRAPHITE_MIST;XIRECS;9872.0;3;4;4
919000;;;TRANSLATOR_SPACE_GRAY;XIRECS;8360.0;3;4;4
919000;;;TRANSLATOR_VOID_BLUE;XIRECS;11345.0;3;4;4
919000;;;UV_VISOR_AMBER;XIRECS;7113.0;3;4;4
919000;;;UV_VISOR_MAGENTA;XIRECS;11807.0;3;4;4
919000;;;UV_VISOR_ORANGE;XIRECS;9868.0;3;4;4
919000;;;UV_VISOR_RED;XIRECS;12038.0;3;4;4
919000;;;UV_VISOR_YELLOW;XIRECS;10064.0;3;4;4
920300;;SUBMISSION;SNACKPACK_PISTACHIO;XIRECS;9201.0;3;4;4
920300;;SUBMISSION;SNACKPACK_STRAWBERRY;XIRECS;11021.0;3;4;4
920300;;SUBMISSION;SNACKPACK_VANILLA;XIRECS;10303.0;3;4;4
920600;;SUBMISSION;PEBBLES_XL;XIRECS;15979.0;6;4;4
920900;SUBMISSION;;ROBOT_IRONING;XIRECS;7693.0;4;4;4
921000;SUBMISSION;;ROBOT_IRONING;XIRECS;7693.0;1;4;4
921100;SUBMISSION;;SNACKPACK_PISTACHIO;XIRECS;9209.0;5;4;4
921100;SUBMISSION;;SNACKPACK_STRAWBERRY;XIRECS;11037.0;5;4;4
921100;SUBMISSION;;SNACKPACK_VANILLA;XIRECS;10284.0;5;4;4
921700;;SUBMISSION;SNACKPACK_PISTACHIO;XIRECS;9193.0;5;4;4
921700;;SUBMISSION;SNACKPACK_STRAWBERRY;XIRECS;11007.0;5;4;4
921700;;SUBMISSION;SNACKPACK_VANILLA;XIRECS;10278.0;5;4;4
922600;SUBMISSION;;SNACKPACK_PISTACHIO;XIRECS;9175.0;1;4;4
922600;SUBMISSION;;SNACKPACK_STRAWBERRY;XIRECS;10993.0;1;4;4
922600;SUBMISSION;;SNACKPACK_VANILLA;XIRECS;10286.0;1;4;4
922600;;;GALAXY_SOUNDS_BLACK_HOLES;XIRECS;13911.0;1;4;4
922600;;;GALAXY_SOUNDS_DARK_MATTER;XIRECS;10050.0;1;4;4
922600;;;GALAXY_SOUNDS_PLANETARY_RINGS;XIRECS;10123.0;1;4;4
922600;;;GALAXY_SOUNDS_SOLAR_FLAMES;XIRECS;10638.0;1;4;4
922600;;;GALAXY_SOUNDS_SOLAR_WINDS;XIRECS;10740.0;1;4;4
922600;;;OXYGEN_SHAKE_CHOCOLATE;XIRECS;10655.0;1;4;4
922600;;;OXYGEN_SHAKE_EVENING_BREATH;XIRECS;9364.0;1;4;4
922600;;;OXYGEN_SHAKE_GARLIC;XIRECS;13577.0;1;4;4
922600;;;OXYGEN_SHAKE_MINT;XIRECS;9699.0;1;4;4
922600;;;OXYGEN_SHAKE_MORNING_BREATH;XIRECS;9373.0;1;4;4
922600;;;PANEL_1X2;XIRECS;9639.0;1;4;4
922600;;;PANEL_1X4;XIRECS;8775.0;1;4;4
922600;;;PANEL_2X2;XIRECS;9002.0;1;4;4
922600;;;PANEL_2X4;XIRECS;12026.0;1;4;4
922600;;;PANEL_4X4;XIRECS;9701.0;1;4;4
922600;;;ROBOT_DISHES;XIRECS;11096.0;1;4;4
922600;;;ROBOT_IRONING;XIRECS;7677.0;1;4;4
922600;;;ROBOT_LAUNDRY;XIRECS;9258.0;1;4;4
922600;;;ROBOT_MOPPING;XIRECS;11101.0;1;4;4
922600;;;ROBOT_VACUUMING;XIRECS;8639.0;1;4;4
922600;;;SLEEP_POD_COTTON;XIRECS;11534.0;1;4;4
922600;;;SLEEP_POD_LAMB_WOOL;XIRECS;11012.0;1;4;4
922600;;;SLEEP_POD_NYLON;XIRECS;10620.0;1;4;4
922600;;;SLEEP_POD_POLYESTER;XIRECS;12276.0;1;4;4
922600;;;SLEEP_POD_SUEDE;XIRECS;11773.0;1;4;4
922600;;;SNACKPACK_CHOCOLATE;XIRECS;9607.0;1;4;4
922600;;;SNACKPACK_RASPBERRY;XIRECS;10172.0;1;4;4
922600;;;TRANSLATOR_ASTRO_BLACK;XIRECS;8862.0;1;4;4
922600;;;TRANSLATOR_ECLIPSE_CHARCOAL;XIRECS;9431.0;1;4;4
922600;;;TRANSLATOR_GRAPHITE_MIST;XIRECS;9922.0;1;4;4
922600;;;TRANSLATOR_SPACE_GRAY;XIRECS;8359.0;1;4;4
922600;;;TRANSLATOR_VOID_BLUE;XIRECS;11308.0;1;4;4
922600;;;UV_VISOR_AMBER;XIRECS;7106.0;1;4;4
922600;;;UV_VISOR_MAGENTA;XIRECS;11786.0;1;4;4
922600;;;UV_VISOR_ORANGE;XIRECS;9932.0;1;4;4
922600;;;UV_VISOR_RED;XIRECS;11971.0;1;4;4
922600;;;UV_VISOR_YELLOW;XIRECS;10049.0;1;4;4
922900;;;PEBBLES_L;XIRECS;9206.0;3;4;4
922900;;;PEBBLES_M;XIRECS;11196.0;3;4;4
922900;;;PEBBLES_S;XIRECS;7386.0;3;4;4
922900;;;PEBBLES_XL;XIRECS;15893.0;3;4;4
922900;;;PEBBLES_XS;XIRECS;6351.0;3;4;4
923400;;;MICROCHIP_CIRCLE;XIRECS;10468.0;2;4;4
923400;;;MICROCHIP_OVAL;XIRECS;5620.0;2;4;4
923400;;;MICROCHIP_RECTANGLE;XIRECS;8397.0;2;4;4
923400;;;MICROCHIP_SQUARE;XIRECS;14273.0;2;4;4
923400;;;MICROCHIP_TRIANGLE;XIRECS;8272.0;2;4;4
924300;SUBMISSION;;SNACKPACK_PISTACHIO;XIRECS;9152.0;5;4;4
924300;SUBMISSION;;SNACKPACK_STRAWBERRY;XIRECS;10958.0;5;4;4
924300;SUBMISSION;;SNACKPACK_VANILLA;XIRECS;10274.0;5;4;4
925000;;;MICROCHIP_CIRCLE;XIRECS;10455.0;2;4;4
925000;;;MICROCHIP_OVAL;XIRECS;5637.0;2;4;4
925000;;;MICROCHIP_RECTANGLE;XIRECS;8389.0;2;4;4
925000;;;MICROCHIP_SQUARE;XIRECS;14301.0;2;4;4
925000;;;MICROCHIP_TRIANGLE;XIRECS;8201.0;2;4;4
925400;;SUBMISSION;SNACKPACK_PISTACHIO;XIRECS;9143.0;4;4;4
925400;;SUBMISSION;SNACKPACK_STRAWBERRY;XIRECS;10940.0;4;4;4
925400;SUBMISSION;;PEBBLES_XL;XIRECS;15840.0;7;4;4
925400;;SUBMISSION;SNACKPACK_VANILLA;XIRECS;10219.0;4;4;4
926600;SUBMISSION;;ROBOT_IRONING;XIRECS;7773.0;4;4;4
926700;SUBMISSION;;ROBOT_IRONING;XIRECS;7773.0;1;4;4
927100;;;MICROCHIP_CIRCLE;XIRECS;10410.0;1;4;4
927100;;;MICROCHIP_OVAL;XIRECS;5604.0;1;4;4
927100;;;MICROCHIP_RECTANGLE;XIRECS;8429.0;1;4;4
927100;;;MICROCHIP_SQUARE;XIRECS;14329.0;1;4;4
927100;;;MICROCHIP_TRIANGLE;XIRECS;8221.0;1;4;4
927400;SUBMISSION;;SNACKPACK_PISTACHIO;XIRECS;9144.0;2;4;4
927400;SUBMISSION;;SNACKPACK_STRAWBERRY;XIRECS;10947.0;2;4;4
927400;SUBMISSION;;SNACKPACK_VANILLA;XIRECS;10234.0;2;4;4
927900;;SUBMISSION;SNACKPACK_PISTACHIO;XIRECS;9158.0;1;4;4
927900;;SUBMISSION;SNACKPACK_STRAWBERRY;XIRECS;10980.0;1;4;4
927900;;SUBMISSION;SNACKPACK_VANILLA;XIRECS;10248.0;1;4;4
927900;;;GALAXY_SOUNDS_BLACK_HOLES;XIRECS;13917.0;4;4;4
927900;;;GALAXY_SOUNDS_DARK_MATTER;XIRECS;10039.0;4;4;4
927900;;;GALAXY_SOUNDS_PLANETARY_RINGS;XIRECS;10080.0;4;4;4
927900;;;GALAXY_SOUNDS_SOLAR_FLAMES;XIRECS;10622.0;4;4;4
927900;;;GALAXY_SOUNDS_SOLAR_WINDS;XIRECS;10698.0;4;4;4
927900;;;OXYGEN_SHAKE_CHOCOLATE;XIRECS;10737.0;4;4;4
927900;;;OXYGEN_SHAKE_EVENING_BREATH;XIRECS;9486.0;4;4;4
927900;;;OXYGEN_SHAKE_GARLIC;XIRECS;13481.0;4;4;4
927900;;;OXYGEN_SHAKE_MINT;XIRECS;9676.0;4;4;4
927900;;;OXYGEN_SHAKE_MORNING_BREATH;XIRECS;9461.0;4;4;4
927900;;;PANEL_1X2;XIRECS;9703.0;4;4;4
927900;;;PANEL_1X4;XIRECS;8819.0;4;4;4
927900;;;PANEL_2X2;XIRECS;9041.0;4;4;4
927900;;;PANEL_2X4;XIRECS;12114.0;4;4;4
927900;;;PANEL_4X4;XIRECS;9575.0;4;4;4
927900;;;ROBOT_DISHES;XIRECS;11004.0;4;4;4
927900;;;ROBOT_IRONING;XIRECS;7743.0;4;4;4
927900;;;ROBOT_LAUNDRY;XIRECS;9241.0;4;4;4
927900;;;ROBOT_MOPPING;XIRECS;11085.0;4;4;4
927900;;;ROBOT_VACUUMING;XIRECS;8572.0;4;4;4
927900;;;SLEEP_POD_COTTON;XIRECS;11554.0;4;4;4
927900;;;SLEEP_POD_LAMB_WOOL;XIRECS;11074.0;4;4;4
927900;;;SLEEP_POD_NYLON;XIRECS;10735.0;4;4;4
927900;;;SLEEP_POD_POLYESTER;XIRECS;12295.0;4;4;4
927900;;;SLEEP_POD_SUEDE;XIRECS;11927.0;4;4;4
927900;;;SNACKPACK_CHOCOLATE;XIRECS;9675.0;4;4;4
927900;;;SNACKPACK_RASPBERRY;XIRECS;10226.0;4;4;4
927900;;;TRANSLATOR_ASTRO_BLACK;XIRECS;8780.0;4;4;4
927900;;;TRANSLATOR_ECLIPSE_CHARCOAL;XIRECS;9564.0;4;4;4
927900;;;TRANSLATOR_GRAPHITE_MIST;XIRECS;9983.0;4;4;4
927900;;;TRANSLATOR_SPACE_GRAY;XIRECS;8430.0;4;4;4
927900;;;TRANSLATOR_VOID_BLUE;XIRECS;11239.0;4;4;4
927900;;;UV_VISOR_AMBER;XIRECS;7100.0;4;4;4
927900;;;UV_VISOR_MAGENTA;XIRECS;11787.0;4;4;4
927900;;;UV_VISOR_ORANGE;XIRECS;9848.0;4;4;4
927900;;;UV_VISOR_RED;XIRECS;12036.0;4;4;4
927900;;;UV_VISOR_YELLOW;XIRECS;10108.0;4;4;4
928300;;;MICROCHIP_CIRCLE;XIRECS;10389.0;2;4;4
928300;;;MICROCHIP_OVAL;XIRECS;5597.0;2;4;4
928300;;;MICROCHIP_RECTANGLE;XIRECS;8453.0;2;4;4
928300;;;MICROCHIP_SQUARE;XIRECS;14305.0;2;4;4
928300;;;MICROCHIP_TRIANGLE;XIRECS;8217.0;2;4;4
928500;;SUBMISSION;PEBBLES_XL;XIRECS;15794.0;2;4;4
928500;;;PEBBLES_L;XIRECS;9168.0;2;4;4
928500;;;PEBBLES_M;XIRECS;11158.0;2;4;4
928500;;;PEBBLES_S;XIRECS;7549.0;2;4;4
928500;;;PEBBLES_XS;XIRECS;6363.0;2;4;4
930700;;SUBMISSION;PEBBLES_XL;XIRECS;15971.0;5;4;4
931100;SUBMISSION;;OXYGEN_SHAKE_MORNING_BREATH;XIRECS;9438.0;5;4;4
931200;SUBMISSION;;PEBBLES_XL;XIRECS;15997.0;6;4;4
932300;;SUBMISSION;SNACKPACK_PISTACHIO;XIRECS;9153.0;3;4;4
932300;;SUBMISSION;SNACKPACK_STRAWBERRY;XIRECS;10957.0;3;4;4
932300;;SUBMISSION;SNACKPACK_VANILLA;XIRECS;10183.0;3;4;4
932400;SUBMISSION;;PEBBLES_XL;XIRECS;15823.0;8;4;4
935300;;SUBMISSION;OXYGEN_SHAKE_MORNING_BREATH;XIRECS;9356.0;5;4;4
935700;;SUBMISSION;SNACKPACK_PISTACHIO;XIRECS;9133.0;1;4;4
935700;;SUBMISSION;SNACKPACK_STRAWBERRY;XIRECS;10923.0;1;4;4
935700;;SUBMISSION;SNACKPACK_VANILLA;XIRECS;10166.0;1;4;4
937100;SUBMISSION;;SNACKPACK_PISTACHIO;XIRECS;9131.0;2;4;4
937100;SUBMISSION;;SNACKPACK_STRAWBERRY;XIRECS;10919.0;2;4;4
937100;SUBMISSION;;SNACKPACK_VANILLA;XIRECS;10125.0;2;4;4
937100;;;GALAXY_SOUNDS_BLACK_HOLES;XIRECS;14020.0;2;4;4
937100;;;GALAXY_SOUNDS_DARK_MATTER;XIRECS;10072.0;2;4;4
937100;;;GALAXY_SOUNDS_PLANETARY_RINGS;XIRECS;10207.0;2;4;4
937100;;;GALAXY_SOUNDS_SOLAR_FLAMES;XIRECS;10758.0;2;4;4
937100;;;GALAXY_SOUNDS_SOLAR_WINDS;XIRECS;10784.0;2;4;4
937100;;;OXYGEN_SHAKE_CHOCOLATE;XIRECS;10680.0;2;4;4
937100;;;OXYGEN_SHAKE_EVENING_BREATH;XIRECS;9434.0;2;4;4
937100;;;OXYGEN_SHAKE_GARLIC;XIRECS;13472.0;2;4;4
937100;;;OXYGEN_SHAKE_MINT;XIRECS;9753.0;2;4;4
937100;;;OXYGEN_SHAKE_MORNING_BREATH;XIRECS;9371.0;2;4;4
937100;;;PANEL_1X2;XIRECS;9760.0;2;4;4
937100;;;PANEL_1X4;XIRECS;8768.0;2;4;4
937100;;;PANEL_2X2;XIRECS;9098.0;2;4;4
937100;;;PANEL_2X4;XIRECS;11986.0;2;4;4
937100;;;PANEL_4X4;XIRECS;9579.0;2;4;4
937100;;;ROBOT_DISHES;XIRECS;10896.0;2;4;4
937100;;;ROBOT_IRONING;XIRECS;7697.0;2;4;4
937100;;;ROBOT_LAUNDRY;XIRECS;9377.0;2;4;4
937100;;;ROBOT_MOPPING;XIRECS;11166.0;2;4;4
937100;;;ROBOT_VACUUMING;XIRECS;8527.0;2;4;4
937100;;;SLEEP_POD_COTTON;XIRECS;11441.0;2;4;4
937100;;;SLEEP_POD_LAMB_WOOL;XIRECS;11121.0;2;4;4
937100;;;SLEEP_POD_NYLON;XIRECS;10980.0;2;4;4
937100;;;SLEEP_POD_POLYESTER;XIRECS;12319.0;2;4;4
937100;;;SLEEP_POD_SUEDE;XIRECS;11866.0;2;4;4
937100;;;SNACKPACK_CHOCOLATE;XIRECS;9753.0;2;4;4
937100;;;SNACKPACK_RASPBERRY;XIRECS;10283.0;2;4;4
937100;;;TRANSLATOR_ASTRO_BLACK;XIRECS;8905.0;2;4;4
937100;;;TRANSLATOR_ECLIPSE_CHARCOAL;XIRECS;9482.0;2;4;4
937100;;;TRANSLATOR_GRAPHITE_MIST;XIRECS;9956.0;2;4;4
937100;;;TRANSLATOR_SPACE_GRAY;XIRECS;8424.0;2;4;4
937100;;;TRANSLATOR_VOID_BLUE;XIRECS;11235.0;2;4;4
937100;;;UV_VISOR_AMBER;XIRECS;6989.0;2;4;4
937100;;;UV_VISOR_MAGENTA;XIRECS;11804.0;2;4;4
937100;;;UV_VISOR_ORANGE;XIRECS;9736.0;2;4;4
937100;;;UV_VISOR_RED;XIRECS;11997.0;2;4;4
937100;;;UV_VISOR_YELLOW;XIRECS;10059.0;2;4;4
937200;;SUBMISSION;SNACKPACK_PISTACHIO;XIRECS;9136.0;2;4;4
937200;;SUBMISSION;SNACKPACK_STRAWBERRY;XIRECS;10928.0;2;4;4
937200;;SUBMISSION;SNACKPACK_VANILLA;XIRECS;10137.0;2;4;4
937300;SUBMISSION;;SNACKPACK_PISTACHIO;XIRECS;9136.0;2;4;4
937300;SUBMISSION;;SNACKPACK_STRAWBERRY;XIRECS;10926.0;2;4;4
937300;SUBMISSION;;SNACKPACK_VANILLA;XIRECS;10134.0;2;4;4
937300;;;GALAXY_SOUNDS_BLACK_HOLES;XIRECS;14013.0;2;4;4
937300;;;GALAXY_SOUNDS_DARK_MATTER;XIRECS;10089.0;2;4;4
937300;;;GALAXY_SOUNDS_PLANETARY_RINGS;XIRECS;10213.0;2;4;4
937300;;;GALAXY_SOUNDS_SOLAR_FLAMES;XIRECS;10770.0;2;4;4
937300;;;GALAXY_SOUNDS_SOLAR_WINDS;XIRECS;10754.0;2;4;4
937300;;;OXYGEN_SHAKE_CHOCOLATE;XIRECS;10675.0;2;4;4
937300;;;OXYGEN_SHAKE_EVENING_BREATH;XIRECS;9444.0;2;4;4
937300;;;OXYGEN_SHAKE_GARLIC;XIRECS;13471.0;2;4;4
937300;;;OXYGEN_SHAKE_MINT;XIRECS;9777.0;2;4;4
937300;;;OXYGEN_SHAKE_MORNING_BREATH;XIRECS;9383.0;2;4;4
937300;;;PANEL_1X2;XIRECS;9799.0;2;4;4
937300;;;PANEL_1X4;XIRECS;8777.0;2;4;4
937300;;;PANEL_2X2;XIRECS;9088.0;2;4;4
937300;;;PANEL_2X4;XIRECS;11984.0;2;4;4
937300;;;PANEL_4X4;XIRECS;9588.0;2;4;4
937300;;;ROBOT_DISHES;XIRECS;10896.0;2;4;4
937300;;;ROBOT_IRONING;XIRECS;7717.0;2;4;4
937300;;;ROBOT_LAUNDRY;XIRECS;9362.0;2;4;4
937300;;;ROBOT_MOPPING;XIRECS;11183.0;2;4;4
937300;;;ROBOT_VACUUMING;XIRECS;8515.0;2;4;4
937300;;;SLEEP_POD_COTTON;XIRECS;11451.0;2;4;4
937300;;;SLEEP_POD_LAMB_WOOL;XIRECS;11123.0;2;4;4
937300;;;SLEEP_POD_NYLON;XIRECS;11014.0;2;4;4
937300;;;SLEEP_POD_POLYESTER;XIRECS;12323.0;2;4;4
937300;;;SLEEP_POD_SUEDE;XIRECS;11846.0;2;4;4
937300;;;SNACKPACK_CHOCOLATE;XIRECS;9744.0;2;4;4
937300;;;SNACKPACK_RASPBERRY;XIRECS;10280.0;2;4;4
937300;;;TRANSLATOR_ASTRO_BLACK;XIRECS;8918.0;2;4;4
937300;;;TRANSLATOR_ECLIPSE_CHARCOAL;XIRECS;9472.0;2;4;4
937300;;;TRANSLATOR_GRAPHITE_MIST;XIRECS;9958.0;2;4;4
937300;;;TRANSLATOR_SPACE_GRAY;XIRECS;8432.0;2;4;4
937300;;;TRANSLATOR_VOID_BLUE;XIRECS;11226.0;2;4;4
937300;;;UV_VISOR_AMBER;XIRECS;6979.0;2;4;4
937300;;;UV_VISOR_MAGENTA;XIRECS;11806.0;2;4;4
937300;;;UV_VISOR_ORANGE;XIRECS;9712.0;2;4;4
937300;;;UV_VISOR_RED;XIRECS;11983.0;2;4;4
937300;;;UV_VISOR_YELLOW;XIRECS;10088.0;2;4;4
938200;;SUBMISSION;PEBBLES_XL;XIRECS;15520.0;2;4;4
938200;;;PEBBLES_L;XIRECS;9467.0;5;4;4
938200;;;PEBBLES_M;XIRECS;11009.0;5;4;4
938200;;;PEBBLES_S;XIRECS;7696.0;5;4;4
938200;;;PEBBLES_XS;XIRECS;6340.0;5;4;4
939700;SUBMISSION;;SNACKPACK_PISTACHIO;XIRECS;9155.0;2;4;4
939700;SUBMISSION;;SNACKPACK_STRAWBERRY;XIRECS;10961.0;2;4;4
939700;SUBMISSION;;SNACKPACK_VANILLA;XIRECS;10131.0;2;4;4
939700;;;GALAXY_SOUNDS_BLACK_HOLES;XIRECS;13995.0;2;4;4
939700;;;GALAXY_SOUNDS_DARK_MATTER;XIRECS;10162.0;2;4;4
939700;;;GALAXY_SOUNDS_PLANETARY_RINGS;XIRECS;10111.0;2;4;4
939700;;;GALAXY_SOUNDS_SOLAR_FLAMES;XIRECS;10821.0;2;4;4
939700;;;GALAXY_SOUNDS_SOLAR_WINDS;XIRECS;10747.0;2;4;4
939700;;;OXYGEN_SHAKE_CHOCOLATE;XIRECS;10615.0;2;4;4
939700;;;OXYGEN_SHAKE_EVENING_BREATH;XIRECS;9374.0;2;4;4
939700;;;OXYGEN_SHAKE_GARLIC;XIRECS;13616.0;2;4;4
939700;;;OXYGEN_SHAKE_MINT;XIRECS;9842.0;2;4;4
939700;;;OXYGEN_SHAKE_MORNING_BREATH;XIRECS;9389.0;2;4;4
939700;;;PANEL_1X2;XIRECS;9834.0;2;4;4
939700;;;PANEL_1X4;XIRECS;8783.0;2;4;4
939700;;;PANEL_2X2;XIRECS;9165.0;2;4;4
939700;;;PANEL_2X4;XIRECS;11978.0;2;4;4
939700;;;PANEL_4X4;XIRECS;9522.0;2;4;4
939700;;;ROBOT_DISHES;XIRECS;10996.0;2;4;4
939700;;;ROBOT_IRONING;XIRECS;7667.0;2;4;4
939700;;;ROBOT_LAUNDRY;XIRECS;9369.0;2;4;4
939700;;;ROBOT_MOPPING;XIRECS;11146.0;2;4;4
939700;;;ROBOT_VACUUMING;XIRECS;8536.0;2;4;4
939700;;;SLEEP_POD_COTTON;XIRECS;11429.0;2;4;4
939700;;;SLEEP_POD_LAMB_WOOL;XIRECS;11021.0;2;4;4
939700;;;SLEEP_POD_NYLON;XIRECS;10913.0;2;4;4
939700;;;SLEEP_POD_POLYESTER;XIRECS;12259.0;2;4;4
939700;;;SLEEP_POD_SUEDE;XIRECS;11914.0;2;4;4
939700;;;SNACKPACK_CHOCOLATE;XIRECS;9759.0;2;4;4
939700;;;SNACKPACK_RASPBERRY;XIRECS;10248.0;2;4;4
939700;;;TRANSLATOR_ASTRO_BLACK;XIRECS;8898.0;2;4;4
939700;;;TRANSLATOR_ECLIPSE_CHARCOAL;XIRECS;9409.0;2;4;4
939700;;;TRANSLATOR_GRAPHITE_MIST;XIRECS;9985.0;2;4;4
939700;;;TRANSLATOR_SPACE_GRAY;XIRECS;8433.0;2;4;4
939700;;;TRANSLATOR_VOID_BLUE;XIRECS;11241.0;2;4;4
939700;;;UV_VISOR_AMBER;XIRECS;7022.0;2;4;4
939700;;;UV_VISOR_MAGENTA;XIRECS;11768.0;2;4;4
939700;;;UV_VISOR_ORANGE;XIRECS;9649.0;2;4;4
939700;;;UV_VISOR_RED;XIRECS;11895.0;2;4;4
939700;;;UV_VISOR_YELLOW;XIRECS;10121.0;2;4;4
939800;;SUBMISSION;ROBOT_IRONING;XIRECS;7667.0;4;4;4
939900;;SUBMISSION;ROBOT_IRONING;XIRECS;7667.0;1;4;4
940700;;SUBMISSION;PEBBLES_XL;XIRECS;15669.0;7;4;4
941100;;;MICROCHIP_CIRCLE;XIRECS;10357.0;1;4;4
941100;;;MICROCHIP_OVAL;XIRECS;5396.0;1;4;4
941100;;;MICROCHIP_RECTANGLE;XIRECS;8303.0;1;4;4
941100;;;MICROCHIP_SQUARE;XIRECS;13930.0;1;4;4
941100;;;MICROCHIP_TRIANGLE;XIRECS;8043.0;1;4;4
941400;;SUBMISSION;PEBBLES_XL;XIRECS;15703.0;5;4;4
942200;;;MICROCHIP_CIRCLE;XIRECS;10380.0;3;4;4
942200;;;MICROCHIP_OVAL;XIRECS;5420.0;3;4;4
942200;;;MICROCHIP_RECTANGLE;XIRECS;8259.0;3;4;4
942200;;;MICROCHIP_SQUARE;XIRECS;13946.0;3;4;4
942200;;;MICROCHIP_TRIANGLE;XIRECS;8039.0;3;4;4
942800;;;PEBBLES_L;XIRECS;9416.0;3;4;4
942800;;;PEBBLES_M;XIRECS;10780.0;3;4;4
942800;;;PEBBLES_S;XIRECS;7811.0;3;4;4
942800;;;PEBBLES_XL;XIRECS;15740.0;3;4;4
942800;;;PEBBLES_XS;XIRECS;6287.0;3;4;4
944300;SUBMISSION;;OXYGEN_SHAKE_MORNING_BREATH;XIRECS;9422.0;5;4;4
944900;;;MICROCHIP_CIRCLE;XIRECS;10327.0;2;4;4
944900;;;MICROCHIP_OVAL;XIRECS;5468.0;2;4;4
944900;;;MICROCHIP_RECTANGLE;XIRECS;8271.0;2;4;4
944900;;;MICROCHIP_SQUARE;XIRECS;13924.0;2;4;4
944900;;;MICROCHIP_TRIANGLE;XIRECS;7977.0;2;4;4
945000;;;MICROCHIP_CIRCLE;XIRECS;10326.0;2;4;4
945000;;;MICROCHIP_OVAL;XIRECS;5464.0;2;4;4
945000;;;MICROCHIP_RECTANGLE;XIRECS;8280.0;2;4;4
945000;;;MICROCHIP_SQUARE;XIRECS;13923.0;2;4;4
945000;;;MICROCHIP_TRIANGLE;XIRECS;7991.0;2;4;4
946700;SUBMISSION;;PEBBLES_XL;XIRECS;15623.0;2;4;4
946700;;;PEBBLES_L;XIRECS;9467.0;4;4;4
946700;;;PEBBLES_M;XIRECS;10740.0;4;4;4
946700;;;PEBBLES_S;XIRECS;7833.0;4;4;4
946700;;;PEBBLES_XS;XIRECS;6305.0;4;4;4
946800;;SUBMISSION;ROBOT_IRONING;XIRECS;7597.0;5;4;4
947400;;SUBMISSION;SNACKPACK_PISTACHIO;XIRECS;9110.0;3;4;4
947400;;SUBMISSION;SNACKPACK_STRAWBERRY;XIRECS;10874.0;3;4;4
947400;;SUBMISSION;SNACKPACK_VANILLA;XIRECS;10221.0;3;4;4
947800;SUBMISSION;;PEBBLES_XL;XIRECS;15614.0;2;4;4
947800;;;PEBBLES_L;XIRECS;9485.0;3;4;4
947800;;;PEBBLES_M;XIRECS;10702.0;3;4;4
947800;;;PEBBLES_S;XIRECS;7856.0;3;4;4
947800;;;PEBBLES_XS;XIRECS;6312.0;3;4;4
947900;;;MICROCHIP_CIRCLE;XIRECS;10392.0;2;4;4
947900;;;MICROCHIP_OVAL;XIRECS;5502.0;2;4;4
947900;;;MICROCHIP_RECTANGLE;XIRECS;8272.0;2;4;4
947900;;;MICROCHIP_SQUARE;XIRECS;14105.0;2;4;4
947900;;;MICROCHIP_TRIANGLE;XIRECS;7977.0;2;4;4
948600;SUBMISSION;;PEBBLES_XL;XIRECS;15758.0;2;4;4
948600;;;PEBBLES_L;XIRECS;9425.0;4;4;4
948600;;;PEBBLES_M;XIRECS;10622.0;4;4;4
948600;;;PEBBLES_S;XIRECS;7831.0;4;4;4
948600;;;PEBBLES_XS;XIRECS;6333.0;4;4;4
949300;SUBMISSION;;SNACKPACK_PISTACHIO;XIRECS;9110.0;2;4;4
949300;SUBMISSION;;SNACKPACK_STRAWBERRY;XIRECS;10851.0;2;4;4
949300;SUBMISSION;;SNACKPACK_VANILLA;XIRECS;10195.0;2;4;4
949400;;;MICROCHIP_CIRCLE;XIRECS;10447.0;1;4;4
949400;;;MICROCHIP_OVAL;XIRECS;5550.0;1;4;4
949400;;;MICROCHIP_RECTANGLE;XIRECS;8273.0;1;4;4
949400;;;MICROCHIP_SQUARE;XIRECS;14097.0;1;4;4
949400;;;MICROCHIP_TRIANGLE;XIRECS;7989.0;1;4;4
950000;;SUBMISSION;PEBBLES_XL;XIRECS;15668.0;2;4;4
950000;;;PEBBLES_L;XIRECS;9590.0;2;4;4
950000;;;PEBBLES_M;XIRECS;10639.0;2;4;4
950000;;;PEBBLES_S;XIRECS;7869.0;2;4;4
950000;;;PEBBLES_XS;XIRECS;6266.0;2;4;4
950300;;;GALAXY_SOUNDS_BLACK_HOLES;XIRECS;13981.0;1;4;4
950300;;;GALAXY_SOUNDS_DARK_MATTER;XIRECS;10166.0;1;4;4
950300;;;GALAXY_SOUNDS_PLANETARY_RINGS;XIRECS;10100.0;1;4;4
950300;;;GALAXY_SOUNDS_SOLAR_FLAMES;XIRECS;10863.0;1;4;4
950300;;;GALAXY_SOUNDS_SOLAR_WINDS;XIRECS;10795.0;1;4;4
950300;;;OXYGEN_SHAKE_CHOCOLATE;XIRECS;10779.0;1;4;4
950300;;;OXYGEN_SHAKE_EVENING_BREATH;XIRECS;9506.0;1;4;4
950300;;;OXYGEN_SHAKE_GARLIC;XIRECS;13815.0;1;4;4
950300;;;OXYGEN_SHAKE_MINT;XIRECS;9852.0;1;4;4
950300;;;OXYGEN_SHAKE_MORNING_BREATH;XIRECS;9451.0;1;4;4
950300;;;PANEL_1X2;XIRECS;9809.0;1;4;4
950300;;;PANEL_1X4;XIRECS;8843.0;1;4;4
950300;;;PANEL_2X2;XIRECS;9195.0;1;4;4
950300;;;PANEL_2X4;XIRECS;11878.0;1;4;4
950300;;;PANEL_4X4;XIRECS;9482.0;1;4;4
950300;;;ROBOT_DISHES;XIRECS;11104.0;1;4;4
950300;;;ROBOT_IRONING;XIRECS;7603.0;1;4;4
950300;;;ROBOT_LAUNDRY;XIRECS;9466.0;1;4;4
950300;;;ROBOT_MOPPING;XIRECS;11047.0;1;4;4
950300;;;ROBOT_VACUUMING;XIRECS;8406.0;1;4;4
950300;;;SLEEP_POD_COTTON;XIRECS;11339.0;1;4;4
950300;;;SLEEP_POD_LAMB_WOOL;XIRECS;11108.0;1;4;4
950300;;;SLEEP_POD_NYLON;XIRECS;10857.0;1;4;4
950300;;;SLEEP_POD_POLYESTER;XIRECS;12006.0;1;4;4
950300;;;SLEEP_POD_SUEDE;XIRECS;12129.0;1;4;4
950300;;;SNACKPACK_CHOCOLATE;XIRECS;9733.0;1;4;4
950300;;;SNACKPACK_PISTACHIO;XIRECS;9104.0;1;4;4
950300;;;SNACKPACK_RASPBERRY;XIRECS;10387.0;1;4;4
950300;;;SNACKPACK_STRAWBERRY;XIRECS;10841.0;1;4;4
950300;;;SNACKPACK_VANILLA;XIRECS;10209.0;1;4;4
950300;;;TRANSLATOR_ASTRO_BLACK;XIRECS;8923.0;1;4;4
950300;;;TRANSLATOR_ECLIPSE_CHARCOAL;XIRECS;9421.0;1;4;4
950300;;;TRANSLATOR_GRAPHITE_MIST;XIRECS;9997.0;1;4;4
950300;;;TRANSLATOR_SPACE_GRAY;XIRECS;8549.0;1;4;4
950300;;;TRANSLATOR_VOID_BLUE;XIRECS;11249.0;1;4;4
950300;;;UV_VISOR_AMBER;XIRECS;7055.0;1;4;4
950300;;;UV_VISOR_MAGENTA;XIRECS;11807.0;1;4;4
950300;;;UV_VISOR_ORANGE;XIRECS;9710.0;1;4;4
950300;;;UV_VISOR_RED;XIRECS;11886.0;1;4;4
950300;;;UV_VISOR_YELLOW;XIRECS;10134.0;1;4;4
951100;SUBMISSION;;OXYGEN_SHAKE_MORNING_BREATH;XIRECS;9510.0;5;4;4
951600;;;GALAXY_SOUNDS_BLACK_HOLES;XIRECS;14031.0;3;4;4
951600;;;GALAXY_SOUNDS_DARK_MATTER;XIRECS;10158.0;3;4;4
951600;;;GALAXY_SOUNDS_PLANETARY_RINGS;XIRECS;10105.0;3;4;4
951600;;;GALAXY_SOUNDS_SOLAR_FLAMES;XIRECS;10856.0;3;4;4
951600;;;GALAXY_SOUNDS_SOLAR_WINDS;XIRECS;10812.0;3;4;4
951600;;;OXYGEN_SHAKE_CHOCOLATE;XIRECS;10814.0;3;4;4
951600;;;OXYGEN_SHAKE_EVENING_BREATH;XIRECS;9516.0;3;4;4
951600;;;OXYGEN_SHAKE_GARLIC;XIRECS;13927.0;3;4;4
951600;;;OXYGEN_SHAKE_MINT;XIRECS;9796.0;3;4;4
951600;;;OXYGEN_SHAKE_MORNING_BREATH;XIRECS;9518.0;3;4;4
951600;;;PANEL_1X2;XIRECS;9796.0;3;4;4
951600;;;PANEL_1X4;XIRECS;8862.0;3;4;4
951600;;;PANEL_2X2;XIRECS;9188.0;3;4;4
951600;;;PANEL_2X4;XIRECS;11846.0;3;4;4
951600;;;PANEL_4X4;XIRECS;9486.0;3;4;4
951600;;;ROBOT_DISHES;XIRECS;11104.0;3;4;4
951600;;;ROBOT_IRONING;XIRECS;7593.0;3;4;4
951600;;;ROBOT_LAUNDRY;XIRECS;9465.0;3;4;4
951600;;;ROBOT_MOPPING;XIRECS;11111.0;3;4;4
951600;;;ROBOT_VACUUMING;XIRECS;8420.0;3;4;4
951600;;;SLEEP_POD_COTTON;XIRECS;11397.0;3;4;4
951600;;;SLEEP_POD_LAMB_WOOL;XIRECS;11097.0;3;4;4
951600;;;SLEEP_POD_NYLON;XIRECS;10849.0;3;4;4
951600;;;SLEEP_POD_POLYESTER;XIRECS;12067.0;3;4;4
951600;;;SLEEP_POD_SUEDE;XIRECS;12119.0;3;4;4
951600;;;SNACKPACK_CHOCOLATE;XIRECS;9735.0;3;4;4
951600;;;SNACKPACK_PISTACHIO;XIRECS;9054.0;3;4;4
951600;;;SNACKPACK_RASPBERRY;XIRECS;10434.0;3;4;4
951600;;;SNACKPACK_STRAWBERRY;XIRECS;10782.0;3;4;4
951600;;;SNACKPACK_VANILLA;XIRECS;10207.0;3;4;4
951600;;;TRANSLATOR_ASTRO_BLACK;XIRECS;8901.0;3;4;4
951600;;;TRANSLATOR_ECLIPSE_CHARCOAL;XIRECS;9476.0;3;4;4
951600;;;TRANSLATOR_GRAPHITE_MIST;XIRECS;9998.0;3;4;4
951600;;;TRANSLATOR_SPACE_GRAY;XIRECS;8586.0;3;4;4
951600;;;TRANSLATOR_VOID_BLUE;XIRECS;11316.0;3;4;4
951600;;;UV_VISOR_AMBER;XIRECS;7034.0;3;4;4
951600;;;UV_VISOR_MAGENTA;XIRECS;11782.0;3;4;4
951600;;;UV_VISOR_ORANGE;XIRECS;9731.0;3;4;4
951600;;;UV_VISOR_RED;XIRECS;11891.0;3;4;4
951600;;;UV_VISOR_YELLOW;XIRECS;10135.0;3;4;4
951800;SUBMISSION;;SNACKPACK_PISTACHIO;XIRECS;9035.0;3;4;4
951800;SUBMISSION;;SNACKPACK_STRAWBERRY;XIRECS;10750.0;3;4;4
951800;SUBMISSION;;SNACKPACK_VANILLA;XIRECS;10193.0;3;4;4
952500;;SUBMISSION;ROBOT_IRONING;XIRECS;7567.0;5;4;4
953500;;SUBMISSION;PEBBLES_XL;XIRECS;15586.0;4;4;4
954200;SUBMISSION;;PEBBLES_XL;XIRECS;15518.0;2;4;4
954200;;;PEBBLES_L;XIRECS;9506.0;3;4;4
954200;;;PEBBLES_M;XIRECS;10597.0;3;4;4
954200;;;PEBBLES_S;XIRECS;8018.0;3;4;4
954200;;;PEBBLES_XS;XIRECS;6329.0;3;4;4
954300;;SUBMISSION;SNACKPACK_PISTACHIO;XIRECS;9034.0;5;4;4
954300;;SUBMISSION;SNACKPACK_STRAWBERRY;XIRECS;10749.0;5;4;4
954300;SUBMISSION;;OXYGEN_SHAKE_MORNING_BREATH;XIRECS;9557.0;5;4;4
954300;;SUBMISSION;SNACKPACK_VANILLA;XIRECS;10201.0;5;4;4
954500;SUBMISSION;;SNACKPACK_PISTACHIO;XIRECS;9030.0;2;4;4
954500;SUBMISSION;;SNACKPACK_STRAWBERRY;XIRECS;10742.0;2;4;4
954500;SUBMISSION;;SNACKPACK_VANILLA;XIRECS;10202.0;2;4;4
955700;SUBMISSION;;PEBBLES_XL;XIRECS;15360.0;8;4;4
955900;SUBMISSION;;SNACKPACK_PISTACHIO;XIRECS;9066.0;1;4;4
955900;SUBMISSION;;SNACKPACK_STRAWBERRY;XIRECS;10815.0;1;4;4
955900;SUBMISSION;;SNACKPACK_VANILLA;XIRECS;10197.0;1;4;4
955900;;;GALAXY_SOUNDS_BLACK_HOLES;XIRECS;14026.0;1;4;4
955900;;;GALAXY_SOUNDS_DARK_MATTER;XIRECS;10164.0;1;4;4
955900;;;GALAXY_SOUNDS_PLANETARY_RINGS;XIRECS;10113.0;1;4;4
955900;;;GALAXY_SOUNDS_SOLAR_FLAMES;XIRECS;10799.0;1;4;4
955900;;;GALAXY_SOUNDS_SOLAR_WINDS;XIRECS;10742.0;1;4;4
955900;;;OXYGEN_SHAKE_CHOCOLATE;XIRECS;10668.0;1;4;4
955900;;;OXYGEN_SHAKE_EVENING_BREATH;XIRECS;9494.0;1;4;4
955900;;;OXYGEN_SHAKE_GARLIC;XIRECS;13987.0;1;4;4
955900;;;OXYGEN_SHAKE_MINT;XIRECS;9838.0;1;4;4
955900;;;OXYGEN_SHAKE_MORNING_BREATH;XIRECS;9597.0;1;4;4
955900;;;PANEL_1X2;XIRECS;9855.0;1;4;4
955900;;;PANEL_1X4;XIRECS;8774.0;1;4;4
955900;;;PANEL_2X2;XIRECS;9294.0;1;4;4
955900;;;PANEL_2X4;XIRECS;11806.0;1;4;4
955900;;;PANEL_4X4;XIRECS;9480.0;1;4;4
955900;;;ROBOT_DISHES;XIRECS;11196.0;1;4;4
955900;;;ROBOT_IRONING;XIRECS;7547.0;1;4;4
955900;;;ROBOT_LAUNDRY;XIRECS;9406.0;1;4;4
955900;;;ROBOT_MOPPING;XIRECS;11202.0;1;4;4
955900;;;ROBOT_VACUUMING;XIRECS;8415.0;1;4;4
955900;;;SLEEP_POD_COTTON;XIRECS;11318.0;1;4;4
955900;;;SLEEP_POD_LAMB_WOOL;XIRECS;11060.0;1;4;4
955900;;;SLEEP_POD_NYLON;XIRECS;10820.0;1;4;4
955900;;;SLEEP_POD_POLYESTER;XIRECS;12062.0;1;4;4
955900;;;SLEEP_POD_SUEDE;XIRECS;12124.0;1;4;4
955900;;;SNACKPACK_CHOCOLATE;XIRECS;9717.0;1;4;4
955900;;;SNACKPACK_RASPBERRY;XIRECS;10372.0;1;4;4
955900;;;TRANSLATOR_ASTRO_BLACK;XIRECS;8855.0;1;4;4
955900;;;TRANSLATOR_ECLIPSE_CHARCOAL;XIRECS;9482.0;1;4;4
955900;;;TRANSLATOR_GRAPHITE_MIST;XIRECS;10034.0;1;4;4
955900;;;TRANSLATOR_SPACE_GRAY;XIRECS;8647.0;1;4;4
955900;;;TRANSLATOR_VOID_BLUE;XIRECS;11226.0;1;4;4
955900;;;UV_VISOR_AMBER;XIRECS;7049.0;1;4;4
955900;;;UV_VISOR_MAGENTA;XIRECS;11803.0;1;4;4
955900;;;UV_VISOR_ORANGE;XIRECS;9765.0;1;4;4
955900;;;UV_VISOR_RED;XIRECS;11907.0;1;4;4
955900;;;UV_VISOR_YELLOW;XIRECS;10030.0;1;4;4
956300;;;MICROCHIP_CIRCLE;XIRECS;10383.0;3;4;4
956300;;;MICROCHIP_OVAL;XIRECS;5514.0;3;4;4
956300;;;MICROCHIP_RECTANGLE;XIRECS;8194.0;3;4;4
956300;;;MICROCHIP_SQUARE;XIRECS;13949.0;3;4;4
956300;;;MICROCHIP_TRIANGLE;XIRECS;7875.0;3;4;4
958500;SUBMISSION;;OXYGEN_SHAKE_MORNING_BREATH;XIRECS;9567.0;5;4;4
960400;;;GALAXY_SOUNDS_BLACK_HOLES;XIRECS;13815.0;2;4;4
960400;;;GALAXY_SOUNDS_DARK_MATTER;XIRECS;10139.0;2;4;4
960400;;;GALAXY_SOUNDS_PLANETARY_RINGS;XIRECS;10138.0;2;4;4
960400;;;GALAXY_SOUNDS_SOLAR_FLAMES;XIRECS;10754.0;2;4;4
960400;;;GALAXY_SOUNDS_SOLAR_WINDS;XIRECS;10796.0;2;4;4
960400;;;OXYGEN_SHAKE_CHOCOLATE;XIRECS;10684.0;2;4;4
960400;;;OXYGEN_SHAKE_EVENING_BREATH;XIRECS;9506.0;2;4;4
960400;;;OXYGEN_SHAKE_GARLIC;XIRECS;14061.0;2;4;4
960400;;;OXYGEN_SHAKE_MINT;XIRECS;9997.0;2;4;4
960400;;;OXYGEN_SHAKE_MORNING_BREATH;XIRECS;9531.0;2;4;4
960400;;;PANEL_1X2;XIRECS;9843.0;2;4;4
960400;;;PANEL_1X4;XIRECS;8853.0;2;4;4
960400;;;PANEL_2X2;XIRECS;9183.0;2;4;4
960400;;;PANEL_2X4;XIRECS;11907.0;2;4;4
960400;;;PANEL_4X4;XIRECS;9406.0;2;4;4
960400;;;ROBOT_DISHES;XIRECS;11304.0;2;4;4
960400;;;ROBOT_IRONING;XIRECS;7603.0;2;4;4
960400;;;ROBOT_LAUNDRY;XIRECS;9423.0;2;4;4
960400;;;ROBOT_MOPPING;XIRECS;11224.0;2;4;4
960400;;;ROBOT_VACUUMING;XIRECS;8409.0;2;4;4
960400;;;SLEEP_POD_COTTON;XIRECS;11345.0;2;4;4
960400;;;SLEEP_POD_LAMB_WOOL;XIRECS;11071.0;2;4;4
960400;;;SLEEP_POD_NYLON;XIRECS;10718.0;2;4;4
960400;;;SLEEP_POD_POLYESTER;XIRECS;12018.0;2;4;4
960400;;;SLEEP_POD_SUEDE;XIRECS;12059.0;2;4;4
960400;;;SNACKPACK_CHOCOLATE;XIRECS;9694.0;2;4;4
960400;;;SNACKPACK_PISTACHIO;XIRECS;9118.0;2;4;4
960400;;;SNACKPACK_RASPBERRY;XIRECS;10285.0;2;4;4
960400;;;SNACKPACK_STRAWBERRY;XIRECS;10899.0;2;4;4
960400;;;SNACKPACK_VANILLA;XIRECS;10270.0;2;4;4
960400;;;TRANSLATOR_ASTRO_BLACK;XIRECS;8902.0;2;4;4
960400;;;TRANSLATOR_ECLIPSE_CHARCOAL;XIRECS;9455.0;2;4;4
960400;;;TRANSLATOR_GRAPHITE_MIST;XIRECS;9996.0;2;4;4
960400;;;TRANSLATOR_SPACE_GRAY;XIRECS;8612.0;2;4;4
960400;;;TRANSLATOR_VOID_BLUE;XIRECS;11154.0;2;4;4
960400;;;UV_VISOR_AMBER;XIRECS;7064.0;2;4;4
960400;;;UV_VISOR_MAGENTA;XIRECS;11761.0;2;4;4
960400;;;UV_VISOR_ORANGE;XIRECS;9642.0;2;4;4
960400;;;UV_VISOR_RED;XIRECS;11846.0;2;4;4
960400;;;UV_VISOR_YELLOW;XIRECS;10050.0;2;4;4
961100;;SUBMISSION;OXYGEN_SHAKE_MORNING_BREATH;XIRECS;9490.0;5;4;4
962200;;;GALAXY_SOUNDS_BLACK_HOLES;XIRECS;13771.0;4;4;4
962200;;;GALAXY_SOUNDS_DARK_MATTER;XIRECS;10104.0;4;4;4
962200;;;GALAXY_SOUNDS_PLANETARY_RINGS;XIRECS;10105.0;4;4;4
962200;;;GALAXY_SOUNDS_SOLAR_FLAMES;XIRECS;10689.0;4;4;4
962200;;;GALAXY_SOUNDS_SOLAR_WINDS;XIRECS;10800.0;4;4;4
962200;;;OXYGEN_SHAKE_CHOCOLATE;XIRECS;10671.0;4;4;4
962200;;;OXYGEN_SHAKE_EVENING_BREATH;XIRECS;9414.0;4;4;4
962200;;;OXYGEN_SHAKE_GARLIC;XIRECS;14009.0;4;4;4
962200;;;OXYGEN_SHAKE_MINT;XIRECS;10029.0;4;4;4
962200;;;OXYGEN_SHAKE_MORNING_BREATH;XIRECS;9515.0;4;4;4
962200;;;PANEL_1X2;XIRECS;9800.0;4;4;4
962200;;;PANEL_1X4;XIRECS;8886.0;4;4;4
962200;;;PANEL_2X2;XIRECS;9173.0;4;4;4
962200;;;PANEL_2X4;XIRECS;11838.0;4;4;4
962200;;;PANEL_4X4;XIRECS;9389.0;4;4;4
962200;;;ROBOT_DISHES;XIRECS;11296.0;4;4;4
962200;;;ROBOT_IRONING;XIRECS;7557.0;4;4;4
962200;;;ROBOT_LAUNDRY;XIRECS;9352.0;4;4;4
962200;;;ROBOT_MOPPING;XIRECS;11204.0;4;4;4
962200;;;ROBOT_VACUUMING;XIRECS;8382.0;4;4;4
962200;;;SLEEP_POD_COTTON;XIRECS;11259.0;4;4;4
962200;;;SLEEP_POD_LAMB_WOOL;XIRECS;11121.0;4;4;4
962200;;;SLEEP_POD_NYLON;XIRECS;10677.0;4;4;4
962200;;;SLEEP_POD_POLYESTER;XIRECS;12062.0;4;4;4
962200;;;SLEEP_POD_SUEDE;XIRECS;12002.0;4;4;4
962200;;;SNACKPACK_CHOCOLATE;XIRECS;9712.0;4;4;4
962200;;;SNACKPACK_PISTACHIO;XIRECS;9129.0;4;4;4
962200;;;SNACKPACK_RASPBERRY;XIRECS;10214.0;4;4;4
962200;;;SNACKPACK_STRAWBERRY;XIRECS;10924.0;4;4;4
962200;;;SNACKPACK_VANILLA;XIRECS;10223.0;4;4;4
962200;;;TRANSLATOR_ASTRO_BLACK;XIRECS;8888.0;4;4;4
962200;;;TRANSLATOR_ECLIPSE_CHARCOAL;XIRECS;9565.0;4;4;4
962200;;;TRANSLATOR_GRAPHITE_MIST;XIRECS;10006.0;4;4;4
962200;;;TRANSLATOR_SPACE_GRAY;XIRECS;8532.0;4;4;4
962200;;;TRANSLATOR_VOID_BLUE;XIRECS;11110.0;4;4;4
962200;;;UV_VISOR_AMBER;XIRECS;7087.0;4;4;4
962200;;;UV_VISOR_MAGENTA;XIRECS;11678.0;4;4;4
962200;;;UV_VISOR_ORANGE;XIRECS;9596.0;4;4;4
962200;;;UV_VISOR_RED;XIRECS;11883.0;4;4;4
962200;;;UV_VISOR_YELLOW;XIRECS;10056.0;4;4;4
963000;SUBMISSION;;PEBBLES_XL;XIRECS;15390.0;3;4;4
963600;SUBMISSION;;OXYGEN_SHAKE_MORNING_BREATH;XIRECS;9577.0;5;4;4
963700;SUBMISSION;;PEBBLES_XL;XIRECS;15403.0;2;4;4
963700;;;PEBBLES_L;XIRECS;9305.0;5;4;4
963700;;;PEBBLES_M;XIRECS;10701.0;5;4;4
963700;;;PEBBLES_S;XIRECS;8153.0;5;4;4
963700;;;PEBBLES_XS;XIRECS;6407.0;5;4;4
964100;SUBMISSION;;SNACKPACK_PISTACHIO;XIRECS;9121.0;4;4;4
964100;SUBMISSION;;SNACKPACK_STRAWBERRY;XIRECS;10887.0;4;4;4
964100;SUBMISSION;;SNACKPACK_VANILLA;XIRECS;10272.0;4;4;4
964300;;;MICROCHIP_CIRCLE;XIRECS;10411.0;1;4;4
964300;;;MICROCHIP_OVAL;XIRECS;5482.0;1;4;4
964300;;;MICROCHIP_RECTANGLE;XIRECS;8386.0;1;4;4
964300;;;MICROCHIP_SQUARE;XIRECS;14223.0;1;4;4
964300;;;MICROCHIP_TRIANGLE;XIRECS;7969.0;1;4;4
965100;;SUBMISSION;PEBBLES_XL;XIRECS;15479.0;3;4;4
965600;;SUBMISSION;SNACKPACK_PISTACHIO;XIRECS;9125.0;5;4;4
965600;;SUBMISSION;SNACKPACK_STRAWBERRY;XIRECS;10904.0;5;4;4
965600;;SUBMISSION;SNACKPACK_VANILLA;XIRECS;10273.0;5;4;4
967700;SUBMISSION;;PEBBLES_XL;XIRECS;15796.0;2;4;4
967700;;;PEBBLES_L;XIRECS;9192.0;4;4;4
967700;;;PEBBLES_M;XIRECS;10681.0;4;4;4
967700;;;PEBBLES_S;XIRECS;8003.0;4;4;4
967700;;;PEBBLES_XS;XIRECS;6296.0;4;4;4
968300;SUBMISSION;;PEBBLES_XL;XIRECS;15742.0;6;4;4
968900;;;GALAXY_SOUNDS_BLACK_HOLES;XIRECS;13882.0;4;4;4
968900;;;GALAXY_SOUNDS_DARK_MATTER;XIRECS;10021.0;4;4;4
968900;;;GALAXY_SOUNDS_PLANETARY_RINGS;XIRECS;9937.0;4;4;4
968900;;;GALAXY_SOUNDS_SOLAR_FLAMES;XIRECS;10638.0;4;4;4
968900;;;GALAXY_SOUNDS_SOLAR_WINDS;XIRECS;10900.0;4;4;4
968900;;;OXYGEN_SHAKE_CHOCOLATE;XIRECS;10741.0;4;4;4
968900;;;OXYGEN_SHAKE_EVENING_BREATH;XIRECS;9376.0;4;4;4
968900;;;OXYGEN_SHAKE_GARLIC;XIRECS;14078.0;4;4;4
968900;;;OXYGEN_SHAKE_MINT;XIRECS;10047.0;4;4;4
968900;;;OXYGEN_SHAKE_MORNING_BREATH;XIRECS;9625.0;4;4;4
968900;;;PANEL_1X2;XIRECS;9607.0;4;4;4
968900;;;PANEL_1X4;XIRECS;8946.0;4;4;4
968900;;;PANEL_2X2;XIRECS;9233.0;4;4;4
968900;;;PANEL_2X4;XIRECS;11990.0;4;4;4
968900;;;PANEL_4X4;XIRECS;9361.0;4;4;4
968900;;;ROBOT_DISHES;XIRECS;11204.0;4;4;4
968900;;;ROBOT_IRONING;XIRECS;7573.0;4;4;4
968900;;;ROBOT_LAUNDRY;XIRECS;9173.0;4;4;4
968900;;;ROBOT_MOPPING;XIRECS;11230.0;4;4;4
968900;;;ROBOT_VACUUMING;XIRECS;8363.0;4;4;4
968900;;;SLEEP_POD_COTTON;XIRECS;11191.0;4;4;4
968900;;;SLEEP_POD_LAMB_WOOL;XIRECS;11129.0;4;4;4
968900;;;SLEEP_POD_NYLON;XIRECS;10629.0;4;4;4
968900;;;SLEEP_POD_POLYESTER;XIRECS;12126.0;4;4;4
968900;;;SLEEP_POD_SUEDE;XIRECS;12101.0;4;4;4
968900;;;SNACKPACK_CHOCOLATE;XIRECS;9640.0;4;4;4
968900;;;SNACKPACK_PISTACHIO;XIRECS;9145.0;4;4;4
968900;;;SNACKPACK_RASPBERRY;XIRECS;10244.0;4;4;4
968900;;;SNACKPACK_STRAWBERRY;XIRECS;10923.0;4;4;4
968900;;;SNACKPACK_VANILLA;XIRECS;10334.0;4;4;4
968900;;;TRANSLATOR_ASTRO_BLACK;XIRECS;8869.0;4;4;4
968900;;;TRANSLATOR_ECLIPSE_CHARCOAL;XIRECS;9668.0;4;4;4
968900;;;TRANSLATOR_GRAPHITE_MIST;XIRECS;10023.0;4;4;4
968900;;;TRANSLATOR_SPACE_GRAY;XIRECS;8533.0;4;4;4
968900;;;TRANSLATOR_VOID_BLUE;XIRECS;11201.0;4;4;4
968900;;;UV_VISOR_AMBER;XIRECS;7147.0;4;4;4
968900;;;UV_VISOR_MAGENTA;XIRECS;11722.0;4;4;4
968900;;;UV_VISOR_ORANGE;XIRECS;9573.0;4;4;4
968900;;;UV_VISOR_RED;XIRECS;11823.0;4;4;4
968900;;;UV_VISOR_YELLOW;XIRECS;10091.0;4;4;4
969000;SUBMISSION;;SNACKPACK_PISTACHIO;XIRECS;9126.0;1;4;4
969000;SUBMISSION;;SNACKPACK_STRAWBERRY;XIRECS;10899.0;1;4;4
969000;SUBMISSION;;SNACKPACK_VANILLA;XIRECS;10321.0;1;4;4
969000;;;GALAXY_SOUNDS_BLACK_HOLES;XIRECS;13862.0;3;4;4
969000;;;GALAXY_SOUNDS_DARK_MATTER;XIRECS;9985.0;3;4;4
969000;;;GALAXY_SOUNDS_PLANETARY_RINGS;XIRECS;9936.0;3;4;4
969000;;;GALAXY_SOUNDS_SOLAR_FLAMES;XIRECS;10609.0;3;4;4
969000;;;GALAXY_SOUNDS_SOLAR_WINDS;XIRECS;10899.0;3;4;4
969000;;;OXYGEN_SHAKE_CHOCOLATE;XIRECS;10743.0;3;4;4
969000;;;OXYGEN_SHAKE_EVENING_BREATH;XIRECS;9374.0;3;4;4
969000;;;OXYGEN_SHAKE_GARLIC;XIRECS;14081.0;3;4;4
969000;;;OXYGEN_SHAKE_MINT;XIRECS;10032.0;3;4;4
969000;;;OXYGEN_SHAKE_MORNING_BREATH;XIRECS;9598.0;3;4;4
969000;;;PANEL_1X2;XIRECS;9591.0;3;4;4
969000;;;PANEL_1X4;XIRECS;8951.0;3;4;4
969000;;;PANEL_2X2;XIRECS;9228.0;3;4;4
969000;;;PANEL_2X4;XIRECS;11979.0;3;4;4
969000;;;PANEL_4X4;XIRECS;9348.0;3;4;4
969000;;;ROBOT_DISHES;XIRECS;11196.0;3;4;4
969000;;;ROBOT_IRONING;XIRECS;7557.0;3;4;4
969000;;;ROBOT_LAUNDRY;XIRECS;9171.0;3;4;4
969000;;;ROBOT_MOPPING;XIRECS;11233.0;3;4;4
969000;;;ROBOT_VACUUMING;XIRECS;8354.0;3;4;4
969000;;;SLEEP_POD_COTTON;XIRECS;11167.0;3;4;4
969000;;;SLEEP_POD_LAMB_WOOL;XIRECS;11122.0;3;4;4
969000;;;SLEEP_POD_NYLON;XIRECS;10628.0;3;4;4
969000;;;SLEEP_POD_POLYESTER;XIRECS;12134.0;3;4;4
969000;;;SLEEP_POD_SUEDE;XIRECS;12085.0;3;4;4
969000;;;SNACKPACK_CHOCOLATE;XIRECS;9620.0;3;4;4
969000;;;SNACKPACK_RASPBERRY;XIRECS;10234.0;3;4;4
969000;;;TRANSLATOR_ASTRO_BLACK;XIRECS;8871.0;3;4;4
969000;;;TRANSLATOR_ECLIPSE_CHARCOAL;XIRECS;9646.0;3;4;4
969000;;;TRANSLATOR_GRAPHITE_MIST;XIRECS;10017.0;3;4;4
969000;;;TRANSLATOR_SPACE_GRAY;XIRECS;8527.0;3;4;4
969000;;;TRANSLATOR_VOID_BLUE;XIRECS;11205.0;3;4;4
969000;;;UV_VISOR_AMBER;XIRECS;7136.0;3;4;4
969000;;;UV_VISOR_MAGENTA;XIRECS;11700.0;3;4;4
969000;;;UV_VISOR_ORANGE;XIRECS;9552.0;3;4;4
969000;;;UV_VISOR_RED;XIRECS;11821.0;3;4;4
969000;;;UV_VISOR_YELLOW;XIRECS;10071.0;3;4;4
969400;;;PEBBLES_L;XIRECS;9200.0;4;4;4
969400;;;PEBBLES_M;XIRECS;10668.0;4;4;4
969400;;;PEBBLES_S;XIRECS;7925.0;4;4;4
969400;;;PEBBLES_XL;XIRECS;15832.0;4;4;4
969400;;;PEBBLES_XS;XIRECS;6342.0;4;4;4
969700;SUBMISSION;;SNACKPACK_PISTACHIO;XIRECS;9129.0;2;4;4
969700;SUBMISSION;;SNACKPACK_STRAWBERRY;XIRECS;10908.0;2;4;4
969700;SUBMISSION;;SNACKPACK_VANILLA;XIRECS;10319.0;2;4;4
970100;;SUBMISSION;PEBBLES_XL;XIRECS;15770.0;6;4;4
970500;;SUBMISSION;SNACKPACK_PISTACHIO;XIRECS;9123.0;2;4;4
970500;;SUBMISSION;SNACKPACK_STRAWBERRY;XIRECS;10881.0;2;4;4
970500;SUBMISSION;;PEBBLES_XL;XIRECS;15782.0;6;4;4
970500;;SUBMISSION;SNACKPACK_VANILLA;XIRECS;10338.0;2;4;4
970500;;;GALAXY_SOUNDS_BLACK_HOLES;XIRECS;13902.0;3;4;4
970500;;;GALAXY_SOUNDS_DARK_MATTER;XIRECS;10067.0;3;4;4
970500;;;GALAXY_SOUNDS_PLANETARY_RINGS;XIRECS;9962.0;3;4;4
970500;;;GALAXY_SOUNDS_SOLAR_FLAMES;XIRECS;10640.0;3;4;4
970500;;;GALAXY_SOUNDS_SOLAR_WINDS;XIRECS;10906.0;3;4;4
970500;;;OXYGEN_SHAKE_CHOCOLATE;XIRECS;10760.0;3;4;4
970500;;;OXYGEN_SHAKE_EVENING_BREATH;XIRECS;9366.0;3;4;4
970500;;;OXYGEN_SHAKE_GARLIC;XIRECS;14038.0;3;4;4
970500;;;OXYGEN_SHAKE_MINT;XIRECS;9994.0;3;4;4
970500;;;OXYGEN_SHAKE_MORNING_BREATH;XIRECS;9582.0;3;4;4
970500;;;PANEL_1X2;XIRECS;9615.0;3;4;4
970500;;;PANEL_1X4;XIRECS;8969.0;3;4;4
970500;;;PANEL_2X2;XIRECS;9289.0;3;4;4
970500;;;PANEL_2X4;XIRECS;11998.0;3;4;4
970500;;;PANEL_4X4;XIRECS;9374.0;3;4;4
970500;;;ROBOT_DISHES;XIRECS;11204.0;3;4;4
970500;;;ROBOT_IRONING;XIRECS;7613.0;3;4;4
970500;;;ROBOT_LAUNDRY;XIRECS;9171.0;3;4;4
970500;;;ROBOT_MOPPING;XIRECS;11172.0;3;4;4
970500;;;ROBOT_VACUUMING;XIRECS;8405.0;3;4;4
970500;;;SLEEP_POD_COTTON;XIRECS;11176.0;3;4;4
970500;;;SLEEP_POD_LAMB_WOOL;XIRECS;11100.0;3;4;4
970500;;;SLEEP_POD_NYLON;XIRECS;10665.0;3;4;4
970500;;;SLEEP_POD_POLYESTER;XIRECS;12161.0;3;4;4
970500;;;SLEEP_POD_SUEDE;XIRECS;12155.0;3;4;4
970500;;;SNACKPACK_CHOCOLATE;XIRECS;9634.0;3;4;4
970500;;;SNACKPACK_RASPBERRY;XIRECS;10275.0;3;4;4
970500;;;TRANSLATOR_ASTRO_BLACK;XIRECS;8888.0;3;4;4
970500;;;TRANSLATOR_ECLIPSE_CHARCOAL;XIRECS;9686.0;3;4;4
970500;;;TRANSLATOR_GRAPHITE_MIST;XIRECS;10090.0;3;4;4
970500;;;TRANSLATOR_SPACE_GRAY;XIRECS;8520.0;3;4;4
970500;;;TRANSLATOR_VOID_BLUE;XIRECS;11190.0;3;4;4
970500;;;UV_VISOR_AMBER;XIRECS;7128.0;3;4;4
970500;;;UV_VISOR_MAGENTA;XIRECS;11636.0;3;4;4
970500;;;UV_VISOR_ORANGE;XIRECS;9599.0;3;4;4
970500;;;UV_VISOR_RED;XIRECS;11785.0;3;4;4
970500;;;UV_VISOR_YELLOW;XIRECS;10087.0;3;4;4
973300;SUBMISSION;;SNACKPACK_PISTACHIO;XIRECS;9104.0;4;4;4
973300;SUBMISSION;;SNACKPACK_STRAWBERRY;XIRECS;10865.0;4;4;4
973300;SUBMISSION;;SNACKPACK_VANILLA;XIRECS;10369.0;4;4;4
973600;;SUBMISSION;PEBBLES_XL;XIRECS;15739.0;7;4;4
973900;;;MICROCHIP_CIRCLE;XIRECS;10527.0;2;4;4
973900;;;MICROCHIP_OVAL;XIRECS;5603.0;2;4;4
973900;;;MICROCHIP_RECTANGLE;XIRECS;8508.0;2;4;4
973900;;;MICROCHIP_SQUARE;XIRECS;13901.0;2;4;4
973900;;;MICROCHIP_TRIANGLE;XIRECS;8071.0;2;4;4
974400;;;MICROCHIP_CIRCLE;XIRECS;10519.0;3;4;4
974400;;;MICROCHIP_OVAL;XIRECS;5617.0;3;4;4
974400;;;MICROCHIP_RECTANGLE;XIRECS;8500.0;3;4;4
974400;;;MICROCHIP_SQUARE;XIRECS;13942.0;3;4;4
974400;;;MICROCHIP_TRIANGLE;XIRECS;8054.0;3;4;4
974700;;;GALAXY_SOUNDS_BLACK_HOLES;XIRECS;13832.0;1;4;4
974700;;;GALAXY_SOUNDS_DARK_MATTER;XIRECS;9970.0;1;4;4
974700;;;GALAXY_SOUNDS_PLANETARY_RINGS;XIRECS;9883.0;1;4;4
974700;;;GALAXY_SOUNDS_SOLAR_FLAMES;XIRECS;10656.0;1;4;4
974700;;;GALAXY_SOUNDS_SOLAR_WINDS;XIRECS;10746.0;1;4;4
974700;;;MICROCHIP_CIRCLE;XIRECS;10540.0;2;4;4
974700;;;MICROCHIP_OVAL;XIRECS;5630.0;2;4;4
974700;;;MICROCHIP_RECTANGLE;XIRECS;8525.0;2;4;4
974700;;;MICROCHIP_SQUARE;XIRECS;13954.0;2;4;4
974700;;;MICROCHIP_TRIANGLE;XIRECS;8062.0;2;4;4
974700;;;OXYGEN_SHAKE_CHOCOLATE;XIRECS;10819.0;1;4;4
974700;;;OXYGEN_SHAKE_EVENING_BREATH;XIRECS;9404.0;1;4;4
974700;;;OXYGEN_SHAKE_GARLIC;XIRECS;13794.0;1;4;4
974700;;;OXYGEN_SHAKE_MINT;XIRECS;9981.0;1;4;4
974700;;;OXYGEN_SHAKE_MORNING_BREATH;XIRECS;9569.0;1;4;4
974700;;;PANEL_1X2;XIRECS;9725.0;1;4;4
974700;;;PANEL_1X4;XIRECS;9052.0;1;4;4
974700;;;PANEL_2X2;XIRECS;9316.0;1;4;4
974700;;;PANEL_2X4;XIRECS;12073.0;1;4;4
974700;;;PANEL_4X4;XIRECS;9286.0;1;4;4
974700;;;ROBOT_DISHES;XIRECS;11296.0;1;4;4
974700;;;ROBOT_IRONING;XIRECS;7627.0;1;4;4
974700;;;ROBOT_LAUNDRY;XIRECS;9237.0;1;4;4
974700;;;ROBOT_MOPPING;XIRECS;11229.0;1;4;4
974700;;;ROBOT_VACUUMING;XIRECS;8421.0;1;4;4
974700;;;SLEEP_POD_COTTON;XIRECS;11149.0;1;4;4
974700;;;SLEEP_POD_LAMB_WOOL;XIRECS;11049.0;1;4;4
974700;;;SLEEP_POD_NYLON;XIRECS;10665.0;1;4;4
974700;;;SLEEP_POD_POLYESTER;XIRECS;12093.0;1;4;4
974700;;;SLEEP_POD_SUEDE;XIRECS;11990.0;1;4;4
974700;;;SNACKPACK_CHOCOLATE;XIRECS;9611.0;1;4;4
974700;;;SNACKPACK_PISTACHIO;XIRECS;9074.0;1;4;4
974700;;;SNACKPACK_RASPBERRY;XIRECS;10307.0;1;4;4
974700;;;SNACKPACK_STRAWBERRY;XIRECS;10830.0;1;4;4
974700;;;SNACKPACK_VANILLA;XIRECS;10345.0;1;4;4
974700;;;TRANSLATOR_ASTRO_BLACK;XIRECS;8853.0;1;4;4
974700;;;TRANSLATOR_ECLIPSE_CHARCOAL;XIRECS;9678.0;1;4;4
974700;;;TRANSLATOR_GRAPHITE_MIST;XIRECS;9972.0;1;4;4
974700;;;TRANSLATOR_SPACE_GRAY;XIRECS;8502.0;1;4;4
974700;;;TRANSLATOR_VOID_BLUE;XIRECS;11126.0;1;4;4
974700;;;UV_VISOR_AMBER;XIRECS;7193.0;1;4;4
974700;;;UV_VISOR_MAGENTA;XIRECS;11624.0;1;4;4
974700;;;UV_VISOR_ORANGE;XIRECS;9448.0;1;4;4
974700;;;UV_VISOR_RED;XIRECS;11733.0;1;4;4
974700;;;UV_VISOR_YELLOW;XIRECS;9964.0;1;4;4
976500;;SUBMISSION;PEBBLES_XL;XIRECS;15788.0;2;4;4
976500;;;PEBBLES_L;XIRECS;9272.0;4;4;4
976500;;;PEBBLES_M;XIRECS;10637.0;4;4;4
976500;;;PEBBLES_S;XIRECS;8002.0;4;4;4
976500;;;PEBBLES_XS;XIRECS;6332.0;4;4;4
976600;SUBMISSION;;ROBOT_IRONING;XIRECS;7643.0;5;4;4
976900;;SUBMISSION;SNACKPACK_PISTACHIO;XIRECS;9041.0;5;4;4
976900;;SUBMISSION;SNACKPACK_STRAWBERRY;XIRECS;10792.0;5;4;4
976900;SUBMISSION;;PEBBLES_XL;XIRECS;15908.0;5;4;4
976900;;SUBMISSION;SNACKPACK_VANILLA;XIRECS;10358.0;5;4;4
977300;;SUBMISSION;PEBBLES_XL;XIRECS;15940.0;7;4;4
977400;SUBMISSION;;SNACKPACK_PISTACHIO;XIRECS;9038.0;1;4;4
977400;SUBMISSION;;SNACKPACK_STRAWBERRY;XIRECS;10793.0;1;4;4
977400;SUBMISSION;;SNACKPACK_VANILLA;XIRECS;10365.0;1;4;4
977400;;;GALAXY_SOUNDS_BLACK_HOLES;XIRECS;13791.0;2;4;4
977400;;;GALAXY_SOUNDS_DARK_MATTER;XIRECS;10019.0;2;4;4
977400;;;GALAXY_SOUNDS_PLANETARY_RINGS;XIRECS;9874.0;2;4;4
977400;;;GALAXY_SOUNDS_SOLAR_FLAMES;XIRECS;10653.0;2;4;4
977400;;;GALAXY_SOUNDS_SOLAR_WINDS;XIRECS;10796.0;2;4;4
977400;;;OXYGEN_SHAKE_CHOCOLATE;XIRECS;10763.0;2;4;4
977400;;;OXYGEN_SHAKE_EVENING_BREATH;XIRECS;9344.0;2;4;4
977400;;;OXYGEN_SHAKE_GARLIC;XIRECS;13778.0;2;4;4
977400;;;OXYGEN_SHAKE_MINT;XIRECS;10078.0;2;4;4
977400;;;OXYGEN_SHAKE_MORNING_BREATH;XIRECS;9604.0;2;4;4
977400;;;PANEL_1X2;XIRECS;9777.0;2;4;4
977400;;;PANEL_1X4;XIRECS;9003.0;2;4;4
977400;;;PANEL_2X2;XIRECS;9285.0;2;4;4
977400;;;PANEL_2X4;XIRECS;12088.0;2;4;4
977400;;;PANEL_4X4;XIRECS;9229.0;2;4;4
977400;;;ROBOT_DISHES;XIRECS;11296.0;2;4;4
977400;;;ROBOT_IRONING;XIRECS;7637.0;2;4;4
977400;;;ROBOT_LAUNDRY;XIRECS;9230.0;2;4;4
977400;;;ROBOT_MOPPING;XIRECS;11332.0;2;4;4
977400;;;ROBOT_VACUUMING;XIRECS;8396.0;2;4;4
977400;;;SLEEP_POD_COTTON;XIRECS;11190.0;2;4;4
977400;;;SLEEP_POD_LAMB_WOOL;XIRECS;11069.0;2;4;4
977400;;;SLEEP_POD_NYLON;XIRECS;10699.0;2;4;4
977400;;;SLEEP_POD_POLYESTER;XIRECS;12042.0;2;4;4
977400;;;SLEEP_POD_SUEDE;XIRECS;11999.0;2;4;4
977400;;;SNACKPACK_CHOCOLATE;XIRECS;9589.0;2;4;4
977400;;;SNACKPACK_RASPBERRY;XIRECS;10349.0;2;4;4
977400;;;TRANSLATOR_ASTRO_BLACK;XIRECS;8917.0;2;4;4
977400;;;TRANSLATOR_ECLIPSE_CHARCOAL;XIRECS;9684.0;2;4;4
977400;;;TRANSLATOR_GRAPHITE_MIST;XIRECS;9940.0;2;4;4
977400;;;TRANSLATOR_SPACE_GRAY;XIRECS;8482.0;2;4;4
977400;;;TRANSLATOR_VOID_BLUE;XIRECS;11082.0;2;4;4
977400;;;UV_VISOR_AMBER;XIRECS;7243.0;2;4;4
977400;;;UV_VISOR_MAGENTA;XIRECS;11610.0;2;4;4
977400;;;UV_VISOR_ORANGE;XIRECS;9483.0;2;4;4
977400;;;UV_VISOR_RED;XIRECS;11629.0;2;4;4
977400;;;UV_VISOR_YELLOW;XIRECS;9920.0;2;4;4
977700;;;MICROCHIP_CIRCLE;XIRECS;10508.0;3;4;4
977700;;;MICROCHIP_OVAL;XIRECS;5615.0;3;4;4
977700;;;MICROCHIP_RECTANGLE;XIRECS;8532.0;3;4;4
977700;;;MICROCHIP_SQUARE;XIRECS;13929.0;3;4;4
977700;;;MICROCHIP_TRIANGLE;XIRECS;7997.0;3;4;4
979100;;;MICROCHIP_CIRCLE;XIRECS;10515.0;2;4;4
979100;;;MICROCHIP_OVAL;XIRECS;5652.0;2;4;4
979100;;;MICROCHIP_RECTANGLE;XIRECS;8599.0;2;4;4
979100;;;MICROCHIP_SQUARE;XIRECS;13910.0;2;4;4
979100;;;MICROCHIP_TRIANGLE;XIRECS;8026.0;2;4;4
979600;;;GALAXY_SOUNDS_BLACK_HOLES;XIRECS;13805.0;3;4;4
979600;;;GALAXY_SOUNDS_DARK_MATTER;XIRECS;10073.0;3;4;4
979600;;;GALAXY_SOUNDS_PLANETARY_RINGS;XIRECS;9926.0;3;4;4
979600;;;GALAXY_SOUNDS_SOLAR_FLAMES;XIRECS;10646.0;3;4;4
979600;;;GALAXY_SOUNDS_SOLAR_WINDS;XIRECS;10857.0;3;4;4
979600;;;OXYGEN_SHAKE_CHOCOLATE;XIRECS;10723.0;3;4;4
979600;;;OXYGEN_SHAKE_EVENING_BREATH;XIRECS;9354.0;3;4;4
979600;;;OXYGEN_SHAKE_GARLIC;XIRECS;13716.0;3;4;4
979600;;;OXYGEN_SHAKE_MINT;XIRECS;10179.0;3;4;4
979600;;;OXYGEN_SHAKE_MORNING_BREATH;XIRECS;9614.0;3;4;4
979600;;;PANEL_1X2;XIRECS;9840.0;3;4;4
979600;;;PANEL_1X4;XIRECS;9111.0;3;4;4
979600;;;PANEL_2X2;XIRECS;9301.0;3;4;4
979600;;;PANEL_2X4;XIRECS;12027.0;3;4;4
979600;;;PANEL_4X4;XIRECS;9178.0;3;4;4
979600;;;ROBOT_DISHES;XIRECS;11296.0;3;4;4
979600;;;ROBOT_IRONING;XIRECS;7667.0;3;4;4
979600;;;ROBOT_LAUNDRY;XIRECS;9251.0;3;4;4
979600;;;ROBOT_MOPPING;XIRECS;11369.0;3;4;4
979600;;;ROBOT_VACUUMING;XIRECS;8365.0;3;4;4
979600;;;SLEEP_POD_COTTON;XIRECS;11138.0;3;4;4
979600;;;SLEEP_POD_LAMB_WOOL;XIRECS;11100.0;3;4;4
979600;;;SLEEP_POD_NYLON;XIRECS;10647.0;3;4;4
979600;;;SLEEP_POD_POLYESTER;XIRECS;11965.0;3;4;4
979600;;;SLEEP_POD_SUEDE;XIRECS;11902.0;3;4;4
979600;;;SNACKPACK_CHOCOLATE;XIRECS;9616.0;3;4;4
979600;;;SNACKPACK_PISTACHIO;XIRECS;9052.0;3;4;4
979600;;;SNACKPACK_RASPBERRY;XIRECS;10323.0;3;4;4
979600;;;SNACKPACK_STRAWBERRY;XIRECS;10828.0;3;4;4
979600;;;SNACKPACK_VANILLA;XIRECS;10329.0;3;4;4
979600;;;TRANSLATOR_ASTRO_BLACK;XIRECS;8993.0;3;4;4
979600;;;TRANSLATOR_ECLIPSE_CHARCOAL;XIRECS;9671.0;3;4;4
979600;;;TRANSLATOR_GRAPHITE_MIST;XIRECS;9939.0;3;4;4
979600;;;TRANSLATOR_SPACE_GRAY;XIRECS;8500.0;3;4;4
979600;;;TRANSLATOR_VOID_BLUE;XIRECS;11050.0;3;4;4
979600;;;UV_VISOR_AMBER;XIRECS;7227.0;3;4;4
979600;;;UV_VISOR_MAGENTA;XIRECS;11501.0;3;4;4
979600;;;UV_VISOR_ORANGE;XIRECS;9487.0;3;4;4
979600;;;UV_VISOR_RED;XIRECS;11654.0;3;4;4
979600;;;UV_VISOR_YELLOW;XIRECS;9982.0;3;4;4
980200;;;GALAXY_SOUNDS_BLACK_HOLES;XIRECS;13823.0;3;4;4
980200;;;GALAXY_SOUNDS_DARK_MATTER;XIRECS;10104.0;3;4;4
980200;;;GALAXY_SOUNDS_PLANETARY_RINGS;XIRECS;9928.0;3;4;4
980200;;;GALAXY_SOUNDS_SOLAR_FLAMES;XIRECS;10670.0;3;4;4
980200;;;GALAXY_SOUNDS_SOLAR_WINDS;XIRECS;10905.0;3;4;4
980200;;;OXYGEN_SHAKE_CHOCOLATE;XIRECS;10733.0;3;4;4
980200;;;OXYGEN_SHAKE_EVENING_BREATH;XIRECS;9386.0;3;4;4
980200;;;OXYGEN_SHAKE_GARLIC;XIRECS;13673.0;3;4;4
980200;;;OXYGEN_SHAKE_MINT;XIRECS;10185.0;3;4;4
980200;;;OXYGEN_SHAKE_MORNING_BREATH;XIRECS;9646.0;3;4;4
980200;;;PANEL_1X2;XIRECS;9849.0;3;4;4
980200;;;PANEL_1X4;XIRECS;9083.0;3;4;4
980200;;;PANEL_2X2;XIRECS;9289.0;3;4;4
980200;;;PANEL_2X4;XIRECS;11988.0;3;4;4
980200;;;PANEL_4X4;XIRECS;9172.0;3;4;4
980200;;;ROBOT_DISHES;XIRECS;11304.0;3;4;4
980200;;;ROBOT_IRONING;XIRECS;7633.0;3;4;4
980200;;;ROBOT_LAUNDRY;XIRECS;9282.0;3;4;4
980200;;;ROBOT_MOPPING;XIRECS;11416.0;3;4;4
980200;;;ROBOT_VACUUMING;XIRECS;8391.0;3;4;4
980200;;;SLEEP_POD_COTTON;XIRECS;11196.0;3;4;4
980200;;;SLEEP_POD_LAMB_WOOL;XIRECS;11079.0;3;4;4
980200;;;SLEEP_POD_NYLON;XIRECS;10631.0;3;4;4
980200;;;SLEEP_POD_POLYESTER;XIRECS;12003.0;3;4;4
980200;;;SLEEP_POD_SUEDE;XIRECS;11950.0;3;4;4
980200;;;SNACKPACK_CHOCOLATE;XIRECS;9620.0;3;4;4
980200;;;SNACKPACK_PISTACHIO;XIRECS;9046.0;3;4;4
980200;;;SNACKPACK_RASPBERRY;XIRECS;10384.0;3;4;4
980200;;;SNACKPACK_STRAWBERRY;XIRECS;10809.0;3;4;4
980200;;;SNACKPACK_VANILLA;XIRECS;10357.0;3;4;4
980200;;;TRANSLATOR_ASTRO_BLACK;XIRECS;8949.0;3;4;4
980200;;;TRANSLATOR_ECLIPSE_CHARCOAL;XIRECS;9684.0;3;4;4
980200;;;TRANSLATOR_GRAPHITE_MIST;XIRECS;9927.0;3;4;4
980200;;;TRANSLATOR_SPACE_GRAY;XIRECS;8531.0;3;4;4
980200;;;TRANSLATOR_VOID_BLUE;XIRECS;11039.0;3;4;4
980200;;;UV_VISOR_AMBER;XIRECS;7219.0;3;4;4
980200;;;UV_VISOR_MAGENTA;XIRECS;11567.0;3;4;4
980200;;;UV_VISOR_ORANGE;XIRECS;9490.0;3;4;4
980200;;;UV_VISOR_RED;XIRECS;11703.0;3;4;4
980200;;;UV_VISOR_YELLOW;XIRECS;9994.0;3;4;4
980400;;SUBMISSION;PEBBLES_XL;XIRECS;15674.0;7;4;4
980400;;;GALAXY_SOUNDS_BLACK_HOLES;XIRECS;13829.0;3;4;4
980400;;;GALAXY_SOUNDS_DARK_MATTER;XIRECS;10101.0;3;4;4
980400;;;GALAXY_SOUNDS_PLANETARY_RINGS;XIRECS;9923.0;3;4;4
980400;;;GALAXY_SOUNDS_SOLAR_FLAMES;XIRECS;10687.0;3;4;4
980400;;;GALAXY_SOUNDS_SOLAR_WINDS;XIRECS;10903.0;3;4;4
980400;;;OXYGEN_SHAKE_CHOCOLATE;XIRECS;10731.0;3;4;4
980400;;;OXYGEN_SHAKE_EVENING_BREATH;XIRECS;9386.0;3;4;4
980400;;;OXYGEN_SHAKE_GARLIC;XIRECS;13667.0;3;4;4
980400;;;OXYGEN_SHAKE_MINT;XIRECS;10178.0;3;4;4
980400;;;OXYGEN_SHAKE_MORNING_BREATH;XIRECS;9653.0;3;4;4
980400;;;PANEL_1X2;XIRECS;9868.0;3;4;4
980400;;;PANEL_1X4;XIRECS;9090.0;3;4;4
980400;;;PANEL_2X2;XIRECS;9302.0;3;4;4
980400;;;PANEL_2X4;XIRECS;11989.0;3;4;4
980400;;;PANEL_4X4;XIRECS;9182.0;3;4;4
980400;;;ROBOT_DISHES;XIRECS;11304.0;3;4;4
980400;;;ROBOT_IRONING;XIRECS;7633.0;3;4;4
980400;;;ROBOT_LAUNDRY;XIRECS;9308.0;3;4;4
980400;;;ROBOT_MOPPING;XIRECS;11415.0;3;4;4
980400;;;ROBOT_VACUUMING;XIRECS;8377.0;3;4;4
980400;;;SLEEP_POD_COTTON;XIRECS;11202.0;3;4;4
980400;;;SLEEP_POD_LAMB_WOOL;XIRECS;11082.0;3;4;4
980400;;;SLEEP_POD_NYLON;XIRECS;10649.0;3;4;4
980400;;;SLEEP_POD_POLYESTER;XIRECS;12018.0;3;4;4
980400;;;SLEEP_POD_SUEDE;XIRECS;11942.0;3;4;4
980400;;;SNACKPACK_CHOCOLATE;XIRECS;9615.0;3;4;4
980400;;;SNACKPACK_PISTACHIO;XIRECS;9035.0;3;4;4
980400;;;SNACKPACK_RASPBERRY;XIRECS;10401.0;3;4;4
980400;;;SNACKPACK_STRAWBERRY;XIRECS;10791.0;3;4;4
980400;;;SNACKPACK_VANILLA;XIRECS;10360.0;3;4;4
980400;;;TRANSLATOR_ASTRO_BLACK;XIRECS;8935.0;3;4;4
980400;;;TRANSLATOR_ECLIPSE_CHARCOAL;XIRECS;9668.0;3;4;4
980400;;;TRANSLATOR_GRAPHITE_MIST;XIRECS;9944.0;3;4;4
980400;;;TRANSLATOR_SPACE_GRAY;XIRECS;8529.0;3;4;4
980400;;;TRANSLATOR_VOID_BLUE;XIRECS;11050.0;3;4;4
980400;;;UV_VISOR_AMBER;XIRECS;7228.0;3;4;4
980400;;;UV_VISOR_MAGENTA;XIRECS;11555.0;3;4;4
980400;;;UV_VISOR_ORANGE;XIRECS;9478.0;3;4;4
980400;;;UV_VISOR_RED;XIRECS;11726.0;3;4;4
980400;;;UV_VISOR_YELLOW;XIRECS;10013.0;3;4;4
982400;;SUBMISSION;SNACKPACK_PISTACHIO;XIRECS;9031.0;4;4;4
982400;;SUBMISSION;SNACKPACK_STRAWBERRY;XIRECS;10767.0;4;4;4
982400;;SUBMISSION;SNACKPACK_VANILLA;XIRECS;10349.0;4;4;4
982800;SUBMISSION;;ROBOT_IRONING;XIRECS;7663.0;5;4;4
983800;SUBMISSION;;PEBBLES_XL;XIRECS;15749.0;4;4;4
984300;SUBMISSION;;SNACKPACK_PISTACHIO;XIRECS;9030.0;5;4;4
984300;SUBMISSION;;SNACKPACK_STRAWBERRY;XIRECS;10782.0;5;4;4
984300;SUBMISSION;;SNACKPACK_VANILLA;XIRECS;10342.0;5;4;4
985300;SUBMISSION;;PEBBLES_XL;XIRECS;15892.0;2;4;4
985300;;;PEBBLES_L;XIRECS;9246.0;4;4;4
985300;;;PEBBLES_M;XIRECS;10852.0;4;4;4
985300;;;PEBBLES_S;XIRECS;7965.0;4;4;4
985300;;;PEBBLES_XS;XIRECS;6014.0;4;4;4
986000;SUBMISSION;;PEBBLES_XL;XIRECS;15700.0;2;4;4
986000;;;PEBBLES_L;XIRECS;9248.0;2;4;4
986000;;;PEBBLES_M;XIRECS;10920.0;2;4;4
986000;;;PEBBLES_S;XIRECS;8037.0;2;4;4
986000;;;PEBBLES_XS;XIRECS;6063.0;2;4;4
986300;;SUBMISSION;OXYGEN_SHAKE_MORNING_BREATH;XIRECS;9481.0;5;4;4
986600;SUBMISSION;;ROBOT_IRONING;XIRECS;7753.0;5;4;4
986800;SUBMISSION;;MICROCHIP_OVAL;XIRECS;5660.0;5;4;4
987900;SUBMISSION;;SNACKPACK_PISTACHIO;XIRECS;9025.0;3;4;4
987900;SUBMISSION;;SNACKPACK_STRAWBERRY;XIRECS;10780.0;3;4;4
987900;SUBMISSION;;SNACKPACK_VANILLA;XIRECS;10369.0;3;4;4
988500;SUBMISSION;;ROBOT_MOPPING;XIRECS;11504.0;5;4;4
988600;;SUBMISSION;PEBBLES_XL;XIRECS;15813.0;2;4;4
988600;;;PEBBLES_L;XIRECS;9210.0;4;4;4
988600;;;PEBBLES_M;XIRECS;10917.0;4;4;4
988600;;;PEBBLES_S;XIRECS;8032.0;4;4;4
988600;;;PEBBLES_XS;XIRECS;6060.0;4;4;4
988700;SUBMISSION;;PEBBLES_XL;XIRECS;15819.0;2;4;4
988700;;;PEBBLES_L;XIRECS;9192.0;5;4;4
988700;;;PEBBLES_M;XIRECS;10912.0;5;4;4
988700;;;PEBBLES_S;XIRECS;7999.0;5;4;4
988700;;;PEBBLES_XS;XIRECS;6047.0;5;4;4
989000;;SUBMISSION;SNACKPACK_PISTACHIO;XIRECS;9021.0;4;4;4
989000;;SUBMISSION;SNACKPACK_STRAWBERRY;XIRECS;10761.0;4;4;4
989000;;SUBMISSION;SNACKPACK_VANILLA;XIRECS;10401.0;4;4;4
989300;;SUBMISSION;OXYGEN_SHAKE_MORNING_BREATH;XIRECS;9496.0;5;4;4
989400;SUBMISSION;;ROBOT_IRONING;XIRECS;7793.0;5;4;4
991000;SUBMISSION;;ROBOT_MOPPING;XIRECS;11518.0;5;4;4
991900;;;GALAXY_SOUNDS_BLACK_HOLES;XIRECS;13569.0;3;4;4
991900;;;GALAXY_SOUNDS_DARK_MATTER;XIRECS;10300.0;3;4;4
991900;;;GALAXY_SOUNDS_PLANETARY_RINGS;XIRECS;9684.0;3;4;4
991900;;;GALAXY_SOUNDS_SOLAR_FLAMES;XIRECS;10760.0;3;4;4
991900;;;GALAXY_SOUNDS_SOLAR_WINDS;XIRECS;10491.0;3;4;4
991900;;;OXYGEN_SHAKE_CHOCOLATE;XIRECS;10742.0;3;4;4
991900;;;OXYGEN_SHAKE_EVENING_BREATH;XIRECS;9406.0;3;4;4
991900;;;OXYGEN_SHAKE_GARLIC;XIRECS;13845.0;3;4;4
991900;;;OXYGEN_SHAKE_MINT;XIRECS;10166.0;3;4;4
991900;;;OXYGEN_SHAKE_MORNING_BREATH;XIRECS;9457.0;3;4;4
991900;;;PANEL_1X2;XIRECS;9748.0;3;4;4
991900;;;PANEL_1X4;XIRECS;9233.0;3;4;4
991900;;;PANEL_2X2;XIRECS;9327.0;3;4;4
991900;;;PANEL_2X4;XIRECS;12284.0;3;4;4
991900;;;PANEL_4X4;XIRECS;9260.0;3;4;4
991900;;;ROBOT_DISHES;XIRECS;11304.0;3;4;4
991900;;;ROBOT_IRONING;XIRECS;7773.0;3;4;4
991900;;;ROBOT_LAUNDRY;XIRECS;9274.0;3;4;4
991900;;;ROBOT_MOPPING;XIRECS;11431.0;3;4;4
991900;;;ROBOT_VACUUMING;XIRECS;8385.0;3;4;4
991900;;;SLEEP_POD_COTTON;XIRECS;11316.0;3;4;4
991900;;;SLEEP_POD_LAMB_WOOL;XIRECS;11050.0;3;4;4
991900;;;SLEEP_POD_NYLON;XIRECS;10738.0;3;4;4
991900;;;SLEEP_POD_POLYESTER;XIRECS;12049.0;3;4;4
991900;;;SLEEP_POD_SUEDE;XIRECS;11800.0;3;4;4
991900;;;SNACKPACK_CHOCOLATE;XIRECS;9638.0;3;4;4
991900;;;SNACKPACK_PISTACHIO;XIRECS;9070.0;3;4;4
991900;;;SNACKPACK_RASPBERRY;XIRECS;10358.0;3;4;4
991900;;;SNACKPACK_STRAWBERRY;XIRECS;10827.0;3;4;4
991900;;;SNACKPACK_VANILLA;XIRECS;10373.0;3;4;4
991900;;;TRANSLATOR_ASTRO_BLACK;XIRECS;8969.0;3;4;4
991900;;;TRANSLATOR_ECLIPSE_CHARCOAL;XIRECS;9683.0;3;4;4
991900;;;TRANSLATOR_GRAPHITE_MIST;XIRECS;9767.0;3;4;4
991900;;;TRANSLATOR_SPACE_GRAY;XIRECS;8413.0;3;4;4
991900;;;TRANSLATOR_VOID_BLUE;XIRECS;11363.0;3;4;4
991900;;;UV_VISOR_AMBER;XIRECS;7254.0;3;4;4
991900;;;UV_VISOR_MAGENTA;XIRECS;11555.0;3;4;4
991900;;;UV_VISOR_ORANGE;XIRECS;9460.0;3;4;4
991900;;;UV_VISOR_RED;XIRECS;11714.0;3;4;4
991900;;;UV_VISOR_YELLOW;XIRECS;10113.0;3;4;4
992100;;SUBMISSION;GALAXY_SOUNDS_BLACK_HOLES;XIRECS;13516.0;5;4;4
992200;;SUBMISSION;GALAXY_SOUNDS_BLACK_HOLES;XIRECS;13506.0;5;4;4
992300;;SUBMISSION;PEBBLES_XL;XIRECS;16020.0;3;4;4
993000;;SUBMISSION;SNACKPACK_PISTACHIO;XIRECS;9062.0;3;4;4
993000;;SUBMISSION;SNACKPACK_STRAWBERRY;XIRECS;10824.0;3;4;4
993000;;SUBMISSION;SNACKPACK_VANILLA;XIRECS;10367.0;3;4;4
994100;SUBMISSION;;GALAXY_SOUNDS_BLACK_HOLES;XIRECS;13484.0;5;4;4
994200;SUBMISSION;;GALAXY_SOUNDS_BLACK_HOLES;XIRECS;13474.0;5;4;4
994400;SUBMISSION;;PEBBLES_XL;XIRECS;15867.0;2;4;4
994400;;;MICROCHIP_CIRCLE;XIRECS;10430.0;3;4;4
994400;;;MICROCHIP_OVAL;XIRECS;5567.0;3;4;4
994400;;;MICROCHIP_RECTANGLE;XIRECS;8857.0;3;4;4
994400;;;MICROCHIP_SQUARE;XIRECS;13434.0;3;4;4
994400;;;MICROCHIP_TRIANGLE;XIRECS;8034.0;3;4;4
994400;;;PEBBLES_L;XIRECS;9189.0;3;4;4
994400;;;PEBBLES_M;XIRECS;10832.0;3;4;4
994400;;;PEBBLES_S;XIRECS;8022.0;3;4;4
994400;;;PEBBLES_XS;XIRECS;6059.0;3;4;4
994600;;;GALAXY_SOUNDS_BLACK_HOLES;XIRECS;13529.0;4;4;4
994600;;;GALAXY_SOUNDS_DARK_MATTER;XIRECS;10290.0;4;4;4
994600;;;GALAXY_SOUNDS_PLANETARY_RINGS;XIRECS;9659.0;4;4;4
994600;;;GALAXY_SOUNDS_SOLAR_FLAMES;XIRECS;10738.0;4;4;4
994600;;;GALAXY_SOUNDS_SOLAR_WINDS;XIRECS;10409.0;4;4;4
994600;;;OXYGEN_SHAKE_CHOCOLATE;XIRECS;10676.0;4;4;4
994600;;;OXYGEN_SHAKE_EVENING_BREATH;XIRECS;9456.0;4;4;4
994600;;;OXYGEN_SHAKE_GARLIC;XIRECS;13835.0;4;4;4
994600;;;OXYGEN_SHAKE_MINT;XIRECS;10120.0;4;4;4
994600;;;OXYGEN_SHAKE_MORNING_BREATH;XIRECS;9524.0;4;4;4
994600;;;PANEL_1X2;XIRECS;9614.0;4;4;4
994600;;;PANEL_1X4;XIRECS;9202.0;4;4;4
994600;;;PANEL_2X2;XIRECS;9371.0;4;4;4
994600;;;PANEL_2X4;XIRECS;12189.0;4;4;4
994600;;;PANEL_4X4;XIRECS;9237.0;4;4;4
994600;;;ROBOT_DISHES;XIRECS;11204.0;4;4;4
994600;;;ROBOT_IRONING;XIRECS;7723.0;4;4;4
994600;;;ROBOT_LAUNDRY;XIRECS;9239.0;4;4;4
994600;;;ROBOT_MOPPING;XIRECS;11502.0;4;4;4
994600;;;ROBOT_VACUUMING;XIRECS;8378.0;4;4;4
994600;;;SLEEP_POD_COTTON;XIRECS;11319.0;4;4;4
994600;;;SLEEP_POD_LAMB_WOOL;XIRECS;10962.0;4;4;4
994600;;;SLEEP_POD_NYLON;XIRECS;10731.0;4;4;4
994600;;;SLEEP_POD_POLYESTER;XIRECS;11968.0;4;4;4
994600;;;SLEEP_POD_SUEDE;XIRECS;11769.0;4;4;4
994600;;;SNACKPACK_CHOCOLATE;XIRECS;9646.0;4;4;4
994600;;;SNACKPACK_PISTACHIO;XIRECS;9091.0;4;4;4
994600;;;SNACKPACK_RASPBERRY;XIRECS;10321.0;4;4;4
994600;;;SNACKPACK_STRAWBERRY;XIRECS;10860.0;4;4;4
994600;;;SNACKPACK_VANILLA;XIRECS;10362.0;4;4;4
994600;;;TRANSLATOR_ASTRO_BLACK;XIRECS;8980.0;4;4;4
994600;;;TRANSLATOR_ECLIPSE_CHARCOAL;XIRECS;9643.0;4;4;4
994600;;;TRANSLATOR_GRAPHITE_MIST;XIRECS;9755.0;4;4;4
994600;;;TRANSLATOR_SPACE_GRAY;XIRECS;8445.0;4;4;4
994600;;;TRANSLATOR_VOID_BLUE;XIRECS;11430.0;4;4;4
994600;;;UV_VISOR_AMBER;XIRECS;7229.0;4;4;4
994600;;;UV_VISOR_MAGENTA;XIRECS;11499.0;4;4;4
994600;;;UV_VISOR_ORANGE;XIRECS;9440.0;4;4;4
994600;;;UV_VISOR_RED;XIRECS;11754.0;4;4;4
994600;;;UV_VISOR_YELLOW;XIRECS;10068.0;4;4;4
994700;;SUBMISSION;MICROCHIP_OVAL;XIRECS;5548.0;5;4;4
995000;;;GALAXY_SOUNDS_BLACK_HOLES;XIRECS;13484.0;1;4;4
995000;;;GALAXY_SOUNDS_DARK_MATTER;XIRECS;10283.0;1;4;4
995000;;;GALAXY_SOUNDS_PLANETARY_RINGS;XIRECS;9658.0;1;4;4
995000;;;GALAXY_SOUNDS_SOLAR_FLAMES;XIRECS;10740.0;1;4;4
995000;;;GALAXY_SOUNDS_SOLAR_WINDS;XIRECS;10402.0;1;4;4
995000;;;OXYGEN_SHAKE_CHOCOLATE;XIRECS;10678.0;1;4;4
995000;;;OXYGEN_SHAKE_EVENING_BREATH;XIRECS;9466.0;1;4;4
995000;;;OXYGEN_SHAKE_GARLIC;XIRECS;13872.0;1;4;4
995000;;;OXYGEN_SHAKE_MINT;XIRECS;10100.0;1;4;4
995000;;;OXYGEN_SHAKE_MORNING_BREATH;XIRECS;9506.0;1;4;4
995000;;;PANEL_1X2;XIRECS;9627.0;1;4;4
995000;;;PANEL_1X4;XIRECS;9229.0;1;4;4
995000;;;PANEL_2X2;XIRECS;9407.0;1;4;4
995000;;;PANEL_2X4;XIRECS;12222.0;1;4;4
995000;;;PANEL_4X4;XIRECS;9261.0;1;4;4
995000;;;ROBOT_DISHES;XIRECS;11204.0;1;4;4
995000;;;ROBOT_IRONING;XIRECS;7723.0;1;4;4
995000;;;ROBOT_LAUNDRY;XIRECS;9204.0;1;4;4
995000;;;ROBOT_MOPPING;XIRECS;11503.0;1;4;4
995000;;;ROBOT_VACUUMING;XIRECS;8354.0;1;4;4
995000;;;SLEEP_POD_COTTON;XIRECS;11358.0;1;4;4
995000;;;SLEEP_POD_LAMB_WOOL;XIRECS;10925.0;1;4;4
995000;;;SLEEP_POD_NYLON;XIRECS;10749.0;1;4;4
995000;;;SLEEP_POD_POLYESTER;XIRECS;11956.0;1;4;4
995000;;;SLEEP_POD_SUEDE;XIRECS;11794.0;1;4;4
995000;;;SNACKPACK_CHOCOLATE;XIRECS;9674.0;1;4;4
995000;;;SNACKPACK_PISTACHIO;XIRECS;9079.0;1;4;4
995000;;;SNACKPACK_RASPBERRY;XIRECS;10341.0;1;4;4
995000;;;SNACKPACK_STRAWBERRY;XIRECS;10844.0;1;4;4
995000;;;SNACKPACK_VANILLA;XIRECS;10337.0;1;4;4
995000;;;TRANSLATOR_ASTRO_BLACK;XIRECS;8952.0;1;4;4
995000;;;TRANSLATOR_ECLIPSE_CHARCOAL;XIRECS;9627.0;1;4;4
995000;;;TRANSLATOR_GRAPHITE_MIST;XIRECS;9720.0;1;4;4
995000;;;TRANSLATOR_SPACE_GRAY;XIRECS;8454.0;1;4;4
995000;;;TRANSLATOR_VOID_BLUE;XIRECS;11442.0;1;4;4
995000;;;UV_VISOR_AMBER;XIRECS;7260.0;1;4;4
995000;;;UV_VISOR_MAGENTA;XIRECS;11492.0;1;4;4
995000;;;UV_VISOR_ORANGE;XIRECS;9442.0;1;4;4
995000;;;UV_VISOR_RED;XIRECS;11776.0;1;4;4
995000;;;UV_VISOR_YELLOW;XIRECS;10110.0;1;4;4
995100;SUBMISSION;;SNACKPACK_PISTACHIO;XIRECS;9058.0;2;4;4
995100;SUBMISSION;;SNACKPACK_STRAWBERRY;XIRECS;10818.0;2;4;4
995100;SUBMISSION;;SNACKPACK_VANILLA;XIRECS;10320.0;2;4;4
995100;;;GALAXY_SOUNDS_BLACK_HOLES;XIRECS;13461.0;4;4;4
995100;;;GALAXY_SOUNDS_DARK_MATTER;XIRECS;10268.0;4;4;4
995100;;;GALAXY_SOUNDS_PLANETARY_RINGS;XIRECS;9640.0;4;4;4
995100;;;GALAXY_SOUNDS_SOLAR_FLAMES;XIRECS;10722.0;4;4;4
995100;;;GALAXY_SOUNDS_SOLAR_WINDS;XIRECS;10380.0;4;4;4
995100;;;OXYGEN_SHAKE_CHOCOLATE;XIRECS;10669.0;4;4;4
995100;;;OXYGEN_SHAKE_EVENING_BREATH;XIRECS;9454.0;4;4;4
995100;;;OXYGEN_SHAKE_GARLIC;XIRECS;13845.0;4;4;4
995100;;;OXYGEN_SHAKE_MINT;XIRECS;10090.0;4;4;4
995100;;;OXYGEN_SHAKE_MORNING_BREATH;XIRECS;9502.0;4;4;4
995100;;;PANEL_1X2;XIRECS;9610.0;4;4;4
995100;;;PANEL_1X4;XIRECS;9220.0;4;4;4
995100;;;PANEL_2X2;XIRECS;9404.0;4;4;4
995100;;;PANEL_2X4;XIRECS;12211.0;4;4;4
995100;;;PANEL_4X4;XIRECS;9248.0;4;4;4
995100;;;ROBOT_DISHES;XIRECS;11196.0;4;4;4
995100;;;ROBOT_IRONING;XIRECS;7717.0;4;4;4
995100;;;ROBOT_LAUNDRY;XIRECS;9199.0;4;4;4
995100;;;ROBOT_MOPPING;XIRECS;11504.0;4;4;4
995100;;;ROBOT_VACUUMING;XIRECS;8355.0;4;4;4
995100;;;SLEEP_POD_COTTON;XIRECS;11347.0;4;4;4
995100;;;SLEEP_POD_LAMB_WOOL;XIRECS;10916.0;4;4;4
995100;;;SLEEP_POD_NYLON;XIRECS;10738.0;4;4;4
995100;;;SLEEP_POD_POLYESTER;XIRECS;11937.0;4;4;4
995100;;;SLEEP_POD_SUEDE;XIRECS;11753.0;4;4;4
995100;;;SNACKPACK_CHOCOLATE;XIRECS;9657.0;4;4;4
995100;;;SNACKPACK_RASPBERRY;XIRECS;10332.0;4;4;4
995100;;;TRANSLATOR_ASTRO_BLACK;XIRECS;8954.0;4;4;4
995100;;;TRANSLATOR_ECLIPSE_CHARCOAL;XIRECS;9620.0;4;4;4
995100;;;TRANSLATOR_GRAPHITE_MIST;XIRECS;9712.0;4;4;4
995100;;;TRANSLATOR_SPACE_GRAY;XIRECS;8439.0;4;4;4
995100;;;TRANSLATOR_VOID_BLUE;XIRECS;11427.0;4;4;4
995100;;;UV_VISOR_AMBER;XIRECS;7238.0;4;4;4
995100;;;UV_VISOR_MAGENTA;XIRECS;11469.0;4;4;4
995100;;;UV_VISOR_ORANGE;XIRECS;9424.0;4;4;4
995100;;;UV_VISOR_RED;XIRECS;11759.0;4;4;4
995100;;;UV_VISOR_YELLOW;XIRECS;10109.0;4;4;4
995900;;SUBMISSION;SNACKPACK_PISTACHIO;XIRECS;9060.0;3;4;4
995900;;SUBMISSION;SNACKPACK_STRAWBERRY;XIRECS;10827.0;3;4;4
995900;;SUBMISSION;SNACKPACK_VANILLA;XIRECS;10344.0;3;4;4
996800;;;MICROCHIP_CIRCLE;XIRECS;10465.0;1;4;4
996800;;;MICROCHIP_OVAL;XIRECS;5535.0;1;4;4
996800;;;MICROCHIP_RECTANGLE;XIRECS;8836.0;1;4;4
996800;;;MICROCHIP_SQUARE;XIRECS;13527.0;1;4;4
996800;;;MICROCHIP_TRIANGLE;XIRECS;8014.0;1;4;4
997500;SUBMISSION;;ROBOT_MOPPING;XIRECS;11558.0;5;4;4
998200;SUBMISSION;;SLEEP_POD_COTTON;XIRECS;11382.0;5;4;4
998500;SUBMISSION;;PEBBLES_XL;XIRECS;15847.0;2;4;4
998500;;;PEBBLES_L;XIRECS;9128.0;2;4;4
998500;;;PEBBLES_M;XIRECS;10776.0;2;4;4
998500;;;PEBBLES_S;XIRECS;8095.0;2;4;4
998500;;;PEBBLES_XS;XIRECS;6122.0;2;4;4
998900;;;GALAXY_SOUNDS_BLACK_HOLES;XIRECS;13434.0;3;4;4
998900;;;GALAXY_SOUNDS_DARK_MATTER;XIRECS;10280.0;3;4;4
998900;;;GALAXY_SOUNDS_PLANETARY_RINGS;XIRECS;9665.0;3;4;4
998900;;;GALAXY_SOUNDS_SOLAR_FLAMES;XIRECS;10753.0;3;4;4
998900;;;GALAXY_SOUNDS_SOLAR_WINDS;XIRECS;10228.0;3;4;4
998900;;;OXYGEN_SHAKE_CHOCOLATE;XIRECS;10672.0;3;4;4
998900;;;OXYGEN_SHAKE_EVENING_BREATH;XIRECS;9440.0;3;4;4
998900;;;OXYGEN_SHAKE_GARLIC;XIRECS;13899.0;3;4;4
998900;;;OXYGEN_SHAKE_MINT;XIRECS;10137.0;3;4;4
998900;;;OXYGEN_SHAKE_MORNING_BREATH;XIRECS;9513.0;3;4;4
998900;;;PANEL_1X2;XIRECS;9640.0;3;4;4
998900;;;PANEL_1X4;XIRECS;9275.0;3;4;4
998900;;;PANEL_2X2;XIRECS;9362.0;3;4;4
998900;;;PANEL_2X4;XIRECS;12352.0;3;4;4
998900;;;PANEL_4X4;XIRECS;9171.0;3;4;4
998900;;;ROBOT_DISHES;XIRECS;11200.0;3;4;4
998900;;;ROBOT_IRONING;XIRECS;7800.0;3;4;4
998900;;;ROBOT_LAUNDRY;XIRECS;9236.0;3;4;4
998900;;;ROBOT_MOPPING;XIRECS;11565.0;3;4;4
998900;;;ROBOT_VACUUMING;XIRECS;8277.0;3;4;4
998900;;;SLEEP_POD_COTTON;XIRECS;11387.0;3;4;4
998900;;;SLEEP_POD_LAMB_WOOL;XIRECS;10831.0;3;4;4
998900;;;SLEEP_POD_NYLON;XIRECS;10753.0;3;4;4
998900;;;SLEEP_POD_POLYESTER;XIRECS;11970.0;3;4;4
998900;;;SLEEP_POD_SUEDE;XIRECS;11834.0;3;4;4
998900;;;SNACKPACK_CHOCOLATE;XIRECS;9635.0;3;4;4
998900;;;SNACKPACK_PISTACHIO;XIRECS;9092.0;3;4;4
998900;;;SNACKPACK_RASPBERRY;XIRECS;10325.0;3;4;4
998900;;;SNACKPACK_STRAWBERRY;XIRECS;10882.0;3;4;4
998900;;;SNACKPACK_VANILLA;XIRECS;10353.0;3;4;4
998900;;;TRANSLATOR_ASTRO_BLACK;XIRECS;8974.0;3;4;4
998900;;;TRANSLATOR_ECLIPSE_CHARCOAL;XIRECS;9682.0;3;4;4
998900;;;TRANSLATOR_GRAPHITE_MIST;XIRECS;9799.0;3;4;4
998900;;;TRANSLATOR_SPACE_GRAY;XIRECS;8421.0;3;4;4
998900;;;TRANSLATOR_VOID_BLUE;XIRECS;11516.0;3;4;4
998900;;;UV_VISOR_AMBER;XIRECS;7158.0;3;4;4
998900;;;UV_VISOR_MAGENTA;XIRECS;11530.0;3;4;4
998900;;;UV_VISOR_ORANGE;XIRECS;9361.0;3;4;4
998900;;;UV_VISOR_RED;XIRECS;11703.0;3;4;4
998900;;;UV_VISOR_YELLOW;XIRECS;10118.0;3;4;4
999400;;;GALAXY_SOUNDS_BLACK_HOLES;XIRECS;13460.0;2;4;4
999400;;;GALAXY_SOUNDS_DARK_MATTER;XIRECS;10264.0;2;4;4
999400;;;GALAXY_SOUNDS_PLANETARY_RINGS;XIRECS;9631.0;2;4;4
999400;;;GALAXY_SOUNDS_SOLAR_FLAMES;XIRECS;10777.0;2;4;4
999400;;;GALAXY_SOUNDS_SOLAR_WINDS;XIRECS;10240.0;2;4;4
999400;;;OXYGEN_SHAKE_CHOCOLATE;XIRECS;10716.0;2;4;4
999400;;;OXYGEN_SHAKE_EVENING_BREATH;XIRECS;9446.0;2;4;4
999400;;;OXYGEN_SHAKE_GARLIC;XIRECS;13890.0;2;4;4
999400;;;OXYGEN_SHAKE_MINT;XIRECS;10166.0;2;4;4
999400;;;OXYGEN_SHAKE_MORNING_BREATH;XIRECS;9537.0;2;4;4
999400;;;PANEL_1X2;XIRECS;9632.0;2;4;4
999400;;;PANEL_1X4;XIRECS;9273.0;2;4;4
999400;;;PANEL_2X2;XIRECS;9392.0;2;4;4
999400;;;PANEL_2X4;XIRECS;12375.0;2;4;4
999400;;;PANEL_4X4;XIRECS;9166.0;2;4;4
999400;;;ROBOT_DISHES;XIRECS;11204.0;2;4;4
999400;;;ROBOT_IRONING;XIRECS;7813.0;2;4;4
999400;;;ROBOT_LAUNDRY;XIRECS;9273.0;2;4;4
999400;;;ROBOT_MOPPING;XIRECS;11592.0;2;4;4
999400;;;ROBOT_VACUUMING;XIRECS;8274.0;2;4;4
999400;;;SLEEP_POD_COTTON;XIRECS;11374.0;2;4;4
999400;;;SLEEP_POD_LAMB_WOOL;XIRECS;10824.0;2;4;4
999400;;;SLEEP_POD_NYLON;XIRECS;10768.0;2;4;4
999400;;;SLEEP_POD_POLYESTER;XIRECS;11957.0;2;4;4
999400;;;SLEEP_POD_SUEDE;XIRECS;11811.0;2;4;4
999400;;;SNACKPACK_CHOCOLATE;XIRECS;9667.0;2;4;4
999400;;;SNACKPACK_PISTACHIO;XIRECS;9123.0;2;4;4
999400;;;SNACKPACK_RASPBERRY;XIRECS;10307.0;2;4;4
999400;;;SNACKPACK_STRAWBERRY;XIRECS;10917.0;2;4;4
999400;;;SNACKPACK_VANILLA;XIRECS;10337.0;2;4;4
999400;;;TRANSLATOR_ASTRO_BLACK;XIRECS;8989.0;2;4;4
999400;;;TRANSLATOR_ECLIPSE_CHARCOAL;XIRECS;9708.0;2;4;4
999400;;;TRANSLATOR_GRAPHITE_MIST;XIRECS;9801.0;2;4;4
999400;;;TRANSLATOR_SPACE_GRAY;XIRECS;8400.0;2;4;4
999400;;;TRANSLATOR_VOID_BLUE;XIRECS;11544.0;2;4;4
999400;;;UV_VISOR_AMBER;XIRECS;7153.0;2;4;4
999400;;;UV_VISOR_MAGENTA;XIRECS;11529.0;2;4;4
999400;;;UV_VISOR_ORANGE;XIRECS;9346.0;2;4;4
999400;;;UV_VISOR_RED;XIRECS;11688.0;2;4;4
999400;;;UV_VISOR_YELLOW;XIRECS;10089.0;2;4;4
