timestamp;buyer;seller;symbol;currency;price;quantity;day;round
1000;;;GALAXY_SOUNDS_BLACK_HOLES;XIRECS;11438.0;2;3;4
1000;;;GALAXY_SOUNDS_DARK_MATTER;XIRECS;10398.0;2;3;4
1000;;;GALAXY_SOUNDS_PLANETARY_RINGS;XIRECS;11327.0;2;3;4
1000;;;GALAXY_SOUNDS_SOLAR_FLAMES;XIRECS;11342.0;2;3;4
1000;;;GALAXY_SOUNDS_SOLAR_WINDS;XIRECS;9585.0;2;3;4
1000;;;OXYGEN_SHAKE_CHOCOLATE;XIRECS;9495.0;2;3;4
1000;;;OXYGEN_SHAKE_EVENING_BREATH;XIRECS;8476.0;2;3;4
1000;;;OXYGEN_SHAKE_GARLIC;XIRECS;11842.0;2;3;4
1000;;;OXYGEN_SHAKE_MINT;XIRECS;10138.0;2;3;4
1000;;;OXYGEN_SHAKE_MORNING_BREATH;XIRECS;11042.0;2;3;4
1000;;;PANEL_1X2;XIRECS;8447.0;2;3;4
1000;;;PANEL_1X4;XIRECS;11092.0;2;3;4
1000;;;PANEL_2X2;XIRECS;10086.0;2;3;4
1000;;;PANEL_2X4;XIRECS;10714.0;2;3;4
1000;;;PANEL_4X4;XIRECS;9686.0;2;3;4
1000;;;ROBOT_DISHES;XIRECS;9932.0;2;3;4
1000;;;ROBOT_IRONING;XIRECS;9514.0;2;3;4
1000;;;ROBOT_LAUNDRY;XIRECS;10208.0;2;3;4
1000;;;ROBOT_MOPPING;XIRECS;9885.0;2;3;4
1000;;;ROBOT_VACUUMING;XIRECS;10062.0;2;3;4
1000;;;SLEEP_POD_COTTON;XIRECS;11151.0;2;3;4
1000;;;SLEEP_POD_LAMB_WOOL;XIRECS;10424.0;2;3;4
1000;;;SLEEP_POD_NYLON;XIRECS;8849.0;2;3;4
1000;;;SLEEP_POD_POLYESTER;XIRECS;11755.0;2;3;4
1000;;;SLEEP_POD_SUEDE;XIRECS;11125.0;2;3;4
1000;;;SNACKPACK_CHOCOLATE;XIRECS;9943.0;2;3;4
1000;;;SNACKPACK_PISTACHIO;XIRECS;9496.0;2;3;4
1000;;;SNACKPACK_RASPBERRY;XIRECS;10273.0;2;3;4
1000;;;SNACKPACK_STRAWBERRY;XIRECS;10426.0;2;3;4
1000;;;SNACKPACK_VANILLA;XIRECS;10046.0;2;3;4
1000;;;TRANSLATOR_ASTRO_BLACK;XIRECS;10164.0;2;3;4
1000;;;TRANSLATOR_ECLIPSE_CHARCOAL;XIRECS;10205.0;2;3;4
1000;;;TRANSLATOR_GRAPHITE_MIST;XIRECS;9359.0;2;3;4
1000;;;TRANSLATOR_SPACE_GRAY;XIRECS;9476.0;2;3;4
1000;;;TRANSLATOR_VOID_BLUE;XIRECS;11079.0;2;3;4
1000;;;UV_VISOR_AMBER;XIRECS;8526.0;2;3;4
1000;;;UV_VISOR_MAGENTA;XIRECS;11356.0;2;3;4
1000;;;UV_VISOR_ORANGE;XIRECS;10190.0;2;3;4
1000;;;UV_VISOR_RED;XIRECS;10832.0;2;3;4
1000;;;UV_VISOR_YELLOW;XIRECS;11568.0;2;3;4
1700;;;MICROCHIP_CIRCLE;XIRECS;8903.0;2;3;4
1700;;;MICROCHIP_OVAL;XIRECS;9311.0;2;3;4
1700;;;MICROCHIP_RECTANGLE;XIRECS;9276.0;2;3;4
1700;;;MICROCHIP_SQUARE;XIRECS;12360.0;2;3;4
1700;;;MICROCHIP_TRIANGLE;XIRECS;10677.0;2;3;4
2500;;;GALAXY_SOUNDS_BLACK_HOLES;XIRECS;11452.0;2;3;4
2500;;;GALAXY_SOUNDS_DARK_MATTER;XIRECS;10393.0;2;3;4
2500;;;GALAXY_SOUNDS_PLANETARY_RINGS;XIRECS;11339.0;2;3;4
2500;;;GALAXY_SOUNDS_SOLAR_FLAMES;XIRECS;11288.0;2;3;4
2500;;;GALAXY_SOUNDS_SOLAR_WINDS;XIRECS;9635.0;2;3;4
2500;;;OXYGEN_SHAKE_CHOCOLATE;XIRECS;9501.0;2;3;4
2500;;;OXYGEN_SHAKE_EVENING_BREATH;XIRECS;8444.0;2;3;4
2500;;;OXYGEN_SHAKE_GARLIC;XIRECS;11919.0;2;3;4
2500;;;OXYGEN_SHAKE_MINT;XIRECS;10118.0;2;3;4
2500;;;OXYGEN_SHAKE_MORNING_BREATH;XIRECS;10963.0;2;3;4
2500;;;PANEL_1X2;XIRECS;8397.0;2;3;4
2500;;;PANEL_1X4;XIRECS;11058.0;2;3;4
2500;;;PANEL_2X2;XIRECS;10084.0;2;3;4
2500;;;PANEL_2X4;XIRECS;10788.0;2;3;4
2500;;;PANEL_4X4;XIRECS;9692.0;2;3;4
2500;;;ROBOT_DISHES;XIRECS;9873.0;2;3;4
2500;;;ROBOT_IRONING;XIRECS;9566.0;2;3;4
2500;;;ROBOT_LAUNDRY;XIRECS;10129.0;2;3;4
2500;;;ROBOT_MOPPING;XIRECS;9936.0;2;3;4
2500;;;ROBOT_VACUUMING;XIRECS;10024.0;2;3;4
2500;;;SLEEP_POD_COTTON;XIRECS;11117.0;2;3;4
2500;;;SLEEP_POD_LAMB_WOOL;XIRECS;10377.0;2;3;4
2500;;;SLEEP_POD_NYLON;XIRECS;8841.0;2;3;4
2500;;;SLEEP_POD_POLYESTER;XIRECS;11710.0;2;3;4
2500;;;SLEEP_POD_SUEDE;XIRECS;11077.0;2;3;4
2500;;;SNACKPACK_CHOCOLATE;XIRECS;9935.0;2;3;4
2500;;;SNACKPACK_PISTACHIO;XIRECS;9508.0;2;3;4
2500;;;SNACKPACK_RASPBERRY;XIRECS;10202.0;2;3;4
2500;;;SNACKPACK_STRAWBERRY;XIRECS;10465.0;2;3;4
2500;;;SNACKPACK_VANILLA;XIRECS;10005.0;2;3;4
2500;;;TRANSLATOR_ASTRO_BLACK;XIRECS;10139.0;2;3;4
2500;;;TRANSLATOR_ECLIPSE_CHARCOAL;XIRECS;10210.0;2;3;4
2500;;;TRANSLATOR_GRAPHITE_MIST;XIRECS;9346.0;2;3;4
2500;;;TRANSLATOR_SPACE_GRAY;XIRECS;9449.0;2;3;4
2500;;;TRANSLATOR_VOID_BLUE;XIRECS;11074.0;2;3;4
2500;;;UV_VISOR_AMBER;XIRECS;8498.0;2;3;4
2500;;;UV_VISOR_MAGENTA;XIRECS;11315.0;2;3;4
2500;;;UV_VISOR_ORANGE;XIRECS;10179.0;2;3;4
2500;;;UV_VISOR_RED;XIRECS;10836.0;2;3;4
2500;;;UV_VISOR_YELLOW;XIRECS;11603.0;2;3;4
3000;SUBMISSION;;MICROCHIP_OVAL;XIRECS;9333.0;5;3;4
3000;SUBMISSION;;ROBOT_MOPPING;XIRECS;9943.0;5;3;4
3000;SUBMISSION;;GALAXY_SOUNDS_PLANETARY_RINGS;XIRECS;11377.0;5;3;4
3100;;SUBMISSION;PEBBLES_XL;XIRECS;13798.0;8;3;4
3500;SUBMISSION;;ROBOT_IRONING;XIRECS;9574.0;5;3;4
3700;;;GALAXY_SOUNDS_BLACK_HOLES;XIRECS;11483.0;4;3;4
3700;;;GALAXY_SOUNDS_DARK_MATTER;XIRECS;10373.0;4;3;4
3700;;;GALAXY_SOUNDS_PLANETARY_RINGS;XIRECS;11366.0;4;3;4
3700;;;GALAXY_SOUNDS_SOLAR_FLAMES;XIRECS;11281.0;4;3;4
3700;;;GALAXY_SOUNDS_SOLAR_WINDS;XIRECS;9626.0;4;3;4
3700;;;OXYGEN_SHAKE_CHOCOLATE;XIRECS;9512.0;4;3;4
3700;;;OXYGEN_SHAKE_EVENING_BREATH;XIRECS;8436.0;4;3;4
3700;;;OXYGEN_SHAKE_GARLIC;XIRECS;11884.0;4;3;4
3700;;;OXYGEN_SHAKE_MINT;XIRECS;10090.0;4;3;4
3700;;;OXYGEN_SHAKE_MORNING_BREATH;XIRECS;11025.0;4;3;4
3700;;;PANEL_1X2;XIRECS;8400.0;4;3;4
3700;;;PANEL_1X4;XIRECS;11026.0;4;3;4
3700;;;PANEL_2X2;XIRECS;10105.0;4;3;4
3700;;;PANEL_2X4;XIRECS;10818.0;4;3;4
3700;;;PANEL_4X4;XIRECS;9620.0;4;3;4
3700;;;ROBOT_DISHES;XIRECS;9855.0;4;3;4
3700;;;ROBOT_IRONING;XIRECS;9574.0;4;3;4
3700;;;ROBOT_LAUNDRY;XIRECS;10133.0;4;3;4
3700;;;ROBOT_MOPPING;XIRECS;9955.0;4;3;4
3700;;;ROBOT_VACUUMING;XIRECS;10018.0;4;3;4
3700;;;SLEEP_POD_COTTON;XIRECS;11170.0;4;3;4
3700;;;SLEEP_POD_LAMB_WOOL;XIRECS;10408.0;4;3;4
3700;;;SLEEP_POD_NYLON;XIRECS;8825.0;4;3;4
3700;;;SLEEP_POD_POLYESTER;XIRECS;11779.0;4;3;4
3700;;;SLEEP_POD_SUEDE;XIRECS;11067.0;4;3;4
3700;;;SNACKPACK_CHOCOLATE;XIRECS;9969.0;4;3;4
3700;;;SNACKPACK_PISTACHIO;XIRECS;9536.0;4;3;4
3700;;;SNACKPACK_RASPBERRY;XIRECS;10175.0;4;3;4
3700;;;SNACKPACK_STRAWBERRY;XIRECS;10523.0;4;3;4
3700;;;SNACKPACK_VANILLA;XIRECS;9997.0;4;3;4
3700;;;TRANSLATOR_ASTRO_BLACK;XIRECS;10109.0;4;3;4
3700;;;TRANSLATOR_ECLIPSE_CHARCOAL;XIRECS;10180.0;4;3;4
3700;;;TRANSLATOR_GRAPHITE_MIST;XIRECS;9392.0;4;3;4
3700;;;TRANSLATOR_SPACE_GRAY;XIRECS;9409.0;4;3;4
3700;;;TRANSLATOR_VOID_BLUE;XIRECS;11069.0;4;3;4
3700;;;UV_VISOR_AMBER;XIRECS;8533.0;4;3;4
3700;;;UV_VISOR_MAGENTA;XIRECS;11328.0;4;3;4
3700;;;UV_VISOR_ORANGE;XIRECS;10223.0;4;3;4
3700;;;UV_VISOR_RED;XIRECS;10871.0;4;3;4
3700;;;UV_VISOR_YELLOW;XIRECS;11601.0;4;3;4
4300;SUBMISSION;;ROBOT_MOPPING;XIRECS;9957.0;5;3;4
4400;;SUBMISSION;SNACKPACK_STRAWBERRY;XIRECS;10485.0;4;3;4
4400;;SUBMISSION;SNACKPACK_PISTACHIO;XIRECS;9504.0;4;3;4
4400;;SUBMISSION;SNACKPACK_VANILLA;XIRECS;9988.0;4;3;4
4500;SUBMISSION;;SNACKPACK_STRAWBERRY;XIRECS;10489.0;3;3;4
4500;SUBMISSION;;SNACKPACK_PISTACHIO;XIRECS;9506.0;3;3;4
4500;SUBMISSION;;SNACKPACK_VANILLA;XIRECS;9989.0;3;3;4
4900;SUBMISSION;;GALAXY_SOUNDS_PLANETARY_RINGS;XIRECS;11381.0;5;3;4
5000;;SUBMISSION;PEBBLES_XL;XIRECS;13575.0;2;3;4
5100;;;PEBBLES_L;XIRECS;10214.0;4;3;4
5100;;;PEBBLES_M;XIRECS;9135.0;4;3;4
5100;;;PEBBLES_S;XIRECS;9036.0;4;3;4
5100;;;PEBBLES_XL;XIRECS;13606.0;4;3;4
5100;;;PEBBLES_XS;XIRECS;8041.0;4;3;4
5400;SUBMISSION;;TRANSLATOR_GRAPHITE_MIST;XIRECS;9401.0;5;3;4
6000;;SUBMISSION;MICROCHIP_OVAL;XIRECS;9212.0;5;3;4
6200;;;PEBBLES_L;XIRECS;10196.0;5;3;4
6200;;;PEBBLES_M;XIRECS;9180.0;5;3;4
6200;;;PEBBLES_S;XIRECS;9028.0;5;3;4
6200;;;PEBBLES_XL;XIRECS;13627.0;5;3;4
6200;;;PEBBLES_XS;XIRECS;8001.0;5;3;4
6300;SUBMISSION;;ROBOT_IRONING;XIRECS;9634.0;5;3;4
6700;SUBMISSION;;SNACKPACK_STRAWBERRY;XIRECS;10525.0;1;3;4
6700;SUBMISSION;;SNACKPACK_PISTACHIO;XIRECS;9526.0;1;3;4
6700;SUBMISSION;;SNACKPACK_VANILLA;XIRECS;9984.0;1;3;4
6700;;;GALAXY_SOUNDS_BLACK_HOLES;XIRECS;11480.0;2;3;4
6700;;;GALAXY_SOUNDS_DARK_MATTER;XIRECS;10412.0;2;3;4
6700;;;GALAXY_SOUNDS_PLANETARY_RINGS;XIRECS;11294.0;2;3;4
6700;;;GALAXY_SOUNDS_SOLAR_FLAMES;XIRECS;11222.0;2;3;4
6700;;;GALAXY_SOUNDS_SOLAR_WINDS;XIRECS;9637.0;2;3;4
6700;;;OXYGEN_SHAKE_CHOCOLATE;XIRECS;9549.0;2;3;4
6700;;;OXYGEN_SHAKE_EVENING_BREATH;XIRECS;8434.0;2;3;4
6700;;;OXYGEN_SHAKE_GARLIC;XIRECS;11947.0;2;3;4
6700;;;OXYGEN_SHAKE_MINT;XIRECS;10034.0;2;3;4
6700;;;OXYGEN_SHAKE_MORNING_BREATH;XIRECS;10991.0;2;3;4
6700;;;PANEL_1X2;XIRECS;8343.0;2;3;4
6700;;;PANEL_1X4;XIRECS;11073.0;2;3;4
6700;;;PANEL_2X2;XIRECS;10050.0;2;3;4
6700;;;PANEL_2X4;XIRECS;10833.0;2;3;4
6700;;;PANEL_4X4;XIRECS;9598.0;2;3;4
6700;;;ROBOT_DISHES;XIRECS;9873.0;2;3;4
6700;;;ROBOT_IRONING;XIRECS;9646.0;2;3;4
6700;;;ROBOT_LAUNDRY;XIRECS;10211.0;2;3;4
6700;;;ROBOT_MOPPING;XIRECS;10100.0;2;3;4
6700;;;ROBOT_VACUUMING;XIRECS;9963.0;2;3;4
6700;;;SLEEP_POD_COTTON;XIRECS;11164.0;2;3;4
6700;;;SLEEP_POD_LAMB_WOOL;XIRECS;10470.0;2;3;4
6700;;;SLEEP_POD_NYLON;XIRECS;8705.0;2;3;4
6700;;;SLEEP_POD_POLYESTER;XIRECS;11709.0;2;3;4
6700;;;SLEEP_POD_SUEDE;XIRECS;11033.0;2;3;4
6700;;;SNACKPACK_CHOCOLATE;XIRECS;9952.0;2;3;4
6700;;;SNACKPACK_RASPBERRY;XIRECS;10160.0;2;3;4
6700;;;TRANSLATOR_ASTRO_BLACK;XIRECS;10069.0;2;3;4
6700;;;TRANSLATOR_ECLIPSE_CHARCOAL;XIRECS;10243.0;2;3;4
6700;;;TRANSLATOR_GRAPHITE_MIST;XIRECS;9412.0;2;3;4
6700;;;TRANSLATOR_SPACE_GRAY;XIRECS;9394.0;2;3;4
6700;;;TRANSLATOR_VOID_BLUE;XIRECS;11061.0;2;3;4
6700;;;UV_VISOR_AMBER;XIRECS;8478.0;2;3;4
6700;;;UV_VISOR_MAGENTA;XIRECS;11296.0;2;3;4
6700;;;UV_VISOR_ORANGE;XIRECS;10146.0;2;3;4
6700;;;UV_VISOR_RED;XIRECS;10891.0;2;3;4
6700;;;UV_VISOR_YELLOW;XIRECS;11537.0;2;3;4
7000;SUBMISSION;;GALAXY_SOUNDS_BLACK_HOLES;XIRECS;11532.0;5;3;4
7500;SUBMISSION;;SLEEP_POD_COTTON;XIRECS;11240.0;5;3;4
8000;;SUBMISSION;PANEL_1X4;XIRECS;11034.0;5;3;4
8100;SUBMISSION;;SNACKPACK_STRAWBERRY;XIRECS;10551.0;4;3;4
8100;SUBMISSION;;SNACKPACK_PISTACHIO;XIRECS;9543.0;4;3;4
8100;SUBMISSION;;SNACKPACK_VANILLA;XIRECS;10013.0;4;3;4
8100;SUBMISSION;;TRANSLATOR_GRAPHITE_MIST;XIRECS;9503.0;5;3;4
8200;;SUBMISSION;OXYGEN_SHAKE_MORNING_BREATH;XIRECS;10899.0;5;3;4
8900;SUBMISSION;;PANEL_1X4;XIRECS;11089.0;5;3;4
10000;SUBMISSION;;SLEEP_POD_COTTON;XIRECS;11271.0;5;3;4
10300;;SUBMISSION;PANEL_1X4;XIRECS;11041.0;5;3;4
10700;;SUBMISSION;UV_VISOR_AMBER;XIRECS;8420.0;5;3;4
10700;;SUBMISSION;OXYGEN_SHAKE_MORNING_BREATH;XIRECS;10849.0;5;3;4
10800;;SUBMISSION;MICROCHIP_CIRCLE;XIRECS;8825.0;5;3;4
11400;SUBMISSION;;PANEL_1X4;XIRECS;11093.0;5;3;4
11500;;;MICROCHIP_CIRCLE;XIRECS;8829.0;3;3;4
11500;;;MICROCHIP_OVAL;XIRECS;9308.0;3;3;4
11500;;;MICROCHIP_RECTANGLE;XIRECS;9252.0;3;3;4
11500;;;MICROCHIP_SQUARE;XIRECS;12469.0;3;3;4
11500;;;MICROCHIP_TRIANGLE;XIRECS;10518.0;3;3;4
12100;SUBMISSION;;MICROCHIP_OVAL;XIRECS;9302.0;4;3;4
12200;SUBMISSION;;MICROCHIP_OVAL;XIRECS;9326.0;1;3;4
13000;;SUBMISSION;PANEL_1X4;XIRECS;11029.0;5;3;4
13100;;;MICROCHIP_CIRCLE;XIRECS;8874.0;3;3;4
13100;;;MICROCHIP_OVAL;XIRECS;9280.0;3;3;4
13100;;;MICROCHIP_RECTANGLE;XIRECS;9296.0;3;3;4
13100;;;MICROCHIP_SQUARE;XIRECS;12346.0;3;3;4
13100;;;MICROCHIP_TRIANGLE;XIRECS;10476.0;3;3;4
13400;;SUBMISSION;UV_VISOR_AMBER;XIRECS;8352.0;5;3;4
13700;;;MICROCHIP_CIRCLE;XIRECS;8866.0;1;3;4
13700;;;MICROCHIP_OVAL;XIRECS;9299.0;1;3;4
13700;;;MICROCHIP_RECTANGLE;XIRECS;9304.0;1;3;4
13700;;;MICROCHIP_SQUARE;XIRECS;12381.0;1;3;4
13700;;;MICROCHIP_TRIANGLE;XIRECS;10525.0;1;3;4
14300;SUBMISSION;;PEBBLES_XL;XIRECS;13529.0;2;3;4
14300;;;PEBBLES_L;XIRECS;10026.0;4;3;4
14300;;;PEBBLES_M;XIRECS;9233.0;4;3;4
14300;;;PEBBLES_S;XIRECS;9180.0;4;3;4
14300;;;PEBBLES_XS;XIRECS;8001.0;4;3;4
15800;;;MICROCHIP_CIRCLE;XIRECS;8834.0;3;3;4
15800;;;MICROCHIP_OVAL;XIRECS;9348.0;3;3;4
15800;;;MICROCHIP_RECTANGLE;XIRECS;9201.0;3;3;4
15800;;;MICROCHIP_SQUARE;XIRECS;12293.0;3;3;4
15800;;;MICROCHIP_TRIANGLE;XIRECS;10540.0;3;3;4
17100;SUBMISSION;;PEBBLES_XL;XIRECS;13367.0;5;3;4
17100;SUBMISSION;;PEBBLES_XL;XIRECS;13376.0;12;3;4
19200;;SUBMISSION;SNACKPACK_STRAWBERRY;XIRECS;10489.0;4;3;4
19200;;SUBMISSION;SNACKPACK_PISTACHIO;XIRECS;9541.0;4;3;4
19200;;SUBMISSION;SNACKPACK_VANILLA;XIRECS;9967.0;4;3;4
19200;;SUBMISSION;PEBBLES_XL;XIRECS;13426.0;2;3;4
19200;;;PEBBLES_L;XIRECS;10177.0;4;3;4
19200;;;PEBBLES_M;XIRECS;9158.0;4;3;4
19200;;;PEBBLES_S;XIRECS;9291.0;4;3;4
19200;;;PEBBLES_XS;XIRECS;7980.0;4;3;4
19500;;SUBMISSION;SNACKPACK_STRAWBERRY;XIRECS;10493.0;2;3;4
19500;;SUBMISSION;SNACKPACK_PISTACHIO;XIRECS;9549.0;2;3;4
19500;;SUBMISSION;SNACKPACK_VANILLA;XIRECS;9965.0;2;3;4
21600;SUBMISSION;;MICROCHIP_CIRCLE;XIRECS;8924.0;4;3;4
21600;;SUBMISSION;PEBBLES_XL;XIRECS;13627.0;2;3;4
21600;;;PEBBLES_L;XIRECS;10086.0;4;3;4
21600;;;PEBBLES_M;XIRECS;9145.0;4;3;4
21600;;;PEBBLES_S;XIRECS;9237.0;4;3;4
21600;;;PEBBLES_XS;XIRECS;7936.0;4;3;4
21700;SUBMISSION;;MICROCHIP_CIRCLE;XIRECS;8920.0;1;3;4
22000;SUBMISSION;;SNACKPACK_STRAWBERRY;XIRECS;10521.0;2;3;4
22000;SUBMISSION;;SNACKPACK_PISTACHIO;XIRECS;9556.0;2;3;4
22000;SUBMISSION;;SNACKPACK_VANILLA;XIRECS;9915.0;2;3;4
22000;;;GALAXY_SOUNDS_BLACK_HOLES;XIRECS;11523.0;2;3;4
22000;;;GALAXY_SOUNDS_DARK_MATTER;XIRECS;10413.0;2;3;4
22000;;;GALAXY_SOUNDS_PLANETARY_RINGS;XIRECS;11629.0;2;3;4
22000;;;GALAXY_SOUNDS_SOLAR_FLAMES;XIRECS;11378.0;2;3;4
22000;;;GALAXY_SOUNDS_SOLAR_WINDS;XIRECS;9555.0;2;3;4
22000;;;OXYGEN_SHAKE_CHOCOLATE;XIRECS;9523.0;2;3;4
22000;;;OXYGEN_SHAKE_EVENING_BREATH;XIRECS;8474.0;2;3;4
22000;;;OXYGEN_SHAKE_GARLIC;XIRECS;12169.0;2;3;4
22000;;;OXYGEN_SHAKE_MINT;XIRECS;10168.0;2;3;4
22000;;;OXYGEN_SHAKE_MORNING_BREATH;XIRECS;10758.0;2;3;4
22000;;;PANEL_1X2;XIRECS;8258.0;2;3;4
22000;;;PANEL_1X4;XIRECS;11066.0;2;3;4
22000;;;PANEL_2X2;XIRECS;10130.0;2;3;4
22000;;;PANEL_2X4;XIRECS;10849.0;2;3;4
22000;;;PANEL_4X4;XIRECS;9594.0;2;3;4
22000;;;ROBOT_DISHES;XIRECS;9829.0;2;3;4
22000;;;ROBOT_IRONING;XIRECS;9696.0;2;3;4
22000;;;ROBOT_LAUNDRY;XIRECS;10330.0;2;3;4
22000;;;ROBOT_MOPPING;XIRECS;10023.0;2;3;4
22000;;;ROBOT_VACUUMING;XIRECS;9967.0;2;3;4
22000;;;SLEEP_POD_COTTON;XIRECS;11201.0;2;3;4
22000;;;SLEEP_POD_LAMB_WOOL;XIRECS;10344.0;2;3;4
22000;;;SLEEP_POD_NYLON;XIRECS;8756.0;2;3;4
22000;;;SLEEP_POD_POLYESTER;XIRECS;11777.0;2;3;4
22000;;;SLEEP_POD_SUEDE;XIRECS;10980.0;2;3;4
22000;;;SNACKPACK_CHOCOLATE;XIRECS;9985.0;2;3;4
22000;;;SNACKPACK_RASPBERRY;XIRECS;10168.0;2;3;4
22000;;;TRANSLATOR_ASTRO_BLACK;XIRECS;9849.0;2;3;4
22000;;;TRANSLATOR_ECLIPSE_CHARCOAL;XIRECS;10198.0;2;3;4
22000;;;TRANSLATOR_GRAPHITE_MIST;XIRECS;9512.0;2;3;4
22000;;;TRANSLATOR_SPACE_GRAY;XIRECS;9446.0;2;3;4
22000;;;TRANSLATOR_VOID_BLUE;XIRECS;11136.0;2;3;4
22000;;;UV_VISOR_AMBER;XIRECS;8301.0;2;3;4
22000;;;UV_VISOR_MAGENTA;XIRECS;11364.0;2;3;4
22000;;;UV_VISOR_ORANGE;XIRECS;10143.0;2;3;4
22000;;;UV_VISOR_RED;XIRECS;10597.0;2;3;4
22000;;;UV_VISOR_YELLOW;XIRECS;11567.0;2;3;4
22200;;;MICROCHIP_CIRCLE;XIRECS;8896.0;3;3;4
22200;;;MICROCHIP_OVAL;XIRECS;9336.0;3;3;4
22200;;;MICROCHIP_RECTANGLE;XIRECS;9235.0;3;3;4
22200;;;MICROCHIP_SQUARE;XIRECS;12541.0;3;3;4
22200;;;MICROCHIP_TRIANGLE;XIRECS;10458.0;3;3;4
22300;;SUBMISSION;SNACKPACK_STRAWBERRY;XIRECS;10545.0;4;3;4
22300;;SUBMISSION;SNACKPACK_PISTACHIO;XIRECS;9565.0;4;3;4
22300;;SUBMISSION;SNACKPACK_VANILLA;XIRECS;9926.0;4;3;4
22600;SUBMISSION;;SNACKPACK_STRAWBERRY;XIRECS;10527.0;1;3;4
22600;SUBMISSION;;SNACKPACK_PISTACHIO;XIRECS;9553.0;1;3;4
22600;SUBMISSION;;SNACKPACK_VANILLA;XIRECS;9899.0;1;3;4
22600;;;GALAXY_SOUNDS_BLACK_HOLES;XIRECS;11511.0;1;3;4
22600;;;GALAXY_SOUNDS_DARK_MATTER;XIRECS;10417.0;1;3;4
22600;;;GALAXY_SOUNDS_PLANETARY_RINGS;XIRECS;11620.0;1;3;4
22600;;;GALAXY_SOUNDS_SOLAR_FLAMES;XIRECS;11341.0;1;3;4
22600;;;GALAXY_SOUNDS_SOLAR_WINDS;XIRECS;9567.0;1;3;4
22600;;;OXYGEN_SHAKE_CHOCOLATE;XIRECS;9547.0;1;3;4
22600;;;OXYGEN_SHAKE_EVENING_BREATH;XIRECS;8474.0;1;3;4
22600;;;OXYGEN_SHAKE_GARLIC;XIRECS;12152.0;1;3;4
22600;;;OXYGEN_SHAKE_MINT;XIRECS;10191.0;1;3;4
22600;;;OXYGEN_SHAKE_MORNING_BREATH;XIRECS;10780.0;1;3;4
22600;;;PANEL_1X2;XIRECS;8237.0;1;3;4
22600;;;PANEL_1X4;XIRECS;11090.0;1;3;4
22600;;;PANEL_2X2;XIRECS;10102.0;1;3;4
22600;;;PANEL_2X4;XIRECS;10843.0;1;3;4
22600;;;PANEL_4X4;XIRECS;9592.0;1;3;4
22600;;;ROBOT_DISHES;XIRECS;9847.0;1;3;4
22600;;;ROBOT_IRONING;XIRECS;9686.0;1;3;4
22600;;;ROBOT_LAUNDRY;XIRECS;10319.0;1;3;4
22600;;;ROBOT_MOPPING;XIRECS;10018.0;1;3;4
22600;;;ROBOT_VACUUMING;XIRECS;9980.0;1;3;4
22600;;;SLEEP_POD_COTTON;XIRECS;11216.0;1;3;4
22600;;;SLEEP_POD_LAMB_WOOL;XIRECS;10400.0;1;3;4
22600;;;SLEEP_POD_NYLON;XIRECS;8743.0;1;3;4
22600;;;SLEEP_POD_POLYESTER;XIRECS;11770.0;1;3;4
22600;;;SLEEP_POD_SUEDE;XIRECS;10974.0;1;3;4
22600;;;SNACKPACK_CHOCOLATE;XIRECS;10003.0;1;3;4
22600;;;SNACKPACK_RASPBERRY;XIRECS;10159.0;1;3;4
22600;;;TRANSLATOR_ASTRO_BLACK;XIRECS;9825.0;1;3;4
22600;;;TRANSLATOR_ECLIPSE_CHARCOAL;XIRECS;10197.0;1;3;4
22600;;;TRANSLATOR_GRAPHITE_MIST;XIRECS;9511.0;1;3;4
22600;;;TRANSLATOR_SPACE_GRAY;XIRECS;9454.0;1;3;4
22600;;;TRANSLATOR_VOID_BLUE;XIRECS;11159.0;1;3;4
22600;;;UV_VISOR_AMBER;XIRECS;8273.0;1;3;4
22600;;;UV_VISOR_MAGENTA;XIRECS;11463.0;1;3;4
22600;;;UV_VISOR_ORANGE;XIRECS;10160.0;1;3;4
22600;;;UV_VISOR_RED;XIRECS;10585.0;1;3;4
22600;;;UV_VISOR_YELLOW;XIRECS;11567.0;1;3;4
22800;SUBMISSION;;PEBBLES_XL;XIRECS;13560.0;4;3;4
22900;SUBMISSION;;GALAXY_SOUNDS_BLACK_HOLES;XIRECS;11544.0;5;3;4
23200;;SUBMISSION;PEBBLES_XL;XIRECS;13622.0;3;3;4
23900;SUBMISSION;;SNACKPACK_STRAWBERRY;XIRECS;10497.0;2;3;4
23900;SUBMISSION;;SNACKPACK_PISTACHIO;XIRECS;9531.0;2;3;4
23900;SUBMISSION;;SNACKPACK_VANILLA;XIRECS;9906.0;2;3;4
24100;;;MICROCHIP_CIRCLE;XIRECS;8955.0;2;3;4
24100;;;MICROCHIP_OVAL;XIRECS;9330.0;2;3;4
24100;;;MICROCHIP_RECTANGLE;XIRECS;9315.0;2;3;4
24100;;;MICROCHIP_SQUARE;XIRECS;12620.0;2;3;4
24100;;;MICROCHIP_TRIANGLE;XIRECS;10300.0;2;3;4
24300;SUBMISSION;;SNACKPACK_STRAWBERRY;XIRECS;10488.0;1;3;4
24300;SUBMISSION;;SNACKPACK_PISTACHIO;XIRECS;9523.0;1;3;4
24300;SUBMISSION;;SNACKPACK_VANILLA;XIRECS;9886.0;1;3;4
24300;;;GALAXY_SOUNDS_BLACK_HOLES;XIRECS;11506.0;4;3;4
24300;;;GALAXY_SOUNDS_DARK_MATTER;XIRECS;10506.0;4;3;4
24300;;;GALAXY_SOUNDS_PLANETARY_RINGS;XIRECS;11612.0;4;3;4
24300;;;GALAXY_SOUNDS_SOLAR_FLAMES;XIRECS;11375.0;4;3;4
24300;;;GALAXY_SOUNDS_SOLAR_WINDS;XIRECS;9590.0;4;3;4
24300;;;OXYGEN_SHAKE_CHOCOLATE;XIRECS;9544.0;4;3;4
24300;;;OXYGEN_SHAKE_EVENING_BREATH;XIRECS;8504.0;4;3;4
24300;;;OXYGEN_SHAKE_GARLIC;XIRECS;12147.0;4;3;4
24300;;;OXYGEN_SHAKE_MINT;XIRECS;10216.0;4;3;4
24300;;;OXYGEN_SHAKE_MORNING_BREATH;XIRECS;10766.0;4;3;4
24300;;;PANEL_1X2;XIRECS;8224.0;4;3;4
24300;;;PANEL_1X4;XIRECS;11024.0;4;3;4
24300;;;PANEL_2X2;XIRECS;10085.0;4;3;4
24300;;;PANEL_2X4;XIRECS;10835.0;4;3;4
24300;;;PANEL_4X4;XIRECS;9604.0;4;3;4
24300;;;ROBOT_DISHES;XIRECS;9846.0;4;3;4
24300;;;ROBOT_IRONING;XIRECS;9666.0;4;3;4
24300;;;ROBOT_LAUNDRY;XIRECS;10317.0;4;3;4
24300;;;ROBOT_MOPPING;XIRECS;10015.0;4;3;4
24300;;;ROBOT_VACUUMING;XIRECS;9931.0;4;3;4
24300;;;SLEEP_POD_COTTON;XIRECS;11244.0;4;3;4
24300;;;SLEEP_POD_LAMB_WOOL;XIRECS;10442.0;4;3;4
24300;;;SLEEP_POD_NYLON;XIRECS;8691.0;4;3;4
24300;;;SLEEP_POD_POLYESTER;XIRECS;11833.0;4;3;4
24300;;;SLEEP_POD_SUEDE;XIRECS;10993.0;4;3;4
24300;;;SNACKPACK_CHOCOLATE;XIRECS;10018.0;4;3;4
24300;;;SNACKPACK_RASPBERRY;XIRECS;10202.0;4;3;4
24300;;;TRANSLATOR_ASTRO_BLACK;XIRECS;9833.0;4;3;4
24300;;;TRANSLATOR_ECLIPSE_CHARCOAL;XIRECS;10304.0;4;3;4
24300;;;TRANSLATOR_GRAPHITE_MIST;XIRECS;9534.0;4;3;4
24300;;;TRANSLATOR_SPACE_GRAY;XIRECS;9396.0;4;3;4
24300;;;TRANSLATOR_VOID_BLUE;XIRECS;11139.0;4;3;4
24300;;;UV_VISOR_AMBER;XIRECS;8256.0;4;3;4
24300;;;UV_VISOR_MAGENTA;XIRECS;11454.0;4;3;4
24300;;;UV_VISOR_ORANGE;XIRECS;10108.0;4;3;4
24300;;;UV_VISOR_RED;XIRECS;10463.0;4;3;4
24300;;;UV_VISOR_YELLOW;XIRECS;11560.0;4;3;4
24500;SUBMISSION;;SNACKPACK_STRAWBERRY;XIRECS;10482.0;4;3;4
24500;SUBMISSION;;SNACKPACK_PISTACHIO;XIRECS;9522.0;4;3;4
24500;SUBMISSION;;SNACKPACK_VANILLA;XIRECS;9888.0;4;3;4
24900;;SUBMISSION;GALAXY_SOUNDS_BLACK_HOLES;XIRECS;11457.0;5;3;4
25600;;;GALAXY_SOUNDS_BLACK_HOLES;XIRECS;11457.0;4;3;4
25600;;;GALAXY_SOUNDS_DARK_MATTER;XIRECS;10437.0;4;3;4
25600;;;GALAXY_SOUNDS_PLANETARY_RINGS;XIRECS;11600.0;4;3;4
25600;;;GALAXY_SOUNDS_SOLAR_FLAMES;XIRECS;11435.0;4;3;4
25600;;;GALAXY_SOUNDS_SOLAR_WINDS;XIRECS;9568.0;4;3;4
25600;;;OXYGEN_SHAKE_CHOCOLATE;XIRECS;9509.0;4;3;4
25600;;;OXYGEN_SHAKE_EVENING_BREATH;XIRECS;8494.0;4;3;4
25600;;;OXYGEN_SHAKE_GARLIC;XIRECS;12033.0;4;3;4
25600;;;OXYGEN_SHAKE_MINT;XIRECS;10204.0;4;3;4
25600;;;OXYGEN_SHAKE_MORNING_BREATH;XIRECS;10837.0;4;3;4
25600;;;PANEL_1X2;XIRECS;8243.0;4;3;4
25600;;;PANEL_1X4;XIRECS;11028.0;4;3;4
25600;;;PANEL_2X2;XIRECS;10059.0;4;3;4
25600;;;PANEL_2X4;XIRECS;10836.0;4;3;4
25600;;;PANEL_4X4;XIRECS;9642.0;4;3;4
25600;;;ROBOT_DISHES;XIRECS;9860.0;4;3;4
25600;;;ROBOT_IRONING;XIRECS;9716.0;4;3;4
25600;;;ROBOT_LAUNDRY;XIRECS;10291.0;4;3;4
25600;;;ROBOT_MOPPING;XIRECS;9977.0;4;3;4
25600;;;ROBOT_VACUUMING;XIRECS;9877.0;4;3;4
25600;;;SLEEP_POD_COTTON;XIRECS;11239.0;4;3;4
25600;;;SLEEP_POD_LAMB_WOOL;XIRECS;10409.0;4;3;4
25600;;;SLEEP_POD_NYLON;XIRECS;8714.0;4;3;4
25600;;;SLEEP_POD_POLYESTER;XIRECS;11805.0;4;3;4
25600;;;SLEEP_POD_SUEDE;XIRECS;10920.0;4;3;4
25600;;;SNACKPACK_CHOCOLATE;XIRECS;10028.0;4;3;4
25600;;;SNACKPACK_PISTACHIO;XIRECS;9529.0;4;3;4
25600;;;SNACKPACK_RASPBERRY;XIRECS;10180.0;4;3;4
25600;;;SNACKPACK_STRAWBERRY;XIRECS;10496.0;4;3;4
25600;;;SNACKPACK_VANILLA;XIRECS;9871.0;4;3;4
25600;;;TRANSLATOR_ASTRO_BLACK;XIRECS;9858.0;4;3;4
25600;;;TRANSLATOR_ECLIPSE_CHARCOAL;XIRECS;10274.0;4;3;4
25600;;;TRANSLATOR_GRAPHITE_MIST;XIRECS;9526.0;4;3;4
25600;;;TRANSLATOR_SPACE_GRAY;XIRECS;9333.0;4;3;4
25600;;;TRANSLATOR_VOID_BLUE;XIRECS;11192.0;4;3;4
25600;;;UV_VISOR_AMBER;XIRECS;8217.0;4;3;4
25600;;;UV_VISOR_MAGENTA;XIRECS;11506.0;4;3;4
25600;;;UV_VISOR_ORANGE;XIRECS;10092.0;4;3;4
25600;;;UV_VISOR_RED;XIRECS;10473.0;4;3;4
25600;;;UV_VISOR_YELLOW;XIRECS;11522.0;4;3;4
25900;SUBMISSION;;MICROCHIP_CIRCLE;XIRECS;9014.0;5;3;4
26000;;;GALAXY_SOUNDS_BLACK_HOLES;XIRECS;11432.0;2;3;4
26000;;;GALAXY_SOUNDS_DARK_MATTER;XIRECS;10419.0;2;3;4
26000;;;GALAXY_SOUNDS_PLANETARY_RINGS;XIRECS;11576.0;2;3;4
26000;;;GALAXY_SOUNDS_SOLAR_FLAMES;XIRECS;11451.0;2;3;4
26000;;;GALAXY_SOUNDS_SOLAR_WINDS;XIRECS;9578.0;2;3;4
26000;;;OXYGEN_SHAKE_CHOCOLATE;XIRECS;9497.0;2;3;4
26000;;;OXYGEN_SHAKE_EVENING_BREATH;XIRECS;8494.0;2;3;4
26000;;;OXYGEN_SHAKE_GARLIC;XIRECS;12022.0;2;3;4
26000;;;OXYGEN_SHAKE_MINT;XIRECS;10186.0;2;3;4
26000;;;OXYGEN_SHAKE_MORNING_BREATH;XIRECS;10844.0;2;3;4
26000;;;PANEL_1X2;XIRECS;8246.0;2;3;4
26000;;;PANEL_1X4;XIRECS;11055.0;2;3;4
26000;;;PANEL_2X2;XIRECS;10036.0;2;3;4
26000;;;PANEL_2X4;XIRECS;10875.0;2;3;4
26000;;;PANEL_4X4;XIRECS;9631.0;2;3;4
26000;;;ROBOT_DISHES;XIRECS;9871.0;2;3;4
26000;;;ROBOT_IRONING;XIRECS;9716.0;2;3;4
26000;;;ROBOT_LAUNDRY;XIRECS;10314.0;2;3;4
26000;;;ROBOT_MOPPING;XIRECS;9980.0;2;3;4
26000;;;ROBOT_VACUUMING;XIRECS;9830.0;2;3;4
26000;;;SLEEP_POD_COTTON;XIRECS;11203.0;2;3;4
26000;;;SLEEP_POD_LAMB_WOOL;XIRECS;10445.0;2;3;4
26000;;;SLEEP_POD_NYLON;XIRECS;8717.0;2;3;4
26000;;;SLEEP_POD_POLYESTER;XIRECS;11806.0;2;3;4
26000;;;SLEEP_POD_SUEDE;XIRECS;10970.0;2;3;4
26000;;;SNACKPACK_CHOCOLATE;XIRECS;9998.0;2;3;4
26000;;;SNACKPACK_PISTACHIO;XIRECS;9523.0;2;3;4
26000;;;SNACKPACK_RASPBERRY;XIRECS;10195.0;2;3;4
26000;;;SNACKPACK_STRAWBERRY;XIRECS;10485.0;2;3;4
26000;;;SNACKPACK_VANILLA;XIRECS;9897.0;2;3;4
26000;;;TRANSLATOR_ASTRO_BLACK;XIRECS;9846.0;2;3;4
26000;;;TRANSLATOR_ECLIPSE_CHARCOAL;XIRECS;10275.0;2;3;4
26000;;;TRANSLATOR_GRAPHITE_MIST;XIRECS;9534.0;2;3;4
26000;;;TRANSLATOR_SPACE_GRAY;XIRECS;9330.0;2;3;4
26000;;;TRANSLATOR_VOID_BLUE;XIRECS;11173.0;2;3;4
26000;;;UV_VISOR_AMBER;XIRECS;8203.0;2;3;4
26000;;;UV_VISOR_MAGENTA;XIRECS;11533.0;2;3;4
26000;;;UV_VISOR_ORANGE;XIRECS;10133.0;2;3;4
26000;;;UV_VISOR_RED;XIRECS;10472.0;2;3;4
26000;;;UV_VISOR_YELLOW;XIRECS;11496.0;2;3;4
27400;;SUBMISSION;SNACKPACK_STRAWBERRY;XIRECS;10442.0;1;3;4
27400;;SUBMISSION;SNACKPACK_PISTACHIO;XIRECS;9503.0;1;3;4
27400;;SUBMISSION;SNACKPACK_VANILLA;XIRECS;9903.0;1;3;4
27400;;;GALAXY_SOUNDS_BLACK_HOLES;XIRECS;11426.0;1;3;4
27400;;;GALAXY_SOUNDS_DARK_MATTER;XIRECS;10417.0;1;3;4
27400;;;GALAXY_SOUNDS_PLANETARY_RINGS;XIRECS;11499.0;1;3;4
27400;;;GALAXY_SOUNDS_SOLAR_FLAMES;XIRECS;11449.0;1;3;4
27400;;;GALAXY_SOUNDS_SOLAR_WINDS;XIRECS;9546.0;1;3;4
27400;;;OXYGEN_SHAKE_CHOCOLATE;XIRECS;9526.0;1;3;4
27400;;;OXYGEN_SHAKE_EVENING_BREATH;XIRECS;8526.0;1;3;4
27400;;;OXYGEN_SHAKE_GARLIC;XIRECS;12026.0;1;3;4
27400;;;OXYGEN_SHAKE_MINT;XIRECS;10153.0;1;3;4
27400;;;OXYGEN_SHAKE_MORNING_BREATH;XIRECS;10860.0;1;3;4
27400;;;PANEL_1X2;XIRECS;8246.0;1;3;4
27400;;;PANEL_1X4;XIRECS;11033.0;1;3;4
27400;;;PANEL_2X2;XIRECS;9985.0;1;3;4
27400;;;PANEL_2X4;XIRECS;10893.0;1;3;4
27400;;;PANEL_4X4;XIRECS;9604.0;1;3;4
27400;;;ROBOT_DISHES;XIRECS;9930.0;1;3;4
27400;;;ROBOT_IRONING;XIRECS;9724.0;1;3;4
27400;;;ROBOT_LAUNDRY;XIRECS;10256.0;1;3;4
27400;;;ROBOT_MOPPING;XIRECS;9940.0;1;3;4
27400;;;ROBOT_VACUUMING;XIRECS;9822.0;1;3;4
27400;;;SLEEP_POD_COTTON;XIRECS;11204.0;1;3;4
27400;;;SLEEP_POD_LAMB_WOOL;XIRECS;10456.0;1;3;4
27400;;;SLEEP_POD_NYLON;XIRECS;8747.0;1;3;4
27400;;;SLEEP_POD_POLYESTER;XIRECS;11822.0;1;3;4
27400;;;SLEEP_POD_SUEDE;XIRECS;11024.0;1;3;4
27400;;;SNACKPACK_CHOCOLATE;XIRECS;10024.0;1;3;4
27400;;;SNACKPACK_RASPBERRY;XIRECS;10264.0;1;3;4
27400;;;TRANSLATOR_ASTRO_BLACK;XIRECS;9868.0;1;3;4
27400;;;TRANSLATOR_ECLIPSE_CHARCOAL;XIRECS;10260.0;1;3;4
27400;;;TRANSLATOR_GRAPHITE_MIST;XIRECS;9504.0;1;3;4
27400;;;TRANSLATOR_SPACE_GRAY;XIRECS;9375.0;1;3;4
27400;;;TRANSLATOR_VOID_BLUE;XIRECS;11158.0;1;3;4
27400;;;UV_VISOR_AMBER;XIRECS;8221.0;1;3;4
27400;;;UV_VISOR_MAGENTA;XIRECS;11549.0;1;3;4
27400;;;UV_VISOR_ORANGE;XIRECS;10160.0;1;3;4
27400;;;UV_VISOR_RED;XIRECS;10495.0;1;3;4
27400;;;UV_VISOR_YELLOW;XIRECS;11542.0;1;3;4
27500;;SUBMISSION;MICROCHIP_OVAL;XIRECS;9229.0;5;3;4
28000;;SUBMISSION;PEBBLES_XL;XIRECS;13645.0;5;3;4
28400;;SUBMISSION;SNACKPACK_STRAWBERRY;XIRECS;10453.0;3;3;4
28400;;SUBMISSION;SNACKPACK_PISTACHIO;XIRECS;9514.0;3;3;4
28400;;SUBMISSION;SNACKPACK_VANILLA;XIRECS;9892.0;3;3;4
28700;SUBMISSION;;MICROCHIP_OVAL;XIRECS;9315.0;5;3;4
28700;SUBMISSION;;PEBBLES_XL;XIRECS;13708.0;5;3;4
28700;SUBMISSION;;PEBBLES_XL;XIRECS;13717.0;4;3;4
29200;;SUBMISSION;PEBBLES_XL;XIRECS;13836.0;2;3;4
29200;;;PEBBLES_L;XIRECS;10031.0;5;3;4
29200;;;PEBBLES_M;XIRECS;9177.0;5;3;4
29200;;;PEBBLES_S;XIRECS;9164.0;5;3;4
29200;;;PEBBLES_XS;XIRECS;7824.0;5;3;4
29700;;SUBMISSION;MICROCHIP_OVAL;XIRECS;9231.0;5;3;4
30000;;SUBMISSION;PANEL_1X4;XIRECS;10959.0;5;3;4
30600;;SUBMISSION;SLEEP_POD_COTTON;XIRECS;11194.0;5;3;4
30600;;SUBMISSION;PEBBLES_XL;XIRECS;13741.0;2;3;4
30600;;;PEBBLES_L;XIRECS;10018.0;5;3;4
30600;;;PEBBLES_M;XIRECS;9235.0;5;3;4
30600;;;PEBBLES_S;XIRECS;9209.0;5;3;4
30600;;;PEBBLES_XS;XIRECS;7828.0;5;3;4
31200;SUBMISSION;;PEBBLES_XL;XIRECS;13653.0;4;3;4
31300;SUBMISSION;;SNACKPACK_STRAWBERRY;XIRECS;10462.0;3;3;4
31300;SUBMISSION;;SNACKPACK_PISTACHIO;XIRECS;9524.0;3;3;4
31300;SUBMISSION;;SNACKPACK_VANILLA;XIRECS;9828.0;3;3;4
31700;SUBMISSION;;MICROCHIP_OVAL;XIRECS;9327.0;5;3;4
31700;SUBMISSION;;OXYGEN_SHAKE_MORNING_BREATH;XIRECS;11003.0;5;3;4
31800;;;PEBBLES_L;XIRECS;10063.0;2;3;4
31800;;;PEBBLES_M;XIRECS;9216.0;2;3;4
31800;;;PEBBLES_S;XIRECS;9182.0;2;3;4
31800;;;PEBBLES_XL;XIRECS;13629.0;2;3;4
31800;;;PEBBLES_XS;XIRECS;7877.0;2;3;4
32100;SUBMISSION;;MICROCHIP_CIRCLE;XIRECS;9023.0;5;3;4
33400;SUBMISSION;;OXYGEN_SHAKE_MORNING_BREATH;XIRECS;11045.0;5;3;4
33400;;;PEBBLES_L;XIRECS;9998.0;2;3;4
33400;;;PEBBLES_M;XIRECS;9299.0;2;3;4
33400;;;PEBBLES_S;XIRECS;9181.0;2;3;4
33400;;;PEBBLES_XL;XIRECS;13535.0;2;3;4
33400;;;PEBBLES_XS;XIRECS;7955.0;2;3;4
33900;SUBMISSION;;SNACKPACK_STRAWBERRY;XIRECS;10461.0;1;3;4
33900;SUBMISSION;;SNACKPACK_PISTACHIO;XIRECS;9513.0;1;3;4
33900;SUBMISSION;;SNACKPACK_VANILLA;XIRECS;9818.0;1;3;4
34000;;;PEBBLES_L;XIRECS;10033.0;3;3;4
34000;;;PEBBLES_M;XIRECS;9207.0;3;3;4
34000;;;PEBBLES_S;XIRECS;9184.0;3;3;4
34000;;;PEBBLES_XL;XIRECS;13562.0;3;3;4
34000;;;PEBBLES_XS;XIRECS;7982.0;3;3;4
34200;;SUBMISSION;SNACKPACK_STRAWBERRY;XIRECS;10462.0;5;3;4
34200;;SUBMISSION;SNACKPACK_PISTACHIO;XIRECS;9514.0;5;3;4
34200;;SUBMISSION;SNACKPACK_VANILLA;XIRECS;9815.0;5;3;4
35100;;SUBMISSION;MICROCHIP_OVAL;XIRECS;9227.0;5;3;4
35100;SUBMISSION;;SNACKPACK_STRAWBERRY;XIRECS;10484.0;2;3;4
35100;SUBMISSION;;SNACKPACK_PISTACHIO;XIRECS;9540.0;2;3;4
35100;SUBMISSION;;SNACKPACK_VANILLA;XIRECS;9796.0;2;3;4
35500;SUBMISSION;;SNACKPACK_STRAWBERRY;XIRECS;10507.0;3;3;4
35500;SUBMISSION;;SNACKPACK_PISTACHIO;XIRECS;9553.0;3;3;4
35500;SUBMISSION;;SNACKPACK_VANILLA;XIRECS;9794.0;3;3;4
36500;;SUBMISSION;ROBOT_MOPPING;XIRECS;9816.0;4;3;4
36600;;SUBMISSION;ROBOT_MOPPING;XIRECS;9824.0;1;3;4
37000;;SUBMISSION;SNACKPACK_STRAWBERRY;XIRECS;10477.0;2;3;4
37000;;SUBMISSION;SNACKPACK_PISTACHIO;XIRECS;9535.0;2;3;4
37000;;SUBMISSION;SNACKPACK_VANILLA;XIRECS;9797.0;2;3;4
37000;;;GALAXY_SOUNDS_BLACK_HOLES;XIRECS;11521.0;4;3;4
37000;;;GALAXY_SOUNDS_DARK_MATTER;XIRECS;10188.0;4;3;4
37000;;;GALAXY_SOUNDS_PLANETARY_RINGS;XIRECS;11569.0;4;3;4
37000;;;GALAXY_SOUNDS_SOLAR_FLAMES;XIRECS;11368.0;4;3;4
37000;;;GALAXY_SOUNDS_SOLAR_WINDS;XIRECS;9438.0;4;3;4
37000;;;OXYGEN_SHAKE_CHOCOLATE;XIRECS;9608.0;4;3;4
37000;;;OXYGEN_SHAKE_EVENING_BREATH;XIRECS;8536.0;4;3;4
37000;;;OXYGEN_SHAKE_GARLIC;XIRECS;11964.0;4;3;4
37000;;;OXYGEN_SHAKE_MINT;XIRECS;10017.0;4;3;4
37000;;;OXYGEN_SHAKE_MORNING_BREATH;XIRECS;10908.0;4;3;4
37000;;;PANEL_1X2;XIRECS;8138.0;4;3;4
37000;;;PANEL_1X4;XIRECS;10952.0;4;3;4
37000;;;PANEL_2X2;XIRECS;9981.0;4;3;4
37000;;;PANEL_2X4;XIRECS;10923.0;4;3;4
37000;;;PANEL_4X4;XIRECS;9592.0;4;3;4
37000;;;ROBOT_DISHES;XIRECS;10043.0;4;3;4
37000;;;ROBOT_IRONING;XIRECS;9624.0;4;3;4
37000;;;ROBOT_LAUNDRY;XIRECS;10445.0;4;3;4
37000;;;ROBOT_MOPPING;XIRECS;9821.0;4;3;4
37000;;;ROBOT_VACUUMING;XIRECS;9924.0;4;3;4
37000;;;SLEEP_POD_COTTON;XIRECS;11200.0;4;3;4
37000;;;SLEEP_POD_LAMB_WOOL;XIRECS;10417.0;4;3;4
37000;;;SLEEP_POD_NYLON;XIRECS;8802.0;4;3;4
37000;;;SLEEP_POD_POLYESTER;XIRECS;11807.0;4;3;4
37000;;;SLEEP_POD_SUEDE;XIRECS;11326.0;4;3;4
37000;;;SNACKPACK_CHOCOLATE;XIRECS;10147.0;4;3;4
37000;;;SNACKPACK_RASPBERRY;XIRECS;10247.0;4;3;4
37000;;;TRANSLATOR_ASTRO_BLACK;XIRECS;9935.0;4;3;4
37000;;;TRANSLATOR_ECLIPSE_CHARCOAL;XIRECS;10202.0;4;3;4
37000;;;TRANSLATOR_GRAPHITE_MIST;XIRECS;9559.0;4;3;4
37000;;;TRANSLATOR_SPACE_GRAY;XIRECS;9289.0;4;3;4
37000;;;TRANSLATOR_VOID_BLUE;XIRECS;11329.0;4;3;4
37000;;;UV_VISOR_AMBER;XIRECS;8217.0;4;3;4
37000;;;UV_VISOR_MAGENTA;XIRECS;11490.0;4;3;4
37000;;;UV_VISOR_ORANGE;XIRECS;10254.0;4;3;4
37000;;;UV_VISOR_RED;XIRECS;10368.0;4;3;4
37000;;;UV_VISOR_YELLOW;XIRECS;11490.0;4;3;4
37100;SUBMISSION;;SNACKPACK_STRAWBERRY;XIRECS;10468.0;2;3;4
37100;SUBMISSION;;SNACKPACK_PISTACHIO;XIRECS;9527.0;2;3;4
37100;SUBMISSION;;SNACKPACK_VANILLA;XIRECS;9784.0;2;3;4
37700;;SUBMISSION;PEBBLES_XL;XIRECS;13715.0;6;3;4
38700;;SUBMISSION;OXYGEN_SHAKE_MORNING_BREATH;XIRECS;10834.0;5;3;4
39700;SUBMISSION;;PEBBLES_XL;XIRECS;13754.0;4;3;4
39700;SUBMISSION;;PEBBLES_XL;XIRECS;13763.0;2;3;4
40300;;SUBMISSION;GALAXY_SOUNDS_BLACK_HOLES;XIRECS;11354.0;5;3;4
41600;SUBMISSION;;MICROCHIP_OVAL;XIRECS;9303.0;5;3;4
41800;;SUBMISSION;GALAXY_SOUNDS_BLACK_HOLES;XIRECS;11284.0;5;3;4
42100;;;MICROCHIP_CIRCLE;XIRECS;9041.0;2;3;4
42100;;;MICROCHIP_OVAL;XIRECS;9325.0;2;3;4
42100;;;MICROCHIP_RECTANGLE;XIRECS;9284.0;2;3;4
42100;;;MICROCHIP_SQUARE;XIRECS;12469.0;2;3;4
42100;;;MICROCHIP_TRIANGLE;XIRECS;10043.0;2;3;4
43000;;SUBMISSION;GALAXY_SOUNDS_BLACK_HOLES;XIRECS;11236.0;5;3;4
44000;;;GALAXY_SOUNDS_BLACK_HOLES;XIRECS;11249.0;3;3;4
44000;;;GALAXY_SOUNDS_DARK_MATTER;XIRECS;10094.0;3;3;4
44000;;;GALAXY_SOUNDS_PLANETARY_RINGS;XIRECS;11622.0;3;3;4
44000;;;GALAXY_SOUNDS_SOLAR_FLAMES;XIRECS;11397.0;3;3;4
44000;;;GALAXY_SOUNDS_SOLAR_WINDS;XIRECS;9490.0;3;3;4
44000;;;OXYGEN_SHAKE_CHOCOLATE;XIRECS;9592.0;3;3;4
44000;;;OXYGEN_SHAKE_EVENING_BREATH;XIRECS;8544.0;3;3;4
44000;;;OXYGEN_SHAKE_GARLIC;XIRECS;11860.0;3;3;4
44000;;;OXYGEN_SHAKE_MINT;XIRECS;10106.0;3;3;4
44000;;;OXYGEN_SHAKE_MORNING_BREATH;XIRECS;10935.0;3;3;4
44000;;;PANEL_1X2;XIRECS;8104.0;3;3;4
44000;;;PANEL_1X4;XIRECS;10937.0;3;3;4
44000;;;PANEL_2X2;XIRECS;10068.0;3;3;4
44000;;;PANEL_2X4;XIRECS;10941.0;3;3;4
44000;;;PANEL_4X4;XIRECS;9713.0;3;3;4
44000;;;ROBOT_DISHES;XIRECS;10082.0;3;3;4
44000;;;ROBOT_IRONING;XIRECS;9716.0;3;3;4
44000;;;ROBOT_LAUNDRY;XIRECS;10413.0;3;3;4
44000;;;ROBOT_MOPPING;XIRECS;9883.0;3;3;4
44000;;;ROBOT_VACUUMING;XIRECS;9913.0;3;3;4
44000;;;SLEEP_POD_COTTON;XIRECS;11157.0;3;3;4
44000;;;SLEEP_POD_LAMB_WOOL;XIRECS;10397.0;3;3;4
44000;;;SLEEP_POD_NYLON;XIRECS;8855.0;3;3;4
44000;;;SLEEP_POD_POLYESTER;XIRECS;11628.0;3;3;4
44000;;;SLEEP_POD_SUEDE;XIRECS;11291.0;3;3;4
44000;;;SNACKPACK_CHOCOLATE;XIRECS;10052.0;3;3;4
44000;;;SNACKPACK_PISTACHIO;XIRECS;9573.0;3;3;4
44000;;;SNACKPACK_RASPBERRY;XIRECS;10179.0;3;3;4
44000;;;SNACKPACK_STRAWBERRY;XIRECS;10519.0;3;3;4
44000;;;SNACKPACK_VANILLA;XIRECS;9862.0;3;3;4
44000;;;TRANSLATOR_ASTRO_BLACK;XIRECS;9850.0;3;3;4
44000;;;TRANSLATOR_ECLIPSE_CHARCOAL;XIRECS;10171.0;3;3;4
44000;;;TRANSLATOR_GRAPHITE_MIST;XIRECS;9638.0;3;3;4
44000;;;TRANSLATOR_SPACE_GRAY;XIRECS;9255.0;3;3;4
44000;;;TRANSLATOR_VOID_BLUE;XIRECS;11121.0;3;3;4
44000;;;UV_VISOR_AMBER;XIRECS;8207.0;3;3;4
44000;;;UV_VISOR_MAGENTA;XIRECS;11336.0;3;3;4
44000;;;UV_VISOR_ORANGE;XIRECS;10089.0;3;3;4
44000;;;UV_VISOR_RED;XIRECS;10319.0;3;3;4
44000;;;UV_VISOR_YELLOW;XIRECS;11419.0;3;3;4
45400;SUBMISSION;;OXYGEN_SHAKE_MORNING_BREATH;XIRECS;10989.0;5;3;4
45500;;SUBMISSION;SLEEP_POD_COTTON;XIRECS;11108.0;5;3;4
47000;SUBMISSION;;ROBOT_MOPPING;XIRECS;9972.0;5;3;4
48900;;;PEBBLES_L;XIRECS;10114.0;3;3;4
48900;;;PEBBLES_M;XIRECS;8838.0;3;3;4
48900;;;PEBBLES_S;XIRECS;9005.0;3;3;4
48900;;;PEBBLES_XL;XIRECS;13817.0;3;3;4
48900;;;PEBBLES_XS;XIRECS;8193.0;3;3;4
49500;;SUBMISSION;PEBBLES_XL;XIRECS;13800.0;3;3;4
50000;;SUBMISSION;SLEEP_POD_COTTON;XIRECS;11024.0;5;3;4
50200;SUBMISSION;;OXYGEN_SHAKE_MORNING_BREATH;XIRECS;11015.0;5;3;4
51000;SUBMISSION;;PEBBLES_XL;XIRECS;13733.0;2;3;4
51000;;;PEBBLES_L;XIRECS;10109.0;5;3;4
51000;;;PEBBLES_M;XIRECS;8798.0;5;3;4
51000;;;PEBBLES_S;XIRECS;9058.0;5;3;4
51000;;;PEBBLES_XS;XIRECS;8271.0;5;3;4
51700;;SUBMISSION;SLEEP_POD_COTTON;XIRECS;10985.0;5;3;4
51800;SUBMISSION;;PEBBLES_XL;XIRECS;13602.0;1;3;4
51800;;;PEBBLES_L;XIRECS;10125.0;4;3;4
51800;;;PEBBLES_M;XIRECS;8876.0;4;3;4
51800;;;PEBBLES_S;XIRECS;9067.0;4;3;4
51800;;;PEBBLES_XS;XIRECS;8299.0;4;3;4
52600;;;PEBBLES_L;XIRECS;10108.0;3;3;4
52600;;;PEBBLES_M;XIRECS;8844.0;3;3;4
52600;;;PEBBLES_S;XIRECS;9118.0;3;3;4
52600;;;PEBBLES_XL;XIRECS;13616.0;3;3;4
52600;;;PEBBLES_XS;XIRECS;8281.0;3;3;4
52700;;SUBMISSION;SNACKPACK_STRAWBERRY;XIRECS;10542.0;2;3;4
52700;;SUBMISSION;SNACKPACK_PISTACHIO;XIRECS;9601.0;2;3;4
52700;;SUBMISSION;SNACKPACK_VANILLA;XIRECS;9907.0;2;3;4
52700;;;GALAXY_SOUNDS_BLACK_HOLES;XIRECS;11261.0;4;3;4
52700;;;GALAXY_SOUNDS_DARK_MATTER;XIRECS;10218.0;4;3;4
52700;;;GALAXY_SOUNDS_PLANETARY_RINGS;XIRECS;11636.0;4;3;4
52700;;;GALAXY_SOUNDS_SOLAR_FLAMES;XIRECS;11478.0;4;3;4
52700;;;GALAXY_SOUNDS_SOLAR_WINDS;XIRECS;9517.0;4;3;4
52700;;;OXYGEN_SHAKE_CHOCOLATE;XIRECS;9547.0;4;3;4
52700;;;OXYGEN_SHAKE_EVENING_BREATH;XIRECS;8686.0;4;3;4
52700;;;OXYGEN_SHAKE_GARLIC;XIRECS;11618.0;4;3;4
52700;;;OXYGEN_SHAKE_MINT;XIRECS;10112.0;4;3;4
52700;;;OXYGEN_SHAKE_MORNING_BREATH;XIRECS;10985.0;4;3;4
52700;;;PANEL_1X2;XIRECS;8036.0;4;3;4
52700;;;PANEL_1X4;XIRECS;10815.0;4;3;4
52700;;;PANEL_2X2;XIRECS;10106.0;4;3;4
52700;;;PANEL_2X4;XIRECS;10871.0;4;3;4
52700;;;PANEL_4X4;XIRECS;9692.0;4;3;4
52700;;;ROBOT_DISHES;XIRECS;10166.0;4;3;4
52700;;;ROBOT_IRONING;XIRECS;9624.0;4;3;4
52700;;;ROBOT_LAUNDRY;XIRECS;10460.0;4;3;4
52700;;;ROBOT_MOPPING;XIRECS;10058.0;4;3;4
52700;;;ROBOT_VACUUMING;XIRECS;9799.0;4;3;4
52700;;;SLEEP_POD_COTTON;XIRECS;10981.0;4;3;4
52700;;;SLEEP_POD_LAMB_WOOL;XIRECS;10379.0;4;3;4
52700;;;SLEEP_POD_NYLON;XIRECS;8774.0;4;3;4
52700;;;SLEEP_POD_POLYESTER;XIRECS;11627.0;4;3;4
52700;;;SLEEP_POD_SUEDE;XIRECS;11356.0;4;3;4
52700;;;SNACKPACK_CHOCOLATE;XIRECS;10044.0;4;3;4
52700;;;SNACKPACK_RASPBERRY;XIRECS;10198.0;4;3;4
52700;;;TRANSLATOR_ASTRO_BLACK;XIRECS;9932.0;4;3;4
52700;;;TRANSLATOR_ECLIPSE_CHARCOAL;XIRECS;10394.0;4;3;4
52700;;;TRANSLATOR_GRAPHITE_MIST;XIRECS;9592.0;4;3;4
52700;;;TRANSLATOR_SPACE_GRAY;XIRECS;9164.0;4;3;4
52700;;;TRANSLATOR_VOID_BLUE;XIRECS;11078.0;4;3;4
52700;;;UV_VISOR_AMBER;XIRECS;8183.0;4;3;4
52700;;;UV_VISOR_MAGENTA;XIRECS;11316.0;4;3;4
52700;;;UV_VISOR_ORANGE;XIRECS;9980.0;4;3;4
52700;;;UV_VISOR_RED;XIRECS;10393.0;4;3;4
52700;;;UV_VISOR_YELLOW;XIRECS;11442.0;4;3;4
54100;;SUBMISSION;MICROCHIP_OVAL;XIRECS;9192.0;5;3;4
55900;SUBMISSION;;OXYGEN_SHAKE_MORNING_BREATH;XIRECS;11100.0;5;3;4
55900;;SUBMISSION;PEBBLES_XL;XIRECS;13839.0;2;3;4
55900;;;PEBBLES_L;XIRECS;10196.0;2;3;4
55900;;;PEBBLES_M;XIRECS;8693.0;2;3;4
55900;;;PEBBLES_S;XIRECS;9056.0;2;3;4
55900;;;PEBBLES_XS;XIRECS;8248.0;2;3;4
56200;;SUBMISSION;MICROCHIP_OVAL;XIRECS;9137.0;5;3;4
56200;SUBMISSION;;SNACKPACK_STRAWBERRY;XIRECS;10561.0;2;3;4
56200;SUBMISSION;;SNACKPACK_PISTACHIO;XIRECS;9608.0;2;3;4
56200;SUBMISSION;;SNACKPACK_VANILLA;XIRECS;9838.0;2;3;4
56200;;SUBMISSION;PEBBLES_XL;XIRECS;13849.0;7;3;4
56400;;;GALAXY_SOUNDS_BLACK_HOLES;XIRECS;11225.0;1;3;4
56400;;;GALAXY_SOUNDS_DARK_MATTER;XIRECS;10247.0;1;3;4
56400;;;GALAXY_SOUNDS_PLANETARY_RINGS;XIRECS;11642.0;1;3;4
56400;;;GALAXY_SOUNDS_SOLAR_FLAMES;XIRECS;11372.0;1;3;4
56400;;;GALAXY_SOUNDS_SOLAR_WINDS;XIRECS;9462.0;1;3;4
56400;;;OXYGEN_SHAKE_CHOCOLATE;XIRECS;9501.0;1;3;4
56400;;;OXYGEN_SHAKE_EVENING_BREATH;XIRECS;8714.0;1;3;4
56400;;;OXYGEN_SHAKE_GARLIC;XIRECS;11730.0;1;3;4
56400;;;OXYGEN_SHAKE_MINT;XIRECS;10185.0;1;3;4
56400;;;OXYGEN_SHAKE_MORNING_BREATH;XIRECS;11090.0;1;3;4
56400;;;PANEL_1X2;XIRECS;8032.0;1;3;4
56400;;;PANEL_1X4;XIRECS;10803.0;1;3;4
56400;;;PANEL_2X2;XIRECS;10107.0;1;3;4
56400;;;PANEL_2X4;XIRECS;10849.0;1;3;4
56400;;;PANEL_4X4;XIRECS;9648.0;1;3;4
56400;;;ROBOT_DISHES;XIRECS;10274.0;1;3;4
56400;;;ROBOT_IRONING;XIRECS;9546.0;1;3;4
56400;;;ROBOT_LAUNDRY;XIRECS;10480.0;1;3;4
56400;;;ROBOT_MOPPING;XIRECS;10031.0;1;3;4
56400;;;ROBOT_VACUUMING;XIRECS;9721.0;1;3;4
56400;;;SLEEP_POD_COTTON;XIRECS;10871.0;1;3;4
56400;;;SLEEP_POD_LAMB_WOOL;XIRECS;10283.0;1;3;4
56400;;;SLEEP_POD_NYLON;XIRECS;8738.0;1;3;4
56400;;;SLEEP_POD_POLYESTER;XIRECS;11603.0;1;3;4
56400;;;SLEEP_POD_SUEDE;XIRECS;11343.0;1;3;4
56400;;;SNACKPACK_CHOCOLATE;XIRECS;10097.0;1;3;4
56400;;;SNACKPACK_PISTACHIO;XIRECS;9591.0;1;3;4
56400;;;SNACKPACK_RASPBERRY;XIRECS;10192.0;1;3;4
56400;;;SNACKPACK_STRAWBERRY;XIRECS;10540.0;1;3;4
56400;;;SNACKPACK_VANILLA;XIRECS;9823.0;1;3;4
56400;;;TRANSLATOR_ASTRO_BLACK;XIRECS;9914.0;1;3;4
56400;;;TRANSLATOR_ECLIPSE_CHARCOAL;XIRECS;10352.0;1;3;4
56400;;;TRANSLATOR_GRAPHITE_MIST;XIRECS;9672.0;1;3;4
56400;;;TRANSLATOR_SPACE_GRAY;XIRECS;9090.0;1;3;4
56400;;;TRANSLATOR_VOID_BLUE;XIRECS;11103.0;1;3;4
56400;;;UV_VISOR_AMBER;XIRECS;8251.0;1;3;4
56400;;;UV_VISOR_MAGENTA;XIRECS;11388.0;1;3;4
56400;;;UV_VISOR_ORANGE;XIRECS;10004.0;1;3;4
56400;;;UV_VISOR_RED;XIRECS;10334.0;1;3;4
56400;;;UV_VISOR_YELLOW;XIRECS;11398.0;1;3;4
56500;;SUBMISSION;ROBOT_IRONING;XIRECS;9556.0;5;3;4
56500;;;MICROCHIP_CIRCLE;XIRECS;9110.0;2;3;4
56500;;;MICROCHIP_OVAL;XIRECS;9166.0;2;3;4
56500;;;MICROCHIP_RECTANGLE;XIRECS;9157.0;2;3;4
56500;;;MICROCHIP_SQUARE;XIRECS;12687.0;2;3;4
56500;;;MICROCHIP_TRIANGLE;XIRECS;10119.0;2;3;4
56700;SUBMISSION;;PEBBLES_XL;XIRECS;13843.0;2;3;4
56700;;;PEBBLES_L;XIRECS;10187.0;5;3;4
56700;;;PEBBLES_M;XIRECS;8642.0;5;3;4
56700;;;PEBBLES_S;XIRECS;8999.0;5;3;4
56700;;;PEBBLES_XS;XIRECS;8298.0;5;3;4
57500;;;MICROCHIP_CIRCLE;XIRECS;9118.0;3;3;4
57500;;;MICROCHIP_OVAL;XIRECS;9114.0;3;3;4
57500;;;MICROCHIP_RECTANGLE;XIRECS;9189.0;3;3;4
57500;;;MICROCHIP_SQUARE;XIRECS;12602.0;3;3;4
57500;;;MICROCHIP_TRIANGLE;XIRECS;10147.0;3;3;4
58000;;SUBMISSION;MICROCHIP_OVAL;XIRECS;9111.0;4;3;4
58100;;SUBMISSION;MICROCHIP_OVAL;XIRECS;9132.0;1;3;4
58800;;SUBMISSION;SNACKPACK_STRAWBERRY;XIRECS;10601.0;2;3;4
58800;;SUBMISSION;SNACKPACK_PISTACHIO;XIRECS;9626.0;2;3;4
58800;;SUBMISSION;SNACKPACK_VANILLA;XIRECS;9835.0;2;3;4
58800;;;GALAXY_SOUNDS_BLACK_HOLES;XIRECS;11196.0;2;3;4
58800;;;GALAXY_SOUNDS_DARK_MATTER;XIRECS;10265.0;2;3;4
58800;;;GALAXY_SOUNDS_PLANETARY_RINGS;XIRECS;11653.0;2;3;4
58800;;;GALAXY_SOUNDS_SOLAR_FLAMES;XIRECS;11449.0;2;3;4
58800;;;GALAXY_SOUNDS_SOLAR_WINDS;XIRECS;9508.0;2;3;4
58800;;;OXYGEN_SHAKE_CHOCOLATE;XIRECS;9474.0;2;3;4
58800;;;OXYGEN_SHAKE_EVENING_BREATH;XIRECS;8756.0;2;3;4
58800;;;OXYGEN_SHAKE_GARLIC;XIRECS;11684.0;2;3;4
58800;;;OXYGEN_SHAKE_MINT;XIRECS;10179.0;2;3;4
58800;;;OXYGEN_SHAKE_MORNING_BREATH;XIRECS;11112.0;2;3;4
58800;;;PANEL_1X2;XIRECS;7945.0;2;3;4
58800;;;PANEL_1X4;XIRECS;10753.0;2;3;4
58800;;;PANEL_2X2;XIRECS;10128.0;2;3;4
58800;;;PANEL_2X4;XIRECS;10853.0;2;3;4
58800;;;PANEL_4X4;XIRECS;9564.0;2;3;4
58800;;;ROBOT_DISHES;XIRECS;10245.0;2;3;4
58800;;;ROBOT_IRONING;XIRECS;9594.0;2;3;4
58800;;;ROBOT_LAUNDRY;XIRECS;10490.0;2;3;4
58800;;;ROBOT_MOPPING;XIRECS;10086.0;2;3;4
58800;;;ROBOT_VACUUMING;XIRECS;9750.0;2;3;4
58800;;;SLEEP_POD_COTTON;XIRECS;10860.0;2;3;4
58800;;;SLEEP_POD_LAMB_WOOL;XIRECS;10211.0;2;3;4
58800;;;SLEEP_POD_NYLON;XIRECS;8680.0;2;3;4
58800;;;SLEEP_POD_POLYESTER;XIRECS;11578.0;2;3;4
58800;;;SLEEP_POD_SUEDE;XIRECS;11385.0;2;3;4
58800;;;SNACKPACK_CHOCOLATE;XIRECS;10114.0;2;3;4
58800;;;SNACKPACK_RASPBERRY;XIRECS;10167.0;2;3;4
58800;;;TRANSLATOR_ASTRO_BLACK;XIRECS;9952.0;2;3;4
58800;;;TRANSLATOR_ECLIPSE_CHARCOAL;XIRECS;10389.0;2;3;4
58800;;;TRANSLATOR_GRAPHITE_MIST;XIRECS;9689.0;2;3;4
58800;;;TRANSLATOR_SPACE_GRAY;XIRECS;9118.0;2;3;4
58800;;;TRANSLATOR_VOID_BLUE;XIRECS;11164.0;2;3;4
58800;;;UV_VISOR_AMBER;XIRECS;8273.0;2;3;4
58800;;;UV_VISOR_MAGENTA;XIRECS;11301.0;2;3;4
58800;;;UV_VISOR_ORANGE;XIRECS;10011.0;2;3;4
58800;;;UV_VISOR_RED;XIRECS;10299.0;2;3;4
58800;;;UV_VISOR_YELLOW;XIRECS;11387.0;2;3;4
60200;;SUBMISSION;PEBBLES_XL;XIRECS;13920.0;5;3;4
61300;;SUBMISSION;SNACKPACK_STRAWBERRY;XIRECS;10572.0;5;3;4
61300;;SUBMISSION;SNACKPACK_PISTACHIO;XIRECS;9613.0;5;3;4
61300;;SUBMISSION;SNACKPACK_VANILLA;XIRECS;9821.0;5;3;4
61700;;;GALAXY_SOUNDS_BLACK_HOLES;XIRECS;11183.0;3;3;4
61700;;;GALAXY_SOUNDS_DARK_MATTER;XIRECS;10361.0;3;3;4
61700;;;GALAXY_SOUNDS_PLANETARY_RINGS;XIRECS;11646.0;3;3;4
61700;;;GALAXY_SOUNDS_SOLAR_FLAMES;XIRECS;11403.0;3;3;4
61700;;;GALAXY_SOUNDS_SOLAR_WINDS;XIRECS;9511.0;3;3;4
61700;;;OXYGEN_SHAKE_CHOCOLATE;XIRECS;9480.0;3;3;4
61700;;;OXYGEN_SHAKE_EVENING_BREATH;XIRECS;8786.0;3;3;4
61700;;;OXYGEN_SHAKE_GARLIC;XIRECS;11595.0;3;3;4
61700;;;OXYGEN_SHAKE_MINT;XIRECS;10203.0;3;3;4
61700;;;OXYGEN_SHAKE_MORNING_BREATH;XIRECS;11042.0;3;3;4
61700;;;PANEL_1X2;XIRECS;7895.0;3;3;4
61700;;;PANEL_1X4;XIRECS;10713.0;3;3;4
61700;;;PANEL_2X2;XIRECS;10204.0;3;3;4
61700;;;PANEL_2X4;XIRECS;10890.0;3;3;4
61700;;;PANEL_4X4;XIRECS;9499.0;3;3;4
61700;;;ROBOT_DISHES;XIRECS;10268.0;3;3;4
61700;;;ROBOT_IRONING;XIRECS;9574.0;3;3;4
61700;;;ROBOT_LAUNDRY;XIRECS;10542.0;3;3;4
61700;;;ROBOT_MOPPING;XIRECS;10039.0;3;3;4
61700;;;ROBOT_VACUUMING;XIRECS;9724.0;3;3;4
61700;;;SLEEP_POD_COTTON;XIRECS;10920.0;3;3;4
61700;;;SLEEP_POD_LAMB_WOOL;XIRECS;10141.0;3;3;4
61700;;;SLEEP_POD_NYLON;XIRECS;8706.0;3;3;4
61700;;;SLEEP_POD_POLYESTER;XIRECS;11613.0;3;3;4
61700;;;SLEEP_POD_SUEDE;XIRECS;11415.0;3;3;4
61700;;;SNACKPACK_CHOCOLATE;XIRECS;10090.0;3;3;4
61700;;;SNACKPACK_PISTACHIO;XIRECS;9621.0;3;3;4
61700;;;SNACKPACK_RASPBERRY;XIRECS;10206.0;3;3;4
61700;;;SNACKPACK_STRAWBERRY;XIRECS;10568.0;3;3;4
61700;;;SNACKPACK_VANILLA;XIRECS;9852.0;3;3;4
61700;;;TRANSLATOR_ASTRO_BLACK;XIRECS;9959.0;3;3;4
61700;;;TRANSLATOR_ECLIPSE_CHARCOAL;XIRECS;10419.0;3;3;4
61700;;;TRANSLATOR_GRAPHITE_MIST;XIRECS;9736.0;3;3;4
61700;;;TRANSLATOR_SPACE_GRAY;XIRECS;9174.0;3;3;4
61700;;;TRANSLATOR_VOID_BLUE;XIRECS;11143.0;3;3;4
61700;;;UV_VISOR_AMBER;XIRECS;8208.0;3;3;4
61700;;;UV_VISOR_MAGENTA;XIRECS;11352.0;3;3;4
61700;;;UV_VISOR_ORANGE;XIRECS;10073.0;3;3;4
61700;;;UV_VISOR_RED;XIRECS;10291.0;3;3;4
61700;;;UV_VISOR_YELLOW;XIRECS;11327.0;3;3;4
62800;;SUBMISSION;PEBBLES_XL;XIRECS;13988.0;4;3;4
63500;;;MICROCHIP_CIRCLE;XIRECS;9210.0;3;3;4
63500;;;MICROCHIP_OVAL;XIRECS;9056.0;3;3;4
63500;;;MICROCHIP_RECTANGLE;XIRECS;9115.0;3;3;4
63500;;;MICROCHIP_SQUARE;XIRECS;12673.0;3;3;4
63500;;;MICROCHIP_TRIANGLE;XIRECS;10112.0;3;3;4
64800;SUBMISSION;;SNACKPACK_STRAWBERRY;XIRECS;10569.0;2;3;4
64800;SUBMISSION;;SNACKPACK_PISTACHIO;XIRECS;9613.0;2;3;4
64800;SUBMISSION;;SNACKPACK_VANILLA;XIRECS;9803.0;2;3;4
65100;SUBMISSION;;PEBBLES_XL;XIRECS;14072.0;2;3;4
65100;;;PEBBLES_L;XIRECS;10227.0;3;3;4
65100;;;PEBBLES_M;XIRECS;8510.0;3;3;4
65100;;;PEBBLES_S;XIRECS;8989.0;3;3;4
65100;;;PEBBLES_XS;XIRECS;8171.0;3;3;4
66000;;SUBMISSION;ROBOT_IRONING;XIRECS;9506.0;5;3;4
66900;SUBMISSION;;SNACKPACK_STRAWBERRY;XIRECS;10614.0;1;3;4
66900;SUBMISSION;;SNACKPACK_PISTACHIO;XIRECS;9631.0;1;3;4
66900;SUBMISSION;;SNACKPACK_VANILLA;XIRECS;9776.0;1;3;4
66900;SUBMISSION;;PEBBLES_XL;XIRECS;13906.0;2;3;4
66900;;;GALAXY_SOUNDS_BLACK_HOLES;XIRECS;11229.0;4;3;4
66900;;;GALAXY_SOUNDS_DARK_MATTER;XIRECS;10427.0;4;3;4
66900;;;GALAXY_SOUNDS_PLANETARY_RINGS;XIRECS;11626.0;4;3;4
66900;;;GALAXY_SOUNDS_SOLAR_FLAMES;XIRECS;11447.0;4;3;4
66900;;;GALAXY_SOUNDS_SOLAR_WINDS;XIRECS;9428.0;4;3;4
66900;;;OXYGEN_SHAKE_CHOCOLATE;XIRECS;9492.0;4;3;4
66900;;;OXYGEN_SHAKE_EVENING_BREATH;XIRECS;8724.0;4;3;4
66900;;;OXYGEN_SHAKE_GARLIC;XIRECS;11585.0;4;3;4
66900;;;OXYGEN_SHAKE_MINT;XIRECS;10191.0;4;3;4
66900;;;OXYGEN_SHAKE_MORNING_BREATH;XIRECS;11100.0;4;3;4
66900;;;PANEL_1X2;XIRECS;7899.0;4;3;4
66900;;;PANEL_1X4;XIRECS;10570.0;4;3;4
66900;;;PANEL_2X2;XIRECS;10130.0;4;3;4
66900;;;PANEL_2X4;XIRECS;10820.0;4;3;4
66900;;;PANEL_4X4;XIRECS;9532.0;4;3;4
66900;;;PEBBLES_L;XIRECS;10239.0;4;3;4
66900;;;PEBBLES_M;XIRECS;8520.0;4;3;4
66900;;;PEBBLES_S;XIRECS;9034.0;4;3;4
66900;;;PEBBLES_XS;XIRECS;8269.0;4;3;4
66900;;;ROBOT_DISHES;XIRECS;10118.0;4;3;4
66900;;;ROBOT_IRONING;XIRECS;9506.0;4;3;4
66900;;;ROBOT_LAUNDRY;XIRECS;10461.0;4;3;4
66900;;;ROBOT_MOPPING;XIRECS;9940.0;4;3;4
66900;;;ROBOT_VACUUMING;XIRECS;9763.0;4;3;4
66900;;;SLEEP_POD_COTTON;XIRECS;11021.0;4;3;4
66900;;;SLEEP_POD_LAMB_WOOL;XIRECS;10229.0;4;3;4
66900;;;SLEEP_POD_NYLON;XIRECS;8621.0;4;3;4
66900;;;SLEEP_POD_POLYESTER;XIRECS;11500.0;4;3;4
66900;;;SLEEP_POD_SUEDE;XIRECS;11334.0;4;3;4
66900;;;SNACKPACK_CHOCOLATE;XIRECS;10131.0;4;3;4
66900;;;SNACKPACK_RASPBERRY;XIRECS;10141.0;4;3;4
66900;;;TRANSLATOR_ASTRO_BLACK;XIRECS;9976.0;4;3;4
66900;;;TRANSLATOR_ECLIPSE_CHARCOAL;XIRECS;10503.0;4;3;4
66900;;;TRANSLATOR_GRAPHITE_MIST;XIRECS;9760.0;4;3;4
66900;;;TRANSLATOR_SPACE_GRAY;XIRECS;9218.0;4;3;4
66900;;;TRANSLATOR_VOID_BLUE;XIRECS;11174.0;4;3;4
66900;;;UV_VISOR_AMBER;XIRECS;8171.0;4;3;4
66900;;;UV_VISOR_MAGENTA;XIRECS;11252.0;4;3;4
66900;;;UV_VISOR_ORANGE;XIRECS;9996.0;4;3;4
66900;;;UV_VISOR_RED;XIRECS;10268.0;4;3;4
66900;;;UV_VISOR_YELLOW;XIRECS;11233.0;4;3;4
68500;;SUBMISSION;PEBBLES_XL;XIRECS;13804.0;8;3;4
69000;SUBMISSION;;SNACKPACK_STRAWBERRY;XIRECS;10637.0;4;3;4
69000;SUBMISSION;;SNACKPACK_PISTACHIO;XIRECS;9636.0;4;3;4
69000;SUBMISSION;;SNACKPACK_VANILLA;XIRECS;9818.0;4;3;4
69700;;;MICROCHIP_CIRCLE;XIRECS;9271.0;1;3;4
69700;;;MICROCHIP_OVAL;XIRECS;9011.0;1;3;4
69700;;;MICROCHIP_RECTANGLE;XIRECS;9233.0;1;3;4
69700;;;MICROCHIP_SQUARE;XIRECS;12793.0;1;3;4
69700;;;MICROCHIP_TRIANGLE;XIRECS;10169.0;1;3;4
69900;;SUBMISSION;ROBOT_IRONING;XIRECS;9416.0;5;3;4
72500;;;GALAXY_SOUNDS_BLACK_HOLES;XIRECS;11323.0;4;3;4
72500;;;GALAXY_SOUNDS_DARK_MATTER;XIRECS;10437.0;4;3;4
72500;;;GALAXY_SOUNDS_PLANETARY_RINGS;XIRECS;11507.0;4;3;4
72500;;;GALAXY_SOUNDS_SOLAR_FLAMES;XIRECS;11394.0;4;3;4
72500;;;GALAXY_SOUNDS_SOLAR_WINDS;XIRECS;9418.0;4;3;4
72500;;;OXYGEN_SHAKE_CHOCOLATE;XIRECS;9538.0;4;3;4
72500;;;OXYGEN_SHAKE_EVENING_BREATH;XIRECS;8774.0;4;3;4
72500;;;OXYGEN_SHAKE_GARLIC;XIRECS;11573.0;4;3;4
72500;;;OXYGEN_SHAKE_MINT;XIRECS;10225.0;4;3;4
72500;;;OXYGEN_SHAKE_MORNING_BREATH;XIRECS;11122.0;4;3;4
72500;;;PANEL_1X2;XIRECS;7847.0;4;3;4
72500;;;PANEL_1X4;XIRECS;10590.0;4;3;4
72500;;;PANEL_2X2;XIRECS;9950.0;4;3;4
72500;;;PANEL_2X4;XIRECS;10737.0;4;3;4
72500;;;PANEL_4X4;XIRECS;9622.0;4;3;4
72500;;;ROBOT_DISHES;XIRECS;10121.0;4;3;4
72500;;;ROBOT_IRONING;XIRECS;9446.0;4;3;4
72500;;;ROBOT_LAUNDRY;XIRECS;10414.0;4;3;4
72500;;;ROBOT_MOPPING;XIRECS;10053.0;4;3;4
72500;;;ROBOT_VACUUMING;XIRECS;9695.0;4;3;4
72500;;;SLEEP_POD_COTTON;XIRECS;10971.0;4;3;4
72500;;;SLEEP_POD_LAMB_WOOL;XIRECS;10412.0;4;3;4
72500;;;SLEEP_POD_NYLON;XIRECS;8631.0;4;3;4
72500;;;SLEEP_POD_POLYESTER;XIRECS;11637.0;4;3;4
72500;;;SLEEP_POD_SUEDE;XIRECS;11440.0;4;3;4
72500;;;SNACKPACK_CHOCOLATE;XIRECS;10078.0;4;3;4
72500;;;SNACKPACK_PISTACHIO;XIRECS;9626.0;4;3;4
72500;;;SNACKPACK_RASPBERRY;XIRECS;10127.0;4;3;4
72500;;;SNACKPACK_STRAWBERRY;XIRECS;10627.0;4;3;4
72500;;;SNACKPACK_VANILLA;XIRECS;9839.0;4;3;4
72500;;;TRANSLATOR_ASTRO_BLACK;XIRECS;9830.0;4;3;4
72500;;;TRANSLATOR_ECLIPSE_CHARCOAL;XIRECS;10426.0;4;3;4
72500;;;TRANSLATOR_GRAPHITE_MIST;XIRECS;9736.0;4;3;4
72500;;;TRANSLATOR_SPACE_GRAY;XIRECS;9277.0;4;3;4
72500;;;TRANSLATOR_VOID_BLUE;XIRECS;11354.0;4;3;4
72500;;;UV_VISOR_AMBER;XIRECS;8056.0;4;3;4
72500;;;UV_VISOR_MAGENTA;XIRECS;11230.0;4;3;4
72500;;;UV_VISOR_ORANGE;XIRECS;9987.0;4;3;4
72500;;;UV_VISOR_RED;XIRECS;10307.0;4;3;4
72500;;;UV_VISOR_YELLOW;XIRECS;11150.0;4;3;4
72800;;SUBMISSION;ROBOT_IRONING;XIRECS;9416.0;5;3;4
73700;;SUBMISSION;SNACKPACK_STRAWBERRY;XIRECS;10665.0;2;3;4
73700;;SUBMISSION;SNACKPACK_PISTACHIO;XIRECS;9649.0;2;3;4
73700;;SUBMISSION;SNACKPACK_VANILLA;XIRECS;9927.0;2;3;4
73700;;;GALAXY_SOUNDS_BLACK_HOLES;XIRECS;11277.0;4;3;4
73700;;;GALAXY_SOUNDS_DARK_MATTER;XIRECS;10479.0;4;3;4
73700;;;GALAXY_SOUNDS_PLANETARY_RINGS;XIRECS;11542.0;4;3;4
73700;;;GALAXY_SOUNDS_SOLAR_FLAMES;XIRECS;11393.0;4;3;4
73700;;;GALAXY_SOUNDS_SOLAR_WINDS;XIRECS;9526.0;4;3;4
73700;;;OXYGEN_SHAKE_CHOCOLATE;XIRECS;9626.0;4;3;4
73700;;;OXYGEN_SHAKE_EVENING_BREATH;XIRECS;8826.0;4;3;4
73700;;;OXYGEN_SHAKE_GARLIC;XIRECS;11602.0;4;3;4
73700;;;OXYGEN_SHAKE_MINT;XIRECS;10214.0;4;3;4
73700;;;OXYGEN_SHAKE_MORNING_BREATH;XIRECS;11180.0;4;3;4
73700;;;PANEL_1X2;XIRECS;7855.0;4;3;4
73700;;;PANEL_1X4;XIRECS;10607.0;4;3;4
73700;;;PANEL_2X2;XIRECS;9957.0;4;3;4
73700;;;PANEL_2X4;XIRECS;10781.0;4;3;4
73700;;;PANEL_4X4;XIRECS;9637.0;4;3;4
73700;;;ROBOT_DISHES;XIRECS;10138.0;4;3;4
73700;;;ROBOT_IRONING;XIRECS;9424.0;4;3;4
73700;;;ROBOT_LAUNDRY;XIRECS;10465.0;4;3;4
73700;;;ROBOT_MOPPING;XIRECS;10066.0;4;3;4
73700;;;ROBOT_VACUUMING;XIRECS;9688.0;4;3;4
73700;;;SLEEP_POD_COTTON;XIRECS;10930.0;4;3;4
73700;;;SLEEP_POD_LAMB_WOOL;XIRECS;10362.0;4;3;4
73700;;;SLEEP_POD_NYLON;XIRECS;8600.0;4;3;4
73700;;;SLEEP_POD_POLYESTER;XIRECS;11599.0;4;3;4
73700;;;SLEEP_POD_SUEDE;XIRECS;11440.0;4;3;4
73700;;;SNACKPACK_CHOCOLATE;XIRECS;10020.0;4;3;4
73700;;;SNACKPACK_RASPBERRY;XIRECS;10127.0;4;3;4
73700;;;TRANSLATOR_ASTRO_BLACK;XIRECS;9832.0;4;3;4
73700;;;TRANSLATOR_ECLIPSE_CHARCOAL;XIRECS;10441.0;4;3;4
73700;;;TRANSLATOR_GRAPHITE_MIST;XIRECS;9728.0;4;3;4
73700;;;TRANSLATOR_SPACE_GRAY;XIRECS;9263.0;4;3;4
73700;;;TRANSLATOR_VOID_BLUE;XIRECS;11327.0;4;3;4
73700;;;UV_VISOR_AMBER;XIRECS;8106.0;4;3;4
73700;;;UV_VISOR_MAGENTA;XIRECS;11253.0;4;3;4
73700;;;UV_VISOR_ORANGE;XIRECS;9918.0;4;3;4
73700;;;UV_VISOR_RED;XIRECS;10346.0;4;3;4
73700;;;UV_VISOR_YELLOW;XIRECS;11183.0;4;3;4
74100;SUBMISSION;;PEBBLES_XL;XIRECS;13847.0;2;3;4
74100;;;PEBBLES_L;XIRECS;10224.0;5;3;4
74100;;;PEBBLES_M;XIRECS;8622.0;5;3;4
74100;;;PEBBLES_S;XIRECS;9039.0;5;3;4
74100;;;PEBBLES_XS;XIRECS;8236.0;5;3;4
74200;;;GALAXY_SOUNDS_BLACK_HOLES;XIRECS;11218.0;2;3;4
74200;;;GALAXY_SOUNDS_DARK_MATTER;XIRECS;10480.0;2;3;4
74200;;;GALAXY_SOUNDS_PLANETARY_RINGS;XIRECS;11556.0;2;3;4
74200;;;GALAXY_SOUNDS_SOLAR_FLAMES;XIRECS;11320.0;2;3;4
74200;;;GALAXY_SOUNDS_SOLAR_WINDS;XIRECS;9535.0;2;3;4
74200;;;OXYGEN_SHAKE_CHOCOLATE;XIRECS;9656.0;2;3;4
74200;;;OXYGEN_SHAKE_EVENING_BREATH;XIRECS;8794.0;2;3;4
74200;;;OXYGEN_SHAKE_GARLIC;XIRECS;11596.0;2;3;4
74200;;;OXYGEN_SHAKE_MINT;XIRECS;10189.0;2;3;4
74200;;;OXYGEN_SHAKE_MORNING_BREATH;XIRECS;11180.0;2;3;4
74200;;;PANEL_1X2;XIRECS;7810.0;2;3;4
74200;;;PANEL_1X4;XIRECS;10601.0;2;3;4
74200;;;PANEL_2X2;XIRECS;9985.0;2;3;4
74200;;;PANEL_2X4;XIRECS;10759.0;2;3;4
74200;;;PANEL_4X4;XIRECS;9624.0;2;3;4
74200;;;ROBOT_DISHES;XIRECS;10138.0;2;3;4
74200;;;ROBOT_IRONING;XIRECS;9446.0;2;3;4
74200;;;ROBOT_LAUNDRY;XIRECS;10450.0;2;3;4
74200;;;ROBOT_MOPPING;XIRECS;10053.0;2;3;4
74200;;;ROBOT_VACUUMING;XIRECS;9692.0;2;3;4
74200;;;SLEEP_POD_COTTON;XIRECS;10893.0;2;3;4
74200;;;SLEEP_POD_LAMB_WOOL;XIRECS;10355.0;2;3;4
74200;;;SLEEP_POD_NYLON;XIRECS;8621.0;2;3;4
74200;;;SLEEP_POD_POLYESTER;XIRECS;11584.0;2;3;4
74200;;;SLEEP_POD_SUEDE;XIRECS;11434.0;2;3;4
74200;;;SNACKPACK_CHOCOLATE;XIRECS;10010.0;2;3;4
74200;;;SNACKPACK_PISTACHIO;XIRECS;9638.0;2;3;4
74200;;;SNACKPACK_RASPBERRY;XIRECS;10110.0;2;3;4
74200;;;SNACKPACK_STRAWBERRY;XIRECS;10649.0;2;3;4
74200;;;SNACKPACK_VANILLA;XIRECS;9904.0;2;3;4
74200;;;TRANSLATOR_ASTRO_BLACK;XIRECS;9820.0;2;3;4
74200;;;TRANSLATOR_ECLIPSE_CHARCOAL;XIRECS;10413.0;2;3;4
74200;;;TRANSLATOR_GRAPHITE_MIST;XIRECS;9723.0;2;3;4
74200;;;TRANSLATOR_SPACE_GRAY;XIRECS;9274.0;2;3;4
74200;;;TRANSLATOR_VOID_BLUE;XIRECS;11338.0;2;3;4
74200;;;UV_VISOR_AMBER;XIRECS;8104.0;2;3;4
74200;;;UV_VISOR_MAGENTA;XIRECS;11216.0;2;3;4
74200;;;UV_VISOR_ORANGE;XIRECS;9915.0;2;3;4
74200;;;UV_VISOR_RED;XIRECS;10332.0;2;3;4
74200;;;UV_VISOR_YELLOW;XIRECS;11217.0;2;3;4
75200;;SUBMISSION;SNACKPACK_STRAWBERRY;XIRECS;10634.0;2;3;4
75200;;SUBMISSION;SNACKPACK_PISTACHIO;XIRECS;9624.0;2;3;4
75200;;SUBMISSION;SNACKPACK_VANILLA;XIRECS;9942.0;2;3;4
75200;;;GALAXY_SOUNDS_BLACK_HOLES;XIRECS;11242.0;4;3;4
75200;;;GALAXY_SOUNDS_DARK_MATTER;XIRECS;10502.0;4;3;4
75200;;;GALAXY_SOUNDS_PLANETARY_RINGS;XIRECS;11593.0;4;3;4
75200;;;GALAXY_SOUNDS_SOLAR_FLAMES;XIRECS;11343.0;4;3;4
75200;;;GALAXY_SOUNDS_SOLAR_WINDS;XIRECS;9558.0;4;3;4
75200;;;OXYGEN_SHAKE_CHOCOLATE;XIRECS;9641.0;4;3;4
75200;;;OXYGEN_SHAKE_EVENING_BREATH;XIRECS;8846.0;4;3;4
75200;;;OXYGEN_SHAKE_GARLIC;XIRECS;11602.0;4;3;4
75200;;;OXYGEN_SHAKE_MINT;XIRECS;10177.0;4;3;4
75200;;;OXYGEN_SHAKE_MORNING_BREATH;XIRECS;11178.0;4;3;4
75200;;;PANEL_1X2;XIRECS;7811.0;4;3;4
75200;;;PANEL_1X4;XIRECS;10630.0;4;3;4
75200;;;PANEL_2X2;XIRECS;9973.0;4;3;4
75200;;;PANEL_2X4;XIRECS;10708.0;4;3;4
75200;;;PANEL_4X4;XIRECS;9608.0;4;3;4
75200;;;ROBOT_DISHES;XIRECS;10129.0;4;3;4
75200;;;ROBOT_IRONING;XIRECS;9474.0;4;3;4
75200;;;ROBOT_LAUNDRY;XIRECS;10441.0;4;3;4
75200;;;ROBOT_MOPPING;XIRECS;10041.0;4;3;4
75200;;;ROBOT_VACUUMING;XIRECS;9691.0;4;3;4
75200;;;SLEEP_POD_COTTON;XIRECS;10816.0;4;3;4
75200;;;SLEEP_POD_LAMB_WOOL;XIRECS;10400.0;4;3;4
75200;;;SLEEP_POD_NYLON;XIRECS;8599.0;4;3;4
75200;;;SLEEP_POD_POLYESTER;XIRECS;11633.0;4;3;4
75200;;;SLEEP_POD_SUEDE;XIRECS;11478.0;4;3;4
75200;;;SNACKPACK_CHOCOLATE;XIRECS;10009.0;4;3;4
75200;;;SNACKPACK_RASPBERRY;XIRECS;10159.0;4;3;4
75200;;;TRANSLATOR_ASTRO_BLACK;XIRECS;9846.0;4;3;4
75200;;;TRANSLATOR_ECLIPSE_CHARCOAL;XIRECS;10406.0;4;3;4
75200;;;TRANSLATOR_GRAPHITE_MIST;XIRECS;9714.0;4;3;4
75200;;;TRANSLATOR_SPACE_GRAY;XIRECS;9251.0;4;3;4
75200;;;TRANSLATOR_VOID_BLUE;XIRECS;11403.0;4;3;4
75200;;;UV_VISOR_AMBER;XIRECS;8088.0;4;3;4
75200;;;UV_VISOR_MAGENTA;XIRECS;11258.0;4;3;4
75200;;;UV_VISOR_ORANGE;XIRECS;9942.0;4;3;4
75200;;;UV_VISOR_RED;XIRECS;10366.0;4;3;4
75200;;;UV_VISOR_YELLOW;XIRECS;11244.0;4;3;4
78100;;;GALAXY_SOUNDS_BLACK_HOLES;XIRECS;11176.0;3;3;4
78100;;;GALAXY_SOUNDS_DARK_MATTER;XIRECS;10511.0;3;3;4
78100;;;GALAXY_SOUNDS_PLANETARY_RINGS;XIRECS;11545.0;3;3;4
78100;;;GALAXY_SOUNDS_SOLAR_FLAMES;XIRECS;11322.0;3;3;4
78100;;;GALAXY_SOUNDS_SOLAR_WINDS;XIRECS;9530.0;3;3;4
78100;;;OXYGEN_SHAKE_CHOCOLATE;XIRECS;9710.0;3;3;4
78100;;;OXYGEN_SHAKE_EVENING_BREATH;XIRECS;8794.0;3;3;4
78100;;;OXYGEN_SHAKE_GARLIC;XIRECS;11647.0;3;3;4
78100;;;OXYGEN_SHAKE_MINT;XIRECS;10130.0;3;3;4
78100;;;OXYGEN_SHAKE_MORNING_BREATH;XIRECS;11104.0;3;3;4
78100;;;PANEL_1X2;XIRECS;7806.0;3;3;4
78100;;;PANEL_1X4;XIRECS;10579.0;3;3;4
78100;;;PANEL_2X2;XIRECS;9971.0;3;3;4
78100;;;PANEL_2X4;XIRECS;10680.0;3;3;4
78100;;;PANEL_4X4;XIRECS;9643.0;3;3;4
78100;;;ROBOT_DISHES;XIRECS;10091.0;3;3;4
78100;;;ROBOT_IRONING;XIRECS;9426.0;3;3;4
78100;;;ROBOT_LAUNDRY;XIRECS;10407.0;3;3;4
78100;;;ROBOT_MOPPING;XIRECS;10014.0;3;3;4
78100;;;ROBOT_VACUUMING;XIRECS;9591.0;3;3;4
78100;;;SLEEP_POD_COTTON;XIRECS;10788.0;3;3;4
78100;;;SLEEP_POD_LAMB_WOOL;XIRECS;10317.0;3;3;4
78100;;;SLEEP_POD_NYLON;XIRECS;8567.0;3;3;4
78100;;;SLEEP_POD_POLYESTER;XIRECS;11700.0;3;3;4
78100;;;SLEEP_POD_SUEDE;XIRECS;11475.0;3;3;4
78100;;;SNACKPACK_CHOCOLATE;XIRECS;9934.0;3;3;4
78100;;;SNACKPACK_PISTACHIO;XIRECS;9608.0;3;3;4
78100;;;SNACKPACK_RASPBERRY;XIRECS;10106.0;3;3;4
78100;;;SNACKPACK_STRAWBERRY;XIRECS;10661.0;3;3;4
78100;;;SNACKPACK_VANILLA;XIRECS;9992.0;3;3;4
78100;;;TRANSLATOR_ASTRO_BLACK;XIRECS;9832.0;3;3;4
78100;;;TRANSLATOR_ECLIPSE_CHARCOAL;XIRECS;10319.0;3;3;4
78100;;;TRANSLATOR_GRAPHITE_MIST;XIRECS;9671.0;3;3;4
78100;;;TRANSLATOR_SPACE_GRAY;XIRECS;9273.0;3;3;4
78100;;;TRANSLATOR_VOID_BLUE;XIRECS;11445.0;3;3;4
78100;;;UV_VISOR_AMBER;XIRECS;8006.0;3;3;4
78100;;;UV_VISOR_MAGENTA;XIRECS;11229.0;3;3;4
78100;;;UV_VISOR_ORANGE;XIRECS;9952.0;3;3;4
78100;;;UV_VISOR_RED;XIRECS;10388.0;3;3;4
78100;;;UV_VISOR_YELLOW;XIRECS;11293.0;3;3;4
79900;;SUBMISSION;SNACKPACK_STRAWBERRY;XIRECS;10696.0;4;3;4
79900;;SUBMISSION;SNACKPACK_PISTACHIO;XIRECS;9645.0;4;3;4
79900;;SUBMISSION;SNACKPACK_VANILLA;XIRECS;10012.0;4;3;4
80300;;;GALAXY_SOUNDS_BLACK_HOLES;XIRECS;11185.0;1;3;4
80300;;;GALAXY_SOUNDS_DARK_MATTER;XIRECS;10442.0;1;3;4
80300;;;GALAXY_SOUNDS_PLANETARY_RINGS;XIRECS;11515.0;1;3;4
80300;;;GALAXY_SOUNDS_SOLAR_FLAMES;XIRECS;11443.0;1;3;4
80300;;;GALAXY_SOUNDS_SOLAR_WINDS;XIRECS;9470.0;1;3;4
80300;;;OXYGEN_SHAKE_CHOCOLATE;XIRECS;9648.0;1;3;4
80300;;;OXYGEN_SHAKE_EVENING_BREATH;XIRECS;8866.0;1;3;4
80300;;;OXYGEN_SHAKE_GARLIC;XIRECS;11747.0;1;3;4
80300;;;OXYGEN_SHAKE_MINT;XIRECS;10196.0;1;3;4
80300;;;OXYGEN_SHAKE_MORNING_BREATH;XIRECS;11115.0;1;3;4
80300;;;PANEL_1X2;XIRECS;7843.0;1;3;4
80300;;;PANEL_1X4;XIRECS;10535.0;1;3;4
80300;;;PANEL_2X2;XIRECS;9958.0;1;3;4
80300;;;PANEL_2X4;XIRECS;10642.0;1;3;4
80300;;;PANEL_4X4;XIRECS;9584.0;1;3;4
80300;;;ROBOT_DISHES;XIRECS;10098.0;1;3;4
80300;;;ROBOT_IRONING;XIRECS;9424.0;1;3;4
80300;;;ROBOT_LAUNDRY;XIRECS;10341.0;1;3;4
80300;;;ROBOT_MOPPING;XIRECS;10062.0;1;3;4
80300;;;ROBOT_VACUUMING;XIRECS;9559.0;1;3;4
80300;;;SLEEP_POD_COTTON;XIRECS;10842.0;1;3;4
80300;;;SLEEP_POD_LAMB_WOOL;XIRECS;10274.0;1;3;4
80300;;;SLEEP_POD_NYLON;XIRECS;8563.0;1;3;4
80300;;;SLEEP_POD_POLYESTER;XIRECS;11578.0;1;3;4
80300;;;SLEEP_POD_SUEDE;XIRECS;11462.0;1;3;4
80300;;;SNACKPACK_CHOCOLATE;XIRECS;9913.0;1;3;4
80300;;;SNACKPACK_PISTACHIO;XIRECS;9666.0;1;3;4
80300;;;SNACKPACK_RASPBERRY;XIRECS;10079.0;1;3;4
80300;;;SNACKPACK_STRAWBERRY;XIRECS;10731.0;1;3;4
80300;;;SNACKPACK_VANILLA;XIRECS;10043.0;1;3;4
80300;;;TRANSLATOR_ASTRO_BLACK;XIRECS;9821.0;1;3;4
80300;;;TRANSLATOR_ECLIPSE_CHARCOAL;XIRECS;10377.0;1;3;4
80300;;;TRANSLATOR_GRAPHITE_MIST;XIRECS;9754.0;1;3;4
80300;;;TRANSLATOR_SPACE_GRAY;XIRECS;9355.0;1;3;4
80300;;;TRANSLATOR_VOID_BLUE;XIRECS;11352.0;1;3;4
80300;;;UV_VISOR_AMBER;XIRECS;7959.0;1;3;4
80300;;;UV_VISOR_MAGENTA;XIRECS;11286.0;1;3;4
80300;;;UV_VISOR_ORANGE;XIRECS;10021.0;1;3;4
80300;;;UV_VISOR_RED;XIRECS;10370.0;1;3;4
80300;;;UV_VISOR_YELLOW;XIRECS;11296.0;1;3;4
83900;;;PEBBLES_L;XIRECS;10194.0;5;3;4
83900;;;PEBBLES_M;XIRECS;8716.0;5;3;4
83900;;;PEBBLES_S;XIRECS;8973.0;5;3;4
83900;;;PEBBLES_XL;XIRECS;13966.0;5;3;4
83900;;;PEBBLES_XS;XIRECS;8184.0;5;3;4
84700;;;PEBBLES_L;XIRECS;10225.0;3;3;4
84700;;;PEBBLES_M;XIRECS;8678.0;3;3;4
84700;;;PEBBLES_S;XIRECS;9031.0;3;3;4
84700;;;PEBBLES_XL;XIRECS;13981.0;3;3;4
84700;;;PEBBLES_XS;XIRECS;8118.0;3;3;4
84900;SUBMISSION;;SNACKPACK_STRAWBERRY;XIRECS;10711.0;5;3;4
84900;SUBMISSION;;SNACKPACK_PISTACHIO;XIRECS;9657.0;5;3;4
84900;SUBMISSION;;SNACKPACK_VANILLA;XIRECS;9981.0;5;3;4
86800;;;GALAXY_SOUNDS_BLACK_HOLES;XIRECS;11224.0;3;3;4
86800;;;GALAXY_SOUNDS_DARK_MATTER;XIRECS;10354.0;3;3;4
86800;;;GALAXY_SOUNDS_PLANETARY_RINGS;XIRECS;11421.0;3;3;4
86800;;;GALAXY_SOUNDS_SOLAR_FLAMES;XIRECS;11521.0;3;3;4
86800;;;GALAXY_SOUNDS_SOLAR_WINDS;XIRECS;9443.0;3;3;4
86800;;;OXYGEN_SHAKE_CHOCOLATE;XIRECS;9459.0;3;3;4
86800;;;OXYGEN_SHAKE_EVENING_BREATH;XIRECS;8894.0;3;3;4
86800;;;OXYGEN_SHAKE_GARLIC;XIRECS;11773.0;3;3;4
86800;;;OXYGEN_SHAKE_MINT;XIRECS;10178.0;3;3;4
86800;;;OXYGEN_SHAKE_MORNING_BREATH;XIRECS;11182.0;3;3;4
86800;;;PANEL_1X2;XIRECS;7783.0;3;3;4
86800;;;PANEL_1X4;XIRECS;10527.0;3;3;4
86800;;;PANEL_2X2;XIRECS;9815.0;3;3;4
86800;;;PANEL_2X4;XIRECS;10714.0;3;3;4
86800;;;PANEL_4X4;XIRECS;9629.0;3;3;4
86800;;;ROBOT_DISHES;XIRECS;9983.0;3;3;4
86800;;;ROBOT_IRONING;XIRECS;9376.0;3;3;4
86800;;;ROBOT_LAUNDRY;XIRECS;10452.0;3;3;4
86800;;;ROBOT_MOPPING;XIRECS;9875.0;3;3;4
86800;;;ROBOT_VACUUMING;XIRECS;9648.0;3;3;4
86800;;;SLEEP_POD_COTTON;XIRECS;10872.0;3;3;4
86800;;;SLEEP_POD_LAMB_WOOL;XIRECS;10150.0;3;3;4
86800;;;SLEEP_POD_NYLON;XIRECS;8621.0;3;3;4
86800;;;SLEEP_POD_POLYESTER;XIRECS;11731.0;3;3;4
86800;;;SLEEP_POD_SUEDE;XIRECS;11352.0;3;3;4
86800;;;SNACKPACK_CHOCOLATE;XIRECS;9964.0;3;3;4
86800;;;SNACKPACK_PISTACHIO;XIRECS;9647.0;3;3;4
86800;;;SNACKPACK_RASPBERRY;XIRECS;10083.0;3;3;4
86800;;;SNACKPACK_STRAWBERRY;XIRECS;10726.0;3;3;4
86800;;;SNACKPACK_VANILLA;XIRECS;9954.0;3;3;4
86800;;;TRANSLATOR_ASTRO_BLACK;XIRECS;9788.0;3;3;4
86800;;;TRANSLATOR_ECLIPSE_CHARCOAL;XIRECS;10359.0;3;3;4
86800;;;TRANSLATOR_GRAPHITE_MIST;XIRECS;9638.0;3;3;4
86800;;;TRANSLATOR_SPACE_GRAY;XIRECS;9271.0;3;3;4
86800;;;TRANSLATOR_VOID_BLUE;XIRECS;11358.0;3;3;4
86800;;;UV_VISOR_AMBER;XIRECS;7863.0;3;3;4
86800;;;UV_VISOR_MAGENTA;XIRECS;11325.0;3;3;4
86800;;;UV_VISOR_ORANGE;XIRECS;10059.0;3;3;4
86800;;;UV_VISOR_RED;XIRECS;10362.0;3;3;4
86800;;;UV_VISOR_YELLOW;XIRECS;11317.0;3;3;4
87100;SUBMISSION;;SNACKPACK_STRAWBERRY;XIRECS;10735.0;3;3;4
87100;SUBMISSION;;SNACKPACK_PISTACHIO;XIRECS;9652.0;3;3;4
87100;SUBMISSION;;SNACKPACK_VANILLA;XIRECS;9964.0;3;3;4
87500;;SUBMISSION;GALAXY_SOUNDS_PLANETARY_RINGS;XIRECS;11401.0;5;3;4
88200;SUBMISSION;;GALAXY_SOUNDS_PLANETARY_RINGS;XIRECS;11497.0;5;3;4
88800;;;MICROCHIP_CIRCLE;XIRECS;9248.0;2;3;4
88800;;;MICROCHIP_OVAL;XIRECS;8901.0;2;3;4
88800;;;MICROCHIP_RECTANGLE;XIRECS;9223.0;2;3;4
88800;;;MICROCHIP_SQUARE;XIRECS;13080.0;2;3;4
88800;;;MICROCHIP_TRIANGLE;XIRECS;10151.0;2;3;4
89800;;SUBMISSION;SNACKPACK_STRAWBERRY;XIRECS;10779.0;4;3;4
89800;;SUBMISSION;SNACKPACK_PISTACHIO;XIRECS;9679.0;4;3;4
89800;;SUBMISSION;SNACKPACK_VANILLA;XIRECS;10017.0;4;3;4
91500;;;GALAXY_SOUNDS_BLACK_HOLES;XIRECS;11272.0;4;3;4
91500;;;GALAXY_SOUNDS_DARK_MATTER;XIRECS;10326.0;4;3;4
91500;;;GALAXY_SOUNDS_PLANETARY_RINGS;XIRECS;11447.0;4;3;4
91500;;;GALAXY_SOUNDS_SOLAR_FLAMES;XIRECS;11406.0;4;3;4
91500;;;GALAXY_SOUNDS_SOLAR_WINDS;XIRECS;9536.0;4;3;4
91500;;;OXYGEN_SHAKE_CHOCOLATE;XIRECS;9468.0;4;3;4
91500;;;OXYGEN_SHAKE_EVENING_BREATH;XIRECS;8876.0;4;3;4
91500;;;OXYGEN_SHAKE_GARLIC;XIRECS;11913.0;4;3;4
91500;;;OXYGEN_SHAKE_MINT;XIRECS;10262.0;4;3;4
91500;;;OXYGEN_SHAKE_MORNING_BREATH;XIRECS;11268.0;4;3;4
91500;;;PANEL_1X2;XIRECS;7791.0;4;3;4
91500;;;PANEL_1X4;XIRECS;10508.0;4;3;4
91500;;;PANEL_2X2;XIRECS;9851.0;4;3;4
91500;;;PANEL_2X4;XIRECS;10704.0;4;3;4
91500;;;PANEL_4X4;XIRECS;9590.0;4;3;4
91500;;;ROBOT_DISHES;XIRECS;10024.0;4;3;4
91500;;;ROBOT_IRONING;XIRECS;9454.0;4;3;4
91500;;;ROBOT_LAUNDRY;XIRECS;10529.0;4;3;4
91500;;;ROBOT_MOPPING;XIRECS;9967.0;4;3;4
91500;;;ROBOT_VACUUMING;XIRECS;9683.0;4;3;4
91500;;;SLEEP_POD_COTTON;XIRECS;10892.0;4;3;4
91500;;;SLEEP_POD_LAMB_WOOL;XIRECS;10149.0;4;3;4
91500;;;SLEEP_POD_NYLON;XIRECS;8631.0;4;3;4
91500;;;SLEEP_POD_POLYESTER;XIRECS;11662.0;4;3;4
91500;;;SLEEP_POD_SUEDE;XIRECS;11232.0;4;3;4
91500;;;SNACKPACK_CHOCOLATE;XIRECS;9974.0;4;3;4
91500;;;SNACKPACK_PISTACHIO;XIRECS;9664.0;4;3;4
91500;;;SNACKPACK_RASPBERRY;XIRECS;10095.0;4;3;4
91500;;;SNACKPACK_STRAWBERRY;XIRECS;10759.0;4;3;4
91500;;;SNACKPACK_VANILLA;XIRECS;9994.0;4;3;4
91500;;;TRANSLATOR_ASTRO_BLACK;XIRECS;9666.0;4;3;4
91500;;;TRANSLATOR_ECLIPSE_CHARCOAL;XIRECS;10341.0;4;3;4
91500;;;TRANSLATOR_GRAPHITE_MIST;XIRECS;9696.0;4;3;4
91500;;;TRANSLATOR_SPACE_GRAY;XIRECS;9280.0;4;3;4
91500;;;TRANSLATOR_VOID_BLUE;XIRECS;11344.0;4;3;4
91500;;;UV_VISOR_AMBER;XIRECS;7890.0;4;3;4
91500;;;UV_VISOR_MAGENTA;XIRECS;11368.0;4;3;4
91500;;;UV_VISOR_ORANGE;XIRECS;10067.0;4;3;4
91500;;;UV_VISOR_RED;XIRECS;10409.0;4;3;4
91500;;;UV_VISOR_YELLOW;XIRECS;11420.0;4;3;4
91700;;SUBMISSION;GALAXY_SOUNDS_PLANETARY_RINGS;XIRECS;11439.0;5;3;4
92000;;;MICROCHIP_CIRCLE;XIRECS;9151.0;1;3;4
92000;;;MICROCHIP_OVAL;XIRECS;9041.0;1;3;4
92000;;;MICROCHIP_RECTANGLE;XIRECS;9172.0;1;3;4
92000;;;MICROCHIP_SQUARE;XIRECS;13037.0;1;3;4
92000;;;MICROCHIP_TRIANGLE;XIRECS;10099.0;1;3;4
92100;SUBMISSION;;GALAXY_SOUNDS_PLANETARY_RINGS;XIRECS;11471.0;5;3;4
92200;;;GALAXY_SOUNDS_BLACK_HOLES;XIRECS;11304.0;3;3;4
92200;;;GALAXY_SOUNDS_DARK_MATTER;XIRECS;10327.0;3;3;4
92200;;;GALAXY_SOUNDS_PLANETARY_RINGS;XIRECS;11461.0;3;3;4
92200;;;GALAXY_SOUNDS_SOLAR_FLAMES;XIRECS;11422.0;3;3;4
92200;;;GALAXY_SOUNDS_SOLAR_WINDS;XIRECS;9513.0;3;3;4
92200;;;OXYGEN_SHAKE_CHOCOLATE;XIRECS;9471.0;3;3;4
92200;;;OXYGEN_SHAKE_EVENING_BREATH;XIRECS;8864.0;3;3;4
92200;;;OXYGEN_SHAKE_GARLIC;XIRECS;11909.0;3;3;4
92200;;;OXYGEN_SHAKE_MINT;XIRECS;10240.0;3;3;4
92200;;;OXYGEN_SHAKE_MORNING_BREATH;XIRECS;11264.0;3;3;4
92200;;;PANEL_1X2;XIRECS;7756.0;3;3;4
92200;;;PANEL_1X4;XIRECS;10504.0;3;3;4
92200;;;PANEL_2X2;XIRECS;9854.0;3;3;4
92200;;;PANEL_2X4;XIRECS;10739.0;3;3;4
92200;;;PANEL_4X4;XIRECS;9623.0;3;3;4
92200;;;ROBOT_DISHES;XIRECS;10033.0;3;3;4
92200;;;ROBOT_IRONING;XIRECS;9436.0;3;3;4
92200;;;ROBOT_LAUNDRY;XIRECS;10571.0;3;3;4
92200;;;ROBOT_MOPPING;XIRECS;9982.0;3;3;4
92200;;;ROBOT_VACUUMING;XIRECS;9683.0;3;3;4
92200;;;SLEEP_POD_COTTON;XIRECS;10895.0;3;3;4
92200;;;SLEEP_POD_LAMB_WOOL;XIRECS;10158.0;3;3;4
92200;;;SLEEP_POD_NYLON;XIRECS;8619.0;3;3;4
92200;;;SLEEP_POD_POLYESTER;XIRECS;11675.0;3;3;4
92200;;;SLEEP_POD_SUEDE;XIRECS;11249.0;3;3;4
92200;;;SNACKPACK_CHOCOLATE;XIRECS;9977.0;3;3;4
92200;;;SNACKPACK_PISTACHIO;XIRECS;9661.0;3;3;4
92200;;;SNACKPACK_RASPBERRY;XIRECS;10062.0;3;3;4
92200;;;SNACKPACK_STRAWBERRY;XIRECS;10767.0;3;3;4
92200;;;SNACKPACK_VANILLA;XIRECS;9962.0;3;3;4
92200;;;TRANSLATOR_ASTRO_BLACK;XIRECS;9671.0;3;3;4
92200;;;TRANSLATOR_ECLIPSE_CHARCOAL;XIRECS;10318.0;3;3;4
92200;;;TRANSLATOR_GRAPHITE_MIST;XIRECS;9686.0;3;3;4
92200;;;TRANSLATOR_SPACE_GRAY;XIRECS;9272.0;3;3;4
92200;;;TRANSLATOR_VOID_BLUE;XIRECS;11332.0;3;3;4
92200;;;UV_VISOR_AMBER;XIRECS;7835.0;3;3;4
92200;;;UV_VISOR_MAGENTA;XIRECS;11311.0;3;3;4
92200;;;UV_VISOR_ORANGE;XIRECS;10080.0;3;3;4
92200;;;UV_VISOR_RED;XIRECS;10433.0;3;3;4
92200;;;UV_VISOR_YELLOW;XIRECS;11426.0;3;3;4
92500;;SUBMISSION;GALAXY_SOUNDS_PLANETARY_RINGS;XIRECS;11430.0;5;3;4
93200;SUBMISSION;;GALAXY_SOUNDS_PLANETARY_RINGS;XIRECS;11472.0;5;3;4
94500;SUBMISSION;;PEBBLES_XL;XIRECS;14248.0;2;3;4
94500;;;PEBBLES_L;XIRECS;10068.0;5;3;4
94500;;;PEBBLES_M;XIRECS;8409.0;5;3;4
94500;;;PEBBLES_S;XIRECS;9018.0;5;3;4
94500;;;PEBBLES_XS;XIRECS;8225.0;5;3;4
94700;;;GALAXY_SOUNDS_BLACK_HOLES;XIRECS;11331.0;1;3;4
94700;;;GALAXY_SOUNDS_DARK_MATTER;XIRECS;10282.0;1;3;4
94700;;;GALAXY_SOUNDS_PLANETARY_RINGS;XIRECS;11493.0;1;3;4
94700;;;GALAXY_SOUNDS_SOLAR_FLAMES;XIRECS;11461.0;1;3;4
94700;;;GALAXY_SOUNDS_SOLAR_WINDS;XIRECS;9496.0;1;3;4
94700;;;OXYGEN_SHAKE_CHOCOLATE;XIRECS;9455.0;1;3;4
94700;;;OXYGEN_SHAKE_EVENING_BREATH;XIRECS;8856.0;1;3;4
94700;;;OXYGEN_SHAKE_GARLIC;XIRECS;11977.0;1;3;4
94700;;;OXYGEN_SHAKE_MINT;XIRECS;10274.0;1;3;4
94700;;;OXYGEN_SHAKE_MORNING_BREATH;XIRECS;11334.0;1;3;4
94700;;;PANEL_1X2;XIRECS;7772.0;1;3;4
94700;;;PANEL_1X4;XIRECS;10392.0;1;3;4
94700;;;PANEL_2X2;XIRECS;9873.0;1;3;4
94700;;;PANEL_2X4;XIRECS;10768.0;1;3;4
94700;;;PANEL_4X4;XIRECS;9698.0;1;3;4
94700;;;ROBOT_DISHES;XIRECS;10032.0;1;3;4
94700;;;ROBOT_IRONING;XIRECS;9434.0;1;3;4
94700;;;ROBOT_LAUNDRY;XIRECS;10581.0;1;3;4
94700;;;ROBOT_MOPPING;XIRECS;10010.0;1;3;4
94700;;;ROBOT_VACUUMING;XIRECS;9715.0;1;3;4
94700;;;SLEEP_POD_COTTON;XIRECS;10814.0;1;3;4
94700;;;SLEEP_POD_LAMB_WOOL;XIRECS;10230.0;1;3;4
94700;;;SLEEP_POD_NYLON;XIRECS;8600.0;1;3;4
94700;;;SLEEP_POD_POLYESTER;XIRECS;11663.0;1;3;4
94700;;;SLEEP_POD_SUEDE;XIRECS;11336.0;1;3;4
94700;;;SNACKPACK_CHOCOLATE;XIRECS;9994.0;1;3;4
94700;;;SNACKPACK_PISTACHIO;XIRECS;9681.0;1;3;4
94700;;;SNACKPACK_RASPBERRY;XIRECS;10055.0;1;3;4
94700;;;SNACKPACK_STRAWBERRY;XIRECS;10805.0;1;3;4
94700;;;SNACKPACK_VANILLA;XIRECS;9962.0;1;3;4
94700;;;TRANSLATOR_ASTRO_BLACK;XIRECS;9660.0;1;3;4
94700;;;TRANSLATOR_ECLIPSE_CHARCOAL;XIRECS;10364.0;1;3;4
94700;;;TRANSLATOR_GRAPHITE_MIST;XIRECS;9737.0;1;3;4
94700;;;TRANSLATOR_SPACE_GRAY;XIRECS;9245.0;1;3;4
94700;;;TRANSLATOR_VOID_BLUE;XIRECS;11380.0;1;3;4
94700;;;UV_VISOR_AMBER;XIRECS;7858.0;1;3;4
94700;;;UV_VISOR_MAGENTA;XIRECS;11278.0;1;3;4
94700;;;UV_VISOR_ORANGE;XIRECS;10103.0;1;3;4
94700;;;UV_VISOR_RED;XIRECS;10444.0;1;3;4
94700;;;UV_VISOR_YELLOW;XIRECS;11366.0;1;3;4
95200;;SUBMISSION;SNACKPACK_STRAWBERRY;XIRECS;10835.0;4;3;4
95200;;SUBMISSION;SNACKPACK_PISTACHIO;XIRECS;9693.0;4;3;4
95200;;SUBMISSION;SNACKPACK_VANILLA;XIRECS;9953.0;4;3;4
95700;;SUBMISSION;GALAXY_SOUNDS_PLANETARY_RINGS;XIRECS;11392.0;5;3;4
96000;;;PEBBLES_L;XIRECS;10129.0;5;3;4
96000;;;PEBBLES_M;XIRECS;8562.0;5;3;4
96000;;;PEBBLES_S;XIRECS;9046.0;5;3;4
96000;;;PEBBLES_XL;XIRECS;14060.0;5;3;4
96000;;;PEBBLES_XS;XIRECS;8235.0;5;3;4
97900;;;MICROCHIP_CIRCLE;XIRECS;9257.0;3;3;4
97900;;;MICROCHIP_OVAL;XIRECS;9181.0;3;3;4
97900;;;MICROCHIP_RECTANGLE;XIRECS;9059.0;3;3;4
97900;;;MICROCHIP_SQUARE;XIRECS;12984.0;3;3;4
97900;;;MICROCHIP_TRIANGLE;XIRECS;10197.0;3;3;4
98400;SUBMISSION;;GALAXY_SOUNDS_BLACK_HOLES;XIRECS;11417.0;5;3;4
99200;;SUBMISSION;GALAXY_SOUNDS_PLANETARY_RINGS;XIRECS;11316.0;5;3;4
100500;SUBMISSION;;SNACKPACK_STRAWBERRY;XIRECS;10823.0;5;3;4
100500;SUBMISSION;;SNACKPACK_PISTACHIO;XIRECS;9668.0;5;3;4
100500;SUBMISSION;;SNACKPACK_VANILLA;XIRECS;9983.0;5;3;4
100600;SUBMISSION;;MICROCHIP_OVAL;XIRECS;9223.0;5;3;4
100700;SUBMISSION;;ROBOT_IRONING;XIRECS;9524.0;5;3;4
101200;;SUBMISSION;GALAXY_SOUNDS_PLANETARY_RINGS;XIRECS;11286.0;5;3;4
101900;;;MICROCHIP_CIRCLE;XIRECS;9340.0;2;3;4
101900;;;MICROCHIP_OVAL;XIRECS;9201.0;2;3;4
101900;;;MICROCHIP_RECTANGLE;XIRECS;9010.0;2;3;4
101900;;;MICROCHIP_SQUARE;XIRECS;12935.0;2;3;4
101900;;;MICROCHIP_TRIANGLE;XIRECS;10266.0;2;3;4
103000;SUBMISSION;;MICROCHIP_OVAL;XIRECS;9257.0;5;3;4
103200;;;PEBBLES_L;XIRECS;10098.0;2;3;4
103200;;;PEBBLES_M;XIRECS;8613.0;2;3;4
103200;;;PEBBLES_S;XIRECS;8967.0;2;3;4
103200;;;PEBBLES_XL;XIRECS;14181.0;2;3;4
103200;;;PEBBLES_XS;XIRECS;8174.0;2;3;4
103700;;SUBMISSION;GALAXY_SOUNDS_PLANETARY_RINGS;XIRECS;11282.0;5;3;4
104000;;;GALAXY_SOUNDS_BLACK_HOLES;XIRECS;11342.0;1;3;4
104000;;;GALAXY_SOUNDS_DARK_MATTER;XIRECS;10285.0;1;3;4
104000;;;GALAXY_SOUNDS_PLANETARY_RINGS;XIRECS;11277.0;1;3;4
104000;;;GALAXY_SOUNDS_SOLAR_FLAMES;XIRECS;11570.0;1;3;4
104000;;;GALAXY_SOUNDS_SOLAR_WINDS;XIRECS;9433.0;1;3;4
104000;;;OXYGEN_SHAKE_CHOCOLATE;XIRECS;9385.0;1;3;4
104000;;;OXYGEN_SHAKE_EVENING_BREATH;XIRECS;8884.0;1;3;4
104000;;;OXYGEN_SHAKE_GARLIC;XIRECS;11925.0;1;3;4
104000;;;OXYGEN_SHAKE_MINT;XIRECS;10349.0;1;3;4
104000;;;OXYGEN_SHAKE_MORNING_BREATH;XIRECS;11244.0;1;3;4
104000;;;PANEL_1X2;XIRECS;7877.0;1;3;4
104000;;;PANEL_1X4;XIRECS;10245.0;1;3;4
104000;;;PANEL_2X2;XIRECS;9975.0;1;3;4
104000;;;PANEL_2X4;XIRECS;10906.0;1;3;4
104000;;;PANEL_4X4;XIRECS;9689.0;1;3;4
104000;;;ROBOT_DISHES;XIRECS;10063.0;1;3;4
104000;;;ROBOT_IRONING;XIRECS;9486.0;1;3;4
104000;;;ROBOT_LAUNDRY;XIRECS;10654.0;1;3;4
104000;;;ROBOT_MOPPING;XIRECS;10081.0;1;3;4
104000;;;ROBOT_VACUUMING;XIRECS;9764.0;1;3;4
104000;;;SLEEP_POD_COTTON;XIRECS;10972.0;1;3;4
104000;;;SLEEP_POD_LAMB_WOOL;XIRECS;10250.0;1;3;4
104000;;;SLEEP_POD_NYLON;XIRECS;8586.0;1;3;4
104000;;;SLEEP_POD_POLYESTER;XIRECS;11465.0;1;3;4
104000;;;SLEEP_POD_SUEDE;XIRECS;11252.0;1;3;4
104000;;;SNACKPACK_CHOCOLATE;XIRECS;9969.0;1;3;4
104000;;;SNACKPACK_PISTACHIO;XIRECS;9667.0;1;3;4
104000;;;SNACKPACK_RASPBERRY;XIRECS;9997.0;1;3;4
104000;;;SNACKPACK_STRAWBERRY;XIRECS;10831.0;1;3;4
104000;;;SNACKPACK_VANILLA;XIRECS;9931.0;1;3;4
104000;;;TRANSLATOR_ASTRO_BLACK;XIRECS;9591.0;1;3;4
104000;;;TRANSLATOR_ECLIPSE_CHARCOAL;XIRECS;10258.0;1;3;4
104000;;;TRANSLATOR_GRAPHITE_MIST;XIRECS;9765.0;1;3;4
104000;;;TRANSLATOR_SPACE_GRAY;XIRECS;9225.0;1;3;4
104000;;;TRANSLATOR_VOID_BLUE;XIRECS;11471.0;1;3;4
104000;;;UV_VISOR_AMBER;XIRECS;7785.0;1;3;4
104000;;;UV_VISOR_MAGENTA;XIRECS;11278.0;1;3;4
104000;;;UV_VISOR_ORANGE;XIRECS;10254.0;1;3;4
104000;;;UV_VISOR_RED;XIRECS;10546.0;1;3;4
104000;;;UV_VISOR_YELLOW;XIRECS;11505.0;1;3;4
104400;SUBMISSION;;PEBBLES_XL;XIRECS;14037.0;2;3;4
104400;;;PEBBLES_L;XIRECS;10094.0;2;3;4
104400;;;PEBBLES_M;XIRECS;8592.0;2;3;4
104400;;;PEBBLES_S;XIRECS;9113.0;2;3;4
104400;;;PEBBLES_XS;XIRECS;8132.0;2;3;4
104600;;;GALAXY_SOUNDS_BLACK_HOLES;XIRECS;11318.0;1;3;4
104600;;;GALAXY_SOUNDS_DARK_MATTER;XIRECS;10335.0;1;3;4
104600;;;GALAXY_SOUNDS_PLANETARY_RINGS;XIRECS;11225.0;1;3;4
104600;;;GALAXY_SOUNDS_SOLAR_FLAMES;XIRECS;11565.0;1;3;4
104600;;;GALAXY_SOUNDS_SOLAR_WINDS;XIRECS;9422.0;1;3;4
104600;;;OXYGEN_SHAKE_CHOCOLATE;XIRECS;9397.0;1;3;4
104600;;;OXYGEN_SHAKE_EVENING_BREATH;XIRECS;8854.0;1;3;4
104600;;;OXYGEN_SHAKE_GARLIC;XIRECS;11920.0;1;3;4
104600;;;OXYGEN_SHAKE_MINT;XIRECS;10341.0;1;3;4
104600;;;OXYGEN_SHAKE_MORNING_BREATH;XIRECS;11273.0;1;3;4
104600;;;PANEL_1X2;XIRECS;7869.0;1;3;4
104600;;;PANEL_1X4;XIRECS;10283.0;1;3;4
104600;;;PANEL_2X2;XIRECS;9966.0;1;3;4
104600;;;PANEL_2X4;XIRECS;10910.0;1;3;4
104600;;;PANEL_4X4;XIRECS;9722.0;1;3;4
104600;;;ROBOT_DISHES;XIRECS;10056.0;1;3;4
104600;;;ROBOT_IRONING;XIRECS;9456.0;1;3;4
104600;;;ROBOT_LAUNDRY;XIRECS;10685.0;1;3;4
104600;;;ROBOT_MOPPING;XIRECS;10047.0;1;3;4
104600;;;ROBOT_VACUUMING;XIRECS;9765.0;1;3;4
104600;;;SLEEP_POD_COTTON;XIRECS;10937.0;1;3;4
104600;;;SLEEP_POD_LAMB_WOOL;XIRECS;10239.0;1;3;4
104600;;;SLEEP_POD_NYLON;XIRECS;8598.0;1;3;4
104600;;;SLEEP_POD_POLYESTER;XIRECS;11403.0;1;3;4
104600;;;SLEEP_POD_SUEDE;XIRECS;11275.0;1;3;4
104600;;;SNACKPACK_CHOCOLATE;XIRECS;9951.0;1;3;4
104600;;;SNACKPACK_PISTACHIO;XIRECS;9672.0;1;3;4
104600;;;SNACKPACK_RASPBERRY;XIRECS;9982.0;1;3;4
104600;;;SNACKPACK_STRAWBERRY;XIRECS;10847.0;1;3;4
104600;;;SNACKPACK_VANILLA;XIRECS;9948.0;1;3;4
104600;;;TRANSLATOR_ASTRO_BLACK;XIRECS;9584.0;1;3;4
104600;;;TRANSLATOR_ECLIPSE_CHARCOAL;XIRECS;10300.0;1;3;4
104600;;;TRANSLATOR_GRAPHITE_MIST;XIRECS;9761.0;1;3;4
104600;;;TRANSLATOR_SPACE_GRAY;XIRECS;9247.0;1;3;4
104600;;;TRANSLATOR_VOID_BLUE;XIRECS;11490.0;1;3;4
104600;;;UV_VISOR_AMBER;XIRECS;7800.0;1;3;4
104600;;;UV_VISOR_MAGENTA;XIRECS;11273.0;1;3;4
104600;;;UV_VISOR_ORANGE;XIRECS;10229.0;1;3;4
104600;;;UV_VISOR_RED;XIRECS;10558.0;1;3;4
104600;;;UV_VISOR_YELLOW;XIRECS;11515.0;1;3;4
104900;;SUBMISSION;SNACKPACK_STRAWBERRY;XIRECS;10869.0;1;3;4
104900;;SUBMISSION;SNACKPACK_PISTACHIO;XIRECS;9687.0;1;3;4
104900;;SUBMISSION;SNACKPACK_VANILLA;XIRECS;9973.0;1;3;4
104900;;;GALAXY_SOUNDS_BLACK_HOLES;XIRECS;11361.0;1;3;4
104900;;;GALAXY_SOUNDS_DARK_MATTER;XIRECS;10381.0;1;3;4
104900;;;GALAXY_SOUNDS_PLANETARY_RINGS;XIRECS;11228.0;1;3;4
104900;;;GALAXY_SOUNDS_SOLAR_FLAMES;XIRECS;11598.0;1;3;4
104900;;;GALAXY_SOUNDS_SOLAR_WINDS;XIRECS;9434.0;1;3;4
104900;;;OXYGEN_SHAKE_CHOCOLATE;XIRECS;9413.0;1;3;4
104900;;;OXYGEN_SHAKE_EVENING_BREATH;XIRECS;8896.0;1;3;4
104900;;;OXYGEN_SHAKE_GARLIC;XIRECS;11954.0;1;3;4
104900;;;OXYGEN_SHAKE_MINT;XIRECS;10348.0;1;3;4
104900;;;OXYGEN_SHAKE_MORNING_BREATH;XIRECS;11316.0;1;3;4
104900;;;PANEL_1X2;XIRECS;7884.0;1;3;4
104900;;;PANEL_1X4;XIRECS;10306.0;1;3;4
104900;;;PANEL_2X2;XIRECS;9983.0;1;3;4
104900;;;PANEL_2X4;XIRECS;10927.0;1;3;4
104900;;;PANEL_4X4;XIRECS;9730.0;1;3;4
104900;;;ROBOT_DISHES;XIRECS;10055.0;1;3;4
104900;;;ROBOT_IRONING;XIRECS;9474.0;1;3;4
104900;;;ROBOT_LAUNDRY;XIRECS;10696.0;1;3;4
104900;;;ROBOT_MOPPING;XIRECS;10060.0;1;3;4
104900;;;ROBOT_VACUUMING;XIRECS;9767.0;1;3;4
104900;;;SLEEP_POD_COTTON;XIRECS;10956.0;1;3;4
104900;;;SLEEP_POD_LAMB_WOOL;XIRECS;10242.0;1;3;4
104900;;;SLEEP_POD_NYLON;XIRECS;8608.0;1;3;4
104900;;;SLEEP_POD_POLYESTER;XIRECS;11398.0;1;3;4
104900;;;SLEEP_POD_SUEDE;XIRECS;11290.0;1;3;4
104900;;;SNACKPACK_CHOCOLATE;XIRECS;9960.0;1;3;4
104900;;;SNACKPACK_RASPBERRY;XIRECS;9998.0;1;3;4
104900;;;TRANSLATOR_ASTRO_BLACK;XIRECS;9587.0;1;3;4
104900;;;TRANSLATOR_ECLIPSE_CHARCOAL;XIRECS;10294.0;1;3;4
104900;;;TRANSLATOR_GRAPHITE_MIST;XIRECS;9771.0;1;3;4
104900;;;TRANSLATOR_SPACE_GRAY;XIRECS;9249.0;1;3;4
104900;;;TRANSLATOR_VOID_BLUE;XIRECS;11499.0;1;3;4
104900;;;UV_VISOR_AMBER;XIRECS;7787.0;1;3;4
104900;;;UV_VISOR_MAGENTA;XIRECS;11305.0;1;3;4
104900;;;UV_VISOR_ORANGE;XIRECS;10258.0;1;3;4
104900;;;UV_VISOR_RED;XIRECS;10562.0;1;3;4
104900;;;UV_VISOR_YELLOW;XIRECS;11521.0;1;3;4
105100;;SUBMISSION;PEBBLES_XL;XIRECS;14161.0;2;3;4
105100;;;PEBBLES_L;XIRECS;10084.0;3;3;4
105100;;;PEBBLES_M;XIRECS;8536.0;3;3;4
105100;;;PEBBLES_S;XIRECS;9136.0;3;3;4
105100;;;PEBBLES_XS;XIRECS;8115.0;3;3;4
106100;;;PEBBLES_L;XIRECS;10187.0;4;3;4
106100;;;PEBBLES_M;XIRECS;8493.0;4;3;4
106100;;;PEBBLES_S;XIRECS;9160.0;4;3;4
106100;;;PEBBLES_XL;XIRECS;14054.0;4;3;4
106100;;;PEBBLES_XS;XIRECS;8138.0;4;3;4
106200;SUBMISSION;;MICROCHIP_OVAL;XIRECS;9277.0;4;3;4
106300;SUBMISSION;;MICROCHIP_OVAL;XIRECS;9258.0;1;3;4
106500;SUBMISSION;;PEBBLES_XL;XIRECS;14004.0;3;3;4
106500;SUBMISSION;;PEBBLES_XL;XIRECS;14013.0;11;3;4
106800;SUBMISSION;;PEBBLES_XL;XIRECS;13956.0;2;3;4
108400;SUBMISSION;;SNACKPACK_STRAWBERRY;XIRECS;10873.0;4;3;4
108400;SUBMISSION;;SLEEP_POD_COTTON;XIRECS;10976.0;5;3;4
108400;SUBMISSION;;SNACKPACK_PISTACHIO;XIRECS;9679.0;4;3;4
108400;SUBMISSION;;SNACKPACK_VANILLA;XIRECS;9966.0;4;3;4
108700;SUBMISSION;;MICROCHIP_OVAL;XIRECS;9326.0;4;3;4
108800;SUBMISSION;;MICROCHIP_OVAL;XIRECS;9332.0;1;3;4
109500;;SUBMISSION;ROBOT_IRONING;XIRECS;9426.0;5;3;4
109700;;SUBMISSION;PEBBLES_XL;XIRECS;13896.0;7;3;4
110100;;SUBMISSION;PEBBLES_XL;XIRECS;13979.0;3;3;4
110500;;SUBMISSION;GALAXY_SOUNDS_BLACK_HOLES;XIRECS;11266.0;5;3;4
112200;SUBMISSION;;PEBBLES_XL;XIRECS;13712.0;3;3;4
112400;;SUBMISSION;SNACKPACK_STRAWBERRY;XIRECS;10863.0;4;3;4
112400;;SUBMISSION;SNACKPACK_PISTACHIO;XIRECS;9636.0;4;3;4
112400;;SUBMISSION;SNACKPACK_VANILLA;XIRECS;9957.0;4;3;4
112500;SUBMISSION;;PEBBLES_XL;XIRECS;13621.0;2;3;4
112500;;;PEBBLES_L;XIRECS;10115.0;4;3;4
112500;;;PEBBLES_M;XIRECS;8777.0;4;3;4
112500;;;PEBBLES_S;XIRECS;9176.0;4;3;4
112500;;;PEBBLES_XS;XIRECS;8279.0;4;3;4
113000;;SUBMISSION;PEBBLES_XL;XIRECS;13607.0;5;3;4
115800;;SUBMISSION;SLEEP_POD_COTTON;XIRECS;10839.0;5;3;4
116000;;;MICROCHIP_CIRCLE;XIRECS;9520.0;2;3;4
116000;;;MICROCHIP_OVAL;XIRECS;9406.0;2;3;4
116000;;;MICROCHIP_RECTANGLE;XIRECS;8957.0;2;3;4
116000;;;MICROCHIP_SQUARE;XIRECS;13258.0;2;3;4
116000;;;MICROCHIP_TRIANGLE;XIRECS;10126.0;2;3;4
116100;;SUBMISSION;ROBOT_MOPPING;XIRECS;9928.0;5;3;4
116700;;SUBMISSION;OXYGEN_SHAKE_MORNING_BREATH;XIRECS;11076.0;5;3;4
117500;;SUBMISSION;PEBBLES_XL;XIRECS;13614.0;2;3;4
117500;;;PEBBLES_L;XIRECS;10136.0;5;3;4
117500;;;PEBBLES_M;XIRECS;8784.0;5;3;4
117500;;;PEBBLES_S;XIRECS;9220.0;5;3;4
117500;;;PEBBLES_XS;XIRECS;8277.0;5;3;4
118500;;SUBMISSION;SNACKPACK_STRAWBERRY;XIRECS;10931.0;4;3;4
118500;;SUBMISSION;SNACKPACK_PISTACHIO;XIRECS;9690.0;4;3;4
118500;;SUBMISSION;SNACKPACK_VANILLA;XIRECS;10023.0;4;3;4
119000;SUBMISSION;;SNACKPACK_STRAWBERRY;XIRECS;10930.0;5;3;4
119000;SUBMISSION;;SNACKPACK_PISTACHIO;XIRECS;9688.0;5;3;4
119000;SUBMISSION;;SNACKPACK_VANILLA;XIRECS;10024.0;5;3;4
119400;;SUBMISSION;SNACKPACK_STRAWBERRY;XIRECS;10888.0;1;3;4
119400;;SUBMISSION;SNACKPACK_PISTACHIO;XIRECS;9667.0;1;3;4
119400;;SUBMISSION;SNACKPACK_VANILLA;XIRECS;10031.0;1;3;4
119400;;;GALAXY_SOUNDS_BLACK_HOLES;XIRECS;11221.0;4;3;4
119400;;;GALAXY_SOUNDS_DARK_MATTER;XIRECS;10430.0;4;3;4
119400;;;GALAXY_SOUNDS_PLANETARY_RINGS;XIRECS;11302.0;4;3;4
119400;;;GALAXY_SOUNDS_SOLAR_FLAMES;XIRECS;11607.0;4;3;4
119400;;;GALAXY_SOUNDS_SOLAR_WINDS;XIRECS;9562.0;4;3;4
119400;;;OXYGEN_SHAKE_CHOCOLATE;XIRECS;9411.0;4;3;4
119400;;;OXYGEN_SHAKE_EVENING_BREATH;XIRECS;8896.0;4;3;4
119400;;;OXYGEN_SHAKE_GARLIC;XIRECS;12114.0;4;3;4
119400;;;OXYGEN_SHAKE_MINT;XIRECS;10339.0;4;3;4
119400;;;OXYGEN_SHAKE_MORNING_BREATH;XIRECS;11143.0;4;3;4
119400;;;PANEL_1X2;XIRECS;7862.0;4;3;4
119400;;;PANEL_1X4;XIRECS;10370.0;4;3;4
119400;;;PANEL_2X2;XIRECS;9980.0;4;3;4
119400;;;PANEL_2X4;XIRECS;10876.0;4;3;4
119400;;;PANEL_4X4;XIRECS;9474.0;4;3;4
119400;;;ROBOT_DISHES;XIRECS;10164.0;4;3;4
119400;;;ROBOT_IRONING;XIRECS;9343.0;4;3;4
119400;;;ROBOT_LAUNDRY;XIRECS;10457.0;4;3;4
119400;;;ROBOT_MOPPING;XIRECS;9943.0;4;3;4
119400;;;ROBOT_VACUUMING;XIRECS;9834.0;4;3;4
119400;;;SLEEP_POD_COTTON;XIRECS;10796.0;4;3;4
119400;;;SLEEP_POD_LAMB_WOOL;XIRECS;10102.0;4;3;4
119400;;;SLEEP_POD_NYLON;XIRECS;8716.0;4;3;4
119400;;;SLEEP_POD_POLYESTER;XIRECS;11397.0;4;3;4
119400;;;SLEEP_POD_SUEDE;XIRECS;11429.0;4;3;4
119400;;;SNACKPACK_CHOCOLATE;XIRECS;9908.0;4;3;4
119400;;;SNACKPACK_RASPBERRY;XIRECS;10001.0;4;3;4
119400;;;TRANSLATOR_ASTRO_BLACK;XIRECS;9630.0;4;3;4
119400;;;TRANSLATOR_ECLIPSE_CHARCOAL;XIRECS;10390.0;4;3;4
119400;;;TRANSLATOR_GRAPHITE_MIST;XIRECS;9774.0;4;3;4
119400;;;TRANSLATOR_SPACE_GRAY;XIRECS;9175.0;4;3;4
119400;;;TRANSLATOR_VOID_BLUE;XIRECS;11387.0;4;3;4
119400;;;UV_VISOR_AMBER;XIRECS;7849.0;4;3;4
119400;;;UV_VISOR_MAGENTA;XIRECS;11147.0;4;3;4
119400;;;UV_VISOR_ORANGE;XIRECS;10300.0;4;3;4
119400;;;UV_VISOR_RED;XIRECS;10484.0;4;3;4
119400;;;UV_VISOR_YELLOW;XIRECS;11383.0;4;3;4
119900;SUBMISSION;;SNACKPACK_STRAWBERRY;XIRECS;10871.0;2;3;4
119900;SUBMISSION;;SNACKPACK_PISTACHIO;XIRECS;9662.0;2;3;4
119900;SUBMISSION;;SNACKPACK_VANILLA;XIRECS;10014.0;2;3;4
121500;;SUBMISSION;SNACKPACK_STRAWBERRY;XIRECS;10883.0;4;3;4
121500;;SUBMISSION;SNACKPACK_PISTACHIO;XIRECS;9657.0;4;3;4
121500;;SUBMISSION;SNACKPACK_VANILLA;XIRECS;10014.0;4;3;4
121900;SUBMISSION;;SNACKPACK_STRAWBERRY;XIRECS;10907.0;2;3;4
121900;SUBMISSION;;SNACKPACK_PISTACHIO;XIRECS;9669.0;2;3;4
121900;SUBMISSION;;SNACKPACK_VANILLA;XIRECS;10007.0;2;3;4
121900;;;GALAXY_SOUNDS_BLACK_HOLES;XIRECS;11176.0;4;3;4
121900;;;GALAXY_SOUNDS_DARK_MATTER;XIRECS;10371.0;4;3;4
121900;;;GALAXY_SOUNDS_PLANETARY_RINGS;XIRECS;11220.0;4;3;4
121900;;;GALAXY_SOUNDS_SOLAR_FLAMES;XIRECS;11580.0;4;3;4
121900;;;GALAXY_SOUNDS_SOLAR_WINDS;XIRECS;9458.0;4;3;4
121900;;;OXYGEN_SHAKE_CHOCOLATE;XIRECS;9354.0;4;3;4
121900;;;OXYGEN_SHAKE_EVENING_BREATH;XIRECS;8904.0;4;3;4
121900;;;OXYGEN_SHAKE_GARLIC;XIRECS;12094.0;4;3;4
121900;;;OXYGEN_SHAKE_MINT;XIRECS;10350.0;4;3;4
121900;;;OXYGEN_SHAKE_MORNING_BREATH;XIRECS;11227.0;4;3;4
121900;;;PANEL_1X2;XIRECS;7851.0;4;3;4
121900;;;PANEL_1X4;XIRECS;10325.0;4;3;4
121900;;;PANEL_2X2;XIRECS;10000.0;4;3;4
121900;;;PANEL_2X4;XIRECS;10898.0;4;3;4
121900;;;PANEL_4X4;XIRECS;9433.0;4;3;4
121900;;;ROBOT_DISHES;XIRECS;10126.0;4;3;4
121900;;;ROBOT_IRONING;XIRECS;9297.0;4;3;4
121900;;;ROBOT_LAUNDRY;XIRECS;10428.0;4;3;4
121900;;;ROBOT_MOPPING;XIRECS;9893.0;4;3;4
121900;;;ROBOT_VACUUMING;XIRECS;9853.0;4;3;4
121900;;;SLEEP_POD_COTTON;XIRECS;10785.0;4;3;4
121900;;;SLEEP_POD_LAMB_WOOL;XIRECS;10108.0;4;3;4
121900;;;SLEEP_POD_NYLON;XIRECS;8740.0;4;3;4
121900;;;SLEEP_POD_POLYESTER;XIRECS;11345.0;4;3;4
121900;;;SLEEP_POD_SUEDE;XIRECS;11422.0;4;3;4
121900;;;SNACKPACK_CHOCOLATE;XIRECS;9904.0;4;3;4
121900;;;SNACKPACK_RASPBERRY;XIRECS;9965.0;4;3;4
121900;;;TRANSLATOR_ASTRO_BLACK;XIRECS;9592.0;4;3;4
121900;;;TRANSLATOR_ECLIPSE_CHARCOAL;XIRECS;10353.0;4;3;4
121900;;;TRANSLATOR_GRAPHITE_MIST;XIRECS;9754.0;4;3;4
121900;;;TRANSLATOR_SPACE_GRAY;XIRECS;9155.0;4;3;4
121900;;;TRANSLATOR_VOID_BLUE;XIRECS;11431.0;4;3;4
121900;;;UV_VISOR_AMBER;XIRECS;7860.0;4;3;4
121900;;;UV_VISOR_MAGENTA;XIRECS;11151.0;4;3;4
121900;;;UV_VISOR_ORANGE;XIRECS;10406.0;4;3;4
121900;;;UV_VISOR_RED;XIRECS;10518.0;4;3;4
121900;;;UV_VISOR_YELLOW;XIRECS;11242.0;4;3;4
122300;SUBMISSION;;PEBBLES_XL;XIRECS;13620.0;8;3;4
122300;;;GALAXY_SOUNDS_BLACK_HOLES;XIRECS;11157.0;1;3;4
122300;;;GALAXY_SOUNDS_DARK_MATTER;XIRECS;10364.0;1;3;4
122300;;;GALAXY_SOUNDS_PLANETARY_RINGS;XIRECS;11229.0;1;3;4
122300;;;GALAXY_SOUNDS_SOLAR_FLAMES;XIRECS;11616.0;1;3;4
122300;;;GALAXY_SOUNDS_SOLAR_WINDS;XIRECS;9452.0;1;3;4
122300;;;OXYGEN_SHAKE_CHOCOLATE;XIRECS;9342.0;1;3;4
122300;;;OXYGEN_SHAKE_EVENING_BREATH;XIRECS;8884.0;1;3;4
122300;;;OXYGEN_SHAKE_GARLIC;XIRECS;12080.0;1;3;4
122300;;;OXYGEN_SHAKE_MINT;XIRECS;10327.0;1;3;4
122300;;;OXYGEN_SHAKE_MORNING_BREATH;XIRECS;11272.0;1;3;4
122300;;;PANEL_1X2;XIRECS;7866.0;1;3;4
122300;;;PANEL_1X4;XIRECS;10336.0;1;3;4
122300;;;PANEL_2X2;XIRECS;9963.0;1;3;4
122300;;;PANEL_2X4;XIRECS;10869.0;1;3;4
122300;;;PANEL_4X4;XIRECS;9419.0;1;3;4
122300;;;ROBOT_DISHES;XIRECS;10183.0;1;3;4
122300;;;ROBOT_IRONING;XIRECS;9307.0;1;3;4
122300;;;ROBOT_LAUNDRY;XIRECS;10407.0;1;3;4
122300;;;ROBOT_MOPPING;XIRECS;9937.0;1;3;4
122300;;;ROBOT_VACUUMING;XIRECS;9852.0;1;3;4
122300;;;SLEEP_POD_COTTON;XIRECS;10810.0;1;3;4
122300;;;SLEEP_POD_LAMB_WOOL;XIRECS;10146.0;1;3;4
122300;;;SLEEP_POD_NYLON;XIRECS;8755.0;1;3;4
122300;;;SLEEP_POD_POLYESTER;XIRECS;11328.0;1;3;4
122300;;;SLEEP_POD_SUEDE;XIRECS;11429.0;1;3;4
122300;;;SNACKPACK_CHOCOLATE;XIRECS;9919.0;1;3;4
122300;;;SNACKPACK_PISTACHIO;XIRECS;9666.0;1;3;4
122300;;;SNACKPACK_RASPBERRY;XIRECS;9972.0;1;3;4
122300;;;SNACKPACK_STRAWBERRY;XIRECS;10903.0;1;3;4
122300;;;SNACKPACK_VANILLA;XIRECS;9993.0;1;3;4
122300;;;TRANSLATOR_ASTRO_BLACK;XIRECS;9648.0;1;3;4
122300;;;TRANSLATOR_ECLIPSE_CHARCOAL;XIRECS;10335.0;1;3;4
122300;;;TRANSLATOR_GRAPHITE_MIST;XIRECS;9792.0;1;3;4
122300;;;TRANSLATOR_SPACE_GRAY;XIRECS;9145.0;1;3;4
122300;;;TRANSLATOR_VOID_BLUE;XIRECS;11410.0;1;3;4
122300;;;UV_VISOR_AMBER;XIRECS;7851.0;1;3;4
122300;;;UV_VISOR_MAGENTA;XIRECS;11153.0;1;3;4
122300;;;UV_VISOR_ORANGE;XIRECS;10359.0;1;3;4
122300;;;UV_VISOR_RED;XIRECS;10476.0;1;3;4
122300;;;UV_VISOR_YELLOW;XIRECS;11226.0;1;3;4
122600;SUBMISSION;;SNACKPACK_STRAWBERRY;XIRECS;10913.0;4;3;4
122600;SUBMISSION;;SNACKPACK_PISTACHIO;XIRECS;9671.0;4;3;4
122600;SUBMISSION;;SNACKPACK_VANILLA;XIRECS;10007.0;4;3;4
122900;SUBMISSION;;OXYGEN_SHAKE_MORNING_BREATH;XIRECS;11257.0;5;3;4
123200;;SUBMISSION;PEBBLES_XL;XIRECS;13785.0;2;3;4
123200;;;PEBBLES_L;XIRECS;10069.0;5;3;4
123200;;;PEBBLES_M;XIRECS;8823.0;5;3;4
123200;;;PEBBLES_S;XIRECS;9184.0;5;3;4
123200;;;PEBBLES_XS;XIRECS;8171.0;5;3;4
124500;;SUBMISSION;PEBBLES_XL;XIRECS;13774.0;2;3;4
124500;;;PEBBLES_L;XIRECS;10184.0;5;3;4
124500;;;PEBBLES_M;XIRECS;8760.0;5;3;4
124500;;;PEBBLES_S;XIRECS;9226.0;5;3;4
124500;;;PEBBLES_XS;XIRECS;8088.0;5;3;4
125000;;SUBMISSION;ROBOT_MOPPING;XIRECS;9868.0;4;3;4
125100;;SUBMISSION;ROBOT_MOPPING;XIRECS;9867.0;1;3;4
125300;;SUBMISSION;SNACKPACK_STRAWBERRY;XIRECS;10914.0;4;3;4
125300;;SUBMISSION;SNACKPACK_PISTACHIO;XIRECS;9665.0;4;3;4
125300;;SUBMISSION;SNACKPACK_VANILLA;XIRECS;10037.0;4;3;4
126100;;SUBMISSION;PEBBLES_XL;XIRECS;13853.0;2;3;4
126100;;;PEBBLES_L;XIRECS;10221.0;5;3;4
126100;;;PEBBLES_M;XIRECS;8764.0;5;3;4
126100;;;PEBBLES_S;XIRECS;9182.0;5;3;4
126100;;;PEBBLES_XS;XIRECS;8011.0;5;3;4
126600;SUBMISSION;;SNACKPACK_STRAWBERRY;XIRECS;10859.0;4;3;4
126600;SUBMISSION;;SNACKPACK_PISTACHIO;XIRECS;9639.0;4;3;4
126600;SUBMISSION;;SNACKPACK_VANILLA;XIRECS;10020.0;4;3;4
127300;SUBMISSION;;PEBBLES_XL;XIRECS;13914.0;2;3;4
127300;;;PEBBLES_L;XIRECS;10158.0;4;3;4
127300;;;PEBBLES_M;XIRECS;8743.0;4;3;4
127300;;;PEBBLES_S;XIRECS;9190.0;4;3;4
127300;;;PEBBLES_XS;XIRECS;7963.0;4;3;4
127400;;SUBMISSION;ROBOT_MOPPING;XIRECS;9760.0;5;3;4
128200;;SUBMISSION;SNACKPACK_STRAWBERRY;XIRECS;10871.0;2;3;4
128200;;SUBMISSION;SNACKPACK_PISTACHIO;XIRECS;9638.0;2;3;4
128200;;SUBMISSION;SNACKPACK_VANILLA;XIRECS;9993.0;2;3;4
129300;;SUBMISSION;ROBOT_MOPPING;XIRECS;9714.0;5;3;4
129500;;;MICROCHIP_CIRCLE;XIRECS;9386.0;3;3;4
129500;;;MICROCHIP_OVAL;XIRECS;9402.0;3;3;4
129500;;;MICROCHIP_RECTANGLE;XIRECS;8924.0;3;3;4
129500;;;MICROCHIP_SQUARE;XIRECS;12949.0;3;3;4
129500;;;MICROCHIP_TRIANGLE;XIRECS;10539.0;3;3;4
129700;SUBMISSION;;PEBBLES_XL;XIRECS;13860.0;8;3;4
129700;;;MICROCHIP_CIRCLE;XIRECS;9405.0;1;3;4
129700;;;MICROCHIP_OVAL;XIRECS;9415.0;1;3;4
129700;;;MICROCHIP_RECTANGLE;XIRECS;8928.0;1;3;4
129700;;;MICROCHIP_SQUARE;XIRECS;12985.0;1;3;4
129700;;;MICROCHIP_TRIANGLE;XIRECS;10585.0;1;3;4
130000;SUBMISSION;;SNACKPACK_STRAWBERRY;XIRECS;10888.0;2;3;4
130000;SUBMISSION;;SNACKPACK_PISTACHIO;XIRECS;9633.0;2;3;4
130000;SUBMISSION;;SNACKPACK_VANILLA;XIRECS;9984.0;2;3;4
130500;;;PEBBLES_L;XIRECS;10243.0;4;3;4
130500;;;PEBBLES_M;XIRECS;8790.0;4;3;4
130500;;;PEBBLES_S;XIRECS;9212.0;4;3;4
130500;;;PEBBLES_XL;XIRECS;13790.0;4;3;4
130500;;;PEBBLES_XS;XIRECS;7933.0;4;3;4
130700;;SUBMISSION;SNACKPACK_STRAWBERRY;XIRECS;10890.0;2;3;4
130700;;SUBMISSION;SNACKPACK_PISTACHIO;XIRECS;9639.0;2;3;4
130700;;SUBMISSION;SNACKPACK_VANILLA;XIRECS;9949.0;2;3;4
131500;;SUBMISSION;SNACKPACK_STRAWBERRY;XIRECS;10854.0;5;3;4
131500;;SUBMISSION;SNACKPACK_PISTACHIO;XIRECS;9624.0;5;3;4
131500;;SUBMISSION;SNACKPACK_VANILLA;XIRECS;9940.0;5;3;4
133400;SUBMISSION;;GALAXY_SOUNDS_PLANETARY_RINGS;XIRECS;11425.0;5;3;4
133800;;SUBMISSION;PEBBLES_XL;XIRECS;13859.0;8;3;4
134100;;;MICROCHIP_CIRCLE;XIRECS;9433.0;3;3;4
134100;;;MICROCHIP_OVAL;XIRECS;9574.0;3;3;4
134100;;;MICROCHIP_RECTANGLE;XIRECS;8943.0;3;3;4
134100;;;MICROCHIP_SQUARE;XIRECS;13066.0;3;3;4
134100;;;MICROCHIP_TRIANGLE;XIRECS;10724.0;3;3;4
134500;;SUBMISSION;PEBBLES_XL;XIRECS;13764.0;5;3;4
135800;SUBMISSION;;GALAXY_SOUNDS_PLANETARY_RINGS;XIRECS;11414.0;5;3;4
136100;SUBMISSION;;SNACKPACK_STRAWBERRY;XIRECS;10803.0;5;3;4
136100;SUBMISSION;;SNACKPACK_PISTACHIO;XIRECS;9603.0;5;3;4
136100;SUBMISSION;;SNACKPACK_VANILLA;XIRECS;9978.0;5;3;4
136300;SUBMISSION;;PEBBLES_XL;XIRECS;13577.0;4;3;4
136900;;SUBMISSION;PEBBLES_XL;XIRECS;13631.0;3;3;4
137100;;;MICROCHIP_CIRCLE;XIRECS;9522.0;3;3;4
137100;;;MICROCHIP_OVAL;XIRECS;9585.0;3;3;4
137100;;;MICROCHIP_RECTANGLE;XIRECS;8992.0;3;3;4
137100;;;MICROCHIP_SQUARE;XIRECS;13360.0;3;3;4
137100;;;MICROCHIP_TRIANGLE;XIRECS;10771.0;3;3;4
137400;;;MICROCHIP_CIRCLE;XIRECS;9504.0;2;3;4
137400;;;MICROCHIP_OVAL;XIRECS;9563.0;2;3;4
137400;;;MICROCHIP_RECTANGLE;XIRECS;8967.0;2;3;4
137400;;;MICROCHIP_SQUARE;XIRECS;13376.0;2;3;4
137400;;;MICROCHIP_TRIANGLE;XIRECS;10754.0;2;3;4
137600;SUBMISSION;;PEBBLES_XL;XIRECS;13575.0;2;3;4
137600;;;PEBBLES_L;XIRECS;10222.0;2;3;4
137600;;;PEBBLES_M;XIRECS;9007.0;2;3;4
137600;;;PEBBLES_S;XIRECS;9325.0;2;3;4
137600;;;PEBBLES_XS;XIRECS;7840.0;2;3;4
138200;;SUBMISSION;SNACKPACK_STRAWBERRY;XIRECS;10799.0;4;3;4
138200;;SUBMISSION;SNACKPACK_PISTACHIO;XIRECS;9618.0;4;3;4
138200;;SUBMISSION;SNACKPACK_VANILLA;XIRECS;9999.0;4;3;4
139100;SUBMISSION;;PEBBLES_XL;XIRECS;13718.0;5;3;4
139200;;SUBMISSION;OXYGEN_SHAKE_MORNING_BREATH;XIRECS;11169.0;5;3;4
139800;SUBMISSION;;SNACKPACK_STRAWBERRY;XIRECS;10804.0;2;3;4
139800;SUBMISSION;;SNACKPACK_PISTACHIO;XIRECS;9632.0;2;3;4
139800;SUBMISSION;;SNACKPACK_VANILLA;XIRECS;9976.0;2;3;4
139800;;;GALAXY_SOUNDS_BLACK_HOLES;XIRECS;11187.0;4;3;4
139800;;;GALAXY_SOUNDS_DARK_MATTER;XIRECS;10095.0;4;3;4
139800;;;GALAXY_SOUNDS_PLANETARY_RINGS;XIRECS;11325.0;4;3;4
139800;;;GALAXY_SOUNDS_SOLAR_FLAMES;XIRECS;11561.0;4;3;4
139800;;;GALAXY_SOUNDS_SOLAR_WINDS;XIRECS;9652.0;4;3;4
139800;;;OXYGEN_SHAKE_CHOCOLATE;XIRECS;9407.0;4;3;4
139800;;;OXYGEN_SHAKE_EVENING_BREATH;XIRECS;8914.0;4;3;4
139800;;;OXYGEN_SHAKE_GARLIC;XIRECS;12033.0;4;3;4
139800;;;OXYGEN_SHAKE_MINT;XIRECS;9992.0;4;3;4
139800;;;OXYGEN_SHAKE_MORNING_BREATH;XIRECS;11139.0;4;3;4
139800;;;PANEL_1X2;XIRECS;7966.0;4;3;4
139800;;;PANEL_1X4;XIRECS;10204.0;4;3;4
139800;;;PANEL_2X2;XIRECS;9963.0;4;3;4
139800;;;PANEL_2X4;XIRECS;10756.0;4;3;4
139800;;;PANEL_4X4;XIRECS;9257.0;4;3;4
139800;;;ROBOT_DISHES;XIRECS;10041.0;4;3;4
139800;;;ROBOT_IRONING;XIRECS;9347.0;4;3;4
139800;;;ROBOT_LAUNDRY;XIRECS;10435.0;4;3;4
139800;;;ROBOT_MOPPING;XIRECS;9762.0;4;3;4
139800;;;ROBOT_VACUUMING;XIRECS;9613.0;4;3;4
139800;;;SLEEP_POD_COTTON;XIRECS;10778.0;4;3;4
139800;;;SLEEP_POD_LAMB_WOOL;XIRECS;9997.0;4;3;4
139800;;;SLEEP_POD_NYLON;XIRECS;8682.0;4;3;4
139800;;;SLEEP_POD_POLYESTER;XIRECS;11530.0;4;3;4
139800;;;SLEEP_POD_SUEDE;XIRECS;11414.0;4;3;4
139800;;;SNACKPACK_CHOCOLATE;XIRECS;9934.0;4;3;4
139800;;;SNACKPACK_RASPBERRY;XIRECS;10042.0;4;3;4
139800;;;TRANSLATOR_ASTRO_BLACK;XIRECS;9491.0;4;3;4
139800;;;TRANSLATOR_ECLIPSE_CHARCOAL;XIRECS;10410.0;4;3;4
139800;;;TRANSLATOR_GRAPHITE_MIST;XIRECS;9787.0;4;3;4
139800;;;TRANSLATOR_SPACE_GRAY;XIRECS;9114.0;4;3;4
139800;;;TRANSLATOR_VOID_BLUE;XIRECS;11531.0;4;3;4
139800;;;UV_VISOR_AMBER;XIRECS;7943.0;4;3;4
139800;;;UV_VISOR_MAGENTA;XIRECS;11245.0;4;3;4
139800;;;UV_VISOR_ORANGE;XIRECS;10510.0;4;3;4
139800;;;UV_VISOR_RED;XIRECS;10618.0;4;3;4
139800;;;UV_VISOR_YELLOW;XIRECS;11274.0;4;3;4
140600;;SUBMISSION;GALAXY_SOUNDS_PLANETARY_RINGS;XIRECS;11298.0;5;3;4
141000;;;MICROCHIP_CIRCLE;XIRECS;9439.0;1;3;4
141000;;;MICROCHIP_OVAL;XIRECS;9461.0;1;3;4
141000;;;MICROCHIP_RECTANGLE;XIRECS;9174.0;1;3;4
141000;;;MICROCHIP_SQUARE;XIRECS;13300.0;1;3;4
141000;;;MICROCHIP_TRIANGLE;XIRECS;10815.0;1;3;4
141100;;;MICROCHIP_CIRCLE;XIRECS;9445.0;3;3;4
141100;;;MICROCHIP_OVAL;XIRECS;9425.0;3;3;4
141100;;;MICROCHIP_RECTANGLE;XIRECS;9174.0;3;3;4
141100;;;MICROCHIP_SQUARE;XIRECS;13306.0;3;3;4
141100;;;MICROCHIP_TRIANGLE;XIRECS;10787.0;3;3;4
141800;;SUBMISSION;OXYGEN_SHAKE_MORNING_BREATH;XIRECS;11077.0;5;3;4
142000;;;PEBBLES_L;XIRECS;10384.0;3;3;4
142000;;;PEBBLES_M;XIRECS;8987.0;3;3;4
142000;;;PEBBLES_S;XIRECS;9142.0;3;3;4
142000;;;PEBBLES_XL;XIRECS;13559.0;3;3;4
142000;;;PEBBLES_XS;XIRECS;7896.0;3;3;4
142300;;SUBMISSION;PEBBLES_XL;XIRECS;13669.0;2;3;4
142300;;;PEBBLES_L;XIRECS;10395.0;5;3;4
142300;;;PEBBLES_M;XIRECS;8989.0;5;3;4
142300;;;PEBBLES_S;XIRECS;9092.0;5;3;4
142300;;;PEBBLES_XS;XIRECS;7886.0;5;3;4
142700;;SUBMISSION;SNACKPACK_STRAWBERRY;XIRECS;10849.0;4;3;4
142700;;SUBMISSION;SNACKPACK_PISTACHIO;XIRECS;9653.0;4;3;4
142700;;SUBMISSION;SNACKPACK_VANILLA;XIRECS;10015.0;4;3;4
143100;SUBMISSION;;PEBBLES_XL;XIRECS;13527.0;6;3;4
143100;SUBMISSION;;PEBBLES_XL;XIRECS;13536.0;1;3;4
144000;;;MICROCHIP_CIRCLE;XIRECS;9340.0;1;3;4
144000;;;MICROCHIP_OVAL;XIRECS;9427.0;1;3;4
144000;;;MICROCHIP_RECTANGLE;XIRECS;9046.0;1;3;4
144000;;;MICROCHIP_SQUARE;XIRECS;13393.0;1;3;4
144000;;;MICROCHIP_TRIANGLE;XIRECS;10660.0;1;3;4
144100;;;MICROCHIP_CIRCLE;XIRECS;9344.0;2;3;4
144100;;;MICROCHIP_OVAL;XIRECS;9416.0;2;3;4
144100;;;MICROCHIP_RECTANGLE;XIRECS;9054.0;2;3;4
144100;;;MICROCHIP_SQUARE;XIRECS;13375.0;2;3;4
144100;;;MICROCHIP_TRIANGLE;XIRECS;10680.0;2;3;4
144700;;SUBMISSION;OXYGEN_SHAKE_MORNING_BREATH;XIRECS;11023.0;5;3;4
147300;;SUBMISSION;OXYGEN_SHAKE_MORNING_BREATH;XIRECS;11042.0;5;3;4
148400;SUBMISSION;;GALAXY_SOUNDS_PLANETARY_RINGS;XIRECS;11440.0;5;3;4
148500;SUBMISSION;;SNACKPACK_STRAWBERRY;XIRECS;10834.0;3;3;4
148500;SUBMISSION;;SNACKPACK_PISTACHIO;XIRECS;9629.0;3;3;4
148500;SUBMISSION;;SNACKPACK_VANILLA;XIRECS;10096.0;3;3;4
149900;SUBMISSION;;GALAXY_SOUNDS_BLACK_HOLES;XIRECS;11338.0;5;3;4
150300;SUBMISSION;;SNACKPACK_STRAWBERRY;XIRECS;10844.0;3;3;4
150300;SUBMISSION;;SNACKPACK_PISTACHIO;XIRECS;9637.0;3;3;4
150300;SUBMISSION;;SNACKPACK_VANILLA;XIRECS;10052.0;3;3;4
150300;SUBMISSION;;GALAXY_SOUNDS_PLANETARY_RINGS;XIRECS;11509.0;3;3;4
150400;SUBMISSION;;GALAXY_SOUNDS_PLANETARY_RINGS;XIRECS;11509.0;2;3;4
150700;SUBMISSION;;SNACKPACK_STRAWBERRY;XIRECS;10822.0;2;3;4
150700;SUBMISSION;;SNACKPACK_PISTACHIO;XIRECS;9623.0;2;3;4
150700;SUBMISSION;;SNACKPACK_VANILLA;XIRECS;10027.0;2;3;4
151200;;;MICROCHIP_CIRCLE;XIRECS;9290.0;1;3;4
151200;;;MICROCHIP_OVAL;XIRECS;9416.0;1;3;4
151200;;;MICROCHIP_RECTANGLE;XIRECS;8995.0;1;3;4
151200;;;MICROCHIP_SQUARE;XIRECS;13297.0;1;3;4
151200;;;MICROCHIP_TRIANGLE;XIRECS;10581.0;1;3;4
151400;;SUBMISSION;SNACKPACK_STRAWBERRY;XIRECS;10804.0;5;3;4
151400;;SUBMISSION;SNACKPACK_PISTACHIO;XIRECS;9602.0;5;3;4
151400;;SUBMISSION;SNACKPACK_VANILLA;XIRECS;10044.0;5;3;4
151700;;;GALAXY_SOUNDS_BLACK_HOLES;XIRECS;11368.0;3;3;4
151700;;;GALAXY_SOUNDS_DARK_MATTER;XIRECS;10249.0;3;3;4
151700;;;GALAXY_SOUNDS_PLANETARY_RINGS;XIRECS;11448.0;3;3;4
151700;;;GALAXY_SOUNDS_SOLAR_FLAMES;XIRECS;11860.0;3;3;4
151700;;;GALAXY_SOUNDS_SOLAR_WINDS;XIRECS;9747.0;3;3;4
151700;;;OXYGEN_SHAKE_CHOCOLATE;XIRECS;9366.0;3;3;4
151700;;;OXYGEN_SHAKE_EVENING_BREATH;XIRECS;9036.0;3;3;4
151700;;;OXYGEN_SHAKE_GARLIC;XIRECS;12104.0;3;3;4
151700;;;OXYGEN_SHAKE_MINT;XIRECS;10034.0;3;3;4
151700;;;OXYGEN_SHAKE_MORNING_BREATH;XIRECS;11030.0;3;3;4
151700;;;PANEL_1X2;XIRECS;8037.0;3;3;4
151700;;;PANEL_1X4;XIRECS;10402.0;3;3;4
151700;;;PANEL_2X2;XIRECS;9933.0;3;3;4
151700;;;PANEL_2X4;XIRECS;10791.0;3;3;4
151700;;;PANEL_4X4;XIRECS;9289.0;3;3;4
151700;;;ROBOT_DISHES;XIRECS;9911.0;3;3;4
151700;;;ROBOT_IRONING;XIRECS;9293.0;3;3;4
151700;;;ROBOT_LAUNDRY;XIRECS;10511.0;3;3;4
151700;;;ROBOT_MOPPING;XIRECS;9855.0;3;3;4
151700;;;ROBOT_VACUUMING;XIRECS;9707.0;3;3;4
151700;;;SLEEP_POD_COTTON;XIRECS;10784.0;3;3;4
151700;;;SLEEP_POD_LAMB_WOOL;XIRECS;9905.0;3;3;4
151700;;;SLEEP_POD_NYLON;XIRECS;8656.0;3;3;4
151700;;;SLEEP_POD_POLYESTER;XIRECS;11759.0;3;3;4
151700;;;SLEEP_POD_SUEDE;XIRECS;11388.0;3;3;4
151700;;;SNACKPACK_CHOCOLATE;XIRECS;9894.0;3;3;4
151700;;;SNACKPACK_PISTACHIO;XIRECS;9619.0;3;3;4
151700;;;SNACKPACK_RASPBERRY;XIRECS;10075.0;3;3;4
151700;;;SNACKPACK_STRAWBERRY;XIRECS;10825.0;3;3;4
151700;;;SNACKPACK_VANILLA;XIRECS;10040.0;3;3;4
151700;;;TRANSLATOR_ASTRO_BLACK;XIRECS;9295.0;3;3;4
151700;;;TRANSLATOR_ECLIPSE_CHARCOAL;XIRECS;10328.0;3;3;4
151700;;;TRANSLATOR_GRAPHITE_MIST;XIRECS;9760.0;3;3;4
151700;;;TRANSLATOR_SPACE_GRAY;XIRECS;8967.0;3;3;4
151700;;;TRANSLATOR_VOID_BLUE;XIRECS;11572.0;3;3;4
151700;;;UV_VISOR_AMBER;XIRECS;7798.0;3;3;4
151700;;;UV_VISOR_MAGENTA;XIRECS;11183.0;3;3;4
151700;;;UV_VISOR_ORANGE;XIRECS;10595.0;3;3;4
151700;;;UV_VISOR_RED;XIRECS;10485.0;3;3;4
151700;;;UV_VISOR_YELLOW;XIRECS;11475.0;3;3;4
152300;;SUBMISSION;SNACKPACK_STRAWBERRY;XIRECS;10803.0;3;3;4
152300;;SUBMISSION;SNACKPACK_PISTACHIO;XIRECS;9600.0;3;3;4
152300;;SUBMISSION;SNACKPACK_VANILLA;XIRECS;10032.0;3;3;4
152600;;SUBMISSION;PEBBLES_XL;XIRECS;13497.0;2;3;4
152600;;;PEBBLES_L;XIRECS;10381.0;3;3;4
152600;;;PEBBLES_M;XIRECS;9074.0;3;3;4
152600;;;PEBBLES_S;XIRECS;9098.0;3;3;4
152600;;;PEBBLES_XS;XIRECS;7982.0;3;3;4
152800;SUBMISSION;;GALAXY_SOUNDS_BLACK_HOLES;XIRECS;11373.0;5;3;4
153700;SUBMISSION;;SNACKPACK_STRAWBERRY;XIRECS;10838.0;3;3;4
153700;SUBMISSION;;SNACKPACK_PISTACHIO;XIRECS;9613.0;3;3;4
153700;SUBMISSION;;SNACKPACK_VANILLA;XIRECS;10030.0;3;3;4
154100;SUBMISSION;;PEBBLES_XL;XIRECS;13450.0;2;3;4
156100;SUBMISSION;;SLEEP_POD_COTTON;XIRECS;10910.0;5;3;4
156300;;SUBMISSION;GALAXY_SOUNDS_PLANETARY_RINGS;XIRECS;11317.0;5;3;4
157500;;SUBMISSION;SNACKPACK_STRAWBERRY;XIRECS;10869.0;3;3;4
157500;;SUBMISSION;SNACKPACK_PISTACHIO;XIRECS;9634.0;3;3;4
157500;;SUBMISSION;SNACKPACK_VANILLA;XIRECS;10055.0;3;3;4
157700;;;PEBBLES_L;XIRECS;10298.0;4;3;4
157700;;;PEBBLES_M;XIRECS;8999.0;4;3;4
157700;;;PEBBLES_S;XIRECS;9066.0;4;3;4
157700;;;PEBBLES_XL;XIRECS;13669.0;4;3;4
157700;;;PEBBLES_XS;XIRECS;7935.0;4;3;4
158000;SUBMISSION;;SLEEP_POD_COTTON;XIRECS;10951.0;5;3;4
158600;;;GALAXY_SOUNDS_BLACK_HOLES;XIRECS;11311.0;3;3;4
158600;;;GALAXY_SOUNDS_DARK_MATTER;XIRECS;10233.0;3;3;4
158600;;;GALAXY_SOUNDS_PLANETARY_RINGS;XIRECS;11350.0;3;3;4
158600;;;GALAXY_SOUNDS_SOLAR_FLAMES;XIRECS;11703.0;3;3;4
158600;;;GALAXY_SOUNDS_SOLAR_WINDS;XIRECS;9740.0;3;3;4
158600;;;OXYGEN_SHAKE_CHOCOLATE;XIRECS;9380.0;3;3;4
158600;;;OXYGEN_SHAKE_EVENING_BREATH;XIRECS;9106.0;3;3;4
158600;;;OXYGEN_SHAKE_GARLIC;XIRECS;12021.0;3;3;4
158600;;;OXYGEN_SHAKE_MINT;XIRECS;9978.0;3;3;4
158600;;;OXYGEN_SHAKE_MORNING_BREATH;XIRECS;10958.0;3;3;4
158600;;;PANEL_1X2;XIRECS;7898.0;3;3;4
158600;;;PANEL_1X4;XIRECS;10490.0;3;3;4
158600;;;PANEL_2X2;XIRECS;9828.0;3;3;4
158600;;;PANEL_2X4;XIRECS;10877.0;3;3;4
158600;;;PANEL_4X4;XIRECS;9320.0;3;3;4
158600;;;ROBOT_DISHES;XIRECS;9960.0;3;3;4
158600;;;ROBOT_IRONING;XIRECS;9193.0;3;3;4
158600;;;ROBOT_LAUNDRY;XIRECS;10485.0;3;3;4
158600;;;ROBOT_MOPPING;XIRECS;9823.0;3;3;4
158600;;;ROBOT_VACUUMING;XIRECS;9769.0;3;3;4
158600;;;SLEEP_POD_COTTON;XIRECS;10918.0;3;3;4
158600;;;SLEEP_POD_LAMB_WOOL;XIRECS;9931.0;3;3;4
158600;;;SLEEP_POD_NYLON;XIRECS;8698.0;3;3;4
158600;;;SLEEP_POD_POLYESTER;XIRECS;11830.0;3;3;4
158600;;;SLEEP_POD_SUEDE;XIRECS;11236.0;3;3;4
158600;;;SNACKPACK_CHOCOLATE;XIRECS;9922.0;3;3;4
158600;;;SNACKPACK_PISTACHIO;XIRECS;9649.0;3;3;4
158600;;;SNACKPACK_RASPBERRY;XIRECS;10023.0;3;3;4
158600;;;SNACKPACK_STRAWBERRY;XIRECS;10888.0;3;3;4
158600;;;SNACKPACK_VANILLA;XIRECS;10040.0;3;3;4
158600;;;TRANSLATOR_ASTRO_BLACK;XIRECS;9436.0;3;3;4
158600;;;TRANSLATOR_ECLIPSE_CHARCOAL;XIRECS;10186.0;3;3;4
158600;;;TRANSLATOR_GRAPHITE_MIST;XIRECS;9676.0;3;3;4
158600;;;TRANSLATOR_SPACE_GRAY;XIRECS;9011.0;3;3;4
158600;;;TRANSLATOR_VOID_BLUE;XIRECS;11561.0;3;3;4
158600;;;UV_VISOR_AMBER;XIRECS;7841.0;3;3;4
158600;;;UV_VISOR_MAGENTA;XIRECS;11087.0;3;3;4
158600;;;UV_VISOR_ORANGE;XIRECS;10721.0;3;3;4
158600;;;UV_VISOR_RED;XIRECS;10403.0;3;3;4
158600;;;UV_VISOR_YELLOW;XIRECS;11552.0;3;3;4
159300;;;GALAXY_SOUNDS_BLACK_HOLES;XIRECS;11366.0;4;3;4
159300;;;GALAXY_SOUNDS_DARK_MATTER;XIRECS;10159.0;4;3;4
159300;;;GALAXY_SOUNDS_PLANETARY_RINGS;XIRECS;11355.0;4;3;4
159300;;;GALAXY_SOUNDS_SOLAR_FLAMES;XIRECS;11692.0;4;3;4
159300;;;GALAXY_SOUNDS_SOLAR_WINDS;XIRECS;9792.0;4;3;4
159300;;;OXYGEN_SHAKE_CHOCOLATE;XIRECS;9404.0;4;3;4
159300;;;OXYGEN_SHAKE_EVENING_BREATH;XIRECS;9106.0;4;3;4
159300;;;OXYGEN_SHAKE_GARLIC;XIRECS;12033.0;4;3;4
159300;;;OXYGEN_SHAKE_MINT;XIRECS;9979.0;4;3;4
159300;;;OXYGEN_SHAKE_MORNING_BREATH;XIRECS;10928.0;4;3;4
159300;;;PANEL_1X2;XIRECS;7868.0;4;3;4
159300;;;PANEL_1X4;XIRECS;10469.0;4;3;4
159300;;;PANEL_2X2;XIRECS;9830.0;4;3;4
159300;;;PANEL_2X4;XIRECS;10880.0;4;3;4
159300;;;PANEL_4X4;XIRECS;9291.0;4;3;4
159300;;;ROBOT_DISHES;XIRECS;9953.0;4;3;4
159300;;;ROBOT_IRONING;XIRECS;9213.0;4;3;4
159300;;;ROBOT_LAUNDRY;XIRECS;10537.0;4;3;4
159300;;;ROBOT_MOPPING;XIRECS;9809.0;4;3;4
159300;;;ROBOT_VACUUMING;XIRECS;9782.0;4;3;4
159300;;;SLEEP_POD_COTTON;XIRECS;10924.0;4;3;4
159300;;;SLEEP_POD_LAMB_WOOL;XIRECS;9960.0;4;3;4
159300;;;SLEEP_POD_NYLON;XIRECS;8678.0;4;3;4
159300;;;SLEEP_POD_POLYESTER;XIRECS;11834.0;4;3;4
159300;;;SLEEP_POD_SUEDE;XIRECS;11238.0;4;3;4
159300;;;SNACKPACK_CHOCOLATE;XIRECS;9923.0;4;3;4
159300;;;SNACKPACK_PISTACHIO;XIRECS;9652.0;4;3;4
159300;;;SNACKPACK_RASPBERRY;XIRECS;10020.0;4;3;4
159300;;;SNACKPACK_STRAWBERRY;XIRECS;10888.0;4;3;4
159300;;;SNACKPACK_VANILLA;XIRECS;10035.0;4;3;4
159300;;;TRANSLATOR_ASTRO_BLACK;XIRECS;9447.0;4;3;4
159300;;;TRANSLATOR_ECLIPSE_CHARCOAL;XIRECS;10200.0;4;3;4
159300;;;TRANSLATOR_GRAPHITE_MIST;XIRECS;9678.0;4;3;4
159300;;;TRANSLATOR_SPACE_GRAY;XIRECS;8996.0;4;3;4
159300;;;TRANSLATOR_VOID_BLUE;XIRECS;11589.0;4;3;4
159300;;;UV_VISOR_AMBER;XIRECS;7840.0;4;3;4
159300;;;UV_VISOR_MAGENTA;XIRECS;11080.0;4;3;4
159300;;;UV_VISOR_ORANGE;XIRECS;10798.0;4;3;4
159300;;;UV_VISOR_RED;XIRECS;10432.0;4;3;4
159300;;;UV_VISOR_YELLOW;XIRECS;11603.0;4;3;4
159800;;SUBMISSION;PEBBLES_XL;XIRECS;13692.0;5;3;4
160800;SUBMISSION;;GALAXY_SOUNDS_BLACK_HOLES;XIRECS;11441.0;5;3;4
161400;SUBMISSION;;SNACKPACK_STRAWBERRY;XIRECS;10919.0;2;3;4
161400;SUBMISSION;;SNACKPACK_PISTACHIO;XIRECS;9668.0;2;3;4
161400;SUBMISSION;;SNACKPACK_VANILLA;XIRECS;10017.0;2;3;4
161400;;;GALAXY_SOUNDS_BLACK_HOLES;XIRECS;11415.0;2;3;4
161400;;;GALAXY_SOUNDS_DARK_MATTER;XIRECS;10129.0;2;3;4
161400;;;GALAXY_SOUNDS_PLANETARY_RINGS;XIRECS;11343.0;2;3;4
161400;;;GALAXY_SOUNDS_SOLAR_FLAMES;XIRECS;11642.0;2;3;4
161400;;;GALAXY_SOUNDS_SOLAR_WINDS;XIRECS;9761.0;2;3;4
161400;;;OXYGEN_SHAKE_CHOCOLATE;XIRECS;9342.0;2;3;4
161400;;;OXYGEN_SHAKE_EVENING_BREATH;XIRECS;9064.0;2;3;4
161400;;;OXYGEN_SHAKE_GARLIC;XIRECS;11969.0;2;3;4
161400;;;OXYGEN_SHAKE_MINT;XIRECS;9949.0;2;3;4
161400;;;OXYGEN_SHAKE_MORNING_BREATH;XIRECS;10888.0;2;3;4
161400;;;PANEL_1X2;XIRECS;7879.0;2;3;4
161400;;;PANEL_1X4;XIRECS;10402.0;2;3;4
161400;;;PANEL_2X2;XIRECS;9829.0;2;3;4
161400;;;PANEL_2X4;XIRECS;10983.0;2;3;4
161400;;;PANEL_4X4;XIRECS;9261.0;2;3;4
161400;;;ROBOT_DISHES;XIRECS;9900.0;2;3;4
161400;;;ROBOT_IRONING;XIRECS;9217.0;2;3;4
161400;;;ROBOT_LAUNDRY;XIRECS;10561.0;2;3;4
161400;;;ROBOT_MOPPING;XIRECS;9810.0;2;3;4
161400;;;ROBOT_VACUUMING;XIRECS;9767.0;2;3;4
161400;;;SLEEP_POD_COTTON;XIRECS;10864.0;2;3;4
161400;;;SLEEP_POD_LAMB_WOOL;XIRECS;10000.0;2;3;4
161400;;;SLEEP_POD_NYLON;XIRECS;8673.0;2;3;4
161400;;;SLEEP_POD_POLYESTER;XIRECS;11814.0;2;3;4
161400;;;SLEEP_POD_SUEDE;XIRECS;11184.0;2;3;4
161400;;;SNACKPACK_CHOCOLATE;XIRECS;9908.0;2;3;4
161400;;;SNACKPACK_RASPBERRY;XIRECS;9956.0;2;3;4
161400;;;TRANSLATOR_ASTRO_BLACK;XIRECS;9371.0;2;3;4
161400;;;TRANSLATOR_ECLIPSE_CHARCOAL;XIRECS;10213.0;2;3;4
161400;;;TRANSLATOR_GRAPHITE_MIST;XIRECS;9627.0;2;3;4
161400;;;TRANSLATOR_SPACE_GRAY;XIRECS;8982.0;2;3;4
161400;;;TRANSLATOR_VOID_BLUE;XIRECS;11584.0;2;3;4
161400;;;UV_VISOR_AMBER;XIRECS;7776.0;2;3;4
161400;;;UV_VISOR_MAGENTA;XIRECS;11115.0;2;3;4
161400;;;UV_VISOR_ORANGE;XIRECS;10773.0;2;3;4
161400;;;UV_VISOR_RED;XIRECS;10388.0;2;3;4
161400;;;UV_VISOR_YELLOW;XIRECS;11654.0;2;3;4
162400;;SUBMISSION;PEBBLES_XL;XIRECS;13734.0;8;3;4
162800;;;MICROCHIP_CIRCLE;XIRECS;9365.0;1;3;4
162800;;;MICROCHIP_OVAL;XIRECS;9442.0;1;3;4
162800;;;MICROCHIP_RECTANGLE;XIRECS;9131.0;1;3;4
162800;;;MICROCHIP_SQUARE;XIRECS;13240.0;1;3;4
162800;;;MICROCHIP_TRIANGLE;XIRECS;10468.0;1;3;4
163200;SUBMISSION;;GALAXY_SOUNDS_BLACK_HOLES;XIRECS;11494.0;5;3;4
163500;;SUBMISSION;PEBBLES_XL;XIRECS;13731.0;2;3;4
163500;;;PEBBLES_L;XIRECS;10272.0;4;3;4
163500;;;PEBBLES_M;XIRECS;8943.0;4;3;4
163500;;;PEBBLES_S;XIRECS;9273.0;4;3;4
163500;;;PEBBLES_XS;XIRECS;7813.0;4;3;4
163900;;;MICROCHIP_CIRCLE;XIRECS;9381.0;3;3;4
163900;;;MICROCHIP_OVAL;XIRECS;9501.0;3;3;4
163900;;;MICROCHIP_RECTANGLE;XIRECS;9092.0;3;3;4
163900;;;MICROCHIP_SQUARE;XIRECS;13230.0;3;3;4
163900;;;MICROCHIP_TRIANGLE;XIRECS;10490.0;3;3;4
164500;;;MICROCHIP_CIRCLE;XIRECS;9350.0;1;3;4
164500;;;MICROCHIP_OVAL;XIRECS;9508.0;1;3;4
164500;;;MICROCHIP_RECTANGLE;XIRECS;9083.0;1;3;4
164500;;;MICROCHIP_SQUARE;XIRECS;13205.0;1;3;4
164500;;;MICROCHIP_TRIANGLE;XIRECS;10502.0;1;3;4
165600;;;MICROCHIP_CIRCLE;XIRECS;9354.0;2;3;4
165600;;;MICROCHIP_OVAL;XIRECS;9562.0;2;3;4
165600;;;MICROCHIP_RECTANGLE;XIRECS;9080.0;2;3;4
165600;;;MICROCHIP_SQUARE;XIRECS;13135.0;2;3;4
165600;;;MICROCHIP_TRIANGLE;XIRECS;10590.0;2;3;4
165800;;SUBMISSION;PEBBLES_XL;XIRECS;13504.0;5;3;4
165900;;;GALAXY_SOUNDS_BLACK_HOLES;XIRECS;11547.0;1;3;4
165900;;;GALAXY_SOUNDS_DARK_MATTER;XIRECS;10205.0;1;3;4
165900;;;GALAXY_SOUNDS_PLANETARY_RINGS;XIRECS;11353.0;1;3;4
165900;;;GALAXY_SOUNDS_SOLAR_FLAMES;XIRECS;11722.0;1;3;4
165900;;;GALAXY_SOUNDS_SOLAR_WINDS;XIRECS;9701.0;1;3;4
165900;;;OXYGEN_SHAKE_CHOCOLATE;XIRECS;9313.0;1;3;4
165900;;;OXYGEN_SHAKE_EVENING_BREATH;XIRECS;9116.0;1;3;4
165900;;;OXYGEN_SHAKE_GARLIC;XIRECS;11983.0;1;3;4
165900;;;OXYGEN_SHAKE_MINT;XIRECS;9953.0;1;3;4
165900;;;OXYGEN_SHAKE_MORNING_BREATH;XIRECS;10837.0;1;3;4
165900;;;PANEL_1X2;XIRECS;7867.0;1;3;4
165900;;;PANEL_1X4;XIRECS;10348.0;1;3;4
165900;;;PANEL_2X2;XIRECS;9898.0;1;3;4
165900;;;PANEL_2X4;XIRECS;10943.0;1;3;4
165900;;;PANEL_4X4;XIRECS;9256.0;1;3;4
165900;;;ROBOT_DISHES;XIRECS;9776.0;1;3;4
165900;;;ROBOT_IRONING;XIRECS;9313.0;1;3;4
165900;;;ROBOT_LAUNDRY;XIRECS;10370.0;1;3;4
165900;;;ROBOT_MOPPING;XIRECS;9776.0;1;3;4
165900;;;ROBOT_VACUUMING;XIRECS;9740.0;1;3;4
165900;;;SLEEP_POD_COTTON;XIRECS;10922.0;1;3;4
165900;;;SLEEP_POD_LAMB_WOOL;XIRECS;9991.0;1;3;4
165900;;;SLEEP_POD_NYLON;XIRECS;8742.0;1;3;4
165900;;;SLEEP_POD_POLYESTER;XIRECS;11898.0;1;3;4
165900;;;SLEEP_POD_SUEDE;XIRECS;11174.0;1;3;4
165900;;;SNACKPACK_CHOCOLATE;XIRECS;9994.0;1;3;4
165900;;;SNACKPACK_PISTACHIO;XIRECS;9691.0;1;3;4
165900;;;SNACKPACK_RASPBERRY;XIRECS;9945.0;1;3;4
165900;;;SNACKPACK_STRAWBERRY;XIRECS;10958.0;1;3;4
165900;;;SNACKPACK_VANILLA;XIRECS;9977.0;1;3;4
165900;;;TRANSLATOR_ASTRO_BLACK;XIRECS;9445.0;1;3;4
165900;;;TRANSLATOR_ECLIPSE_CHARCOAL;XIRECS;10296.0;1;3;4
165900;;;TRANSLATOR_GRAPHITE_MIST;XIRECS;9479.0;1;3;4
165900;;;TRANSLATOR_SPACE_GRAY;XIRECS;8959.0;1;3;4
165900;;;TRANSLATOR_VOID_BLUE;XIRECS;11487.0;1;3;4
165900;;;UV_VISOR_AMBER;XIRECS;7744.0;1;3;4
165900;;;UV_VISOR_MAGENTA;XIRECS;11013.0;1;3;4
165900;;;UV_VISOR_ORANGE;XIRECS;10776.0;1;3;4
165900;;;UV_VISOR_RED;XIRECS;10514.0;1;3;4
165900;;;UV_VISOR_YELLOW;XIRECS;11716.0;1;3;4
166100;;;GALAXY_SOUNDS_BLACK_HOLES;XIRECS;11573.0;2;3;4
166100;;;GALAXY_SOUNDS_DARK_MATTER;XIRECS;10210.0;2;3;4
166100;;;GALAXY_SOUNDS_PLANETARY_RINGS;XIRECS;11351.0;2;3;4
166100;;;GALAXY_SOUNDS_SOLAR_FLAMES;XIRECS;11722.0;2;3;4
166100;;;GALAXY_SOUNDS_SOLAR_WINDS;XIRECS;9691.0;2;3;4
166100;;;OXYGEN_SHAKE_CHOCOLATE;XIRECS;9308.0;2;3;4
166100;;;OXYGEN_SHAKE_EVENING_BREATH;XIRECS;9126.0;2;3;4
166100;;;OXYGEN_SHAKE_GARLIC;XIRECS;11965.0;2;3;4
166100;;;OXYGEN_SHAKE_MINT;XIRECS;9958.0;2;3;4
166100;;;OXYGEN_SHAKE_MORNING_BREATH;XIRECS;10831.0;2;3;4
166100;;;PANEL_1X2;XIRECS;7871.0;2;3;4
166100;;;PANEL_1X4;XIRECS;10338.0;2;3;4
166100;;;PANEL_2X2;XIRECS;9878.0;2;3;4
166100;;;PANEL_2X4;XIRECS;10919.0;2;3;4
166100;;;PANEL_4X4;XIRECS;9261.0;2;3;4
166100;;;ROBOT_DISHES;XIRECS;9791.0;2;3;4
166100;;;ROBOT_IRONING;XIRECS;9323.0;2;3;4
166100;;;ROBOT_LAUNDRY;XIRECS;10392.0;2;3;4
166100;;;ROBOT_MOPPING;XIRECS;9788.0;2;3;4
166100;;;ROBOT_VACUUMING;XIRECS;9731.0;2;3;4
166100;;;SLEEP_POD_COTTON;XIRECS;10938.0;2;3;4
166100;;;SLEEP_POD_LAMB_WOOL;XIRECS;9972.0;2;3;4
166100;;;SLEEP_POD_NYLON;XIRECS;8749.0;2;3;4
166100;;;SLEEP_POD_POLYESTER;XIRECS;11907.0;2;3;4
166100;;;SLEEP_POD_SUEDE;XIRECS;11184.0;2;3;4
166100;;;SNACKPACK_CHOCOLATE;XIRECS;10006.0;2;3;4
166100;;;SNACKPACK_PISTACHIO;XIRECS;9680.0;2;3;4
166100;;;SNACKPACK_RASPBERRY;XIRECS;9955.0;2;3;4
166100;;;SNACKPACK_STRAWBERRY;XIRECS;10945.0;2;3;4
166100;;;SNACKPACK_VANILLA;XIRECS;9970.0;2;3;4
166100;;;TRANSLATOR_ASTRO_BLACK;XIRECS;9438.0;2;3;4
166100;;;TRANSLATOR_ECLIPSE_CHARCOAL;XIRECS;10313.0;2;3;4
166100;;;TRANSLATOR_GRAPHITE_MIST;XIRECS;9479.0;2;3;4
166100;;;TRANSLATOR_SPACE_GRAY;XIRECS;8951.0;2;3;4
166100;;;TRANSLATOR_VOID_BLUE;XIRECS;11499.0;2;3;4
166100;;;UV_VISOR_AMBER;XIRECS;7754.0;2;3;4
166100;;;UV_VISOR_MAGENTA;XIRECS;11025.0;2;3;4
166100;;;UV_VISOR_ORANGE;XIRECS;10773.0;2;3;4
166100;;;UV_VISOR_RED;XIRECS;10510.0;2;3;4
166100;;;UV_VISOR_YELLOW;XIRECS;11669.0;2;3;4
166600;SUBMISSION;;PEBBLES_XL;XIRECS;13342.0;2;3;4
166600;;;PEBBLES_L;XIRECS;10269.0;5;3;4
166600;;;PEBBLES_M;XIRECS;9058.0;5;3;4
166600;;;PEBBLES_S;XIRECS;9299.0;5;3;4
166600;;;PEBBLES_XS;XIRECS;8000.0;5;3;4
166900;SUBMISSION;;SLEEP_POD_COTTON;XIRECS;10923.0;5;3;4
167100;;;GALAXY_SOUNDS_BLACK_HOLES;XIRECS;11593.0;4;3;4
167100;;;GALAXY_SOUNDS_DARK_MATTER;XIRECS;10192.0;4;3;4
167100;;;GALAXY_SOUNDS_PLANETARY_RINGS;XIRECS;11391.0;4;3;4
167100;;;GALAXY_SOUNDS_SOLAR_FLAMES;XIRECS;11779.0;4;3;4
167100;;;GALAXY_SOUNDS_SOLAR_WINDS;XIRECS;9684.0;4;3;4
167100;;;OXYGEN_SHAKE_CHOCOLATE;XIRECS;9315.0;4;3;4
167100;;;OXYGEN_SHAKE_EVENING_BREATH;XIRECS;9126.0;4;3;4
167100;;;OXYGEN_SHAKE_GARLIC;XIRECS;11951.0;4;3;4
167100;;;OXYGEN_SHAKE_MINT;XIRECS;9950.0;4;3;4
167100;;;OXYGEN_SHAKE_MORNING_BREATH;XIRECS;10865.0;4;3;4
167100;;;PANEL_1X2;XIRECS;7851.0;4;3;4
167100;;;PANEL_1X4;XIRECS;10310.0;4;3;4
167100;;;PANEL_2X2;XIRECS;9913.0;4;3;4
167100;;;PANEL_2X4;XIRECS;10948.0;4;3;4
167100;;;PANEL_4X4;XIRECS;9250.0;4;3;4
167100;;;ROBOT_DISHES;XIRECS;9779.0;4;3;4
167100;;;ROBOT_IRONING;XIRECS;9263.0;4;3;4
167100;;;ROBOT_LAUNDRY;XIRECS;10381.0;4;3;4
167100;;;ROBOT_MOPPING;XIRECS;9778.0;4;3;4
167100;;;ROBOT_VACUUMING;XIRECS;9777.0;4;3;4
167100;;;SLEEP_POD_COTTON;XIRECS;10930.0;4;3;4
167100;;;SLEEP_POD_LAMB_WOOL;XIRECS;9954.0;4;3;4
167100;;;SLEEP_POD_NYLON;XIRECS;8785.0;4;3;4
167100;;;SLEEP_POD_POLYESTER;XIRECS;11886.0;4;3;4
167100;;;SLEEP_POD_SUEDE;XIRECS;11182.0;4;3;4
167100;;;SNACKPACK_CHOCOLATE;XIRECS;9993.0;4;3;4
167100;;;SNACKPACK_PISTACHIO;XIRECS;9673.0;4;3;4
167100;;;SNACKPACK_RASPBERRY;XIRECS;9949.0;4;3;4
167100;;;SNACKPACK_STRAWBERRY;XIRECS;10941.0;4;3;4
167100;;;SNACKPACK_VANILLA;XIRECS;9983.0;4;3;4
167100;;;TRANSLATOR_ASTRO_BLACK;XIRECS;9380.0;4;3;4
167100;;;TRANSLATOR_ECLIPSE_CHARCOAL;XIRECS;10316.0;4;3;4
167100;;;TRANSLATOR_GRAPHITE_MIST;XIRECS;9502.0;4;3;4
167100;;;TRANSLATOR_SPACE_GRAY;XIRECS;8940.0;4;3;4
167100;;;TRANSLATOR_VOID_BLUE;XIRECS;11472.0;4;3;4
167100;;;UV_VISOR_AMBER;XIRECS;7725.0;4;3;4
167100;;;UV_VISOR_MAGENTA;XIRECS;10992.0;4;3;4
167100;;;UV_VISOR_ORANGE;XIRECS;10793.0;4;3;4
167100;;;UV_VISOR_RED;XIRECS;10470.0;4;3;4
167100;;;UV_VISOR_YELLOW;XIRECS;11765.0;4;3;4
167600;SUBMISSION;;PEBBLES_XL;XIRECS;13449.0;7;3;4
167600;SUBMISSION;;PEBBLES_XL;XIRECS;13458.0;11;3;4
168800;SUBMISSION;;SNACKPACK_STRAWBERRY;XIRECS;10938.0;2;3;4
168800;SUBMISSION;;SNACKPACK_PISTACHIO;XIRECS;9667.0;2;3;4
168800;SUBMISSION;;SNACKPACK_VANILLA;XIRECS;9939.0;2;3;4
168800;;;GALAXY_SOUNDS_BLACK_HOLES;XIRECS;11557.0;3;3;4
168800;;;GALAXY_SOUNDS_DARK_MATTER;XIRECS;10215.0;3;3;4
168800;;;GALAXY_SOUNDS_PLANETARY_RINGS;XIRECS;11253.0;3;3;4
168800;;;GALAXY_SOUNDS_SOLAR_FLAMES;XIRECS;11758.0;3;3;4
168800;;;GALAXY_SOUNDS_SOLAR_WINDS;XIRECS;9697.0;3;3;4
168800;;;OXYGEN_SHAKE_CHOCOLATE;XIRECS;9347.0;3;3;4
168800;;;OXYGEN_SHAKE_EVENING_BREATH;XIRECS;9134.0;3;3;4
168800;;;OXYGEN_SHAKE_GARLIC;XIRECS;11946.0;3;3;4
168800;;;OXYGEN_SHAKE_MINT;XIRECS;10003.0;3;3;4
168800;;;OXYGEN_SHAKE_MORNING_BREATH;XIRECS;10828.0;3;3;4
168800;;;PANEL_1X2;XIRECS;7890.0;3;3;4
168800;;;PANEL_1X4;XIRECS;10345.0;3;3;4
168800;;;PANEL_2X2;XIRECS;9923.0;3;3;4
168800;;;PANEL_2X4;XIRECS;10958.0;3;3;4
168800;;;PANEL_4X4;XIRECS;9249.0;3;3;4
168800;;;ROBOT_DISHES;XIRECS;9711.0;3;3;4
168800;;;ROBOT_IRONING;XIRECS;9337.0;3;3;4
168800;;;ROBOT_LAUNDRY;XIRECS;10364.0;3;3;4
168800;;;ROBOT_MOPPING;XIRECS;9778.0;3;3;4
168800;;;ROBOT_VACUUMING;XIRECS;9737.0;3;3;4
168800;;;SLEEP_POD_COTTON;XIRECS;10904.0;3;3;4
168800;;;SLEEP_POD_LAMB_WOOL;XIRECS;9969.0;3;3;4
168800;;;SLEEP_POD_NYLON;XIRECS;8768.0;3;3;4
168800;;;SLEEP_POD_POLYESTER;XIRECS;11965.0;3;3;4
168800;;;SLEEP_POD_SUEDE;XIRECS;11203.0;3;3;4
168800;;;SNACKPACK_CHOCOLATE;XIRECS;10002.0;3;3;4
168800;;;SNACKPACK_RASPBERRY;XIRECS;9918.0;3;3;4
168800;;;TRANSLATOR_ASTRO_BLACK;XIRECS;9349.0;3;3;4
168800;;;TRANSLATOR_ECLIPSE_CHARCOAL;XIRECS;10400.0;3;3;4
168800;;;TRANSLATOR_GRAPHITE_MIST;XIRECS;9504.0;3;3;4
168800;;;TRANSLATOR_SPACE_GRAY;XIRECS;8955.0;3;3;4
168800;;;TRANSLATOR_VOID_BLUE;XIRECS;11433.0;3;3;4
168800;;;UV_VISOR_AMBER;XIRECS;7716.0;3;3;4
168800;;;UV_VISOR_MAGENTA;XIRECS;10995.0;3;3;4
168800;;;UV_VISOR_ORANGE;XIRECS;10673.0;3;3;4
168800;;;UV_VISOR_RED;XIRECS;10475.0;3;3;4
168800;;;UV_VISOR_YELLOW;XIRECS;11730.0;3;3;4
169000;;SUBMISSION;GALAXY_SOUNDS_PLANETARY_RINGS;XIRECS;11263.0;5;3;4
170200;;SUBMISSION;PEBBLES_XL;XIRECS;13439.0;3;3;4
170700;;;GALAXY_SOUNDS_BLACK_HOLES;XIRECS;11595.0;4;3;4
170700;;;GALAXY_SOUNDS_DARK_MATTER;XIRECS;10375.0;4;3;4
170700;;;GALAXY_SOUNDS_PLANETARY_RINGS;XIRECS;11256.0;4;3;4
170700;;;GALAXY_SOUNDS_SOLAR_FLAMES;XIRECS;11702.0;4;3;4
170700;;;GALAXY_SOUNDS_SOLAR_WINDS;XIRECS;9708.0;4;3;4
170700;;;OXYGEN_SHAKE_CHOCOLATE;XIRECS;9371.0;4;3;4
170700;;;OXYGEN_SHAKE_EVENING_BREATH;XIRECS;9124.0;4;3;4
170700;;;OXYGEN_SHAKE_GARLIC;XIRECS;11949.0;4;3;4
170700;;;OXYGEN_SHAKE_MINT;XIRECS;10042.0;4;3;4
170700;;;OXYGEN_SHAKE_MORNING_BREATH;XIRECS;10855.0;4;3;4
170700;;;PANEL_1X2;XIRECS;7875.0;4;3;4
170700;;;PANEL_1X4;XIRECS;10282.0;4;3;4
170700;;;PANEL_2X2;XIRECS;9973.0;4;3;4
170700;;;PANEL_2X4;XIRECS;11004.0;4;3;4
170700;;;PANEL_4X4;XIRECS;9217.0;4;3;4
170700;;;ROBOT_DISHES;XIRECS;9789.0;4;3;4
170700;;;ROBOT_IRONING;XIRECS;9287.0;4;3;4
170700;;;ROBOT_LAUNDRY;XIRECS;10438.0;4;3;4
170700;;;ROBOT_MOPPING;XIRECS;9737.0;4;3;4
170700;;;ROBOT_VACUUMING;XIRECS;9758.0;4;3;4
170700;;;SLEEP_POD_COTTON;XIRECS;10911.0;4;3;4
170700;;;SLEEP_POD_LAMB_WOOL;XIRECS;9956.0;4;3;4
170700;;;SLEEP_POD_NYLON;XIRECS;8776.0;4;3;4
170700;;;SLEEP_POD_POLYESTER;XIRECS;11946.0;4;3;4
170700;;;SLEEP_POD_SUEDE;XIRECS;11120.0;4;3;4
170700;;;SNACKPACK_CHOCOLATE;XIRECS;10033.0;4;3;4
170700;;;SNACKPACK_PISTACHIO;XIRECS;9696.0;4;3;4
170700;;;SNACKPACK_RASPBERRY;XIRECS;9890.0;4;3;4
170700;;;SNACKPACK_STRAWBERRY;XIRECS;10970.0;4;3;4
170700;;;SNACKPACK_VANILLA;XIRECS;9905.0;4;3;4
170700;;;TRANSLATOR_ASTRO_BLACK;XIRECS;9316.0;4;3;4
170700;;;TRANSLATOR_ECLIPSE_CHARCOAL;XIRECS;10392.0;4;3;4
170700;;;TRANSLATOR_GRAPHITE_MIST;XIRECS;9510.0;4;3;4
170700;;;TRANSLATOR_SPACE_GRAY;XIRECS;8972.0;4;3;4
170700;;;TRANSLATOR_VOID_BLUE;XIRECS;11440.0;4;3;4
170700;;;UV_VISOR_AMBER;XIRECS;7745.0;4;3;4
170700;;;UV_VISOR_MAGENTA;XIRECS;10958.0;4;3;4
170700;;;UV_VISOR_ORANGE;XIRECS;10662.0;4;3;4
170700;;;UV_VISOR_RED;XIRECS;10524.0;4;3;4
170700;;;UV_VISOR_YELLOW;XIRECS;11713.0;4;3;4
171600;;;GALAXY_SOUNDS_BLACK_HOLES;XIRECS;11598.0;1;3;4
171600;;;GALAXY_SOUNDS_DARK_MATTER;XIRECS;10372.0;1;3;4
171600;;;GALAXY_SOUNDS_PLANETARY_RINGS;XIRECS;11259.0;1;3;4
171600;;;GALAXY_SOUNDS_SOLAR_FLAMES;XIRECS;11727.0;1;3;4
171600;;;GALAXY_SOUNDS_SOLAR_WINDS;XIRECS;9698.0;1;3;4
171600;;;OXYGEN_SHAKE_CHOCOLATE;XIRECS;9388.0;1;3;4
171600;;;OXYGEN_SHAKE_EVENING_BREATH;XIRECS;9126.0;1;3;4
171600;;;OXYGEN_SHAKE_GARLIC;XIRECS;11941.0;1;3;4
171600;;;OXYGEN_SHAKE_MINT;XIRECS;10071.0;1;3;4
171600;;;OXYGEN_SHAKE_MORNING_BREATH;XIRECS;10838.0;1;3;4
171600;;;PANEL_1X2;XIRECS;7856.0;1;3;4
171600;;;PANEL_1X4;XIRECS;10319.0;1;3;4
171600;;;PANEL_2X2;XIRECS;10023.0;1;3;4
171600;;;PANEL_2X4;XIRECS;11006.0;1;3;4
171600;;;PANEL_4X4;XIRECS;9224.0;1;3;4
171600;;;ROBOT_DISHES;XIRECS;9809.0;1;3;4
171600;;;ROBOT_IRONING;XIRECS;9323.0;1;3;4
171600;;;ROBOT_LAUNDRY;XIRECS;10470.0;1;3;4
171600;;;ROBOT_MOPPING;XIRECS;9742.0;1;3;4
171600;;;ROBOT_VACUUMING;XIRECS;9736.0;1;3;4
171600;;;SLEEP_POD_COTTON;XIRECS;10899.0;1;3;4
171600;;;SLEEP_POD_LAMB_WOOL;XIRECS;9946.0;1;3;4
171600;;;SLEEP_POD_NYLON;XIRECS;8806.0;1;3;4
171600;;;SLEEP_POD_POLYESTER;XIRECS;11974.0;1;3;4
171600;;;SLEEP_POD_SUEDE;XIRECS;11180.0;1;3;4
171600;;;SNACKPACK_CHOCOLATE;XIRECS;10030.0;1;3;4
171600;;;SNACKPACK_PISTACHIO;XIRECS;9719.0;1;3;4
171600;;;SNACKPACK_RASPBERRY;XIRECS;9889.0;1;3;4
171600;;;SNACKPACK_STRAWBERRY;XIRECS;11018.0;1;3;4
171600;;;SNACKPACK_VANILLA;XIRECS;9932.0;1;3;4
171600;;;TRANSLATOR_ASTRO_BLACK;XIRECS;9321.0;1;3;4
171600;;;TRANSLATOR_ECLIPSE_CHARCOAL;XIRECS;10412.0;1;3;4
171600;;;TRANSLATOR_GRAPHITE_MIST;XIRECS;9570.0;1;3;4
171600;;;TRANSLATOR_SPACE_GRAY;XIRECS;9006.0;1;3;4
171600;;;TRANSLATOR_VOID_BLUE;XIRECS;11508.0;1;3;4
171600;;;UV_VISOR_AMBER;XIRECS;7758.0;1;3;4
171600;;;UV_VISOR_MAGENTA;XIRECS;10939.0;1;3;4
171600;;;UV_VISOR_ORANGE;XIRECS;10658.0;1;3;4
171600;;;UV_VISOR_RED;XIRECS;10555.0;1;3;4
171600;;;UV_VISOR_YELLOW;XIRECS;11715.0;1;3;4
172000;;SUBMISSION;GALAXY_SOUNDS_PLANETARY_RINGS;XIRECS;11249.0;5;3;4
172300;;;MICROCHIP_CIRCLE;XIRECS;9301.0;2;3;4
172300;;;MICROCHIP_OVAL;XIRECS;9458.0;2;3;4
172300;;;MICROCHIP_RECTANGLE;XIRECS;9247.0;2;3;4
172300;;;MICROCHIP_SQUARE;XIRECS;13437.0;2;3;4
172300;;;MICROCHIP_TRIANGLE;XIRECS;10659.0;2;3;4
172900;;;PEBBLES_L;XIRECS;10185.0;2;3;4
172900;;;PEBBLES_M;XIRECS;9128.0;2;3;4
172900;;;PEBBLES_S;XIRECS;9297.0;2;3;4
172900;;;PEBBLES_XL;XIRECS;13393.0;2;3;4
172900;;;PEBBLES_XS;XIRECS;7965.0;2;3;4
173800;;SUBMISSION;SNACKPACK_STRAWBERRY;XIRECS;10992.0;4;3;4
173800;;SUBMISSION;SNACKPACK_PISTACHIO;XIRECS;9705.0;4;3;4
173800;;SUBMISSION;SNACKPACK_VANILLA;XIRECS;9986.0;4;3;4
174100;;;GALAXY_SOUNDS_BLACK_HOLES;XIRECS;11574.0;2;3;4
174100;;;GALAXY_SOUNDS_DARK_MATTER;XIRECS;10322.0;2;3;4
174100;;;GALAXY_SOUNDS_PLANETARY_RINGS;XIRECS;11219.0;2;3;4
174100;;;GALAXY_SOUNDS_SOLAR_FLAMES;XIRECS;11784.0;2;3;4
174100;;;GALAXY_SOUNDS_SOLAR_WINDS;XIRECS;9756.0;2;3;4
174100;;;OXYGEN_SHAKE_CHOCOLATE;XIRECS;9340.0;2;3;4
174100;;;OXYGEN_SHAKE_EVENING_BREATH;XIRECS;9190.0;2;3;4
174100;;;OXYGEN_SHAKE_GARLIC;XIRECS;11932.0;2;3;4
174100;;;OXYGEN_SHAKE_MINT;XIRECS;10086.0;2;3;4
174100;;;OXYGEN_SHAKE_MORNING_BREATH;XIRECS;10743.0;2;3;4
174100;;;PANEL_1X2;XIRECS;7854.0;2;3;4
174100;;;PANEL_1X4;XIRECS;10328.0;2;3;4
174100;;;PANEL_2X2;XIRECS;10026.0;2;3;4
174100;;;PANEL_2X4;XIRECS;10951.0;2;3;4
174100;;;PANEL_4X4;XIRECS;9142.0;2;3;4
174100;;;ROBOT_DISHES;XIRECS;9813.0;2;3;4
174100;;;ROBOT_IRONING;XIRECS;9340.0;2;3;4
174100;;;ROBOT_LAUNDRY;XIRECS;10551.0;2;3;4
174100;;;ROBOT_MOPPING;XIRECS;9707.0;2;3;4
174100;;;ROBOT_VACUUMING;XIRECS;9667.0;2;3;4
174100;;;SLEEP_POD_COTTON;XIRECS;10913.0;2;3;4
174100;;;SLEEP_POD_LAMB_WOOL;XIRECS;9913.0;2;3;4
174100;;;SLEEP_POD_NYLON;XIRECS;8848.0;2;3;4
174100;;;SLEEP_POD_POLYESTER;XIRECS;11926.0;2;3;4
174100;;;SLEEP_POD_SUEDE;XIRECS;11121.0;2;3;4
174100;;;SNACKPACK_CHOCOLATE;XIRECS;9961.0;2;3;4
174100;;;SNACKPACK_PISTACHIO;XIRECS;9708.0;2;3;4
174100;;;SNACKPACK_RASPBERRY;XIRECS;9898.0;2;3;4
174100;;;SNACKPACK_STRAWBERRY;XIRECS;10994.0;2;3;4
174100;;;SNACKPACK_VANILLA;XIRECS;9992.0;2;3;4
174100;;;TRANSLATOR_ASTRO_BLACK;XIRECS;9354.0;2;3;4
174100;;;TRANSLATOR_ECLIPSE_CHARCOAL;XIRECS;10438.0;2;3;4
174100;;;TRANSLATOR_GRAPHITE_MIST;XIRECS;9560.0;2;3;4
174100;;;TRANSLATOR_SPACE_GRAY;XIRECS;8976.0;2;3;4
174100;;;TRANSLATOR_VOID_BLUE;XIRECS;11482.0;2;3;4
174100;;;UV_VISOR_AMBER;XIRECS;7770.0;2;3;4
174100;;;UV_VISOR_MAGENTA;XIRECS;10923.0;2;3;4
174100;;;UV_VISOR_ORANGE;XIRECS;10584.0;2;3;4
174100;;;UV_VISOR_RED;XIRECS;10592.0;2;3;4
174100;;;UV_VISOR_YELLOW;XIRECS;11716.0;2;3;4
174800;;SUBMISSION;PEBBLES_XL;XIRECS;13583.0;5;3;4
176400;;SUBMISSION;PEBBLES_XL;XIRECS;13707.0;6;3;4
176500;;SUBMISSION;SLEEP_POD_COTTON;XIRECS;10871.0;5;3;4
177200;SUBMISSION;;SNACKPACK_STRAWBERRY;XIRECS;10969.0;2;3;4
177200;SUBMISSION;;SNACKPACK_PISTACHIO;XIRECS;9696.0;2;3;4
177200;SUBMISSION;;SNACKPACK_VANILLA;XIRECS;9993.0;2;3;4
178900;;SUBMISSION;PEBBLES_XL;XIRECS;13620.0;6;3;4
179300;;;MICROCHIP_CIRCLE;XIRECS;9258.0;1;3;4
179300;;;MICROCHIP_OVAL;XIRECS;9440.0;1;3;4
179300;;;MICROCHIP_RECTANGLE;XIRECS;9110.0;1;3;4
179300;;;MICROCHIP_SQUARE;XIRECS;13595.0;1;3;4
179300;;;MICROCHIP_TRIANGLE;XIRECS;10562.0;1;3;4
179400;;;MICROCHIP_CIRCLE;XIRECS;9247.0;1;3;4
179400;;;MICROCHIP_OVAL;XIRECS;9469.0;1;3;4
179400;;;MICROCHIP_RECTANGLE;XIRECS;9118.0;1;3;4
179400;;;MICROCHIP_SQUARE;XIRECS;13581.0;1;3;4
179400;;;MICROCHIP_TRIANGLE;XIRECS;10565.0;1;3;4
180100;;SUBMISSION;SLEEP_POD_COTTON;XIRECS;10757.0;5;3;4
180700;;;MICROCHIP_CIRCLE;XIRECS;9242.0;3;3;4
180700;;;MICROCHIP_OVAL;XIRECS;9460.0;3;3;4
180700;;;MICROCHIP_RECTANGLE;XIRECS;9060.0;3;3;4
180700;;;MICROCHIP_SQUARE;XIRECS;13630.0;3;3;4
180700;;;MICROCHIP_TRIANGLE;XIRECS;10622.0;3;3;4
180800;SUBMISSION;;SNACKPACK_STRAWBERRY;XIRECS;10965.0;5;3;4
180800;SUBMISSION;;SNACKPACK_PISTACHIO;XIRECS;9686.0;5;3;4
180800;SUBMISSION;;SNACKPACK_VANILLA;XIRECS;9989.0;5;3;4
181100;;SUBMISSION;SNACKPACK_STRAWBERRY;XIRECS;10993.0;2;3;4
181100;;SUBMISSION;SNACKPACK_PISTACHIO;XIRECS;9703.0;2;3;4
181100;;SUBMISSION;SNACKPACK_VANILLA;XIRECS;9987.0;2;3;4
181100;;;GALAXY_SOUNDS_BLACK_HOLES;XIRECS;11720.0;3;3;4
181100;;;GALAXY_SOUNDS_DARK_MATTER;XIRECS;10170.0;3;3;4
181100;;;GALAXY_SOUNDS_PLANETARY_RINGS;XIRECS;11232.0;3;3;4
181100;;;GALAXY_SOUNDS_SOLAR_FLAMES;XIRECS;11943.0;3;3;4
181100;;;GALAXY_SOUNDS_SOLAR_WINDS;XIRECS;9836.0;3;3;4
181100;;;OXYGEN_SHAKE_CHOCOLATE;XIRECS;9372.0;3;3;4
181100;;;OXYGEN_SHAKE_EVENING_BREATH;XIRECS;9296.0;3;3;4
181100;;;OXYGEN_SHAKE_GARLIC;XIRECS;11977.0;3;3;4
181100;;;OXYGEN_SHAKE_MINT;XIRECS;10203.0;3;3;4
181100;;;OXYGEN_SHAKE_MORNING_BREATH;XIRECS;10711.0;3;3;4
181100;;;PANEL_1X2;XIRECS;7801.0;3;3;4
181100;;;PANEL_1X4;XIRECS;10338.0;3;3;4
181100;;;PANEL_2X2;XIRECS;9960.0;3;3;4
181100;;;PANEL_2X4;XIRECS;10720.0;3;3;4
181100;;;PANEL_4X4;XIRECS;9164.0;3;3;4
181100;;;ROBOT_DISHES;XIRECS;9760.0;3;3;4
181100;;;ROBOT_IRONING;XIRECS;9414.0;3;3;4
181100;;;ROBOT_LAUNDRY;XIRECS;10522.0;3;3;4
181100;;;ROBOT_MOPPING;XIRECS;9636.0;3;3;4
181100;;;ROBOT_VACUUMING;XIRECS;9594.0;3;3;4
181100;;;SLEEP_POD_COTTON;XIRECS;10770.0;3;3;4
181100;;;SLEEP_POD_LAMB_WOOL;XIRECS;10024.0;3;3;4
181100;;;SLEEP_POD_NYLON;XIRECS;8970.0;3;3;4
181100;;;SLEEP_POD_POLYESTER;XIRECS;12026.0;3;3;4
181100;;;SLEEP_POD_SUEDE;XIRECS;11202.0;3;3;4
181100;;;SNACKPACK_CHOCOLATE;XIRECS;9961.0;3;3;4
181100;;;SNACKPACK_RASPBERRY;XIRECS;9931.0;3;3;4
181100;;;TRANSLATOR_ASTRO_BLACK;XIRECS;9355.0;3;3;4
181100;;;TRANSLATOR_ECLIPSE_CHARCOAL;XIRECS;10409.0;3;3;4
181100;;;TRANSLATOR_GRAPHITE_MIST;XIRECS;9532.0;3;3;4
181100;;;TRANSLATOR_SPACE_GRAY;XIRECS;9017.0;3;3;4
181100;;;TRANSLATOR_VOID_BLUE;XIRECS;11317.0;3;3;4
181100;;;UV_VISOR_AMBER;XIRECS;7797.0;3;3;4
181100;;;UV_VISOR_MAGENTA;XIRECS;10714.0;3;3;4
181100;;;UV_VISOR_ORANGE;XIRECS;10509.0;3;3;4
181100;;;UV_VISOR_RED;XIRECS;10653.0;3;3;4
181100;;;UV_VISOR_YELLOW;XIRECS;11883.0;3;3;4
181700;SUBMISSION;;PEBBLES_XL;XIRECS;13834.0;4;3;4
181700;SUBMISSION;;PEBBLES_XL;XIRECS;13844.0;11;3;4
181900;;SUBMISSION;PEBBLES_XL;XIRECS;13760.0;4;3;4
182000;;SUBMISSION;SNACKPACK_STRAWBERRY;XIRECS;10997.0;1;3;4
182000;;SUBMISSION;SNACKPACK_PISTACHIO;XIRECS;9699.0;1;3;4
182000;;SUBMISSION;SNACKPACK_VANILLA;XIRECS;9946.0;1;3;4
182000;;;GALAXY_SOUNDS_BLACK_HOLES;XIRECS;11677.0;1;3;4
182000;;;GALAXY_SOUNDS_DARK_MATTER;XIRECS;10184.0;1;3;4
182000;;;GALAXY_SOUNDS_PLANETARY_RINGS;XIRECS;11186.0;1;3;4
182000;;;GALAXY_SOUNDS_SOLAR_FLAMES;XIRECS;11937.0;1;3;4
182000;;;GALAXY_SOUNDS_SOLAR_WINDS;XIRECS;9815.0;1;3;4
182000;;;OXYGEN_SHAKE_CHOCOLATE;XIRECS;9379.0;1;3;4
182000;;;OXYGEN_SHAKE_EVENING_BREATH;XIRECS;9306.0;1;3;4
182000;;;OXYGEN_SHAKE_GARLIC;XIRECS;11971.0;1;3;4
182000;;;OXYGEN_SHAKE_MINT;XIRECS;10214.0;1;3;4
182000;;;OXYGEN_SHAKE_MORNING_BREATH;XIRECS;10636.0;1;3;4
182000;;;PANEL_1X2;XIRECS;7806.0;1;3;4
182000;;;PANEL_1X4;XIRECS;10371.0;1;3;4
182000;;;PANEL_2X2;XIRECS;9952.0;1;3;4
182000;;;PANEL_2X4;XIRECS;10728.0;1;3;4
182000;;;PANEL_4X4;XIRECS;9150.0;1;3;4
182000;;;ROBOT_DISHES;XIRECS;9766.0;1;3;4
182000;;;ROBOT_IRONING;XIRECS;9394.0;1;3;4
182000;;;ROBOT_LAUNDRY;XIRECS;10560.0;1;3;4
182000;;;ROBOT_MOPPING;XIRECS;9612.0;1;3;4
182000;;;ROBOT_VACUUMING;XIRECS;9593.0;1;3;4
182000;;;SLEEP_POD_COTTON;XIRECS;10722.0;1;3;4
182000;;;SLEEP_POD_LAMB_WOOL;XIRECS;10052.0;1;3;4
182000;;;SLEEP_POD_NYLON;XIRECS;8954.0;1;3;4
182000;;;SLEEP_POD_POLYESTER;XIRECS;12042.0;1;3;4
182000;;;SLEEP_POD_SUEDE;XIRECS;11226.0;1;3;4
182000;;;SNACKPACK_CHOCOLATE;XIRECS;9996.0;1;3;4
182000;;;SNACKPACK_RASPBERRY;XIRECS;9923.0;1;3;4
182000;;;TRANSLATOR_ASTRO_BLACK;XIRECS;9350.0;1;3;4
182000;;;TRANSLATOR_ECLIPSE_CHARCOAL;XIRECS;10361.0;1;3;4
182000;;;TRANSLATOR_GRAPHITE_MIST;XIRECS;9603.0;1;3;4
182000;;;TRANSLATOR_SPACE_GRAY;XIRECS;8993.0;1;3;4
182000;;;TRANSLATOR_VOID_BLUE;XIRECS;11291.0;1;3;4
182000;;;UV_VISOR_AMBER;XIRECS;7799.0;1;3;4
182000;;;UV_VISOR_MAGENTA;XIRECS;10680.0;1;3;4
182000;;;UV_VISOR_ORANGE;XIRECS;10513.0;1;3;4
182000;;;UV_VISOR_RED;XIRECS;10667.0;1;3;4
182000;;;UV_VISOR_YELLOW;XIRECS;11822.0;1;3;4
182100;;SUBMISSION;SNACKPACK_STRAWBERRY;XIRECS;10983.0;4;3;4
182100;;SUBMISSION;SNACKPACK_PISTACHIO;XIRECS;9689.0;4;3;4
182100;;SUBMISSION;SNACKPACK_VANILLA;XIRECS;9936.0;4;3;4
182400;;SUBMISSION;SLEEP_POD_COTTON;XIRECS;10697.0;5;3;4
182500;SUBMISSION;;SNACKPACK_STRAWBERRY;XIRECS;11000.0;5;3;4
182500;SUBMISSION;;SNACKPACK_PISTACHIO;XIRECS;9704.0;5;3;4
182500;SUBMISSION;;SNACKPACK_VANILLA;XIRECS;9927.0;5;3;4
182900;SUBMISSION;;PEBBLES_XL;XIRECS;13884.0;4;3;4
182900;SUBMISSION;;PEBBLES_XL;XIRECS;13893.0;5;3;4
183400;;SUBMISSION;SNACKPACK_STRAWBERRY;XIRECS;11018.0;4;3;4
183400;;SUBMISSION;SNACKPACK_PISTACHIO;XIRECS;9720.0;4;3;4
183400;;SUBMISSION;SNACKPACK_VANILLA;XIRECS;9911.0;4;3;4
183600;;;GALAXY_SOUNDS_BLACK_HOLES;XIRECS;11660.0;4;3;4
183600;;;GALAXY_SOUNDS_DARK_MATTER;XIRECS;10173.0;4;3;4
183600;;;GALAXY_SOUNDS_PLANETARY_RINGS;XIRECS;11185.0;4;3;4
183600;;;GALAXY_SOUNDS_SOLAR_FLAMES;XIRECS;11928.0;4;3;4
183600;;;GALAXY_SOUNDS_SOLAR_WINDS;XIRECS;9749.0;4;3;4
183600;;;OXYGEN_SHAKE_CHOCOLATE;XIRECS;9397.0;4;3;4
183600;;;OXYGEN_SHAKE_EVENING_BREATH;XIRECS;9296.0;4;3;4
183600;;;OXYGEN_SHAKE_GARLIC;XIRECS;11998.0;4;3;4
183600;;;OXYGEN_SHAKE_MINT;XIRECS;10187.0;4;3;4
183600;;;OXYGEN_SHAKE_MORNING_BREATH;XIRECS;10583.0;4;3;4
183600;;;PANEL_1X2;XIRECS;7798.0;4;3;4
183600;;;PANEL_1X4;XIRECS;10437.0;4;3;4
183600;;;PANEL_2X2;XIRECS;9966.0;4;3;4
183600;;;PANEL_2X4;XIRECS;10690.0;4;3;4
183600;;;PANEL_4X4;XIRECS;9156.0;4;3;4
183600;;;ROBOT_DISHES;XIRECS;9780.0;4;3;4
183600;;;ROBOT_IRONING;XIRECS;9394.0;4;3;4
183600;;;ROBOT_LAUNDRY;XIRECS;10517.0;4;3;4
183600;;;ROBOT_MOPPING;XIRECS;9662.0;4;3;4
183600;;;ROBOT_VACUUMING;XIRECS;9612.0;4;3;4
183600;;;SLEEP_POD_COTTON;XIRECS;10661.0;4;3;4
183600;;;SLEEP_POD_LAMB_WOOL;XIRECS;10000.0;4;3;4
183600;;;SLEEP_POD_NYLON;XIRECS;8945.0;4;3;4
183600;;;SLEEP_POD_POLYESTER;XIRECS;12203.0;4;3;4
183600;;;SLEEP_POD_SUEDE;XIRECS;11200.0;4;3;4
183600;;;SNACKPACK_CHOCOLATE;XIRECS;10023.0;4;3;4
183600;;;SNACKPACK_PISTACHIO;XIRECS;9737.0;4;3;4
183600;;;SNACKPACK_RASPBERRY;XIRECS;9882.0;4;3;4
183600;;;SNACKPACK_STRAWBERRY;XIRECS;11040.0;4;3;4
183600;;;SNACKPACK_VANILLA;XIRECS;9921.0;4;3;4
183600;;;TRANSLATOR_ASTRO_BLACK;XIRECS;9327.0;4;3;4
183600;;;TRANSLATOR_ECLIPSE_CHARCOAL;XIRECS;10328.0;4;3;4
183600;;;TRANSLATOR_GRAPHITE_MIST;XIRECS;9609.0;4;3;4
183600;;;TRANSLATOR_SPACE_GRAY;XIRECS;9044.0;4;3;4
183600;;;TRANSLATOR_VOID_BLUE;XIRECS;11365.0;4;3;4
183600;;;UV_VISOR_AMBER;XIRECS;7808.0;4;3;4
183600;;;UV_VISOR_MAGENTA;XIRECS;10735.0;4;3;4
183600;;;UV_VISOR_ORANGE;XIRECS;10531.0;4;3;4
183600;;;UV_VISOR_RED;XIRECS;10679.0;4;3;4
183600;;;UV_VISOR_YELLOW;XIRECS;11829.0;4;3;4
184100;;SUBMISSION;PEBBLES_XL;XIRECS;13911.0;2;3;4
184100;;;PEBBLES_L;XIRECS;9912.0;3;3;4
184100;;;PEBBLES_M;XIRECS;9179.0;3;3;4
184100;;;PEBBLES_S;XIRECS;9279.0;3;3;4
184100;;;PEBBLES_XS;XIRECS;7751.0;3;3;4
185600;;SUBMISSION;MICROCHIP_OVAL;XIRECS;9271.0;5;3;4
186500;;SUBMISSION;PEBBLES_XL;XIRECS;13893.0;2;3;4
186500;;;PEBBLES_L;XIRECS;9851.0;3;3;4
186500;;;PEBBLES_M;XIRECS;9231.0;3;3;4
186500;;;PEBBLES_S;XIRECS;9361.0;3;3;4
186500;;;PEBBLES_XS;XIRECS;7695.0;3;3;4
187000;;SUBMISSION;PEBBLES_XL;XIRECS;13951.0;3;3;4
188300;;SUBMISSION;MICROCHIP_OVAL;XIRECS;9264.0;5;3;4
189000;SUBMISSION;;PEBBLES_XL;XIRECS;13637.0;2;3;4
189000;;;PEBBLES_L;XIRECS;9984.0;5;3;4
189000;;;PEBBLES_M;XIRECS;9163.0;5;3;4
189000;;;PEBBLES_S;XIRECS;9359.0;5;3;4
189000;;;PEBBLES_XS;XIRECS;7825.0;5;3;4
189100;SUBMISSION;;SNACKPACK_STRAWBERRY;XIRECS;10975.0;4;3;4
189100;SUBMISSION;;SNACKPACK_PISTACHIO;XIRECS;9707.0;4;3;4
189100;SUBMISSION;;SNACKPACK_VANILLA;XIRECS;9912.0;4;3;4
190100;;;MICROCHIP_CIRCLE;XIRECS;9166.0;1;3;4
190100;;;MICROCHIP_OVAL;XIRECS;9161.0;1;3;4
190100;;;MICROCHIP_RECTANGLE;XIRECS;9186.0;1;3;4
190100;;;MICROCHIP_SQUARE;XIRECS;13790.0;1;3;4
190100;;;MICROCHIP_TRIANGLE;XIRECS;10526.0;1;3;4
190400;;SUBMISSION;MICROCHIP_OVAL;XIRECS;9180.0;5;3;4
191700;;;MICROCHIP_CIRCLE;XIRECS;9138.0;3;3;4
191700;;;MICROCHIP_OVAL;XIRECS;9281.0;3;3;4
191700;;;MICROCHIP_RECTANGLE;XIRECS;9125.0;3;3;4
191700;;;MICROCHIP_SQUARE;XIRECS;13763.0;3;3;4
191700;;;MICROCHIP_TRIANGLE;XIRECS;10481.0;3;3;4
191800;;SUBMISSION;MICROCHIP_CIRCLE;XIRECS;9115.0;5;3;4
192000;;SUBMISSION;PEBBLES_XL;XIRECS;13658.0;2;3;4
192000;;;PEBBLES_L;XIRECS;9988.0;2;3;4
192000;;;PEBBLES_M;XIRECS;9173.0;2;3;4
192000;;;PEBBLES_S;XIRECS;9322.0;2;3;4
192000;;;PEBBLES_XS;XIRECS;7889.0;2;3;4
193200;;SUBMISSION;PEBBLES_XL;XIRECS;13617.0;2;3;4
193200;;;PEBBLES_L;XIRECS;10092.0;4;3;4
193200;;;PEBBLES_M;XIRECS;9083.0;4;3;4
193200;;;PEBBLES_S;XIRECS;9345.0;4;3;4
193200;;;PEBBLES_XS;XIRECS;7895.0;4;3;4
193600;;SUBMISSION;MICROCHIP_CIRCLE;XIRECS;9053.0;5;3;4
194600;;SUBMISSION;MICROCHIP_OVAL;XIRECS;9202.0;4;3;4
194700;;SUBMISSION;MICROCHIP_OVAL;XIRECS;9203.0;1;3;4
194700;SUBMISSION;;SNACKPACK_STRAWBERRY;XIRECS;11022.0;3;3;4
194700;SUBMISSION;;SNACKPACK_PISTACHIO;XIRECS;9722.0;3;3;4
194700;SUBMISSION;;SNACKPACK_VANILLA;XIRECS;9972.0;3;3;4
195700;SUBMISSION;;PEBBLES_XL;XIRECS;13478.0;4;3;4
195700;SUBMISSION;;PEBBLES_XL;XIRECS;13487.0;5;3;4
197700;;SUBMISSION;PEBBLES_XL;XIRECS;13374.0;6;3;4
198200;SUBMISSION;;ROBOT_IRONING;XIRECS;9514.0;5;3;4
198800;;SUBMISSION;SNACKPACK_STRAWBERRY;XIRECS;11007.0;5;3;4
198800;;SUBMISSION;SNACKPACK_PISTACHIO;XIRECS;9737.0;5;3;4
198800;;SUBMISSION;SNACKPACK_VANILLA;XIRECS;9979.0;5;3;4
198900;;;MICROCHIP_CIRCLE;XIRECS;9175.0;2;3;4
198900;;;MICROCHIP_OVAL;XIRECS;9083.0;2;3;4
198900;;;MICROCHIP_RECTANGLE;XIRECS;9072.0;2;3;4
198900;;;MICROCHIP_SQUARE;XIRECS;13893.0;2;3;4
198900;;;MICROCHIP_TRIANGLE;XIRECS;10590.0;2;3;4
199600;;SUBMISSION;PEBBLES_XL;XIRECS;13245.0;4;3;4
199900;SUBMISSION;;ROBOT_IRONING;XIRECS;9504.0;5;3;4
200100;;SUBMISSION;SNACKPACK_STRAWBERRY;XIRECS;10958.0;3;3;4
200100;;SUBMISSION;SNACKPACK_PISTACHIO;XIRECS;9699.0;3;3;4
200100;;SUBMISSION;SNACKPACK_VANILLA;XIRECS;9971.0;3;3;4
200900;;;GALAXY_SOUNDS_BLACK_HOLES;XIRECS;11549.0;2;3;4
200900;;;GALAXY_SOUNDS_DARK_MATTER;XIRECS;10167.0;2;3;4
200900;;;GALAXY_SOUNDS_PLANETARY_RINGS;XIRECS;11305.0;2;3;4
200900;;;GALAXY_SOUNDS_SOLAR_FLAMES;XIRECS;12051.0;2;3;4
200900;;;GALAXY_SOUNDS_SOLAR_WINDS;XIRECS;9613.0;2;3;4
200900;;;OXYGEN_SHAKE_CHOCOLATE;XIRECS;9206.0;2;3;4
200900;;;OXYGEN_SHAKE_EVENING_BREATH;XIRECS;9126.0;2;3;4
200900;;;OXYGEN_SHAKE_GARLIC;XIRECS;12089.0;2;3;4
200900;;;OXYGEN_SHAKE_MINT;XIRECS;10241.0;2;3;4
200900;;;OXYGEN_SHAKE_MORNING_BREATH;XIRECS;10488.0;2;3;4
200900;;;PANEL_1X2;XIRECS;7757.0;2;3;4
200900;;;PANEL_1X4;XIRECS;10450.0;2;3;4
200900;;;PANEL_2X2;XIRECS;10164.0;2;3;4
200900;;;PANEL_2X4;XIRECS;10918.0;2;3;4
200900;;;PANEL_4X4;XIRECS;9255.0;2;3;4
200900;;;ROBOT_DISHES;XIRECS;9907.0;2;3;4
200900;;;ROBOT_IRONING;XIRECS;9474.0;2;3;4
200900;;;ROBOT_LAUNDRY;XIRECS;10427.0;2;3;4
200900;;;ROBOT_MOPPING;XIRECS;9633.0;2;3;4
200900;;;ROBOT_VACUUMING;XIRECS;9369.0;2;3;4
200900;;;SLEEP_POD_COTTON;XIRECS;10779.0;2;3;4
200900;;;SLEEP_POD_LAMB_WOOL;XIRECS;9954.0;2;3;4
200900;;;SLEEP_POD_NYLON;XIRECS;9043.0;2;3;4
200900;;;SLEEP_POD_POLYESTER;XIRECS;12117.0;2;3;4
200900;;;SLEEP_POD_SUEDE;XIRECS;11108.0;2;3;4
200900;;;SNACKPACK_CHOCOLATE;XIRECS;9971.0;2;3;4
200900;;;SNACKPACK_PISTACHIO;XIRECS;9709.0;2;3;4
200900;;;SNACKPACK_RASPBERRY;XIRECS;9930.0;2;3;4
200900;;;SNACKPACK_STRAWBERRY;XIRECS;10977.0;2;3;4
200900;;;SNACKPACK_VANILLA;XIRECS;9965.0;2;3;4
200900;;;TRANSLATOR_ASTRO_BLACK;XIRECS;9400.0;2;3;4
200900;;;TRANSLATOR_ECLIPSE_CHARCOAL;XIRECS;10339.0;2;3;4
200900;;;TRANSLATOR_GRAPHITE_MIST;XIRECS;9727.0;2;3;4
200900;;;TRANSLATOR_SPACE_GRAY;XIRECS;8963.0;2;3;4
200900;;;TRANSLATOR_VOID_BLUE;XIRECS;11246.0;2;3;4
200900;;;UV_VISOR_AMBER;XIRECS;7846.0;2;3;4
200900;;;UV_VISOR_MAGENTA;XIRECS;10773.0;2;3;4
200900;;;UV_VISOR_ORANGE;XIRECS;10617.0;2;3;4
200900;;;UV_VISOR_RED;XIRECS;10638.0;2;3;4
200900;;;UV_VISOR_YELLOW;XIRECS;11736.0;2;3;4
201300;;;MICROCHIP_CIRCLE;XIRECS;9151.0;1;3;4
201300;;;MICROCHIP_OVAL;XIRECS;9016.0;1;3;4
201300;;;MICROCHIP_RECTANGLE;XIRECS;9026.0;1;3;4
201300;;;MICROCHIP_SQUARE;XIRECS;13978.0;1;3;4
201300;;;MICROCHIP_TRIANGLE;XIRECS;10512.0;1;3;4
202200;SUBMISSION;;SNACKPACK_STRAWBERRY;XIRECS;10958.0;5;3;4
202200;SUBMISSION;;SNACKPACK_PISTACHIO;XIRECS;9687.0;5;3;4
202200;SUBMISSION;;SNACKPACK_VANILLA;XIRECS;9933.0;5;3;4
203300;SUBMISSION;;SNACKPACK_STRAWBERRY;XIRECS;10928.0;3;3;4
203300;SUBMISSION;;SNACKPACK_PISTACHIO;XIRECS;9658.0;3;3;4
203300;SUBMISSION;;SNACKPACK_VANILLA;XIRECS;9959.0;3;3;4
203900;SUBMISSION;;ROBOT_IRONING;XIRECS;9544.0;5;3;4
203900;SUBMISSION;;SLEEP_POD_COTTON;XIRECS;10824.0;5;3;4
204800;SUBMISSION;;PEBBLES_XL;XIRECS;13814.0;2;3;4
204800;;;PEBBLES_L;XIRECS;10027.0;2;3;4
204800;;;PEBBLES_M;XIRECS;9216.0;2;3;4
204800;;;PEBBLES_S;XIRECS;9194.0;2;3;4
204800;;;PEBBLES_XS;XIRECS;7718.0;2;3;4
205400;;SUBMISSION;SNACKPACK_STRAWBERRY;XIRECS;10986.0;4;3;4
205400;;SUBMISSION;SNACKPACK_PISTACHIO;XIRECS;9688.0;4;3;4
205400;;SUBMISSION;SNACKPACK_VANILLA;XIRECS;9998.0;4;3;4
205600;;SUBMISSION;GALAXY_SOUNDS_BLACK_HOLES;XIRECS;11376.0;5;3;4
205800;;SUBMISSION;PEBBLES_XL;XIRECS;13697.0;2;3;4
205800;;;PEBBLES_L;XIRECS;10027.0;3;3;4
205800;;;PEBBLES_M;XIRECS;9259.0;3;3;4
205800;;;PEBBLES_S;XIRECS;9250.0;3;3;4
205800;;;PEBBLES_XS;XIRECS;7798.0;3;3;4
205900;SUBMISSION;;PEBBLES_XL;XIRECS;13647.0;2;3;4
205900;;;PEBBLES_L;XIRECS;10026.0;4;3;4
205900;;;PEBBLES_M;XIRECS;9267.0;4;3;4
205900;;;PEBBLES_S;XIRECS;9247.0;4;3;4
205900;;;PEBBLES_XS;XIRECS;7781.0;4;3;4
206300;SUBMISSION;;SNACKPACK_STRAWBERRY;XIRECS;10988.0;4;3;4
206300;SUBMISSION;;SNACKPACK_PISTACHIO;XIRECS;9693.0;4;3;4
206300;SUBMISSION;;SNACKPACK_VANILLA;XIRECS;9967.0;4;3;4
206700;;;GALAXY_SOUNDS_BLACK_HOLES;XIRECS;11407.0;2;3;4
206700;;;GALAXY_SOUNDS_DARK_MATTER;XIRECS;10284.0;2;3;4
206700;;;GALAXY_SOUNDS_PLANETARY_RINGS;XIRECS;11355.0;2;3;4
206700;;;GALAXY_SOUNDS_SOLAR_FLAMES;XIRECS;11911.0;2;3;4
206700;;;GALAXY_SOUNDS_SOLAR_WINDS;XIRECS;9752.0;2;3;4
206700;;;OXYGEN_SHAKE_CHOCOLATE;XIRECS;9194.0;2;3;4
206700;;;OXYGEN_SHAKE_EVENING_BREATH;XIRECS;9084.0;2;3;4
206700;;;OXYGEN_SHAKE_GARLIC;XIRECS;12057.0;2;3;4
206700;;;OXYGEN_SHAKE_MINT;XIRECS;10302.0;2;3;4
206700;;;OXYGEN_SHAKE_MORNING_BREATH;XIRECS;10452.0;2;3;4
206700;;;PANEL_1X2;XIRECS;7662.0;2;3;4
206700;;;PANEL_1X4;XIRECS;10391.0;2;3;4
206700;;;PANEL_2X2;XIRECS;10193.0;2;3;4
206700;;;PANEL_2X4;XIRECS;10887.0;2;3;4
206700;;;PANEL_4X4;XIRECS;9251.0;2;3;4
206700;;;ROBOT_DISHES;XIRECS;9998.0;2;3;4
206700;;;ROBOT_IRONING;XIRECS;9506.0;2;3;4
206700;;;ROBOT_LAUNDRY;XIRECS;10521.0;2;3;4
206700;;;ROBOT_MOPPING;XIRECS;9651.0;2;3;4
206700;;;ROBOT_VACUUMING;XIRECS;9340.0;2;3;4
206700;;;SLEEP_POD_COTTON;XIRECS;10792.0;2;3;4
206700;;;SLEEP_POD_LAMB_WOOL;XIRECS;9904.0;2;3;4
206700;;;SLEEP_POD_NYLON;XIRECS;9057.0;2;3;4
206700;;;SLEEP_POD_POLYESTER;XIRECS;11945.0;2;3;4
206700;;;SLEEP_POD_SUEDE;XIRECS;11206.0;2;3;4
206700;;;SNACKPACK_CHOCOLATE;XIRECS;9953.0;2;3;4
206700;;;SNACKPACK_PISTACHIO;XIRECS;9690.0;2;3;4
206700;;;SNACKPACK_RASPBERRY;XIRECS;9856.0;2;3;4
206700;;;SNACKPACK_STRAWBERRY;XIRECS;10988.0;2;3;4
206700;;;SNACKPACK_VANILLA;XIRECS;9944.0;2;3;4
206700;;;TRANSLATOR_ASTRO_BLACK;XIRECS;9368.0;2;3;4
206700;;;TRANSLATOR_ECLIPSE_CHARCOAL;XIRECS;10433.0;2;3;4
206700;;;TRANSLATOR_GRAPHITE_MIST;XIRECS;9706.0;2;3;4
206700;;;TRANSLATOR_SPACE_GRAY;XIRECS;9015.0;2;3;4
206700;;;TRANSLATOR_VOID_BLUE;XIRECS;11311.0;2;3;4
206700;;;UV_VISOR_AMBER;XIRECS;7873.0;2;3;4
206700;;;UV_VISOR_MAGENTA;XIRECS;10895.0;2;3;4
206700;;;UV_VISOR_ORANGE;XIRECS;10614.0;2;3;4
206700;;;UV_VISOR_RED;XIRECS;10752.0;2;3;4
206700;;;UV_VISOR_YELLOW;XIRECS;11511.0;2;3;4
207400;SUBMISSION;;GALAXY_SOUNDS_PLANETARY_RINGS;XIRECS;11441.0;5;3;4
207600;;;MICROCHIP_CIRCLE;XIRECS;9114.0;2;3;4
207600;;;MICROCHIP_OVAL;XIRECS;8976.0;2;3;4
207600;;;MICROCHIP_RECTANGLE;XIRECS;9123.0;2;3;4
207600;;;MICROCHIP_SQUARE;XIRECS;14102.0;2;3;4
207600;;;MICROCHIP_TRIANGLE;XIRECS;10419.0;2;3;4
207800;SUBMISSION;;PEBBLES_XL;XIRECS;13608.0;4;3;4
207900;;SUBMISSION;SNACKPACK_STRAWBERRY;XIRECS;11023.0;2;3;4
207900;;SUBMISSION;SNACKPACK_PISTACHIO;XIRECS;9729.0;2;3;4
207900;;SUBMISSION;SNACKPACK_VANILLA;XIRECS;9930.0;2;3;4
207900;;SUBMISSION;PEBBLES_XL;XIRECS;13552.0;3;3;4
207900;;;GALAXY_SOUNDS_BLACK_HOLES;XIRECS;11408.0;3;3;4
207900;;;GALAXY_SOUNDS_DARK_MATTER;XIRECS;10292.0;3;3;4
207900;;;GALAXY_SOUNDS_PLANETARY_RINGS;XIRECS;11424.0;3;3;4
207900;;;GALAXY_SOUNDS_SOLAR_FLAMES;XIRECS;11945.0;3;3;4
207900;;;GALAXY_SOUNDS_SOLAR_WINDS;XIRECS;9762.0;3;3;4
207900;;;OXYGEN_SHAKE_CHOCOLATE;XIRECS;9185.0;3;3;4
207900;;;OXYGEN_SHAKE_EVENING_BREATH;XIRECS;9036.0;3;3;4
207900;;;OXYGEN_SHAKE_GARLIC;XIRECS;12099.0;3;3;4
207900;;;OXYGEN_SHAKE_MINT;XIRECS;10320.0;3;3;4
207900;;;OXYGEN_SHAKE_MORNING_BREATH;XIRECS;10515.0;3;3;4
207900;;;PANEL_1X2;XIRECS;7689.0;3;3;4
207900;;;PANEL_1X4;XIRECS;10393.0;3;3;4
207900;;;PANEL_2X2;XIRECS;10240.0;3;3;4
207900;;;PANEL_2X4;XIRECS;10940.0;3;3;4
207900;;;PANEL_4X4;XIRECS;9248.0;3;3;4
207900;;;ROBOT_DISHES;XIRECS;10004.0;3;3;4
207900;;;ROBOT_IRONING;XIRECS;9464.0;3;3;4
207900;;;ROBOT_LAUNDRY;XIRECS;10537.0;3;3;4
207900;;;ROBOT_MOPPING;XIRECS;9682.0;3;3;4
207900;;;ROBOT_VACUUMING;XIRECS;9265.0;3;3;4
207900;;;SLEEP_POD_COTTON;XIRECS;10800.0;3;3;4
207900;;;SLEEP_POD_LAMB_WOOL;XIRECS;9910.0;3;3;4
207900;;;SLEEP_POD_NYLON;XIRECS;9011.0;3;3;4
207900;;;SLEEP_POD_POLYESTER;XIRECS;11983.0;3;3;4
207900;;;SLEEP_POD_SUEDE;XIRECS;11230.0;3;3;4
207900;;;SNACKPACK_CHOCOLATE;XIRECS;9994.0;3;3;4
207900;;;SNACKPACK_RASPBERRY;XIRECS;9854.0;3;3;4
207900;;;TRANSLATOR_ASTRO_BLACK;XIRECS;9353.0;3;3;4
207900;;;TRANSLATOR_ECLIPSE_CHARCOAL;XIRECS;10353.0;3;3;4
207900;;;TRANSLATOR_GRAPHITE_MIST;XIRECS;9776.0;3;3;4
207900;;;TRANSLATOR_SPACE_GRAY;XIRECS;9020.0;3;3;4
207900;;;TRANSLATOR_VOID_BLUE;XIRECS;11261.0;3;3;4
207900;;;UV_VISOR_AMBER;XIRECS;7891.0;3;3;4
207900;;;UV_VISOR_MAGENTA;XIRECS;10915.0;3;3;4
207900;;;UV_VISOR_ORANGE;XIRECS;10591.0;3;3;4
207900;;;UV_VISOR_RED;XIRECS;10743.0;3;3;4
207900;;;UV_VISOR_YELLOW;XIRECS;11552.0;3;3;4
208900;;SUBMISSION;PEBBLES_XL;XIRECS;13629.0;2;3;4
208900;;;PEBBLES_L;XIRECS;10111.0;2;3;4
208900;;;PEBBLES_M;XIRECS;9293.0;2;3;4
208900;;;PEBBLES_S;XIRECS;9301.0;2;3;4
208900;;;PEBBLES_XS;XIRECS;7698.0;2;3;4
209200;SUBMISSION;;SNACKPACK_STRAWBERRY;XIRECS;11035.0;2;3;4
209200;SUBMISSION;;SNACKPACK_PISTACHIO;XIRECS;9733.0;2;3;4
209200;SUBMISSION;;SNACKPACK_VANILLA;XIRECS;9897.0;2;3;4
209300;SUBMISSION;;GALAXY_SOUNDS_PLANETARY_RINGS;XIRECS;11373.0;5;3;4
209600;SUBMISSION;;SLEEP_POD_COTTON;XIRECS;10830.0;5;3;4
209800;;SUBMISSION;GALAXY_SOUNDS_BLACK_HOLES;XIRECS;11356.0;5;3;4
210800;;SUBMISSION;GALAXY_SOUNDS_PLANETARY_RINGS;XIRECS;11282.0;5;3;4
211900;SUBMISSION;;GALAXY_SOUNDS_PLANETARY_RINGS;XIRECS;11373.0;5;3;4
213600;;SUBMISSION;GALAXY_SOUNDS_BLACK_HOLES;XIRECS;11263.0;5;3;4
213900;SUBMISSION;;PEBBLES_XL;XIRECS;13804.0;5;3;4
213900;SUBMISSION;;PEBBLES_XL;XIRECS;13813.0;4;3;4
214600;;SUBMISSION;ROBOT_IRONING;XIRECS;9426.0;5;3;4
214600;SUBMISSION;;MICROCHIP_CIRCLE;XIRECS;9208.0;5;3;4
215300;;SUBMISSION;GALAXY_SOUNDS_BLACK_HOLES;XIRECS;11231.0;5;3;4
215400;SUBMISSION;;GALAXY_SOUNDS_PLANETARY_RINGS;XIRECS;11436.0;5;3;4
216100;;SUBMISSION;PEBBLES_XL;XIRECS;13792.0;2;3;4
216100;;;PEBBLES_L;XIRECS;10099.0;5;3;4
216100;;;PEBBLES_M;XIRECS;9272.0;5;3;4
216100;;;PEBBLES_S;XIRECS;9377.0;5;3;4
216100;;;PEBBLES_XS;XIRECS;7492.0;5;3;4
216300;SUBMISSION;;ROBOT_MOPPING;XIRECS;9831.0;4;3;4
216400;SUBMISSION;;ROBOT_MOPPING;XIRECS;9814.0;1;3;4
216900;;;GALAXY_SOUNDS_BLACK_HOLES;XIRECS;11174.0;2;3;4
216900;;;GALAXY_SOUNDS_DARK_MATTER;XIRECS;10168.0;2;3;4
216900;;;GALAXY_SOUNDS_PLANETARY_RINGS;XIRECS;11394.0;2;3;4
216900;;;GALAXY_SOUNDS_SOLAR_FLAMES;XIRECS;11906.0;2;3;4
216900;;;GALAXY_SOUNDS_SOLAR_WINDS;XIRECS;9982.0;2;3;4
216900;;;OXYGEN_SHAKE_CHOCOLATE;XIRECS;9207.0;2;3;4
216900;;;OXYGEN_SHAKE_EVENING_BREATH;XIRECS;9154.0;2;3;4
216900;;;OXYGEN_SHAKE_GARLIC;XIRECS;11988.0;2;3;4
216900;;;OXYGEN_SHAKE_MINT;XIRECS;10413.0;2;3;4
216900;;;OXYGEN_SHAKE_MORNING_BREATH;XIRECS;10366.0;2;3;4
216900;;;PANEL_1X2;XIRECS;7779.0;2;3;4
216900;;;PANEL_1X4;XIRECS;10341.0;2;3;4
216900;;;PANEL_2X2;XIRECS;10249.0;2;3;4
216900;;;PANEL_2X4;XIRECS;10868.0;2;3;4
216900;;;PANEL_4X4;XIRECS;9267.0;2;3;4
216900;;;ROBOT_DISHES;XIRECS;9983.0;2;3;4
216900;;;ROBOT_IRONING;XIRECS;9426.0;2;3;4
216900;;;ROBOT_LAUNDRY;XIRECS;10518.0;2;3;4
216900;;;ROBOT_MOPPING;XIRECS;9796.0;2;3;4
216900;;;ROBOT_VACUUMING;XIRECS;9228.0;2;3;4
216900;;;SLEEP_POD_COTTON;XIRECS;10921.0;2;3;4
216900;;;SLEEP_POD_LAMB_WOOL;XIRECS;9915.0;2;3;4
216900;;;SLEEP_POD_NYLON;XIRECS;9067.0;2;3;4
216900;;;SLEEP_POD_POLYESTER;XIRECS;11960.0;2;3;4
216900;;;SLEEP_POD_SUEDE;XIRECS;11414.0;2;3;4
216900;;;SNACKPACK_CHOCOLATE;XIRECS;9956.0;2;3;4
216900;;;SNACKPACK_PISTACHIO;XIRECS;9727.0;2;3;4
216900;;;SNACKPACK_RASPBERRY;XIRECS;9837.0;2;3;4
216900;;;SNACKPACK_STRAWBERRY;XIRECS;11037.0;2;3;4
216900;;;SNACKPACK_VANILLA;XIRECS;9931.0;2;3;4
216900;;;TRANSLATOR_ASTRO_BLACK;XIRECS;9316.0;2;3;4
216900;;;TRANSLATOR_ECLIPSE_CHARCOAL;XIRECS;10540.0;2;3;4
216900;;;TRANSLATOR_GRAPHITE_MIST;XIRECS;9878.0;2;3;4
216900;;;TRANSLATOR_SPACE_GRAY;XIRECS;9096.0;2;3;4
216900;;;TRANSLATOR_VOID_BLUE;XIRECS;11209.0;2;3;4
216900;;;UV_VISOR_AMBER;XIRECS;7749.0;2;3;4
216900;;;UV_VISOR_MAGENTA;XIRECS;10809.0;2;3;4
216900;;;UV_VISOR_ORANGE;XIRECS;10736.0;2;3;4
216900;;;UV_VISOR_RED;XIRECS;10806.0;2;3;4
216900;;;UV_VISOR_YELLOW;XIRECS;11470.0;2;3;4
217100;;SUBMISSION;SNACKPACK_STRAWBERRY;XIRECS;11070.0;3;3;4
217100;;SUBMISSION;SNACKPACK_PISTACHIO;XIRECS;9749.0;3;3;4
217100;;SUBMISSION;SNACKPACK_VANILLA;XIRECS;9946.0;3;3;4
217400;SUBMISSION;;SLEEP_POD_COTTON;XIRECS;10959.0;5;3;4
218300;;SUBMISSION;MICROCHIP_CIRCLE;XIRECS;9143.0;5;3;4
218300;SUBMISSION;;PEBBLES_XL;XIRECS;13652.0;2;3;4
219900;;SUBMISSION;PEBBLES_XL;XIRECS;13373.0;2;3;4
219900;;;PEBBLES_L;XIRECS;10178.0;2;3;4
219900;;;PEBBLES_M;XIRECS;9537.0;2;3;4
219900;;;PEBBLES_S;XIRECS;9393.0;2;3;4
219900;;;PEBBLES_XS;XIRECS;7550.0;2;3;4
220600;;SUBMISSION;ROBOT_IRONING;XIRECS;9396.0;5;3;4
220600;SUBMISSION;;SNACKPACK_STRAWBERRY;XIRECS;11077.0;3;3;4
220600;SUBMISSION;;SNACKPACK_PISTACHIO;XIRECS;9748.0;3;3;4
220600;SUBMISSION;;SNACKPACK_VANILLA;XIRECS;9915.0;3;3;4
221200;SUBMISSION;;GALAXY_SOUNDS_PLANETARY_RINGS;XIRECS;11456.0;5;3;4
221400;SUBMISSION;;ROBOT_IRONING;XIRECS;9454.0;5;3;4
221700;SUBMISSION;;ROBOT_MOPPING;XIRECS;9895.0;5;3;4
221900;;SUBMISSION;SNACKPACK_STRAWBERRY;XIRECS;11096.0;5;3;4
221900;;SUBMISSION;SNACKPACK_PISTACHIO;XIRECS;9752.0;5;3;4
221900;;SUBMISSION;SNACKPACK_VANILLA;XIRECS;9879.0;5;3;4
222300;;SUBMISSION;SNACKPACK_STRAWBERRY;XIRECS;11076.0;2;3;4
222300;;SUBMISSION;SNACKPACK_PISTACHIO;XIRECS;9739.0;2;3;4
222300;;SUBMISSION;SNACKPACK_VANILLA;XIRECS;9868.0;2;3;4
222400;;SUBMISSION;MICROCHIP_CIRCLE;XIRECS;9037.0;5;3;4
222400;;;PEBBLES_L;XIRECS;10126.0;3;3;4
222400;;;PEBBLES_M;XIRECS;9603.0;3;3;4
222400;;;PEBBLES_S;XIRECS;9395.0;3;3;4
222400;;;PEBBLES_XL;XIRECS;13334.0;3;3;4
222400;;;PEBBLES_XS;XIRECS;7510.0;3;3;4
222600;;SUBMISSION;PEBBLES_XL;XIRECS;13425.0;6;3;4
223400;;SUBMISSION;PEBBLES_XL;XIRECS;13366.0;5;3;4
223800;;;MICROCHIP_CIRCLE;XIRECS;9038.0;1;3;4
223800;;;MICROCHIP_OVAL;XIRECS;9006.0;1;3;4
223800;;;MICROCHIP_RECTANGLE;XIRECS;9132.0;1;3;4
223800;;;MICROCHIP_SQUARE;XIRECS;14468.0;1;3;4
223800;;;MICROCHIP_TRIANGLE;XIRECS;10238.0;1;3;4
223900;;;MICROCHIP_CIRCLE;XIRECS;9040.0;2;3;4
223900;;;MICROCHIP_OVAL;XIRECS;9016.0;2;3;4
223900;;;MICROCHIP_RECTANGLE;XIRECS;9145.0;2;3;4
223900;;;MICROCHIP_SQUARE;XIRECS;14503.0;2;3;4
223900;;;MICROCHIP_TRIANGLE;XIRECS;10238.0;2;3;4
224000;SUBMISSION;;ROBOT_MOPPING;XIRECS;9950.0;5;3;4
224200;SUBMISSION;;SNACKPACK_STRAWBERRY;XIRECS;11032.0;1;3;4
224200;SUBMISSION;;SNACKPACK_PISTACHIO;XIRECS;9710.0;1;3;4
224200;SUBMISSION;;SNACKPACK_VANILLA;XIRECS;9810.0;1;3;4
224200;;;GALAXY_SOUNDS_BLACK_HOLES;XIRECS;10970.0;1;3;4
224200;;;GALAXY_SOUNDS_DARK_MATTER;XIRECS;10186.0;1;3;4
224200;;;GALAXY_SOUNDS_PLANETARY_RINGS;XIRECS;11389.0;1;3;4
224200;;;GALAXY_SOUNDS_SOLAR_FLAMES;XIRECS;11726.0;1;3;4
224200;;;GALAXY_SOUNDS_SOLAR_WINDS;XIRECS;10055.0;1;3;4
224200;;;OXYGEN_SHAKE_CHOCOLATE;XIRECS;9157.0;1;3;4
224200;;;OXYGEN_SHAKE_EVENING_BREATH;XIRECS;9204.0;1;3;4
224200;;;OXYGEN_SHAKE_GARLIC;XIRECS;11979.0;1;3;4
224200;;;OXYGEN_SHAKE_MINT;XIRECS;10357.0;1;3;4
224200;;;OXYGEN_SHAKE_MORNING_BREATH;XIRECS;10289.0;1;3;4
224200;;;PANEL_1X2;XIRECS;7823.0;1;3;4
224200;;;PANEL_1X4;XIRECS;10335.0;1;3;4
224200;;;PANEL_2X2;XIRECS;10269.0;1;3;4
224200;;;PANEL_2X4;XIRECS;10745.0;1;3;4
224200;;;PANEL_4X4;XIRECS;9395.0;1;3;4
224200;;;ROBOT_DISHES;XIRECS;9888.0;1;3;4
224200;;;ROBOT_IRONING;XIRECS;9426.0;1;3;4
224200;;;ROBOT_LAUNDRY;XIRECS;10551.0;1;3;4
224200;;;ROBOT_MOPPING;XIRECS;9945.0;1;3;4
224200;;;ROBOT_VACUUMING;XIRECS;9229.0;1;3;4
224200;;;SLEEP_POD_COTTON;XIRECS;10777.0;1;3;4
224200;;;SLEEP_POD_LAMB_WOOL;XIRECS;10007.0;1;3;4
224200;;;SLEEP_POD_NYLON;XIRECS;9033.0;1;3;4
224200;;;SLEEP_POD_POLYESTER;XIRECS;12076.0;1;3;4
224200;;;SLEEP_POD_SUEDE;XIRECS;11493.0;1;3;4
224200;;;SNACKPACK_CHOCOLATE;XIRECS;10065.0;1;3;4
224200;;;SNACKPACK_RASPBERRY;XIRECS;9827.0;1;3;4
224200;;;TRANSLATOR_ASTRO_BLACK;XIRECS;9441.0;1;3;4
224200;;;TRANSLATOR_ECLIPSE_CHARCOAL;XIRECS;10456.0;1;3;4
224200;;;TRANSLATOR_GRAPHITE_MIST;XIRECS;9954.0;1;3;4
224200;;;TRANSLATOR_SPACE_GRAY;XIRECS;8977.0;1;3;4
224200;;;TRANSLATOR_VOID_BLUE;XIRECS;11076.0;1;3;4
224200;;;UV_VISOR_AMBER;XIRECS;7773.0;1;3;4
224200;;;UV_VISOR_MAGENTA;XIRECS;10842.0;1;3;4
224200;;;UV_VISOR_ORANGE;XIRECS;10736.0;1;3;4
224200;;;UV_VISOR_RED;XIRECS;10895.0;1;3;4
224200;;;UV_VISOR_YELLOW;XIRECS;11403.0;1;3;4
224300;;SUBMISSION;SLEEP_POD_COTTON;XIRECS;10769.0;5;3;4
224900;;SUBMISSION;MICROCHIP_CIRCLE;XIRECS;8962.0;5;3;4
225000;;SUBMISSION;GALAXY_SOUNDS_PLANETARY_RINGS;XIRECS;11336.0;5;3;4
226200;SUBMISSION;;ROBOT_MOPPING;XIRECS;9992.0;5;3;4
226800;;SUBMISSION;SLEEP_POD_COTTON;XIRECS;10702.0;5;3;4
227900;;;MICROCHIP_CIRCLE;XIRECS;8903.0;2;3;4
227900;;;MICROCHIP_OVAL;XIRECS;8964.0;2;3;4
227900;;;MICROCHIP_RECTANGLE;XIRECS;9204.0;2;3;4
227900;;;MICROCHIP_SQUARE;XIRECS;14196.0;2;3;4
227900;;;MICROCHIP_TRIANGLE;XIRECS;10179.0;2;3;4
228100;;;GALAXY_SOUNDS_BLACK_HOLES;XIRECS;10913.0;4;3;4
228100;;;GALAXY_SOUNDS_DARK_MATTER;XIRECS;10242.0;4;3;4
228100;;;GALAXY_SOUNDS_PLANETARY_RINGS;XIRECS;11316.0;4;3;4
228100;;;GALAXY_SOUNDS_SOLAR_FLAMES;XIRECS;11692.0;4;3;4
228100;;;GALAXY_SOUNDS_SOLAR_WINDS;XIRECS;10059.0;4;3;4
228100;;;OXYGEN_SHAKE_CHOCOLATE;XIRECS;9184.0;4;3;4
228100;;;OXYGEN_SHAKE_EVENING_BREATH;XIRECS;9276.0;4;3;4
228100;;;OXYGEN_SHAKE_GARLIC;XIRECS;11989.0;4;3;4
228100;;;OXYGEN_SHAKE_MINT;XIRECS;10319.0;4;3;4
228100;;;OXYGEN_SHAKE_MORNING_BREATH;XIRECS;10276.0;4;3;4
228100;;;PANEL_1X2;XIRECS;7778.0;4;3;4
228100;;;PANEL_1X4;XIRECS;10258.0;4;3;4
228100;;;PANEL_2X2;XIRECS;10194.0;4;3;4
228100;;;PANEL_2X4;XIRECS;10796.0;4;3;4
228100;;;PANEL_4X4;XIRECS;9403.0;4;3;4
228100;;;ROBOT_DISHES;XIRECS;9811.0;4;3;4
228100;;;ROBOT_IRONING;XIRECS;9434.0;4;3;4
228100;;;ROBOT_LAUNDRY;XIRECS;10658.0;4;3;4
228100;;;ROBOT_MOPPING;XIRECS;9956.0;4;3;4
228100;;;ROBOT_VACUUMING;XIRECS;9193.0;4;3;4
228100;;;SLEEP_POD_COTTON;XIRECS;10744.0;4;3;4
228100;;;SLEEP_POD_LAMB_WOOL;XIRECS;10068.0;4;3;4
228100;;;SLEEP_POD_NYLON;XIRECS;8972.0;4;3;4
228100;;;SLEEP_POD_POLYESTER;XIRECS;12079.0;4;3;4
228100;;;SLEEP_POD_SUEDE;XIRECS;11497.0;4;3;4
228100;;;SNACKPACK_CHOCOLATE;XIRECS;10047.0;4;3;4
228100;;;SNACKPACK_PISTACHIO;XIRECS;9714.0;4;3;4
228100;;;SNACKPACK_RASPBERRY;XIRECS;9875.0;4;3;4
228100;;;SNACKPACK_STRAWBERRY;XIRECS;11022.0;4;3;4
228100;;;SNACKPACK_VANILLA;XIRECS;9846.0;4;3;4
228100;;;TRANSLATOR_ASTRO_BLACK;XIRECS;9302.0;4;3;4
228100;;;TRANSLATOR_ECLIPSE_CHARCOAL;XIRECS;10410.0;4;3;4
228100;;;TRANSLATOR_GRAPHITE_MIST;XIRECS;9923.0;4;3;4
228100;;;TRANSLATOR_SPACE_GRAY;XIRECS;9024.0;4;3;4
228100;;;TRANSLATOR_VOID_BLUE;XIRECS;11055.0;4;3;4
228100;;;UV_VISOR_AMBER;XIRECS;7790.0;4;3;4
228100;;;UV_VISOR_MAGENTA;XIRECS;10843.0;4;3;4
228100;;;UV_VISOR_ORANGE;XIRECS;10698.0;4;3;4
228100;;;UV_VISOR_RED;XIRECS;10883.0;4;3;4
228100;;;UV_VISOR_YELLOW;XIRECS;11459.0;4;3;4
229700;;SUBMISSION;GALAXY_SOUNDS_PLANETARY_RINGS;XIRECS;11314.0;5;3;4
230300;SUBMISSION;;SNACKPACK_STRAWBERRY;XIRECS;10988.0;5;3;4
230300;SUBMISSION;;SNACKPACK_PISTACHIO;XIRECS;9667.0;5;3;4
230300;SUBMISSION;;SNACKPACK_VANILLA;XIRECS;9816.0;5;3;4
230300;;;GALAXY_SOUNDS_BLACK_HOLES;XIRECS;10845.0;1;3;4
230300;;;GALAXY_SOUNDS_DARK_MATTER;XIRECS;10228.0;1;3;4
230300;;;GALAXY_SOUNDS_PLANETARY_RINGS;XIRECS;11305.0;1;3;4
230300;;;GALAXY_SOUNDS_SOLAR_FLAMES;XIRECS;11709.0;1;3;4
230300;;;GALAXY_SOUNDS_SOLAR_WINDS;XIRECS;10005.0;1;3;4
230300;;;OXYGEN_SHAKE_CHOCOLATE;XIRECS;9139.0;1;3;4
230300;;;OXYGEN_SHAKE_EVENING_BREATH;XIRECS;9210.0;1;3;4
230300;;;OXYGEN_SHAKE_GARLIC;XIRECS;12016.0;1;3;4
230300;;;OXYGEN_SHAKE_MINT;XIRECS;10255.0;1;3;4
230300;;;OXYGEN_SHAKE_MORNING_BREATH;XIRECS;10280.0;1;3;4
230300;;;PANEL_1X2;XIRECS;7801.0;1;3;4
230300;;;PANEL_1X4;XIRECS;10272.0;1;3;4
230300;;;PANEL_2X2;XIRECS;10285.0;1;3;4
230300;;;PANEL_2X4;XIRECS;10841.0;1;3;4
230300;;;PANEL_4X4;XIRECS;9348.0;1;3;4
230300;;;ROBOT_DISHES;XIRECS;9843.0;1;3;4
230300;;;ROBOT_IRONING;XIRECS;9430.0;1;3;4
230300;;;ROBOT_LAUNDRY;XIRECS;10635.0;1;3;4
230300;;;ROBOT_MOPPING;XIRECS;9938.0;1;3;4
230300;;;ROBOT_VACUUMING;XIRECS;9177.0;1;3;4
230300;;;SLEEP_POD_COTTON;XIRECS;10722.0;1;3;4
230300;;;SLEEP_POD_LAMB_WOOL;XIRECS;10077.0;1;3;4
230300;;;SLEEP_POD_NYLON;XIRECS;9013.0;1;3;4
230300;;;SLEEP_POD_POLYESTER;XIRECS;12005.0;1;3;4
230300;;;SLEEP_POD_SUEDE;XIRECS;11529.0;1;3;4
230300;;;SNACKPACK_CHOCOLATE;XIRECS;10050.0;1;3;4
230300;;;SNACKPACK_PISTACHIO;XIRECS;9667.0;1;3;4
230300;;;SNACKPACK_RASPBERRY;XIRECS;9887.0;1;3;4
230300;;;SNACKPACK_STRAWBERRY;XIRECS;10988.0;1;3;4
230300;;;SNACKPACK_VANILLA;XIRECS;9816.0;1;3;4
230300;;;TRANSLATOR_ASTRO_BLACK;XIRECS;9327.0;1;3;4
230300;;;TRANSLATOR_ECLIPSE_CHARCOAL;XIRECS;10441.0;1;3;4
230300;;;TRANSLATOR_GRAPHITE_MIST;XIRECS;9846.0;1;3;4
230300;;;TRANSLATOR_SPACE_GRAY;XIRECS;9056.0;1;3;4
230300;;;TRANSLATOR_VOID_BLUE;XIRECS;10962.0;1;3;4
230300;;;UV_VISOR_AMBER;XIRECS;7759.0;1;3;4
230300;;;UV_VISOR_MAGENTA;XIRECS;10891.0;1;3;4
230300;;;UV_VISOR_ORANGE;XIRECS;10745.0;1;3;4
230300;;;UV_VISOR_RED;XIRECS;10846.0;1;3;4
230300;;;UV_VISOR_YELLOW;XIRECS;11413.0;1;3;4
230400;;SUBMISSION;SNACKPACK_STRAWBERRY;XIRECS;10983.0;2;3;4
230400;;SUBMISSION;SNACKPACK_PISTACHIO;XIRECS;9664.0;2;3;4
230400;;SUBMISSION;SNACKPACK_VANILLA;XIRECS;9823.0;2;3;4
230400;;;GALAXY_SOUNDS_BLACK_HOLES;XIRECS;10860.0;4;3;4
230400;;;GALAXY_SOUNDS_DARK_MATTER;XIRECS;10234.0;4;3;4
230400;;;GALAXY_SOUNDS_PLANETARY_RINGS;XIRECS;11317.0;4;3;4
230400;;;GALAXY_SOUNDS_SOLAR_FLAMES;XIRECS;11712.0;4;3;4
230400;;;GALAXY_SOUNDS_SOLAR_WINDS;XIRECS;10014.0;4;3;4
230400;;;OXYGEN_SHAKE_CHOCOLATE;XIRECS;9135.0;4;3;4
230400;;;OXYGEN_SHAKE_EVENING_BREATH;XIRECS;9236.0;4;3;4
230400;;;OXYGEN_SHAKE_GARLIC;XIRECS;12026.0;4;3;4
230400;;;OXYGEN_SHAKE_MINT;XIRECS;10257.0;4;3;4
230400;;;OXYGEN_SHAKE_MORNING_BREATH;XIRECS;10280.0;4;3;4
230400;;;PANEL_1X2;XIRECS;7822.0;4;3;4
230400;;;PANEL_1X4;XIRECS;10275.0;4;3;4
230400;;;PANEL_2X2;XIRECS;10298.0;4;3;4
230400;;;PANEL_2X4;XIRECS;10845.0;4;3;4
230400;;;PANEL_4X4;XIRECS;9363.0;4;3;4
230400;;;ROBOT_DISHES;XIRECS;9845.0;4;3;4
230400;;;ROBOT_IRONING;XIRECS;9434.0;4;3;4
230400;;;ROBOT_LAUNDRY;XIRECS;10653.0;4;3;4
230400;;;ROBOT_MOPPING;XIRECS;9955.0;4;3;4
230400;;;ROBOT_VACUUMING;XIRECS;9181.0;4;3;4
230400;;;SLEEP_POD_COTTON;XIRECS;10737.0;4;3;4
230400;;;SLEEP_POD_LAMB_WOOL;XIRECS;10082.0;4;3;4
230400;;;SLEEP_POD_NYLON;XIRECS;9013.0;4;3;4
230400;;;SLEEP_POD_POLYESTER;XIRECS;12021.0;4;3;4
230400;;;SLEEP_POD_SUEDE;XIRECS;11513.0;4;3;4
230400;;;SNACKPACK_CHOCOLATE;XIRECS;10062.0;4;3;4
230400;;;SNACKPACK_RASPBERRY;XIRECS;9912.0;4;3;4
230400;;;TRANSLATOR_ASTRO_BLACK;XIRECS;9333.0;4;3;4
230400;;;TRANSLATOR_ECLIPSE_CHARCOAL;XIRECS;10435.0;4;3;4
230400;;;TRANSLATOR_GRAPHITE_MIST;XIRECS;9856.0;4;3;4
230400;;;TRANSLATOR_SPACE_GRAY;XIRECS;9055.0;4;3;4
230400;;;TRANSLATOR_VOID_BLUE;XIRECS;10967.0;4;3;4
230400;;;UV_VISOR_AMBER;XIRECS;7771.0;4;3;4
230400;;;UV_VISOR_MAGENTA;XIRECS;10899.0;4;3;4
230400;;;UV_VISOR_ORANGE;XIRECS;10768.0;4;3;4
230400;;;UV_VISOR_RED;XIRECS;10853.0;4;3;4
230400;;;UV_VISOR_YELLOW;XIRECS;11404.0;4;3;4
230900;;SUBMISSION;SNACKPACK_STRAWBERRY;XIRECS;10967.0;5;3;4
230900;;SUBMISSION;SNACKPACK_PISTACHIO;XIRECS;9653.0;5;3;4
230900;;SUBMISSION;SNACKPACK_VANILLA;XIRECS;9828.0;5;3;4
231300;SUBMISSION;;SNACKPACK_STRAWBERRY;XIRECS;10961.0;3;3;4
231300;SUBMISSION;;SNACKPACK_PISTACHIO;XIRECS;9647.0;3;3;4
231300;SUBMISSION;;SNACKPACK_VANILLA;XIRECS;9795.0;3;3;4
233200;;SUBMISSION;PEBBLES_XL;XIRECS;13441.0;3;3;4
233300;;;MICROCHIP_CIRCLE;XIRECS;8897.0;2;3;4
233300;;;MICROCHIP_OVAL;XIRECS;9019.0;2;3;4
233300;;;MICROCHIP_RECTANGLE;XIRECS;9210.0;2;3;4
233300;;;MICROCHIP_SQUARE;XIRECS;13983.0;2;3;4
233300;;;MICROCHIP_TRIANGLE;XIRECS;10288.0;2;3;4
233800;;SUBMISSION;ROBOT_IRONING;XIRECS;9367.0;5;3;4
234000;SUBMISSION;;PEBBLES_XL;XIRECS;13374.0;2;3;4
234000;;;PEBBLES_L;XIRECS;10227.0;4;3;4
234000;;;PEBBLES_M;XIRECS;9498.0;4;3;4
234000;;;PEBBLES_S;XIRECS;9584.0;4;3;4
234000;;;PEBBLES_XS;XIRECS;7285.0;4;3;4
234200;;SUBMISSION;GALAXY_SOUNDS_PLANETARY_RINGS;XIRECS;11261.0;5;3;4
234600;SUBMISSION;;SNACKPACK_STRAWBERRY;XIRECS;10929.0;1;3;4
234600;SUBMISSION;;SNACKPACK_PISTACHIO;XIRECS;9627.0;1;3;4
234600;SUBMISSION;;SNACKPACK_VANILLA;XIRECS;9797.0;1;3;4
234600;;;GALAXY_SOUNDS_BLACK_HOLES;XIRECS;10891.0;1;3;4
234600;;;GALAXY_SOUNDS_DARK_MATTER;XIRECS;10368.0;1;3;4
234600;;;GALAXY_SOUNDS_PLANETARY_RINGS;XIRECS;11268.0;1;3;4
234600;;;GALAXY_SOUNDS_SOLAR_FLAMES;XIRECS;11584.0;1;3;4
234600;;;GALAXY_SOUNDS_SOLAR_WINDS;XIRECS;10101.0;1;3;4
234600;;;OXYGEN_SHAKE_CHOCOLATE;XIRECS;9178.0;1;3;4
234600;;;OXYGEN_SHAKE_EVENING_BREATH;XIRECS;9184.0;1;3;4
234600;;;OXYGEN_SHAKE_GARLIC;XIRECS;11979.0;1;3;4
234600;;;OXYGEN_SHAKE_MINT;XIRECS;10332.0;1;3;4
234600;;;OXYGEN_SHAKE_MORNING_BREATH;XIRECS;10230.0;1;3;4
234600;;;PANEL_1X2;XIRECS;7931.0;1;3;4
234600;;;PANEL_1X4;XIRECS;10386.0;1;3;4
234600;;;PANEL_2X2;XIRECS;10189.0;1;3;4
234600;;;PANEL_2X4;XIRECS;10939.0;1;3;4
234600;;;PANEL_4X4;XIRECS;9316.0;1;3;4
234600;;;ROBOT_DISHES;XIRECS;9782.0;1;3;4
234600;;;ROBOT_IRONING;XIRECS;9376.0;1;3;4
234600;;;ROBOT_LAUNDRY;XIRECS;10563.0;1;3;4
234600;;;ROBOT_MOPPING;XIRECS;9990.0;1;3;4
234600;;;ROBOT_VACUUMING;XIRECS;9203.0;1;3;4
234600;;;SLEEP_POD_COTTON;XIRECS;10751.0;1;3;4
234600;;;SLEEP_POD_LAMB_WOOL;XIRECS;10050.0;1;3;4
234600;;;SLEEP_POD_NYLON;XIRECS;9113.0;1;3;4
234600;;;SLEEP_POD_POLYESTER;XIRECS;12051.0;1;3;4
234600;;;SLEEP_POD_SUEDE;XIRECS;11423.0;1;3;4
234600;;;SNACKPACK_CHOCOLATE;XIRECS;10061.0;1;3;4
234600;;;SNACKPACK_RASPBERRY;XIRECS;9930.0;1;3;4
234600;;;TRANSLATOR_ASTRO_BLACK;XIRECS;9240.0;1;3;4
234600;;;TRANSLATOR_ECLIPSE_CHARCOAL;XIRECS;10443.0;1;3;4
234600;;;TRANSLATOR_GRAPHITE_MIST;XIRECS;9878.0;1;3;4
234600;;;TRANSLATOR_SPACE_GRAY;XIRECS;9054.0;1;3;4
234600;;;TRANSLATOR_VOID_BLUE;XIRECS;11006.0;1;3;4
234600;;;UV_VISOR_AMBER;XIRECS;7729.0;1;3;4
234600;;;UV_VISOR_MAGENTA;XIRECS;10833.0;1;3;4
234600;;;UV_VISOR_ORANGE;XIRECS;10736.0;1;3;4
234600;;;UV_VISOR_RED;XIRECS;10851.0;1;3;4
234600;;;UV_VISOR_YELLOW;XIRECS;11392.0;1;3;4
235900;SUBMISSION;;SNACKPACK_STRAWBERRY;XIRECS;10970.0;3;3;4
235900;SUBMISSION;;SNACKPACK_PISTACHIO;XIRECS;9656.0;3;3;4
235900;SUBMISSION;;SNACKPACK_VANILLA;XIRECS;9807.0;3;3;4
236200;;;MICROCHIP_CIRCLE;XIRECS;8903.0;2;3;4
236200;;;MICROCHIP_OVAL;XIRECS;9117.0;2;3;4
236200;;;MICROCHIP_RECTANGLE;XIRECS;9170.0;2;3;4
236200;;;MICROCHIP_SQUARE;XIRECS;13944.0;2;3;4
236200;;;MICROCHIP_TRIANGLE;XIRECS;10305.0;2;3;4
236300;SUBMISSION;;SNACKPACK_STRAWBERRY;XIRECS;10951.0;1;3;4
236300;SUBMISSION;;SNACKPACK_PISTACHIO;XIRECS;9644.0;1;3;4
236300;SUBMISSION;;SNACKPACK_VANILLA;XIRECS;9824.0;1;3;4
237300;;SUBMISSION;GALAXY_SOUNDS_PLANETARY_RINGS;XIRECS;11200.0;5;3;4
238400;;SUBMISSION;PEBBLES_XL;XIRECS;12956.0;2;3;4
238400;;;PEBBLES_L;XIRECS;10406.0;5;3;4
238400;;;PEBBLES_M;XIRECS;9686.0;5;3;4
238400;;;PEBBLES_S;XIRECS;9667.0;5;3;4
238400;;;PEBBLES_XS;XIRECS;7317.0;5;3;4
239100;SUBMISSION;;ROBOT_IRONING;XIRECS;9474.0;5;3;4
239800;;SUBMISSION;SNACKPACK_STRAWBERRY;XIRECS;10991.0;2;3;4
239800;;SUBMISSION;SNACKPACK_PISTACHIO;XIRECS;9661.0;2;3;4
239800;;SUBMISSION;SNACKPACK_VANILLA;XIRECS;9844.0;2;3;4
239800;;;GALAXY_SOUNDS_BLACK_HOLES;XIRECS;11044.0;4;3;4
239800;;;GALAXY_SOUNDS_DARK_MATTER;XIRECS;10359.0;4;3;4
239800;;;GALAXY_SOUNDS_PLANETARY_RINGS;XIRECS;11199.0;4;3;4
239800;;;GALAXY_SOUNDS_SOLAR_FLAMES;XIRECS;11590.0;4;3;4
239800;;;GALAXY_SOUNDS_SOLAR_WINDS;XIRECS;10147.0;4;3;4
239800;;;OXYGEN_SHAKE_CHOCOLATE;XIRECS;9187.0;4;3;4
239800;;;OXYGEN_SHAKE_EVENING_BREATH;XIRECS;9206.0;4;3;4
239800;;;OXYGEN_SHAKE_GARLIC;XIRECS;11874.0;4;3;4
239800;;;OXYGEN_SHAKE_MINT;XIRECS;10330.0;4;3;4
239800;;;OXYGEN_SHAKE_MORNING_BREATH;XIRECS;10281.0;4;3;4
239800;;;PANEL_1X2;XIRECS;8031.0;4;3;4
239800;;;PANEL_1X4;XIRECS;10354.0;4;3;4
239800;;;PANEL_2X2;XIRECS;10186.0;4;3;4
239800;;;PANEL_2X4;XIRECS;10982.0;4;3;4
239800;;;PANEL_4X4;XIRECS;9358.0;4;3;4
239800;;;ROBOT_DISHES;XIRECS;9697.0;4;3;4
239800;;;ROBOT_IRONING;XIRECS;9464.0;4;3;4
239800;;;ROBOT_LAUNDRY;XIRECS;10557.0;4;3;4
239800;;;ROBOT_MOPPING;XIRECS;10135.0;4;3;4
239800;;;ROBOT_VACUUMING;XIRECS;9158.0;4;3;4
239800;;;SLEEP_POD_COTTON;XIRECS;10820.0;4;3;4
239800;;;SLEEP_POD_LAMB_WOOL;XIRECS;9975.0;4;3;4
239800;;;SLEEP_POD_NYLON;XIRECS;9101.0;4;3;4
239800;;;SLEEP_POD_POLYESTER;XIRECS;12081.0;4;3;4
239800;;;SLEEP_POD_SUEDE;XIRECS;11513.0;4;3;4
239800;;;SNACKPACK_CHOCOLATE;XIRECS;10068.0;4;3;4
239800;;;SNACKPACK_RASPBERRY;XIRECS;9895.0;4;3;4
239800;;;TRANSLATOR_ASTRO_BLACK;XIRECS;9244.0;4;3;4
239800;;;TRANSLATOR_ECLIPSE_CHARCOAL;XIRECS;10548.0;4;3;4
239800;;;TRANSLATOR_GRAPHITE_MIST;XIRECS;9888.0;4;3;4
239800;;;TRANSLATOR_SPACE_GRAY;XIRECS;9027.0;4;3;4
239800;;;TRANSLATOR_VOID_BLUE;XIRECS;11037.0;4;3;4
239800;;;UV_VISOR_AMBER;XIRECS;7717.0;4;3;4
239800;;;UV_VISOR_MAGENTA;XIRECS;10937.0;4;3;4
239800;;;UV_VISOR_ORANGE;XIRECS;10782.0;4;3;4
239800;;;UV_VISOR_RED;XIRECS;10852.0;4;3;4
239800;;;UV_VISOR_YELLOW;XIRECS;11280.0;4;3;4
239900;;SUBMISSION;PEBBLES_XL;XIRECS;12879.0;3;3;4
240100;SUBMISSION;;SNACKPACK_STRAWBERRY;XIRECS;10969.0;2;3;4
240100;SUBMISSION;;SNACKPACK_PISTACHIO;XIRECS;9648.0;2;3;4
240100;SUBMISSION;;SNACKPACK_VANILLA;XIRECS;9826.0;2;3;4
240700;SUBMISSION;;SLEEP_POD_COTTON;XIRECS;10852.0;5;3;4
240900;SUBMISSION;;PEBBLES_XL;XIRECS;12785.0;6;3;4
240900;SUBMISSION;;PEBBLES_XL;XIRECS;12793.0;13;3;4
241000;SUBMISSION;;MICROCHIP_OVAL;XIRECS;9332.0;5;3;4
241700;;SUBMISSION;ROBOT_IRONING;XIRECS;9357.0;5;3;4
241900;SUBMISSION;;MICROCHIP_OVAL;XIRECS;9415.0;5;3;4
243100;SUBMISSION;;MICROCHIP_OVAL;XIRECS;9388.0;4;3;4
243100;;;PEBBLES_L;XIRECS;10348.0;2;3;4
243100;;;PEBBLES_M;XIRECS;9760.0;2;3;4
243100;;;PEBBLES_S;XIRECS;9640.0;2;3;4
243100;;;PEBBLES_XL;XIRECS;12784.0;2;3;4
243100;;;PEBBLES_XS;XIRECS;7436.0;2;3;4
243200;SUBMISSION;;MICROCHIP_OVAL;XIRECS;9421.0;1;3;4
243200;;;PEBBLES_L;XIRECS;10331.0;2;3;4
243200;;;PEBBLES_M;XIRECS;9749.0;2;3;4
243200;;;PEBBLES_S;XIRECS;9650.0;2;3;4
243200;;;PEBBLES_XL;XIRECS;12786.0;2;3;4
243200;;;PEBBLES_XS;XIRECS;7451.0;2;3;4
244400;SUBMISSION;;MICROCHIP_OVAL;XIRECS;9424.0;5;3;4
245000;SUBMISSION;;GALAXY_SOUNDS_PLANETARY_RINGS;XIRECS;11343.0;5;3;4
245200;;SUBMISSION;PEBBLES_XL;XIRECS;12828.0;2;3;4
245200;;;PEBBLES_L;XIRECS;10319.0;4;3;4
245200;;;PEBBLES_M;XIRECS;9846.0;4;3;4
245200;;;PEBBLES_S;XIRECS;9605.0;4;3;4
245200;;;PEBBLES_XS;XIRECS;7433.0;4;3;4
245500;;;PEBBLES_L;XIRECS;10322.0;5;3;4
245500;;;PEBBLES_M;XIRECS;9893.0;5;3;4
245500;;;PEBBLES_S;XIRECS;9512.0;5;3;4
245500;;;PEBBLES_XL;XIRECS;12819.0;5;3;4
245500;;;PEBBLES_XS;XIRECS;7422.0;5;3;4
246700;;SUBMISSION;PEBBLES_XL;XIRECS;12961.0;2;3;4
246700;;;PEBBLES_L;XIRECS;10283.0;4;3;4
246700;;;PEBBLES_M;XIRECS;9860.0;4;3;4
246700;;;PEBBLES_S;XIRECS;9511.0;4;3;4
246700;;;PEBBLES_XS;XIRECS;7417.0;4;3;4
247000;;SUBMISSION;SNACKPACK_STRAWBERRY;XIRECS;11002.0;5;3;4
247000;;SUBMISSION;SNACKPACK_PISTACHIO;XIRECS;9686.0;5;3;4
247000;;SUBMISSION;SNACKPACK_VANILLA;XIRECS;9918.0;5;3;4
248500;SUBMISSION;;PEBBLES_XL;XIRECS;12991.0;4;3;4
248800;;;GALAXY_SOUNDS_BLACK_HOLES;XIRECS;10992.0;2;3;4
248800;;;GALAXY_SOUNDS_DARK_MATTER;XIRECS;10318.0;2;3;4
248800;;;GALAXY_SOUNDS_PLANETARY_RINGS;XIRECS;11317.0;2;3;4
248800;;;GALAXY_SOUNDS_SOLAR_FLAMES;XIRECS;11695.0;2;3;4
248800;;;GALAXY_SOUNDS_SOLAR_WINDS;XIRECS;10164.0;2;3;4
248800;;;OXYGEN_SHAKE_CHOCOLATE;XIRECS;9155.0;2;3;4
248800;;;OXYGEN_SHAKE_EVENING_BREATH;XIRECS;9466.0;2;3;4
248800;;;OXYGEN_SHAKE_GARLIC;XIRECS;11983.0;2;3;4
248800;;;OXYGEN_SHAKE_MINT;XIRECS;10303.0;2;3;4
248800;;;OXYGEN_SHAKE_MORNING_BREATH;XIRECS;10470.0;2;3;4
248800;;;PANEL_1X2;XIRECS;8101.0;2;3;4
248800;;;PANEL_1X4;XIRECS;10478.0;2;3;4
248800;;;PANEL_2X2;XIRECS;10339.0;2;3;4
248800;;;PANEL_2X4;XIRECS;10884.0;2;3;4
248800;;;PANEL_4X4;XIRECS;9238.0;2;3;4
248800;;;ROBOT_DISHES;XIRECS;9935.0;2;3;4
248800;;;ROBOT_IRONING;XIRECS;9404.0;2;3;4
248800;;;ROBOT_LAUNDRY;XIRECS;10501.0;2;3;4
248800;;;ROBOT_MOPPING;XIRECS;10090.0;2;3;4
248800;;;ROBOT_VACUUMING;XIRECS;9095.0;2;3;4
248800;;;SLEEP_POD_COTTON;XIRECS;10750.0;2;3;4
248800;;;SLEEP_POD_LAMB_WOOL;XIRECS;9858.0;2;3;4
248800;;;SLEEP_POD_NYLON;XIRECS;9182.0;2;3;4
248800;;;SLEEP_POD_POLYESTER;XIRECS;12005.0;2;3;4
248800;;;SLEEP_POD_SUEDE;XIRECS;11623.0;2;3;4
248800;;;SNACKPACK_CHOCOLATE;XIRECS;10028.0;2;3;4
248800;;;SNACKPACK_PISTACHIO;XIRECS;9684.0;2;3;4
248800;;;SNACKPACK_RASPBERRY;XIRECS;9902.0;2;3;4
248800;;;SNACKPACK_STRAWBERRY;XIRECS;10986.0;2;3;4
248800;;;SNACKPACK_VANILLA;XIRECS;9897.0;2;3;4
248800;;;TRANSLATOR_ASTRO_BLACK;XIRECS;9192.0;2;3;4
248800;;;TRANSLATOR_ECLIPSE_CHARCOAL;XIRECS;10497.0;2;3;4
248800;;;TRANSLATOR_GRAPHITE_MIST;XIRECS;9865.0;2;3;4
248800;;;TRANSLATOR_SPACE_GRAY;XIRECS;8958.0;2;3;4
248800;;;TRANSLATOR_VOID_BLUE;XIRECS;11068.0;2;3;4
248800;;;UV_VISOR_AMBER;XIRECS;7761.0;2;3;4
248800;;;UV_VISOR_MAGENTA;XIRECS;10990.0;2;3;4
248800;;;UV_VISOR_ORANGE;XIRECS;10589.0;2;3;4
248800;;;UV_VISOR_RED;XIRECS;10913.0;2;3;4
248800;;;UV_VISOR_YELLOW;XIRECS;11359.0;2;3;4
248900;;SUBMISSION;SLEEP_POD_COTTON;XIRECS;10742.0;5;3;4
249100;;;PEBBLES_L;XIRECS;10222.0;3;3;4
249100;;;PEBBLES_M;XIRECS;9866.0;3;3;4
249100;;;PEBBLES_S;XIRECS;9560.0;3;3;4
249100;;;PEBBLES_XL;XIRECS;12954.0;3;3;4
249100;;;PEBBLES_XS;XIRECS;7365.0;3;3;4
250200;;SUBMISSION;PEBBLES_XL;XIRECS;13134.0;5;3;4
250900;;;PEBBLES_L;XIRECS;10250.0;2;3;4
250900;;;PEBBLES_M;XIRECS;9780.0;2;3;4
250900;;;PEBBLES_S;XIRECS;9440.0;2;3;4
250900;;;PEBBLES_XL;XIRECS;13211.0;2;3;4
250900;;;PEBBLES_XS;XIRECS;7287.0;2;3;4
251100;;;GALAXY_SOUNDS_BLACK_HOLES;XIRECS;11023.0;1;3;4
251100;;;GALAXY_SOUNDS_DARK_MATTER;XIRECS;10286.0;1;3;4
251100;;;GALAXY_SOUNDS_PLANETARY_RINGS;XIRECS;11352.0;1;3;4
251100;;;GALAXY_SOUNDS_SOLAR_FLAMES;XIRECS;11656.0;1;3;4
251100;;;GALAXY_SOUNDS_SOLAR_WINDS;XIRECS;10034.0;1;3;4
251100;;;OXYGEN_SHAKE_CHOCOLATE;XIRECS;9091.0;1;3;4
251100;;;OXYGEN_SHAKE_EVENING_BREATH;XIRECS;9486.0;1;3;4
251100;;;OXYGEN_SHAKE_GARLIC;XIRECS;11956.0;1;3;4
251100;;;OXYGEN_SHAKE_MINT;XIRECS;10317.0;1;3;4
251100;;;OXYGEN_SHAKE_MORNING_BREATH;XIRECS;10504.0;1;3;4
251100;;;PANEL_1X2;XIRECS;8131.0;1;3;4
251100;;;PANEL_1X4;XIRECS;10548.0;1;3;4
251100;;;PANEL_2X2;XIRECS;10287.0;1;3;4
251100;;;PANEL_2X4;XIRECS;10856.0;1;3;4
251100;;;PANEL_4X4;XIRECS;9212.0;1;3;4
251100;;;ROBOT_DISHES;XIRECS;9882.0;1;3;4
251100;;;ROBOT_IRONING;XIRECS;9444.0;1;3;4
251100;;;ROBOT_LAUNDRY;XIRECS;10554.0;1;3;4
251100;;;ROBOT_MOPPING;XIRECS;10100.0;1;3;4
251100;;;ROBOT_VACUUMING;XIRECS;9056.0;1;3;4
251100;;;SLEEP_POD_COTTON;XIRECS;10740.0;1;3;4
251100;;;SLEEP_POD_LAMB_WOOL;XIRECS;9899.0;1;3;4
251100;;;SLEEP_POD_NYLON;XIRECS;9230.0;1;3;4
251100;;;SLEEP_POD_POLYESTER;XIRECS;12023.0;1;3;4
251100;;;SLEEP_POD_SUEDE;XIRECS;11607.0;1;3;4
251100;;;SNACKPACK_CHOCOLATE;XIRECS;10014.0;1;3;4
251100;;;SNACKPACK_PISTACHIO;XIRECS;9678.0;1;3;4
251100;;;SNACKPACK_RASPBERRY;XIRECS;9901.0;1;3;4
251100;;;SNACKPACK_STRAWBERRY;XIRECS;10979.0;1;3;4
251100;;;SNACKPACK_VANILLA;XIRECS;9901.0;1;3;4
251100;;;TRANSLATOR_ASTRO_BLACK;XIRECS;9157.0;1;3;4
251100;;;TRANSLATOR_ECLIPSE_CHARCOAL;XIRECS;10452.0;1;3;4
251100;;;TRANSLATOR_GRAPHITE_MIST;XIRECS;9860.0;1;3;4
251100;;;TRANSLATOR_SPACE_GRAY;XIRECS;8970.0;1;3;4
251100;;;TRANSLATOR_VOID_BLUE;XIRECS;11039.0;1;3;4
251100;;;UV_VISOR_AMBER;XIRECS;7731.0;1;3;4
251100;;;UV_VISOR_MAGENTA;XIRECS;10938.0;1;3;4
251100;;;UV_VISOR_ORANGE;XIRECS;10586.0;1;3;4
251100;;;UV_VISOR_RED;XIRECS;10888.0;1;3;4
251100;;;UV_VISOR_YELLOW;XIRECS;11365.0;1;3;4
251300;;;GALAXY_SOUNDS_BLACK_HOLES;XIRECS;11010.0;3;3;4
251300;;;GALAXY_SOUNDS_DARK_MATTER;XIRECS;10293.0;3;3;4
251300;;;GALAXY_SOUNDS_PLANETARY_RINGS;XIRECS;11345.0;3;3;4
251300;;;GALAXY_SOUNDS_SOLAR_FLAMES;XIRECS;11690.0;3;3;4
251300;;;GALAXY_SOUNDS_SOLAR_WINDS;XIRECS;10063.0;3;3;4
251300;;;OXYGEN_SHAKE_CHOCOLATE;XIRECS;9075.0;3;3;4
251300;;;OXYGEN_SHAKE_EVENING_BREATH;XIRECS;9476.0;3;3;4
251300;;;OXYGEN_SHAKE_GARLIC;XIRECS;11963.0;3;3;4
251300;;;OXYGEN_SHAKE_MINT;XIRECS;10321.0;3;3;4
251300;;;OXYGEN_SHAKE_MORNING_BREATH;XIRECS;10487.0;3;3;4
251300;;;PANEL_1X2;XIRECS;8150.0;3;3;4
251300;;;PANEL_1X4;XIRECS;10556.0;3;3;4
251300;;;PANEL_2X2;XIRECS;10284.0;3;3;4
251300;;;PANEL_2X4;XIRECS;10849.0;3;3;4
251300;;;PANEL_4X4;XIRECS;9193.0;3;3;4
251300;;;ROBOT_DISHES;XIRECS;9877.0;3;3;4
251300;;;ROBOT_IRONING;XIRECS;9444.0;3;3;4
251300;;;ROBOT_LAUNDRY;XIRECS;10565.0;3;3;4
251300;;;ROBOT_MOPPING;XIRECS;10079.0;3;3;4
251300;;;ROBOT_VACUUMING;XIRECS;9057.0;3;3;4
251300;;;SLEEP_POD_COTTON;XIRECS;10766.0;3;3;4
251300;;;SLEEP_POD_LAMB_WOOL;XIRECS;9890.0;3;3;4
251300;;;SLEEP_POD_NYLON;XIRECS;9214.0;3;3;4
251300;;;SLEEP_POD_POLYESTER;XIRECS;11999.0;3;3;4
251300;;;SLEEP_POD_SUEDE;XIRECS;11616.0;3;3;4
251300;;;SNACKPACK_CHOCOLATE;XIRECS;10002.0;3;3;4
251300;;;SNACKPACK_PISTACHIO;XIRECS;9675.0;3;3;4
251300;;;SNACKPACK_RASPBERRY;XIRECS;9906.0;3;3;4
251300;;;SNACKPACK_STRAWBERRY;XIRECS;10975.0;3;3;4
251300;;;SNACKPACK_VANILLA;XIRECS;9911.0;3;3;4
251300;;;TRANSLATOR_ASTRO_BLACK;XIRECS;9191.0;3;3;4
251300;;;TRANSLATOR_ECLIPSE_CHARCOAL;XIRECS;10452.0;3;3;4
251300;;;TRANSLATOR_GRAPHITE_MIST;XIRECS;9848.0;3;3;4
251300;;;TRANSLATOR_SPACE_GRAY;XIRECS;8972.0;3;3;4
251300;;;TRANSLATOR_VOID_BLUE;XIRECS;11055.0;3;3;4
251300;;;UV_VISOR_AMBER;XIRECS;7747.0;3;3;4
251300;;;UV_VISOR_MAGENTA;XIRECS;10959.0;3;3;4
251300;;;UV_VISOR_ORANGE;XIRECS;10603.0;3;3;4
251300;;;UV_VISOR_RED;XIRECS;10907.0;3;3;4
251300;;;UV_VISOR_YELLOW;XIRECS;11396.0;3;3;4
252200;SUBMISSION;;GALAXY_SOUNDS_PLANETARY_RINGS;XIRECS;11376.0;5;3;4
252300;;SUBMISSION;PEBBLES_XL;XIRECS;13171.0;8;3;4
253300;;SUBMISSION;MICROCHIP_OVAL;XIRECS;9266.0;4;3;4
253400;;SUBMISSION;MICROCHIP_OVAL;XIRECS;9270.0;1;3;4
254300;SUBMISSION;;GALAXY_SOUNDS_PLANETARY_RINGS;XIRECS;11442.0;5;3;4
254400;SUBMISSION;;SNACKPACK_STRAWBERRY;XIRECS;10918.0;1;3;4
254400;SUBMISSION;;SNACKPACK_PISTACHIO;XIRECS;9639.0;1;3;4
254400;SUBMISSION;;SNACKPACK_VANILLA;XIRECS;9883.0;1;3;4
254400;;;GALAXY_SOUNDS_BLACK_HOLES;XIRECS;10931.0;1;3;4
254400;;;GALAXY_SOUNDS_DARK_MATTER;XIRECS;10326.0;1;3;4
254400;;;GALAXY_SOUNDS_PLANETARY_RINGS;XIRECS;11419.0;1;3;4
254400;;;GALAXY_SOUNDS_SOLAR_FLAMES;XIRECS;11747.0;1;3;4
254400;;;GALAXY_SOUNDS_SOLAR_WINDS;XIRECS;9954.0;1;3;4
254400;;;OXYGEN_SHAKE_CHOCOLATE;XIRECS;9019.0;1;3;4
254400;;;OXYGEN_SHAKE_EVENING_BREATH;XIRECS;9444.0;1;3;4
254400;;;OXYGEN_SHAKE_GARLIC;XIRECS;11896.0;1;3;4
254400;;;OXYGEN_SHAKE_MINT;XIRECS;10354.0;1;3;4
254400;;;OXYGEN_SHAKE_MORNING_BREATH;XIRECS;10435.0;1;3;4
254400;;;PANEL_1X2;XIRECS;8204.0;1;3;4
254400;;;PANEL_1X4;XIRECS;10545.0;1;3;4
254400;;;PANEL_2X2;XIRECS;10293.0;1;3;4
254400;;;PANEL_2X4;XIRECS;10815.0;1;3;4
254400;;;PANEL_4X4;XIRECS;9220.0;1;3;4
254400;;;ROBOT_DISHES;XIRECS;9900.0;1;3;4
254400;;;ROBOT_IRONING;XIRECS;9376.0;1;3;4
254400;;;ROBOT_LAUNDRY;XIRECS;10497.0;1;3;4
254400;;;ROBOT_MOPPING;XIRECS;10094.0;1;3;4
254400;;;ROBOT_VACUUMING;XIRECS;8998.0;1;3;4
254400;;;SLEEP_POD_COTTON;XIRECS;10767.0;1;3;4
254400;;;SLEEP_POD_LAMB_WOOL;XIRECS;9976.0;1;3;4
254400;;;SLEEP_POD_NYLON;XIRECS;9245.0;1;3;4
254400;;;SLEEP_POD_POLYESTER;XIRECS;11977.0;1;3;4
254400;;;SLEEP_POD_SUEDE;XIRECS;11667.0;1;3;4
254400;;;SNACKPACK_CHOCOLATE;XIRECS;9996.0;1;3;4
254400;;;SNACKPACK_RASPBERRY;XIRECS;9921.0;1;3;4
254400;;;TRANSLATOR_ASTRO_BLACK;XIRECS;9249.0;1;3;4
254400;;;TRANSLATOR_ECLIPSE_CHARCOAL;XIRECS;10406.0;1;3;4
254400;;;TRANSLATOR_GRAPHITE_MIST;XIRECS;9790.0;1;3;4
254400;;;TRANSLATOR_SPACE_GRAY;XIRECS;8910.0;1;3;4
254400;;;TRANSLATOR_VOID_BLUE;XIRECS;11021.0;1;3;4
254400;;;UV_VISOR_AMBER;XIRECS;7738.0;1;3;4
254400;;;UV_VISOR_MAGENTA;XIRECS;10957.0;1;3;4
254400;;;UV_VISOR_ORANGE;XIRECS;10597.0;1;3;4
254400;;;UV_VISOR_RED;XIRECS;10875.0;1;3;4
254400;;;UV_VISOR_YELLOW;XIRECS;11314.0;1;3;4
254800;SUBMISSION;;SNACKPACK_STRAWBERRY;XIRECS;10946.0;4;3;4
254800;SUBMISSION;;SNACKPACK_PISTACHIO;XIRECS;9656.0;4;3;4
254800;SUBMISSION;;SNACKPACK_VANILLA;XIRECS;9880.0;4;3;4
254900;;;MICROCHIP_CIRCLE;XIRECS;8923.0;2;3;4
254900;;;MICROCHIP_OVAL;XIRECS;9239.0;2;3;4
254900;;;MICROCHIP_RECTANGLE;XIRECS;8818.0;2;3;4
254900;;;MICROCHIP_SQUARE;XIRECS;13459.0;2;3;4
254900;;;MICROCHIP_TRIANGLE;XIRECS;10396.0;2;3;4
255200;;SUBMISSION;PEBBLES_XL;XIRECS;13177.0;2;3;4
255200;;;PEBBLES_L;XIRECS;10150.0;2;3;4
255200;;;PEBBLES_M;XIRECS;9932.0;2;3;4
255200;;;PEBBLES_S;XIRECS;9448.0;2;3;4
255200;;;PEBBLES_XS;XIRECS;7325.0;2;3;4
256300;;;GALAXY_SOUNDS_BLACK_HOLES;XIRECS;10927.0;4;3;4
256300;;;GALAXY_SOUNDS_DARK_MATTER;XIRECS;10398.0;4;3;4
256300;;;GALAXY_SOUNDS_PLANETARY_RINGS;XIRECS;11365.0;4;3;4
256300;;;GALAXY_SOUNDS_SOLAR_FLAMES;XIRECS;11782.0;4;3;4
256300;;;GALAXY_SOUNDS_SOLAR_WINDS;XIRECS;9955.0;4;3;4
256300;;;OXYGEN_SHAKE_CHOCOLATE;XIRECS;9030.0;4;3;4
256300;;;OXYGEN_SHAKE_EVENING_BREATH;XIRECS;9464.0;4;3;4
256300;;;OXYGEN_SHAKE_GARLIC;XIRECS;11846.0;4;3;4
256300;;;OXYGEN_SHAKE_MINT;XIRECS;10437.0;4;3;4
256300;;;OXYGEN_SHAKE_MORNING_BREATH;XIRECS;10508.0;4;3;4
256300;;;PANEL_1X2;XIRECS;8189.0;4;3;4
256300;;;PANEL_1X4;XIRECS;10556.0;4;3;4
256300;;;PANEL_2X2;XIRECS;10338.0;4;3;4
256300;;;PANEL_2X4;XIRECS;10836.0;4;3;4
256300;;;PANEL_4X4;XIRECS;9255.0;4;3;4
256300;;;ROBOT_DISHES;XIRECS;9903.0;4;3;4
256300;;;ROBOT_IRONING;XIRECS;9406.0;4;3;4
256300;;;ROBOT_LAUNDRY;XIRECS;10436.0;4;3;4
256300;;;ROBOT_MOPPING;XIRECS;10178.0;4;3;4
256300;;;ROBOT_VACUUMING;XIRECS;9022.0;4;3;4
256300;;;SLEEP_POD_COTTON;XIRECS;10820.0;4;3;4
256300;;;SLEEP_POD_LAMB_WOOL;XIRECS;9981.0;4;3;4
256300;;;SLEEP_POD_NYLON;XIRECS;9260.0;4;3;4
256300;;;SLEEP_POD_POLYESTER;XIRECS;11911.0;4;3;4
256300;;;SLEEP_POD_SUEDE;XIRECS;11750.0;4;3;4
256300;;;SNACKPACK_CHOCOLATE;XIRECS;10007.0;4;3;4
256300;;;SNACKPACK_PISTACHIO;XIRECS;9656.0;4;3;4
256300;;;SNACKPACK_RASPBERRY;XIRECS;9895.0;4;3;4
256300;;;SNACKPACK_STRAWBERRY;XIRECS;10957.0;4;3;4
256300;;;SNACKPACK_VANILLA;XIRECS;9868.0;4;3;4
256300;;;TRANSLATOR_ASTRO_BLACK;XIRECS;9238.0;4;3;4
256300;;;TRANSLATOR_ECLIPSE_CHARCOAL;XIRECS;10463.0;4;3;4
256300;;;TRANSLATOR_GRAPHITE_MIST;XIRECS;9763.0;4;3;4
256300;;;TRANSLATOR_SPACE_GRAY;XIRECS;8902.0;4;3;4
256300;;;TRANSLATOR_VOID_BLUE;XIRECS;10991.0;4;3;4
256300;;;UV_VISOR_AMBER;XIRECS;7733.0;4;3;4
256300;;;UV_VISOR_MAGENTA;XIRECS;10993.0;4;3;4
256300;;;UV_VISOR_ORANGE;XIRECS;10595.0;4;3;4
256300;;;UV_VISOR_RED;XIRECS;10874.0;4;3;4
256300;;;UV_VISOR_YELLOW;XIRECS;11232.0;4;3;4
256800;;SUBMISSION;SNACKPACK_STRAWBERRY;XIRECS;10991.0;2;3;4
256800;;SUBMISSION;SNACKPACK_PISTACHIO;XIRECS;9684.0;2;3;4
256800;;SUBMISSION;SNACKPACK_VANILLA;XIRECS;9870.0;2;3;4
256800;;;GALAXY_SOUNDS_BLACK_HOLES;XIRECS;10911.0;4;3;4
256800;;;GALAXY_SOUNDS_DARK_MATTER;XIRECS;10435.0;4;3;4
256800;;;GALAXY_SOUNDS_PLANETARY_RINGS;XIRECS;11370.0;4;3;4
256800;;;GALAXY_SOUNDS_SOLAR_FLAMES;XIRECS;11772.0;4;3;4
256800;;;GALAXY_SOUNDS_SOLAR_WINDS;XIRECS;9945.0;4;3;4
256800;;;OXYGEN_SHAKE_CHOCOLATE;XIRECS;9033.0;4;3;4
256800;;;OXYGEN_SHAKE_EVENING_BREATH;XIRECS;9476.0;4;3;4
256800;;;OXYGEN_SHAKE_GARLIC;XIRECS;11887.0;4;3;4
256800;;;OXYGEN_SHAKE_MINT;XIRECS;10436.0;4;3;4
256800;;;OXYGEN_SHAKE_MORNING_BREATH;XIRECS;10496.0;4;3;4
256800;;;PANEL_1X2;XIRECS;8231.0;4;3;4
256800;;;PANEL_1X4;XIRECS;10601.0;4;3;4
256800;;;PANEL_2X2;XIRECS;10340.0;4;3;4
256800;;;PANEL_2X4;XIRECS;10870.0;4;3;4
256800;;;PANEL_4X4;XIRECS;9285.0;4;3;4
256800;;;ROBOT_DISHES;XIRECS;9922.0;4;3;4
256800;;;ROBOT_IRONING;XIRECS;9373.0;4;3;4
256800;;;ROBOT_LAUNDRY;XIRECS;10443.0;4;3;4
256800;;;ROBOT_MOPPING;XIRECS;10181.0;4;3;4
256800;;;ROBOT_VACUUMING;XIRECS;9024.0;4;3;4
256800;;;SLEEP_POD_COTTON;XIRECS;10825.0;4;3;4
256800;;;SLEEP_POD_LAMB_WOOL;XIRECS;10017.0;4;3;4
256800;;;SLEEP_POD_NYLON;XIRECS;9294.0;4;3;4
256800;;;SLEEP_POD_POLYESTER;XIRECS;11985.0;4;3;4
256800;;;SLEEP_POD_SUEDE;XIRECS;11776.0;4;3;4
256800;;;SNACKPACK_CHOCOLATE;XIRECS;10040.0;4;3;4
256800;;;SNACKPACK_RASPBERRY;XIRECS;9893.0;4;3;4
256800;;;TRANSLATOR_ASTRO_BLACK;XIRECS;9259.0;4;3;4
256800;;;TRANSLATOR_ECLIPSE_CHARCOAL;XIRECS;10463.0;4;3;4
256800;;;TRANSLATOR_GRAPHITE_MIST;XIRECS;9768.0;4;3;4
256800;;;TRANSLATOR_SPACE_GRAY;XIRECS;8913.0;4;3;4
256800;;;TRANSLATOR_VOID_BLUE;XIRECS;11019.0;4;3;4
256800;;;UV_VISOR_AMBER;XIRECS;7752.0;4;3;4
256800;;;UV_VISOR_MAGENTA;XIRECS;11006.0;4;3;4
256800;;;UV_VISOR_ORANGE;XIRECS;10633.0;4;3;4
256800;;;UV_VISOR_RED;XIRECS;10893.0;4;3;4
256800;;;UV_VISOR_YELLOW;XIRECS;11266.0;4;3;4
256900;;SUBMISSION;MICROCHIP_OVAL;XIRECS;9183.0;5;3;4
257400;;;MICROCHIP_CIRCLE;XIRECS;8900.0;2;3;4
257400;;;MICROCHIP_OVAL;XIRECS;9183.0;2;3;4
257400;;;MICROCHIP_RECTANGLE;XIRECS;8755.0;2;3;4
257400;;;MICROCHIP_SQUARE;XIRECS;13753.0;2;3;4
257400;;;MICROCHIP_TRIANGLE;XIRECS;10472.0;2;3;4
257600;SUBMISSION;;SLEEP_POD_COTTON;XIRECS;10855.0;5;3;4
258200;SUBMISSION;;SNACKPACK_STRAWBERRY;XIRECS;11028.0;2;3;4
258200;SUBMISSION;;SNACKPACK_PISTACHIO;XIRECS;9689.0;2;3;4
258200;SUBMISSION;;SNACKPACK_VANILLA;XIRECS;9855.0;2;3;4
259200;;SUBMISSION;SNACKPACK_STRAWBERRY;XIRECS;11038.0;4;3;4
259200;;SUBMISSION;SNACKPACK_PISTACHIO;XIRECS;9689.0;4;3;4
259200;;SUBMISSION;SNACKPACK_VANILLA;XIRECS;9852.0;4;3;4
259300;;;GALAXY_SOUNDS_BLACK_HOLES;XIRECS;10951.0;1;3;4
259300;;;GALAXY_SOUNDS_DARK_MATTER;XIRECS;10419.0;1;3;4
259300;;;GALAXY_SOUNDS_PLANETARY_RINGS;XIRECS;11403.0;1;3;4
259300;;;GALAXY_SOUNDS_SOLAR_FLAMES;XIRECS;11678.0;1;3;4
259300;;;GALAXY_SOUNDS_SOLAR_WINDS;XIRECS;9998.0;1;3;4
259300;;;OXYGEN_SHAKE_CHOCOLATE;XIRECS;9081.0;1;3;4
259300;;;OXYGEN_SHAKE_EVENING_BREATH;XIRECS;9476.0;1;3;4
259300;;;OXYGEN_SHAKE_GARLIC;XIRECS;11938.0;1;3;4
259300;;;OXYGEN_SHAKE_MINT;XIRECS;10485.0;1;3;4
259300;;;OXYGEN_SHAKE_MORNING_BREATH;XIRECS;10379.0;1;3;4
259300;;;PANEL_1X2;XIRECS;8168.0;1;3;4
259300;;;PANEL_1X4;XIRECS;10524.0;1;3;4
259300;;;PANEL_2X2;XIRECS;10407.0;1;3;4
259300;;;PANEL_2X4;XIRECS;10929.0;1;3;4
259300;;;PANEL_4X4;XIRECS;9226.0;1;3;4
259300;;;ROBOT_DISHES;XIRECS;9976.0;1;3;4
259300;;;ROBOT_IRONING;XIRECS;9394.0;1;3;4
259300;;;ROBOT_LAUNDRY;XIRECS;10322.0;1;3;4
259300;;;ROBOT_MOPPING;XIRECS;10197.0;1;3;4
259300;;;ROBOT_VACUUMING;XIRECS;9038.0;1;3;4
259300;;;SLEEP_POD_COTTON;XIRECS;10793.0;1;3;4
259300;;;SLEEP_POD_LAMB_WOOL;XIRECS;9877.0;1;3;4
259300;;;SLEEP_POD_NYLON;XIRECS;9288.0;1;3;4
259300;;;SLEEP_POD_POLYESTER;XIRECS;11935.0;1;3;4
259300;;;SLEEP_POD_SUEDE;XIRECS;11753.0;1;3;4
259300;;;SNACKPACK_CHOCOLATE;XIRECS;10062.0;1;3;4
259300;;;SNACKPACK_PISTACHIO;XIRECS;9698.0;1;3;4
259300;;;SNACKPACK_RASPBERRY;XIRECS;9820.0;1;3;4
259300;;;SNACKPACK_STRAWBERRY;XIRECS;11048.0;1;3;4
259300;;;SNACKPACK_VANILLA;XIRECS;9865.0;1;3;4
259300;;;TRANSLATOR_ASTRO_BLACK;XIRECS;9296.0;1;3;4
259300;;;TRANSLATOR_ECLIPSE_CHARCOAL;XIRECS;10511.0;1;3;4
259300;;;TRANSLATOR_GRAPHITE_MIST;XIRECS;9772.0;1;3;4
259300;;;TRANSLATOR_SPACE_GRAY;XIRECS;8944.0;1;3;4
259300;;;TRANSLATOR_VOID_BLUE;XIRECS;10989.0;1;3;4
259300;;;UV_VISOR_AMBER;XIRECS;7819.0;1;3;4
259300;;;UV_VISOR_MAGENTA;XIRECS;11043.0;1;3;4
259300;;;UV_VISOR_ORANGE;XIRECS;10633.0;1;3;4
259300;;;UV_VISOR_RED;XIRECS;10912.0;1;3;4
259300;;;UV_VISOR_YELLOW;XIRECS;11257.0;1;3;4
259900;SUBMISSION;;SNACKPACK_STRAWBERRY;XIRECS;11032.0;2;3;4
259900;SUBMISSION;;SNACKPACK_PISTACHIO;XIRECS;9677.0;2;3;4
259900;SUBMISSION;;SNACKPACK_VANILLA;XIRECS;9859.0;2;3;4
260500;SUBMISSION;;PEBBLES_XL;XIRECS;12947.0;2;3;4
260500;;;PEBBLES_L;XIRECS;10264.0;3;3;4
260500;;;PEBBLES_M;XIRECS;9966.0;3;3;4
260500;;;PEBBLES_S;XIRECS;9503.0;3;3;4
260500;;;PEBBLES_XS;XIRECS;7288.0;3;3;4
261300;;SUBMISSION;SLEEP_POD_COTTON;XIRECS;10744.0;5;3;4
261600;SUBMISSION;;SNACKPACK_STRAWBERRY;XIRECS;11066.0;2;3;4
261600;SUBMISSION;;SNACKPACK_PISTACHIO;XIRECS;9688.0;2;3;4
261600;SUBMISSION;;SNACKPACK_VANILLA;XIRECS;9836.0;2;3;4
261600;SUBMISSION;;PANEL_1X4;XIRECS;10542.0;5;3;4
262100;;SUBMISSION;SNACKPACK_STRAWBERRY;XIRECS;11091.0;5;3;4
262100;;SUBMISSION;SNACKPACK_PISTACHIO;XIRECS;9703.0;5;3;4
262100;;SUBMISSION;SNACKPACK_VANILLA;XIRECS;9822.0;5;3;4
262200;SUBMISSION;;PEBBLES_XL;XIRECS;12839.0;2;3;4
262200;;;PEBBLES_L;XIRECS;10312.0;5;3;4
262200;;;PEBBLES_M;XIRECS;10048.0;5;3;4
262200;;;PEBBLES_S;XIRECS;9551.0;5;3;4
262200;;;PEBBLES_XS;XIRECS;7220.0;5;3;4
262400;SUBMISSION;;PEBBLES_XL;XIRECS;12789.0;5;3;4
262400;SUBMISSION;;PEBBLES_XL;XIRECS;12798.0;6;3;4
262500;;SUBMISSION;PANEL_1X4;XIRECS;10493.0;5;3;4
262600;;;MICROCHIP_CIRCLE;XIRECS;8870.0;2;3;4
262600;;;MICROCHIP_OVAL;XIRECS;9259.0;2;3;4
262600;;;MICROCHIP_RECTANGLE;XIRECS;8661.0;2;3;4
262600;;;MICROCHIP_SQUARE;XIRECS;13512.0;2;3;4
262600;;;MICROCHIP_TRIANGLE;XIRECS;10635.0;2;3;4
263500;SUBMISSION;;SNACKPACK_STRAWBERRY;XIRECS;11042.0;1;3;4
263500;SUBMISSION;;SNACKPACK_PISTACHIO;XIRECS;9673.0;1;3;4
263500;SUBMISSION;;SNACKPACK_VANILLA;XIRECS;9818.0;1;3;4
263500;;;GALAXY_SOUNDS_BLACK_HOLES;XIRECS;10972.0;4;3;4
263500;;;GALAXY_SOUNDS_DARK_MATTER;XIRECS;10405.0;4;3;4
263500;;;GALAXY_SOUNDS_PLANETARY_RINGS;XIRECS;11393.0;4;3;4
263500;;;GALAXY_SOUNDS_SOLAR_FLAMES;XIRECS;11771.0;4;3;4
263500;;;GALAXY_SOUNDS_SOLAR_WINDS;XIRECS;9972.0;4;3;4
263500;;;OXYGEN_SHAKE_CHOCOLATE;XIRECS;9040.0;4;3;4
263500;;;OXYGEN_SHAKE_EVENING_BREATH;XIRECS;9484.0;4;3;4
263500;;;OXYGEN_SHAKE_GARLIC;XIRECS;11947.0;4;3;4
263500;;;OXYGEN_SHAKE_MINT;XIRECS;10444.0;4;3;4
263500;;;OXYGEN_SHAKE_MORNING_BREATH;XIRECS;10424.0;4;3;4
263500;;;PANEL_1X2;XIRECS;8241.0;4;3;4
263500;;;PANEL_1X4;XIRECS;10548.0;4;3;4
263500;;;PANEL_2X2;XIRECS;10370.0;4;3;4
263500;;;PANEL_2X4;XIRECS;11063.0;4;3;4
263500;;;PANEL_4X4;XIRECS;9229.0;4;3;4
263500;;;ROBOT_DISHES;XIRECS;9912.0;4;3;4
263500;;;ROBOT_IRONING;XIRECS;9337.0;4;3;4
263500;;;ROBOT_LAUNDRY;XIRECS;10303.0;4;3;4
263500;;;ROBOT_MOPPING;XIRECS;10181.0;4;3;4
263500;;;ROBOT_VACUUMING;XIRECS;9101.0;4;3;4
263500;;;SLEEP_POD_COTTON;XIRECS;10769.0;4;3;4
263500;;;SLEEP_POD_LAMB_WOOL;XIRECS;9884.0;4;3;4
263500;;;SLEEP_POD_NYLON;XIRECS;9321.0;4;3;4
263500;;;SLEEP_POD_POLYESTER;XIRECS;11979.0;4;3;4
263500;;;SLEEP_POD_SUEDE;XIRECS;11743.0;4;3;4
263500;;;SNACKPACK_CHOCOLATE;XIRECS;10080.0;4;3;4
263500;;;SNACKPACK_RASPBERRY;XIRECS;9808.0;4;3;4
263500;;;TRANSLATOR_ASTRO_BLACK;XIRECS;9270.0;4;3;4
263500;;;TRANSLATOR_ECLIPSE_CHARCOAL;XIRECS;10639.0;4;3;4
263500;;;TRANSLATOR_GRAPHITE_MIST;XIRECS;9686.0;4;3;4
263500;;;TRANSLATOR_SPACE_GRAY;XIRECS;8921.0;4;3;4
263500;;;TRANSLATOR_VOID_BLUE;XIRECS;10889.0;4;3;4
263500;;;UV_VISOR_AMBER;XIRECS;7778.0;4;3;4
263500;;;UV_VISOR_MAGENTA;XIRECS;10927.0;4;3;4
263500;;;UV_VISOR_ORANGE;XIRECS;10633.0;4;3;4
263500;;;UV_VISOR_RED;XIRECS;11006.0;4;3;4
263500;;;UV_VISOR_YELLOW;XIRECS;11318.0;4;3;4
263800;SUBMISSION;;PANEL_1X4;XIRECS;10562.0;5;3;4
264400;;SUBMISSION;ROBOT_IRONING;XIRECS;9357.0;4;3;4
264500;;SUBMISSION;ROBOT_IRONING;XIRECS;9357.0;1;3;4
265100;SUBMISSION;;SLEEP_POD_COTTON;XIRECS;10809.0;5;3;4
265200;;;GALAXY_SOUNDS_BLACK_HOLES;XIRECS;10999.0;4;3;4
265200;;;GALAXY_SOUNDS_DARK_MATTER;XIRECS;10439.0;4;3;4
265200;;;GALAXY_SOUNDS_PLANETARY_RINGS;XIRECS;11406.0;4;3;4
265200;;;GALAXY_SOUNDS_SOLAR_FLAMES;XIRECS;11769.0;4;3;4
265200;;;GALAXY_SOUNDS_SOLAR_WINDS;XIRECS;9899.0;4;3;4
265200;;;OXYGEN_SHAKE_CHOCOLATE;XIRECS;9025.0;4;3;4
265200;;;OXYGEN_SHAKE_EVENING_BREATH;XIRECS;9504.0;4;3;4
265200;;;OXYGEN_SHAKE_GARLIC;XIRECS;11931.0;4;3;4
265200;;;OXYGEN_SHAKE_MINT;XIRECS;10448.0;4;3;4
265200;;;OXYGEN_SHAKE_MORNING_BREATH;XIRECS;10491.0;4;3;4
265200;;;PANEL_1X2;XIRECS;8190.0;4;3;4
265200;;;PANEL_1X4;XIRECS;10572.0;4;3;4
265200;;;PANEL_2X2;XIRECS;10357.0;4;3;4
265200;;;PANEL_2X4;XIRECS;11022.0;4;3;4
265200;;;PANEL_4X4;XIRECS;9226.0;4;3;4
265200;;;ROBOT_DISHES;XIRECS;9948.0;4;3;4
265200;;;ROBOT_IRONING;XIRECS;9337.0;4;3;4
265200;;;ROBOT_LAUNDRY;XIRECS;10266.0;4;3;4
265200;;;ROBOT_MOPPING;XIRECS;10173.0;4;3;4
265200;;;ROBOT_VACUUMING;XIRECS;9116.0;4;3;4
265200;;;SLEEP_POD_COTTON;XIRECS;10803.0;4;3;4
265200;;;SLEEP_POD_LAMB_WOOL;XIRECS;9915.0;4;3;4
265200;;;SLEEP_POD_NYLON;XIRECS;9306.0;4;3;4
265200;;;SLEEP_POD_POLYESTER;XIRECS;11991.0;4;3;4
265200;;;SLEEP_POD_SUEDE;XIRECS;11782.0;4;3;4
265200;;;SNACKPACK_CHOCOLATE;XIRECS;10094.0;4;3;4
265200;;;SNACKPACK_PISTACHIO;XIRECS;9685.0;4;3;4
265200;;;SNACKPACK_RASPBERRY;XIRECS;9776.0;4;3;4
265200;;;SNACKPACK_STRAWBERRY;XIRECS;11079.0;4;3;4
265200;;;SNACKPACK_VANILLA;XIRECS;9803.0;4;3;4
265200;;;TRANSLATOR_ASTRO_BLACK;XIRECS;9202.0;4;3;4
265200;;;TRANSLATOR_ECLIPSE_CHARCOAL;XIRECS;10624.0;4;3;4
265200;;;TRANSLATOR_GRAPHITE_MIST;XIRECS;9660.0;4;3;4
265200;;;TRANSLATOR_SPACE_GRAY;XIRECS;9043.0;4;3;4
265200;;;TRANSLATOR_VOID_BLUE;XIRECS;10872.0;4;3;4
265200;;;UV_VISOR_AMBER;XIRECS;7793.0;4;3;4
265200;;;UV_VISOR_MAGENTA;XIRECS;10980.0;4;3;4
265200;;;UV_VISOR_ORANGE;XIRECS;10696.0;4;3;4
265200;;;UV_VISOR_RED;XIRECS;11030.0;4;3;4
265200;;;UV_VISOR_YELLOW;XIRECS;11332.0;4;3;4
265900;SUBMISSION;;SNACKPACK_STRAWBERRY;XIRECS;11077.0;4;3;4
265900;SUBMISSION;;SNACKPACK_PISTACHIO;XIRECS;9684.0;4;3;4
265900;SUBMISSION;;SNACKPACK_VANILLA;XIRECS;9807.0;4;3;4
266100;;SUBMISSION;MICROCHIP_OVAL;XIRECS;9099.0;5;3;4
266200;SUBMISSION;;GALAXY_SOUNDS_PLANETARY_RINGS;XIRECS;11443.0;5;3;4
266300;;SUBMISSION;SNACKPACK_STRAWBERRY;XIRECS;11072.0;5;3;4
266300;;SUBMISSION;SNACKPACK_PISTACHIO;XIRECS;9687.0;5;3;4
266300;;SUBMISSION;SNACKPACK_VANILLA;XIRECS;9802.0;5;3;4
266500;SUBMISSION;;SNACKPACK_STRAWBERRY;XIRECS;11067.0;1;3;4
266500;SUBMISSION;;SNACKPACK_PISTACHIO;XIRECS;9681.0;1;3;4
266500;SUBMISSION;;SNACKPACK_VANILLA;XIRECS;9798.0;1;3;4
266500;;;GALAXY_SOUNDS_BLACK_HOLES;XIRECS;10965.0;4;3;4
266500;;;GALAXY_SOUNDS_DARK_MATTER;XIRECS;10467.0;4;3;4
266500;;;GALAXY_SOUNDS_PLANETARY_RINGS;XIRECS;11435.0;4;3;4
266500;;;GALAXY_SOUNDS_SOLAR_FLAMES;XIRECS;11791.0;4;3;4
266500;;;GALAXY_SOUNDS_SOLAR_WINDS;XIRECS;9914.0;4;3;4
266500;;;OXYGEN_SHAKE_CHOCOLATE;XIRECS;9023.0;4;3;4
266500;;;OXYGEN_SHAKE_EVENING_BREATH;XIRECS;9424.0;4;3;4
266500;;;OXYGEN_SHAKE_GARLIC;XIRECS;11923.0;4;3;4
266500;;;OXYGEN_SHAKE_MINT;XIRECS;10351.0;4;3;4
266500;;;OXYGEN_SHAKE_MORNING_BREATH;XIRECS;10474.0;4;3;4
266500;;;PANEL_1X2;XIRECS;8191.0;4;3;4
266500;;;PANEL_1X4;XIRECS;10559.0;4;3;4
266500;;;PANEL_2X2;XIRECS;10385.0;4;3;4
266500;;;PANEL_2X4;XIRECS;11020.0;4;3;4
266500;;;PANEL_4X4;XIRECS;9245.0;4;3;4
266500;;;ROBOT_DISHES;XIRECS;10026.0;4;3;4
266500;;;ROBOT_IRONING;XIRECS;9357.0;4;3;4
266500;;;ROBOT_LAUNDRY;XIRECS;10293.0;4;3;4
266500;;;ROBOT_MOPPING;XIRECS;10194.0;4;3;4
266500;;;ROBOT_VACUUMING;XIRECS;9166.0;4;3;4
266500;;;SLEEP_POD_COTTON;XIRECS;10776.0;4;3;4
266500;;;SLEEP_POD_LAMB_WOOL;XIRECS;9904.0;4;3;4
266500;;;SLEEP_POD_NYLON;XIRECS;9325.0;4;3;4
266500;;;SLEEP_POD_POLYESTER;XIRECS;12019.0;4;3;4
266500;;;SLEEP_POD_SUEDE;XIRECS;11773.0;4;3;4
266500;;;SNACKPACK_CHOCOLATE;XIRECS;10103.0;4;3;4
266500;;;SNACKPACK_RASPBERRY;XIRECS;9779.0;4;3;4
266500;;;TRANSLATOR_ASTRO_BLACK;XIRECS;9164.0;4;3;4
266500;;;TRANSLATOR_ECLIPSE_CHARCOAL;XIRECS;10555.0;4;3;4
266500;;;TRANSLATOR_GRAPHITE_MIST;XIRECS;9648.0;4;3;4
266500;;;TRANSLATOR_SPACE_GRAY;XIRECS;9116.0;4;3;4
266500;;;TRANSLATOR_VOID_BLUE;XIRECS;10812.0;4;3;4
266500;;;UV_VISOR_AMBER;XIRECS;7761.0;4;3;4
266500;;;UV_VISOR_MAGENTA;XIRECS;10934.0;4;3;4
266500;;;UV_VISOR_ORANGE;XIRECS;10679.0;4;3;4
266500;;;UV_VISOR_RED;XIRECS;11010.0;4;3;4
266500;;;UV_VISOR_YELLOW;XIRECS;11293.0;4;3;4
267100;;SUBMISSION;SLEEP_POD_COTTON;XIRECS;10760.0;5;3;4
268500;SUBMISSION;;OXYGEN_SHAKE_MORNING_BREATH;XIRECS;10473.0;5;3;4
268800;;SUBMISSION;SNACKPACK_STRAWBERRY;XIRECS;11053.0;2;3;4
268800;;SUBMISSION;SNACKPACK_PISTACHIO;XIRECS;9665.0;2;3;4
268800;;SUBMISSION;SNACKPACK_VANILLA;XIRECS;9750.0;2;3;4
270700;;;GALAXY_SOUNDS_BLACK_HOLES;XIRECS;10924.0;2;3;4
270700;;;GALAXY_SOUNDS_DARK_MATTER;XIRECS;10421.0;2;3;4
270700;;;GALAXY_SOUNDS_PLANETARY_RINGS;XIRECS;11443.0;2;3;4
270700;;;GALAXY_SOUNDS_SOLAR_FLAMES;XIRECS;11862.0;2;3;4
270700;;;GALAXY_SOUNDS_SOLAR_WINDS;XIRECS;9983.0;2;3;4
270700;;;OXYGEN_SHAKE_CHOCOLATE;XIRECS;8943.0;2;3;4
270700;;;OXYGEN_SHAKE_EVENING_BREATH;XIRECS;9576.0;2;3;4
270700;;;OXYGEN_SHAKE_GARLIC;XIRECS;11925.0;2;3;4
270700;;;OXYGEN_SHAKE_MINT;XIRECS;10300.0;2;3;4
270700;;;OXYGEN_SHAKE_MORNING_BREATH;XIRECS;10519.0;2;3;4
270700;;;PANEL_1X2;XIRECS;8236.0;2;3;4
270700;;;PANEL_1X4;XIRECS;10570.0;2;3;4
270700;;;PANEL_2X2;XIRECS;10378.0;2;3;4
270700;;;PANEL_2X4;XIRECS;11099.0;2;3;4
270700;;;PANEL_4X4;XIRECS;9302.0;2;3;4
270700;;;PEBBLES_L;XIRECS;10376.0;3;3;4
270700;;;PEBBLES_M;XIRECS;9836.0;3;3;4
270700;;;PEBBLES_S;XIRECS;9429.0;3;3;4
270700;;;PEBBLES_XL;XIRECS;12858.0;3;3;4
270700;;;PEBBLES_XS;XIRECS;7469.0;3;3;4
270700;;;ROBOT_DISHES;XIRECS;10060.0;2;3;4
270700;;;ROBOT_IRONING;XIRECS;9313.0;2;3;4
270700;;;ROBOT_LAUNDRY;XIRECS;10345.0;2;3;4
270700;;;ROBOT_MOPPING;XIRECS;10174.0;2;3;4
270700;;;ROBOT_VACUUMING;XIRECS;9209.0;2;3;4
270700;;;SLEEP_POD_COTTON;XIRECS;10722.0;2;3;4
270700;;;SLEEP_POD_LAMB_WOOL;XIRECS;9982.0;2;3;4
270700;;;SLEEP_POD_NYLON;XIRECS;9279.0;2;3;4
270700;;;SLEEP_POD_POLYESTER;XIRECS;12016.0;2;3;4
270700;;;SLEEP_POD_SUEDE;XIRECS;11813.0;2;3;4
270700;;;SNACKPACK_CHOCOLATE;XIRECS;10182.0;2;3;4
270700;;;SNACKPACK_PISTACHIO;XIRECS;9669.0;2;3;4
270700;;;SNACKPACK_RASPBERRY;XIRECS;9864.0;2;3;4
270700;;;SNACKPACK_STRAWBERRY;XIRECS;11043.0;2;3;4
270700;;;SNACKPACK_VANILLA;XIRECS;9745.0;2;3;4
270700;;;TRANSLATOR_ASTRO_BLACK;XIRECS;9119.0;2;3;4
270700;;;TRANSLATOR_ECLIPSE_CHARCOAL;XIRECS;10656.0;2;3;4
270700;;;TRANSLATOR_GRAPHITE_MIST;XIRECS;9792.0;2;3;4
270700;;;TRANSLATOR_SPACE_GRAY;XIRECS;9131.0;2;3;4
270700;;;TRANSLATOR_VOID_BLUE;XIRECS;10811.0;2;3;4
270700;;;UV_VISOR_AMBER;XIRECS;7825.0;2;3;4
270700;;;UV_VISOR_MAGENTA;XIRECS;11040.0;2;3;4
270700;;;UV_VISOR_ORANGE;XIRECS;10639.0;2;3;4
270700;;;UV_VISOR_RED;XIRECS;10930.0;2;3;4
270700;;;UV_VISOR_YELLOW;XIRECS;11275.0;2;3;4
270900;SUBMISSION;;SNACKPACK_STRAWBERRY;XIRECS;11043.0;5;3;4
270900;SUBMISSION;;SNACKPACK_PISTACHIO;XIRECS;9662.0;5;3;4
270900;SUBMISSION;;SNACKPACK_VANILLA;XIRECS;9754.0;5;3;4
272800;;;MICROCHIP_CIRCLE;XIRECS;8926.0;3;3;4
272800;;;MICROCHIP_OVAL;XIRECS;9277.0;3;3;4
272800;;;MICROCHIP_RECTANGLE;XIRECS;8503.0;3;3;4
272800;;;MICROCHIP_SQUARE;XIRECS;13481.0;3;3;4
272800;;;MICROCHIP_TRIANGLE;XIRECS;10689.0;3;3;4
273600;SUBMISSION;;MICROCHIP_OVAL;XIRECS;9266.0;5;3;4
273600;;SUBMISSION;PANEL_1X4;XIRECS;10432.0;5;3;4
274600;;SUBMISSION;PEBBLES_XL;XIRECS;12716.0;2;3;4
274600;;;PEBBLES_L;XIRECS;10479.0;3;3;4
274600;;;PEBBLES_M;XIRECS;9871.0;3;3;4
274600;;;PEBBLES_S;XIRECS;9474.0;3;3;4
274600;;;PEBBLES_XS;XIRECS;7491.0;3;3;4
275600;;;MICROCHIP_CIRCLE;XIRECS;8981.0;2;3;4
275600;;;MICROCHIP_OVAL;XIRECS;9309.0;2;3;4
275600;;;MICROCHIP_RECTANGLE;XIRECS;8418.0;2;3;4
275600;;;MICROCHIP_SQUARE;XIRECS;13664.0;2;3;4
275600;;;MICROCHIP_TRIANGLE;XIRECS;10690.0;2;3;4
276600;SUBMISSION;;SNACKPACK_STRAWBERRY;XIRECS;11100.0;1;3;4
276600;SUBMISSION;;SNACKPACK_PISTACHIO;XIRECS;9688.0;1;3;4
276600;SUBMISSION;;SNACKPACK_VANILLA;XIRECS;9731.0;1;3;4
276900;;SUBMISSION;OXYGEN_SHAKE_MORNING_BREATH;XIRECS;10391.0;5;3;4
277100;;;PEBBLES_L;XIRECS;10394.0;5;3;4
277100;;;PEBBLES_M;XIRECS;9830.0;5;3;4
277100;;;PEBBLES_S;XIRECS;9350.0;5;3;4
277100;;;PEBBLES_XL;XIRECS;12975.0;5;3;4
277100;;;PEBBLES_XS;XIRECS;7417.0;5;3;4
277200;;;MICROCHIP_CIRCLE;XIRECS;8980.0;2;3;4
277200;;;MICROCHIP_OVAL;XIRECS;9221.0;2;3;4
277200;;;MICROCHIP_RECTANGLE;XIRECS;8468.0;2;3;4
277200;;;MICROCHIP_SQUARE;XIRECS;13790.0;2;3;4
277200;;;MICROCHIP_TRIANGLE;XIRECS;10708.0;2;3;4
278400;;;PEBBLES_L;XIRECS;10395.0;4;3;4
278400;;;PEBBLES_M;XIRECS;9869.0;4;3;4
278400;;;PEBBLES_S;XIRECS;9341.0;4;3;4
278400;;;PEBBLES_XL;XIRECS;12989.0;4;3;4
278400;;;PEBBLES_XS;XIRECS;7374.0;4;3;4
280000;;SUBMISSION;SLEEP_POD_COTTON;XIRECS;10677.0;5;3;4
281900;;SUBMISSION;SNACKPACK_STRAWBERRY;XIRECS;11042.0;2;3;4
281900;;SUBMISSION;SNACKPACK_PISTACHIO;XIRECS;9643.0;2;3;4
281900;;SUBMISSION;SNACKPACK_VANILLA;XIRECS;9806.0;2;3;4
282700;SUBMISSION;;PEBBLES_XL;XIRECS;12856.0;2;3;4
283800;;SUBMISSION;MICROCHIP_OVAL;XIRECS;9055.0;5;3;4
285100;;SUBMISSION;MICROCHIP_OVAL;XIRECS;9032.0;5;3;4
288000;;SUBMISSION;SNACKPACK_STRAWBERRY;XIRECS;11015.0;2;3;4
288000;;SUBMISSION;SNACKPACK_PISTACHIO;XIRECS;9635.0;2;3;4
288000;;SUBMISSION;SNACKPACK_VANILLA;XIRECS;9922.0;2;3;4
288000;;;GALAXY_SOUNDS_BLACK_HOLES;XIRECS;10959.0;2;3;4
288000;;;GALAXY_SOUNDS_DARK_MATTER;XIRECS;10404.0;2;3;4
288000;;;GALAXY_SOUNDS_PLANETARY_RINGS;XIRECS;11512.0;2;3;4
288000;;;GALAXY_SOUNDS_SOLAR_FLAMES;XIRECS;12062.0;2;3;4
288000;;;GALAXY_SOUNDS_SOLAR_WINDS;XIRECS;10053.0;2;3;4
288000;;;OXYGEN_SHAKE_CHOCOLATE;XIRECS;8949.0;2;3;4
288000;;;OXYGEN_SHAKE_EVENING_BREATH;XIRECS;9506.0;2;3;4
288000;;;OXYGEN_SHAKE_GARLIC;XIRECS;11656.0;2;3;4
288000;;;OXYGEN_SHAKE_MINT;XIRECS;10377.0;2;3;4
288000;;;OXYGEN_SHAKE_MORNING_BREATH;XIRECS;10342.0;2;3;4
288000;;;PANEL_1X2;XIRECS;8098.0;2;3;4
288000;;;PANEL_1X4;XIRECS;10509.0;2;3;4
288000;;;PANEL_2X2;XIRECS;10394.0;2;3;4
288000;;;PANEL_2X4;XIRECS;11254.0;2;3;4
288000;;;PANEL_4X4;XIRECS;9277.0;2;3;4
288000;;;ROBOT_DISHES;XIRECS;10190.0;2;3;4
288000;;;ROBOT_IRONING;XIRECS;9384.0;2;3;4
288000;;;ROBOT_LAUNDRY;XIRECS;10485.0;2;3;4
288000;;;ROBOT_MOPPING;XIRECS;10329.0;2;3;4
288000;;;ROBOT_VACUUMING;XIRECS;9129.0;2;3;4
288000;;;SLEEP_POD_COTTON;XIRECS;10670.0;2;3;4
288000;;;SLEEP_POD_LAMB_WOOL;XIRECS;10155.0;2;3;4
288000;;;SLEEP_POD_NYLON;XIRECS;9219.0;2;3;4
288000;;;SLEEP_POD_POLYESTER;XIRECS;11728.0;2;3;4
288000;;;SLEEP_POD_SUEDE;XIRECS;12166.0;2;3;4
288000;;;SNACKPACK_CHOCOLATE;XIRECS;10029.0;2;3;4
288000;;;SNACKPACK_RASPBERRY;XIRECS;9915.0;2;3;4
288000;;;TRANSLATOR_ASTRO_BLACK;XIRECS;9154.0;2;3;4
288000;;;TRANSLATOR_ECLIPSE_CHARCOAL;XIRECS;10447.0;2;3;4
288000;;;TRANSLATOR_GRAPHITE_MIST;XIRECS;9743.0;2;3;4
288000;;;TRANSLATOR_SPACE_GRAY;XIRECS;9280.0;2;3;4
288000;;;TRANSLATOR_VOID_BLUE;XIRECS;10788.0;2;3;4
288000;;;UV_VISOR_AMBER;XIRECS;7856.0;2;3;4
288000;;;UV_VISOR_MAGENTA;XIRECS;10996.0;2;3;4
288000;;;UV_VISOR_ORANGE;XIRECS;10756.0;2;3;4
288000;;;UV_VISOR_RED;XIRECS;10788.0;2;3;4
288000;;;UV_VISOR_YELLOW;XIRECS;11109.0;2;3;4
290000;;;MICROCHIP_CIRCLE;XIRECS;8836.0;1;3;4
290000;;;MICROCHIP_OVAL;XIRECS;9032.0;1;3;4
290000;;;MICROCHIP_RECTANGLE;XIRECS;8485.0;1;3;4
290000;;;MICROCHIP_SQUARE;XIRECS;13909.0;1;3;4
290000;;;MICROCHIP_TRIANGLE;XIRECS;10622.0;1;3;4
291100;SUBMISSION;;PANEL_1X4;XIRECS;10623.0;5;3;4
291200;;;GALAXY_SOUNDS_BLACK_HOLES;XIRECS;10805.0;2;3;4
291200;;;GALAXY_SOUNDS_DARK_MATTER;XIRECS;10414.0;2;3;4
291200;;;GALAXY_SOUNDS_PLANETARY_RINGS;XIRECS;11550.0;2;3;4
291200;;;GALAXY_SOUNDS_SOLAR_FLAMES;XIRECS;12058.0;2;3;4
291200;;;GALAXY_SOUNDS_SOLAR_WINDS;XIRECS;10054.0;2;3;4
291200;;;OXYGEN_SHAKE_CHOCOLATE;XIRECS;8885.0;2;3;4
291200;;;OXYGEN_SHAKE_EVENING_BREATH;XIRECS;9496.0;2;3;4
291200;;;OXYGEN_SHAKE_GARLIC;XIRECS;11555.0;2;3;4
291200;;;OXYGEN_SHAKE_MINT;XIRECS;10459.0;2;3;4
291200;;;OXYGEN_SHAKE_MORNING_BREATH;XIRECS;10353.0;2;3;4
291200;;;PANEL_1X2;XIRECS;8066.0;2;3;4
291200;;;PANEL_1X4;XIRECS;10620.0;2;3;4
291200;;;PANEL_2X2;XIRECS;10405.0;2;3;4
291200;;;PANEL_2X4;XIRECS;11289.0;2;3;4
291200;;;PANEL_4X4;XIRECS;9282.0;2;3;4
291200;;;ROBOT_DISHES;XIRECS;10083.0;2;3;4
291200;;;ROBOT_IRONING;XIRECS;9353.0;2;3;4
291200;;;ROBOT_LAUNDRY;XIRECS;10424.0;2;3;4
291200;;;ROBOT_MOPPING;XIRECS;10333.0;2;3;4
291200;;;ROBOT_VACUUMING;XIRECS;9098.0;2;3;4
291200;;;SLEEP_POD_COTTON;XIRECS;10778.0;2;3;4
291200;;;SLEEP_POD_LAMB_WOOL;XIRECS;10199.0;2;3;4
291200;;;SLEEP_POD_NYLON;XIRECS;9185.0;2;3;4
291200;;;SLEEP_POD_POLYESTER;XIRECS;11774.0;2;3;4
291200;;;SLEEP_POD_SUEDE;XIRECS;12178.0;2;3;4
291200;;;SNACKPACK_CHOCOLATE;XIRECS;9988.0;2;3;4
291200;;;SNACKPACK_PISTACHIO;XIRECS;9670.0;2;3;4
291200;;;SNACKPACK_RASPBERRY;XIRECS;9850.0;2;3;4
291200;;;SNACKPACK_STRAWBERRY;XIRECS;11086.0;2;3;4
291200;;;SNACKPACK_VANILLA;XIRECS;9969.0;2;3;4
291200;;;TRANSLATOR_ASTRO_BLACK;XIRECS;9210.0;2;3;4
291200;;;TRANSLATOR_ECLIPSE_CHARCOAL;XIRECS;10325.0;2;3;4
291200;;;TRANSLATOR_GRAPHITE_MIST;XIRECS;9761.0;2;3;4
291200;;;TRANSLATOR_SPACE_GRAY;XIRECS;9258.0;2;3;4
291200;;;TRANSLATOR_VOID_BLUE;XIRECS;10818.0;2;3;4
291200;;;UV_VISOR_AMBER;XIRECS;7850.0;2;3;4
291200;;;UV_VISOR_MAGENTA;XIRECS;10969.0;2;3;4
291200;;;UV_VISOR_ORANGE;XIRECS;10793.0;2;3;4
291200;;;UV_VISOR_RED;XIRECS;10684.0;2;3;4
291200;;;UV_VISOR_YELLOW;XIRECS;11092.0;2;3;4
292300;SUBMISSION;;SLEEP_POD_COTTON;XIRECS;10771.0;5;3;4
293000;SUBMISSION;;PANEL_1X4;XIRECS;10631.0;5;3;4
295300;;;MICROCHIP_CIRCLE;XIRECS;8842.0;2;3;4
295300;;;MICROCHIP_OVAL;XIRECS;9020.0;2;3;4
295300;;;MICROCHIP_RECTANGLE;XIRECS;8441.0;2;3;4
295300;;;MICROCHIP_SQUARE;XIRECS;13917.0;2;3;4
295300;;;MICROCHIP_TRIANGLE;XIRECS;10574.0;2;3;4
295700;SUBMISSION;;SLEEP_POD_COTTON;XIRECS;10844.0;5;3;4
296000;;SUBMISSION;PANEL_1X4;XIRECS;10525.0;5;3;4
296200;;SUBMISSION;SNACKPACK_STRAWBERRY;XIRECS;11078.0;4;3;4
296200;;SUBMISSION;SNACKPACK_PISTACHIO;XIRECS;9663.0;4;3;4
296200;;SUBMISSION;SNACKPACK_VANILLA;XIRECS;9986.0;4;3;4
299400;SUBMISSION;;SLEEP_POD_COTTON;XIRECS;10852.0;5;3;4
300700;;SUBMISSION;PANEL_1X4;XIRECS;10461.0;5;3;4
300800;;;PEBBLES_L;XIRECS;10479.0;5;3;4
300800;;;PEBBLES_M;XIRECS;10186.0;5;3;4
300800;;;PEBBLES_S;XIRECS;9372.0;5;3;4
300800;;;PEBBLES_XL;XIRECS;12741.0;5;3;4
300800;;;PEBBLES_XS;XIRECS;7189.0;5;3;4
301000;;;MICROCHIP_CIRCLE;XIRECS;8818.0;1;3;4
301000;;;MICROCHIP_OVAL;XIRECS;9233.0;1;3;4
301000;;;MICROCHIP_RECTANGLE;XIRECS;8601.0;1;3;4
301000;;;MICROCHIP_SQUARE;XIRECS;14072.0;1;3;4
301000;;;MICROCHIP_TRIANGLE;XIRECS;10390.0;1;3;4
301100;;;MICROCHIP_CIRCLE;XIRECS;8794.0;3;3;4
301100;;;MICROCHIP_OVAL;XIRECS;9227.0;3;3;4
301100;;;MICROCHIP_RECTANGLE;XIRECS;8613.0;3;3;4
301100;;;MICROCHIP_SQUARE;XIRECS;14065.0;3;3;4
301100;;;MICROCHIP_TRIANGLE;XIRECS;10387.0;3;3;4
302000;;;GALAXY_SOUNDS_BLACK_HOLES;XIRECS;10706.0;3;3;4
302000;;;GALAXY_SOUNDS_DARK_MATTER;XIRECS;10307.0;3;3;4
302000;;;GALAXY_SOUNDS_PLANETARY_RINGS;XIRECS;11552.0;3;3;4
302000;;;GALAXY_SOUNDS_SOLAR_FLAMES;XIRECS;12075.0;3;3;4
302000;;;GALAXY_SOUNDS_SOLAR_WINDS;XIRECS;9890.0;3;3;4
302000;;;OXYGEN_SHAKE_CHOCOLATE;XIRECS;8960.0;3;3;4
302000;;;OXYGEN_SHAKE_EVENING_BREATH;XIRECS;9576.0;3;3;4
302000;;;OXYGEN_SHAKE_GARLIC;XIRECS;11628.0;3;3;4
302000;;;OXYGEN_SHAKE_MINT;XIRECS;10570.0;3;3;4
302000;;;OXYGEN_SHAKE_MORNING_BREATH;XIRECS;10232.0;3;3;4
302000;;;PANEL_1X2;XIRECS;8167.0;3;3;4
302000;;;PANEL_1X4;XIRECS;10442.0;3;3;4
302000;;;PANEL_2X2;XIRECS;10443.0;3;3;4
302000;;;PANEL_2X4;XIRECS;11215.0;3;3;4
302000;;;PANEL_4X4;XIRECS;9367.0;3;3;4
302000;;;ROBOT_DISHES;XIRECS;9994.0;3;3;4
302000;;;ROBOT_IRONING;XIRECS;9343.0;3;3;4
302000;;;ROBOT_LAUNDRY;XIRECS;10432.0;3;3;4
302000;;;ROBOT_MOPPING;XIRECS;10360.0;3;3;4
302000;;;ROBOT_VACUUMING;XIRECS;9157.0;3;3;4
302000;;;SLEEP_POD_COTTON;XIRECS;10783.0;3;3;4
302000;;;SLEEP_POD_LAMB_WOOL;XIRECS;10185.0;3;3;4
302000;;;SLEEP_POD_NYLON;XIRECS;9109.0;3;3;4
302000;;;SLEEP_POD_POLYESTER;XIRECS;11755.0;3;3;4
302000;;;SLEEP_POD_SUEDE;XIRECS;12245.0;3;3;4
302000;;;SNACKPACK_CHOCOLATE;XIRECS;9965.0;3;3;4
302000;;;SNACKPACK_PISTACHIO;XIRECS;9631.0;3;3;4
302000;;;SNACKPACK_RASPBERRY;XIRECS;9941.0;3;3;4
302000;;;SNACKPACK_STRAWBERRY;XIRECS;11025.0;3;3;4
302000;;;SNACKPACK_VANILLA;XIRECS;10014.0;3;3;4
302000;;;TRANSLATOR_ASTRO_BLACK;XIRECS;9079.0;3;3;4
302000;;;TRANSLATOR_ECLIPSE_CHARCOAL;XIRECS;10210.0;3;3;4
302000;;;TRANSLATOR_GRAPHITE_MIST;XIRECS;9596.0;3;3;4
302000;;;TRANSLATOR_SPACE_GRAY;XIRECS;9403.0;3;3;4
302000;;;TRANSLATOR_VOID_BLUE;XIRECS;11024.0;3;3;4
302000;;;UV_VISOR_AMBER;XIRECS;7890.0;3;3;4
302000;;;UV_VISOR_MAGENTA;XIRECS;11090.0;3;3;4
302000;;;UV_VISOR_ORANGE;XIRECS;10659.0;3;3;4
302000;;;UV_VISOR_RED;XIRECS;10718.0;3;3;4
302000;;;UV_VISOR_YELLOW;XIRECS;11084.0;3;3;4
303400;SUBMISSION;;MICROCHIP_OVAL;XIRECS;9260.0;5;3;4
303900;;SUBMISSION;SLEEP_POD_COTTON;XIRECS;10765.0;5;3;4
304200;;SUBMISSION;PEBBLES_XL;XIRECS;12812.0;2;3;4
304200;;;PEBBLES_L;XIRECS;10493.0;5;3;4
304200;;;PEBBLES_M;XIRECS;10166.0;5;3;4
304200;;;PEBBLES_S;XIRECS;9296.0;5;3;4
304200;;;PEBBLES_XS;XIRECS;7264.0;5;3;4
304600;;SUBMISSION;PEBBLES_XL;XIRECS;12814.0;7;3;4
305200;;SUBMISSION;PEBBLES_XL;XIRECS;12793.0;5;3;4
306100;SUBMISSION;;MICROCHIP_OVAL;XIRECS;9231.0;4;3;4
306100;SUBMISSION;;SNACKPACK_STRAWBERRY;XIRECS;11090.0;4;3;4
306100;SUBMISSION;;SNACKPACK_PISTACHIO;XIRECS;9649.0;4;3;4
306100;SUBMISSION;;SNACKPACK_VANILLA;XIRECS;10034.0;4;3;4
306200;SUBMISSION;;MICROCHIP_OVAL;XIRECS;9242.0;1;3;4
306300;;SUBMISSION;PEBBLES_XL;XIRECS;12757.0;2;3;4
306300;;;PEBBLES_L;XIRECS;10475.0;4;3;4
306300;;;PEBBLES_M;XIRECS;10231.0;4;3;4
306300;;;PEBBLES_S;XIRECS;9287.0;4;3;4
306300;;;PEBBLES_XS;XIRECS;7281.0;4;3;4
306600;SUBMISSION;;SLEEP_POD_COTTON;XIRECS;10841.0;5;3;4
307700;;SUBMISSION;PEBBLES_XL;XIRECS;12816.0;4;3;4
308000;SUBMISSION;;ROBOT_IRONING;XIRECS;9394.0;5;3;4
309100;SUBMISSION;;MICROCHIP_OVAL;XIRECS;9319.0;4;3;4
309200;SUBMISSION;;MICROCHIP_OVAL;XIRECS;9296.0;1;3;4
310300;;;PEBBLES_L;XIRECS;10471.0;4;3;4
310300;;;PEBBLES_M;XIRECS;10108.0;4;3;4
310300;;;PEBBLES_S;XIRECS;9332.0;4;3;4
310300;;;PEBBLES_XL;XIRECS;12960.0;4;3;4
310300;;;PEBBLES_XS;XIRECS;7162.0;4;3;4
310400;;SUBMISSION;ROBOT_IRONING;XIRECS;9287.0;5;3;4
310600;;SUBMISSION;SNACKPACK_STRAWBERRY;XIRECS;11135.0;4;3;4
310600;;SUBMISSION;SNACKPACK_PISTACHIO;XIRECS;9669.0;4;3;4
310600;;SUBMISSION;SNACKPACK_VANILLA;XIRECS;10001.0;4;3;4
311700;;;GALAXY_SOUNDS_BLACK_HOLES;XIRECS;10894.0;4;3;4
311700;;;GALAXY_SOUNDS_DARK_MATTER;XIRECS;10221.0;4;3;4
311700;;;GALAXY_SOUNDS_PLANETARY_RINGS;XIRECS;11582.0;4;3;4
311700;;;GALAXY_SOUNDS_SOLAR_FLAMES;XIRECS;12112.0;4;3;4
311700;;;GALAXY_SOUNDS_SOLAR_WINDS;XIRECS;9984.0;4;3;4
311700;;;OXYGEN_SHAKE_CHOCOLATE;XIRECS;9030.0;4;3;4
311700;;;OXYGEN_SHAKE_EVENING_BREATH;XIRECS;9526.0;4;3;4
311700;;;OXYGEN_SHAKE_GARLIC;XIRECS;11578.0;4;3;4
311700;;;OXYGEN_SHAKE_MINT;XIRECS;10665.0;4;3;4
311700;;;OXYGEN_SHAKE_MORNING_BREATH;XIRECS;10216.0;4;3;4
311700;;;PANEL_1X2;XIRECS;8334.0;4;3;4
311700;;;PANEL_1X4;XIRECS;10353.0;4;3;4
311700;;;PANEL_2X2;XIRECS;10289.0;4;3;4
311700;;;PANEL_2X4;XIRECS;11099.0;4;3;4
311700;;;PANEL_4X4;XIRECS;9368.0;4;3;4
311700;;;ROBOT_DISHES;XIRECS;9901.0;4;3;4
311700;;;ROBOT_IRONING;XIRECS;9293.0;4;3;4
311700;;;ROBOT_LAUNDRY;XIRECS;10387.0;4;3;4
311700;;;ROBOT_MOPPING;XIRECS;10318.0;4;3;4
311700;;;ROBOT_VACUUMING;XIRECS;9175.0;4;3;4
311700;;;SLEEP_POD_COTTON;XIRECS;10805.0;4;3;4
311700;;;SLEEP_POD_LAMB_WOOL;XIRECS;10285.0;4;3;4
311700;;;SLEEP_POD_NYLON;XIRECS;8981.0;4;3;4
311700;;;SLEEP_POD_POLYESTER;XIRECS;11810.0;4;3;4
311700;;;SLEEP_POD_SUEDE;XIRECS;12008.0;4;3;4
311700;;;SNACKPACK_CHOCOLATE;XIRECS;9958.0;4;3;4
311700;;;SNACKPACK_PISTACHIO;XIRECS;9680.0;4;3;4
311700;;;SNACKPACK_RASPBERRY;XIRECS;9802.0;4;3;4
311700;;;SNACKPACK_STRAWBERRY;XIRECS;11164.0;4;3;4
311700;;;SNACKPACK_VANILLA;XIRECS;10012.0;4;3;4
311700;;;TRANSLATOR_ASTRO_BLACK;XIRECS;8982.0;4;3;4
311700;;;TRANSLATOR_ECLIPSE_CHARCOAL;XIRECS;10239.0;4;3;4
311700;;;TRANSLATOR_GRAPHITE_MIST;XIRECS;9511.0;4;3;4
311700;;;TRANSLATOR_SPACE_GRAY;XIRECS;9474.0;4;3;4
311700;;;TRANSLATOR_VOID_BLUE;XIRECS;10947.0;4;3;4
311700;;;UV_VISOR_AMBER;XIRECS;7890.0;4;3;4
311700;;;UV_VISOR_MAGENTA;XIRECS;11119.0;4;3;4
311700;;;UV_VISOR_ORANGE;XIRECS;10748.0;4;3;4
311700;;;UV_VISOR_RED;XIRECS;10699.0;4;3;4
311700;;;UV_VISOR_YELLOW;XIRECS;11368.0;4;3;4
312000;SUBMISSION;;SNACKPACK_STRAWBERRY;XIRECS;11152.0;3;3;4
312000;SUBMISSION;;SNACKPACK_STRAWBERRY;XIRECS;11144.0;2;3;4
312000;SUBMISSION;;SNACKPACK_PISTACHIO;XIRECS;9674.0;3;3;4
312000;SUBMISSION;;SNACKPACK_PISTACHIO;XIRECS;9667.0;2;3;4
312000;SUBMISSION;;SNACKPACK_VANILLA;XIRECS;9987.0;3;3;4
312000;SUBMISSION;;SNACKPACK_VANILLA;XIRECS;9980.0;2;3;4
312000;;;GALAXY_SOUNDS_BLACK_HOLES;XIRECS;10887.0;3;3;4
312000;;;GALAXY_SOUNDS_DARK_MATTER;XIRECS;10218.0;3;3;4
312000;;;GALAXY_SOUNDS_PLANETARY_RINGS;XIRECS;11527.0;3;3;4
312000;;;GALAXY_SOUNDS_SOLAR_FLAMES;XIRECS;12069.0;3;3;4
312000;;;GALAXY_SOUNDS_SOLAR_WINDS;XIRECS;9947.0;3;3;4
312000;;;OXYGEN_SHAKE_CHOCOLATE;XIRECS;9032.0;3;3;4
312000;;;OXYGEN_SHAKE_EVENING_BREATH;XIRECS;9504.0;3;3;4
312000;;;OXYGEN_SHAKE_GARLIC;XIRECS;11532.0;3;3;4
312000;;;OXYGEN_SHAKE_MINT;XIRECS;10643.0;3;3;4
312000;;;OXYGEN_SHAKE_MORNING_BREATH;XIRECS;10191.0;3;3;4
312000;;;PANEL_1X2;XIRECS;8299.0;3;3;4
312000;;;PANEL_1X4;XIRECS;10343.0;3;3;4
312000;;;PANEL_2X2;XIRECS;10240.0;3;3;4
312000;;;PANEL_2X4;XIRECS;11086.0;3;3;4
312000;;;PANEL_4X4;XIRECS;9359.0;3;3;4
312000;;;ROBOT_DISHES;XIRECS;9880.0;3;3;4
312000;;;ROBOT_IRONING;XIRECS;9277.0;3;3;4
312000;;;ROBOT_LAUNDRY;XIRECS;10380.0;3;3;4
312000;;;ROBOT_MOPPING;XIRECS;10327.0;3;3;4
312000;;;ROBOT_VACUUMING;XIRECS;9179.0;3;3;4
312000;;;SLEEP_POD_COTTON;XIRECS;10783.0;3;3;4
312000;;;SLEEP_POD_LAMB_WOOL;XIRECS;10263.0;3;3;4
312000;;;SLEEP_POD_NYLON;XIRECS;8997.0;3;3;4
312000;;;SLEEP_POD_POLYESTER;XIRECS;11806.0;3;3;4
312000;;;SLEEP_POD_SUEDE;XIRECS;12005.0;3;3;4
312000;;;SNACKPACK_CHOCOLATE;XIRECS;9955.0;3;3;4
312000;;;SNACKPACK_RASPBERRY;XIRECS;9792.0;3;3;4
312000;;;TRANSLATOR_ASTRO_BLACK;XIRECS;8980.0;3;3;4
312000;;;TRANSLATOR_ECLIPSE_CHARCOAL;XIRECS;10195.0;3;3;4
312000;;;TRANSLATOR_GRAPHITE_MIST;XIRECS;9535.0;3;3;4
312000;;;TRANSLATOR_SPACE_GRAY;XIRECS;9506.0;3;3;4
312000;;;TRANSLATOR_VOID_BLUE;XIRECS;10956.0;3;3;4
312000;;;UV_VISOR_AMBER;XIRECS;7874.0;3;3;4
312000;;;UV_VISOR_MAGENTA;XIRECS;11118.0;3;3;4
312000;;;UV_VISOR_ORANGE;XIRECS;10769.0;3;3;4
312000;;;UV_VISOR_RED;XIRECS;10664.0;3;3;4
312000;;;UV_VISOR_YELLOW;XIRECS;11363.0;3;3;4
312300;;;PEBBLES_L;XIRECS;10463.0;4;3;4
312300;;;PEBBLES_M;XIRECS;10038.0;4;3;4
312300;;;PEBBLES_S;XIRECS;9450.0;4;3;4
312300;;;PEBBLES_XL;XIRECS;12907.0;4;3;4
312300;;;PEBBLES_XS;XIRECS;7175.0;4;3;4
312800;SUBMISSION;;SNACKPACK_STRAWBERRY;XIRECS;11176.0;3;3;4
312800;SUBMISSION;;SNACKPACK_PISTACHIO;XIRECS;9685.0;3;3;4
312800;SUBMISSION;;SNACKPACK_VANILLA;XIRECS;9964.0;3;3;4
312900;;SUBMISSION;MICROCHIP_OVAL;XIRECS;9116.0;5;3;4
313200;;SUBMISSION;TRANSLATOR_GRAPHITE_MIST;XIRECS;9505.0;5;3;4
314800;;SUBMISSION;SNACKPACK_STRAWBERRY;XIRECS;11174.0;2;3;4
314800;;SUBMISSION;SNACKPACK_PISTACHIO;XIRECS;9684.0;2;3;4
314800;;SUBMISSION;SNACKPACK_VANILLA;XIRECS;9943.0;2;3;4
314900;;SUBMISSION;MICROCHIP_OVAL;XIRECS;9066.0;5;3;4
315100;SUBMISSION;;SLEEP_POD_COTTON;XIRECS;10916.0;5;3;4
316200;;SUBMISSION;MICROCHIP_OVAL;XIRECS;9052.0;4;3;4
316300;;SUBMISSION;MICROCHIP_OVAL;XIRECS;9047.0;1;3;4
316600;SUBMISSION;;TRANSLATOR_GRAPHITE_MIST;XIRECS;9576.0;5;3;4
317100;SUBMISSION;;PEBBLES_XL;XIRECS;12517.0;4;3;4
317100;SUBMISSION;;PEBBLES_XL;XIRECS;12525.0;14;3;4
318100;;;PEBBLES_L;XIRECS;10299.0;2;3;4
318100;;;PEBBLES_M;XIRECS;10113.0;2;3;4
318100;;;PEBBLES_S;XIRECS;9624.0;2;3;4
318100;;;PEBBLES_XL;XIRECS;12461.0;2;3;4
318100;;;PEBBLES_XS;XIRECS;7471.0;2;3;4
319800;SUBMISSION;;SNACKPACK_STRAWBERRY;XIRECS;11201.0;2;3;4
319800;SUBMISSION;;SNACKPACK_PISTACHIO;XIRECS;9710.0;2;3;4
319800;SUBMISSION;;SNACKPACK_VANILLA;XIRECS;9934.0;2;3;4
321700;;;MICROCHIP_CIRCLE;XIRECS;8751.0;3;3;4
321700;;;MICROCHIP_OVAL;XIRECS;9089.0;3;3;4
321700;;;MICROCHIP_RECTANGLE;XIRECS;8427.0;3;3;4
321700;;;MICROCHIP_SQUARE;XIRECS;14007.0;3;3;4
321700;;;MICROCHIP_TRIANGLE;XIRECS;10195.0;3;3;4
321900;;SUBMISSION;SNACKPACK_STRAWBERRY;XIRECS;11231.0;2;3;4
321900;;SUBMISSION;SNACKPACK_PISTACHIO;XIRECS;9726.0;2;3;4
321900;;SUBMISSION;SNACKPACK_VANILLA;XIRECS;9928.0;2;3;4
323100;;;GALAXY_SOUNDS_BLACK_HOLES;XIRECS;10904.0;4;3;4
323100;;;GALAXY_SOUNDS_DARK_MATTER;XIRECS;9986.0;4;3;4
323100;;;GALAXY_SOUNDS_PLANETARY_RINGS;XIRECS;11310.0;4;3;4
323100;;;GALAXY_SOUNDS_SOLAR_FLAMES;XIRECS;12102.0;4;3;4
323100;;;GALAXY_SOUNDS_SOLAR_WINDS;XIRECS;9928.0;4;3;4
323100;;;OXYGEN_SHAKE_CHOCOLATE;XIRECS;9029.0;4;3;4
323100;;;OXYGEN_SHAKE_EVENING_BREATH;XIRECS;9504.0;4;3;4
323100;;;OXYGEN_SHAKE_GARLIC;XIRECS;11531.0;4;3;4
323100;;;OXYGEN_SHAKE_MINT;XIRECS;10524.0;4;3;4
323100;;;OXYGEN_SHAKE_MORNING_BREATH;XIRECS;10219.0;4;3;4
323100;;;PANEL_1X2;XIRECS;8269.0;4;3;4
323100;;;PANEL_1X4;XIRECS;10391.0;4;3;4
323100;;;PANEL_2X2;XIRECS;10194.0;4;3;4
323100;;;PANEL_2X4;XIRECS;10916.0;4;3;4
323100;;;PANEL_4X4;XIRECS;9294.0;4;3;4
323100;;;ROBOT_DISHES;XIRECS;9875.0;4;3;4
323100;;;ROBOT_IRONING;XIRECS;9197.0;4;3;4
323100;;;ROBOT_LAUNDRY;XIRECS;10308.0;4;3;4
323100;;;ROBOT_MOPPING;XIRECS;10467.0;4;3;4
323100;;;ROBOT_VACUUMING;XIRECS;9259.0;4;3;4
323100;;;SLEEP_POD_COTTON;XIRECS;10826.0;4;3;4
323100;;;SLEEP_POD_LAMB_WOOL;XIRECS;10325.0;4;3;4
323100;;;SLEEP_POD_NYLON;XIRECS;9027.0;4;3;4
323100;;;SLEEP_POD_POLYESTER;XIRECS;11732.0;4;3;4
323100;;;SLEEP_POD_SUEDE;XIRECS;11852.0;4;3;4
323100;;;SNACKPACK_CHOCOLATE;XIRECS;9997.0;4;3;4
323100;;;SNACKPACK_PISTACHIO;XIRECS;9701.0;4;3;4
323100;;;SNACKPACK_RASPBERRY;XIRECS;9723.0;4;3;4
323100;;;SNACKPACK_STRAWBERRY;XIRECS;11196.0;4;3;4
323100;;;SNACKPACK_VANILLA;XIRECS;9938.0;4;3;4
323100;;;TRANSLATOR_ASTRO_BLACK;XIRECS;8944.0;4;3;4
323100;;;TRANSLATOR_ECLIPSE_CHARCOAL;XIRECS;10273.0;4;3;4
323100;;;TRANSLATOR_GRAPHITE_MIST;XIRECS;9609.0;4;3;4
323100;;;TRANSLATOR_SPACE_GRAY;XIRECS;9484.0;4;3;4
323100;;;TRANSLATOR_VOID_BLUE;XIRECS;11182.0;4;3;4
323100;;;UV_VISOR_AMBER;XIRECS;7776.0;4;3;4
323100;;;UV_VISOR_MAGENTA;XIRECS;11041.0;4;3;4
323100;;;UV_VISOR_ORANGE;XIRECS;10873.0;4;3;4
323100;;;UV_VISOR_RED;XIRECS;10684.0;4;3;4
323100;;;UV_VISOR_YELLOW;XIRECS;11382.0;4;3;4
323600;SUBMISSION;;SNACKPACK_STRAWBERRY;XIRECS;11186.0;2;3;4
323600;SUBMISSION;;SNACKPACK_PISTACHIO;XIRECS;9697.0;2;3;4
323600;SUBMISSION;;SNACKPACK_VANILLA;XIRECS;9952.0;2;3;4
324300;;SUBMISSION;GALAXY_SOUNDS_PLANETARY_RINGS;XIRECS;11342.0;5;3;4
325000;;SUBMISSION;PEBBLES_XL;XIRECS;12446.0;2;3;4
325000;;;MICROCHIP_CIRCLE;XIRECS;8748.0;1;3;4
325000;;;MICROCHIP_OVAL;XIRECS;9083.0;1;3;4
325000;;;MICROCHIP_RECTANGLE;XIRECS;8295.0;1;3;4
325000;;;MICROCHIP_SQUARE;XIRECS;14142.0;1;3;4
325000;;;MICROCHIP_TRIANGLE;XIRECS;10142.0;1;3;4
325000;;;PEBBLES_L;XIRECS;10339.0;4;3;4
325000;;;PEBBLES_M;XIRECS;10271.0;4;3;4
325000;;;PEBBLES_S;XIRECS;9726.0;4;3;4
325000;;;PEBBLES_XS;XIRECS;7250.0;4;3;4
325200;;SUBMISSION;PEBBLES_XL;XIRECS;12437.0;3;3;4
325600;;SUBMISSION;SLEEP_POD_COTTON;XIRECS;10846.0;5;3;4
325800;SUBMISSION;;SLEEP_POD_COTTON;XIRECS;10878.0;5;3;4
325900;;SUBMISSION;GALAXY_SOUNDS_PLANETARY_RINGS;XIRECS;11337.0;5;3;4
326600;;SUBMISSION;PEBBLES_XL;XIRECS;12573.0;4;3;4
327000;;SUBMISSION;SLEEP_POD_COTTON;XIRECS;10814.0;5;3;4
327400;SUBMISSION;;PEBBLES_XL;XIRECS;12456.0;5;3;4
327400;SUBMISSION;;PEBBLES_XL;XIRECS;12465.0;6;3;4
327800;;SUBMISSION;GALAXY_SOUNDS_PLANETARY_RINGS;XIRECS;11299.0;5;3;4
329600;;SUBMISSION;SNACKPACK_STRAWBERRY;XIRECS;11044.0;2;3;4
329600;;SUBMISSION;SNACKPACK_PISTACHIO;XIRECS;9619.0;2;3;4
329600;;SUBMISSION;SNACKPACK_VANILLA;XIRECS;9931.0;2;3;4
329700;;SUBMISSION;GALAXY_SOUNDS_PLANETARY_RINGS;XIRECS;11215.0;5;3;4
329900;;SUBMISSION;PEBBLES_XL;XIRECS;12725.0;2;3;4
329900;;;PEBBLES_L;XIRECS;10245.0;3;3;4
329900;;;PEBBLES_M;XIRECS;10195.0;3;3;4
329900;;;PEBBLES_S;XIRECS;9578.0;3;3;4
329900;;;PEBBLES_XS;XIRECS;7289.0;3;3;4
330600;;;PEBBLES_L;XIRECS;10180.0;3;3;4
330600;;;PEBBLES_M;XIRECS;10182.0;3;3;4
330600;;;PEBBLES_S;XIRECS;9519.0;3;3;4
330600;;;PEBBLES_XL;XIRECS;12887.0;3;3;4
330600;;;PEBBLES_XS;XIRECS;7199.0;3;3;4
330700;SUBMISSION;;SNACKPACK_STRAWBERRY;XIRECS;11048.0;2;3;4
330700;SUBMISSION;;SNACKPACK_PISTACHIO;XIRECS;9622.0;2;3;4
330700;SUBMISSION;;SNACKPACK_VANILLA;XIRECS;9965.0;2;3;4
331600;;;MICROCHIP_CIRCLE;XIRECS;8730.0;2;3;4
331600;;;MICROCHIP_OVAL;XIRECS;8935.0;2;3;4
331600;;;MICROCHIP_RECTANGLE;XIRECS;8274.0;2;3;4
331600;;;MICROCHIP_SQUARE;XIRECS;14163.0;2;3;4
331600;;;MICROCHIP_TRIANGLE;XIRECS;9989.0;2;3;4
331700;;SUBMISSION;SLEEP_POD_COTTON;XIRECS;10762.0;5;3;4
332600;;;PEBBLES_L;XIRECS;10206.0;3;3;4
332600;;;PEBBLES_M;XIRECS;10130.0;3;3;4
332600;;;PEBBLES_S;XIRECS;9467.0;3;3;4
332600;;;PEBBLES_XL;XIRECS;12963.0;3;3;4
332600;;;PEBBLES_XS;XIRECS;7200.0;3;3;4
333300;;SUBMISSION;SNACKPACK_STRAWBERRY;XIRECS;11069.0;2;3;4
333300;;SUBMISSION;SNACKPACK_PISTACHIO;XIRECS;9623.0;2;3;4
333300;;SUBMISSION;SNACKPACK_VANILLA;XIRECS;10020.0;2;3;4
333300;;;GALAXY_SOUNDS_BLACK_HOLES;XIRECS;10997.0;3;3;4
333300;;;GALAXY_SOUNDS_DARK_MATTER;XIRECS;10081.0;3;3;4
333300;;;GALAXY_SOUNDS_PLANETARY_RINGS;XIRECS;11248.0;3;3;4
333300;;;GALAXY_SOUNDS_SOLAR_FLAMES;XIRECS;12177.0;3;3;4
333300;;;GALAXY_SOUNDS_SOLAR_WINDS;XIRECS;10078.0;3;3;4
333300;;;OXYGEN_SHAKE_CHOCOLATE;XIRECS;9012.0;3;3;4
333300;;;OXYGEN_SHAKE_EVENING_BREATH;XIRECS;9256.0;3;3;4
333300;;;OXYGEN_SHAKE_GARLIC;XIRECS;11550.0;3;3;4
333300;;;OXYGEN_SHAKE_MINT;XIRECS;10661.0;3;3;4
333300;;;OXYGEN_SHAKE_MORNING_BREATH;XIRECS;10256.0;3;3;4
333300;;;PANEL_1X2;XIRECS;8292.0;3;3;4
333300;;;PANEL_1X4;XIRECS;10426.0;3;3;4
333300;;;PANEL_2X2;XIRECS;10295.0;3;3;4
333300;;;PANEL_2X4;XIRECS;10905.0;3;3;4
333300;;;PANEL_4X4;XIRECS;9473.0;3;3;4
333300;;;ROBOT_DISHES;XIRECS;9676.0;3;3;4
333300;;;ROBOT_IRONING;XIRECS;9273.0;3;3;4
333300;;;ROBOT_LAUNDRY;XIRECS;10249.0;3;3;4
333300;;;ROBOT_MOPPING;XIRECS;10460.0;3;3;4
333300;;;ROBOT_VACUUMING;XIRECS;9433.0;3;3;4
333300;;;SLEEP_POD_COTTON;XIRECS;10718.0;3;3;4
333300;;;SLEEP_POD_LAMB_WOOL;XIRECS;10558.0;3;3;4
333300;;;SLEEP_POD_NYLON;XIRECS;8931.0;3;3;4
333300;;;SLEEP_POD_POLYESTER;XIRECS;11810.0;3;3;4
333300;;;SLEEP_POD_SUEDE;XIRECS;11708.0;3;3;4
333300;;;SNACKPACK_CHOCOLATE;XIRECS;9963.0;3;3;4
333300;;;SNACKPACK_RASPBERRY;XIRECS;9866.0;3;3;4
333300;;;TRANSLATOR_ASTRO_BLACK;XIRECS;8907.0;3;3;4
333300;;;TRANSLATOR_ECLIPSE_CHARCOAL;XIRECS;10221.0;3;3;4
333300;;;TRANSLATOR_GRAPHITE_MIST;XIRECS;9709.0;3;3;4
333300;;;TRANSLATOR_SPACE_GRAY;XIRECS;9610.0;3;3;4
333300;;;TRANSLATOR_VOID_BLUE;XIRECS;11279.0;3;3;4
333300;;;UV_VISOR_AMBER;XIRECS;7792.0;3;3;4
333300;;;UV_VISOR_MAGENTA;XIRECS;11013.0;3;3;4
333300;;;UV_VISOR_ORANGE;XIRECS;10709.0;3;3;4
333300;;;UV_VISOR_RED;XIRECS;10673.0;3;3;4
333300;;;UV_VISOR_YELLOW;XIRECS;11229.0;3;3;4
333500;;SUBMISSION;PEBBLES_XL;XIRECS;12930.0;6;3;4
333900;;SUBMISSION;SNACKPACK_STRAWBERRY;XIRECS;11076.0;2;3;4
333900;;SUBMISSION;SNACKPACK_PISTACHIO;XIRECS;9626.0;2;3;4
333900;;SUBMISSION;SNACKPACK_VANILLA;XIRECS;10016.0;2;3;4
333900;;;GALAXY_SOUNDS_BLACK_HOLES;XIRECS;10996.0;2;3;4
333900;;;GALAXY_SOUNDS_DARK_MATTER;XIRECS;10077.0;2;3;4
333900;;;GALAXY_SOUNDS_PLANETARY_RINGS;XIRECS;11225.0;2;3;4
333900;;;GALAXY_SOUNDS_SOLAR_FLAMES;XIRECS;12196.0;2;3;4
333900;;;GALAXY_SOUNDS_SOLAR_WINDS;XIRECS;10099.0;2;3;4
333900;;;OXYGEN_SHAKE_CHOCOLATE;XIRECS;9045.0;2;3;4
333900;;;OXYGEN_SHAKE_EVENING_BREATH;XIRECS;9266.0;2;3;4
333900;;;OXYGEN_SHAKE_GARLIC;XIRECS;11557.0;2;3;4
333900;;;OXYGEN_SHAKE_MINT;XIRECS;10648.0;2;3;4
333900;;;OXYGEN_SHAKE_MORNING_BREATH;XIRECS;10284.0;2;3;4
333900;;;PANEL_1X2;XIRECS;8276.0;2;3;4
333900;;;PANEL_1X4;XIRECS;10373.0;2;3;4
333900;;;PANEL_2X2;XIRECS;10309.0;2;3;4
333900;;;PANEL_2X4;XIRECS;10892.0;2;3;4
333900;;;PANEL_4X4;XIRECS;9490.0;2;3;4
333900;;;ROBOT_DISHES;XIRECS;9680.0;2;3;4
333900;;;ROBOT_IRONING;XIRECS;9303.0;2;3;4
333900;;;ROBOT_LAUNDRY;XIRECS;10260.0;2;3;4
333900;;;ROBOT_MOPPING;XIRECS;10465.0;2;3;4
333900;;;ROBOT_VACUUMING;XIRECS;9389.0;2;3;4
333900;;;SLEEP_POD_COTTON;XIRECS;10731.0;2;3;4
333900;;;SLEEP_POD_LAMB_WOOL;XIRECS;10562.0;2;3;4
333900;;;SLEEP_POD_NYLON;XIRECS;8934.0;2;3;4
333900;;;SLEEP_POD_POLYESTER;XIRECS;11852.0;2;3;4
333900;;;SLEEP_POD_SUEDE;XIRECS;11717.0;2;3;4
333900;;;SNACKPACK_CHOCOLATE;XIRECS;9960.0;2;3;4
333900;;;SNACKPACK_RASPBERRY;XIRECS;9850.0;2;3;4
333900;;;TRANSLATOR_ASTRO_BLACK;XIRECS;8900.0;2;3;4
333900;;;TRANSLATOR_ECLIPSE_CHARCOAL;XIRECS;10231.0;2;3;4
333900;;;TRANSLATOR_GRAPHITE_MIST;XIRECS;9711.0;2;3;4
333900;;;TRANSLATOR_SPACE_GRAY;XIRECS;9612.0;2;3;4
333900;;;TRANSLATOR_VOID_BLUE;XIRECS;11310.0;2;3;4
333900;;;UV_VISOR_AMBER;XIRECS;7817.0;2;3;4
333900;;;UV_VISOR_MAGENTA;XIRECS;11046.0;2;3;4
333900;;;UV_VISOR_ORANGE;XIRECS;10660.0;2;3;4
333900;;;UV_VISOR_RED;XIRECS;10678.0;2;3;4
333900;;;UV_VISOR_YELLOW;XIRECS;11257.0;2;3;4
334300;;SUBMISSION;PEBBLES_XL;XIRECS;12862.0;4;3;4
334600;;SUBMISSION;PEBBLES_XL;XIRECS;12856.0;2;3;4
334600;;;PEBBLES_L;XIRECS;10177.0;5;3;4
334600;;;PEBBLES_M;XIRECS;10239.0;5;3;4
334600;;;PEBBLES_S;XIRECS;9461.0;5;3;4
334600;;;PEBBLES_XS;XIRECS;7298.0;5;3;4
334800;;SUBMISSION;SNACKPACK_STRAWBERRY;XIRECS;11033.0;4;3;4
334800;;SUBMISSION;SNACKPACK_PISTACHIO;XIRECS;9599.0;4;3;4
334800;;SUBMISSION;SNACKPACK_VANILLA;XIRECS;10029.0;4;3;4
335000;;SUBMISSION;SLEEP_POD_COTTON;XIRECS;10722.0;5;3;4
335500;;;MICROCHIP_CIRCLE;XIRECS;8686.0;1;3;4
335500;;;MICROCHIP_OVAL;XIRECS;8942.0;1;3;4
335500;;;MICROCHIP_RECTANGLE;XIRECS;8317.0;1;3;4
335500;;;MICROCHIP_SQUARE;XIRECS;13930.0;1;3;4
335500;;;MICROCHIP_TRIANGLE;XIRECS;9969.0;1;3;4
335800;SUBMISSION;;OXYGEN_SHAKE_MORNING_BREATH;XIRECS;10358.0;5;3;4
338700;SUBMISSION;;OXYGEN_SHAKE_MORNING_BREATH;XIRECS;10425.0;5;3;4
338900;SUBMISSION;;SNACKPACK_STRAWBERRY;XIRECS;10964.0;2;3;4
338900;SUBMISSION;;SNACKPACK_PISTACHIO;XIRECS;9549.0;2;3;4
338900;SUBMISSION;;SNACKPACK_VANILLA;XIRECS;10041.0;2;3;4
338900;;;GALAXY_SOUNDS_BLACK_HOLES;XIRECS;10976.0;4;3;4
338900;;;GALAXY_SOUNDS_DARK_MATTER;XIRECS;10016.0;4;3;4
338900;;;GALAXY_SOUNDS_PLANETARY_RINGS;XIRECS;11163.0;4;3;4
338900;;;GALAXY_SOUNDS_SOLAR_FLAMES;XIRECS;11966.0;4;3;4
338900;;;GALAXY_SOUNDS_SOLAR_WINDS;XIRECS;10189.0;4;3;4
338900;;;OXYGEN_SHAKE_CHOCOLATE;XIRECS;9080.0;4;3;4
338900;;;OXYGEN_SHAKE_EVENING_BREATH;XIRECS;9324.0;4;3;4
338900;;;OXYGEN_SHAKE_GARLIC;XIRECS;11616.0;4;3;4
338900;;;OXYGEN_SHAKE_MINT;XIRECS;10622.0;4;3;4
338900;;;OXYGEN_SHAKE_MORNING_BREATH;XIRECS;10383.0;4;3;4
338900;;;PANEL_1X2;XIRECS;8260.0;4;3;4
338900;;;PANEL_1X4;XIRECS;10373.0;4;3;4
338900;;;PANEL_2X2;XIRECS;10363.0;4;3;4
338900;;;PANEL_2X4;XIRECS;10730.0;4;3;4
338900;;;PANEL_4X4;XIRECS;9480.0;4;3;4
338900;;;ROBOT_DISHES;XIRECS;9702.0;4;3;4
338900;;;ROBOT_IRONING;XIRECS;9247.0;4;3;4
338900;;;ROBOT_LAUNDRY;XIRECS;10271.0;4;3;4
338900;;;ROBOT_MOPPING;XIRECS;10422.0;4;3;4
338900;;;ROBOT_VACUUMING;XIRECS;9380.0;4;3;4
338900;;;SLEEP_POD_COTTON;XIRECS;10838.0;4;3;4
338900;;;SLEEP_POD_LAMB_WOOL;XIRECS;10477.0;4;3;4
338900;;;SLEEP_POD_NYLON;XIRECS;8919.0;4;3;4
338900;;;SLEEP_POD_POLYESTER;XIRECS;11743.0;4;3;4
338900;;;SLEEP_POD_SUEDE;XIRECS;11788.0;4;3;4
338900;;;SNACKPACK_CHOCOLATE;XIRECS;9901.0;4;3;4
338900;;;SNACKPACK_RASPBERRY;XIRECS;9941.0;4;3;4
338900;;;TRANSLATOR_ASTRO_BLACK;XIRECS;8941.0;4;3;4
338900;;;TRANSLATOR_ECLIPSE_CHARCOAL;XIRECS;10199.0;4;3;4
338900;;;TRANSLATOR_GRAPHITE_MIST;XIRECS;9639.0;4;3;4
338900;;;TRANSLATOR_SPACE_GRAY;XIRECS;9601.0;4;3;4
338900;;;TRANSLATOR_VOID_BLUE;XIRECS;11306.0;4;3;4
338900;;;UV_VISOR_AMBER;XIRECS;7734.0;4;3;4
338900;;;UV_VISOR_MAGENTA;XIRECS;11060.0;4;3;4
338900;;;UV_VISOR_ORANGE;XIRECS;10551.0;4;3;4
338900;;;UV_VISOR_RED;XIRECS;10553.0;4;3;4
338900;;;UV_VISOR_YELLOW;XIRECS;11220.0;4;3;4
339000;SUBMISSION;;SNACKPACK_STRAWBERRY;XIRECS;10978.0;3;3;4
339000;SUBMISSION;;SNACKPACK_PISTACHIO;XIRECS;9559.0;3;3;4
339000;SUBMISSION;;SNACKPACK_VANILLA;XIRECS;10056.0;3;3;4
339500;SUBMISSION;;SLEEP_POD_COTTON;XIRECS;10869.0;5;3;4
339500;;SUBMISSION;PEBBLES_XL;XIRECS;12572.0;2;3;4
339500;;;PEBBLES_L;XIRECS;10191.0;2;3;4
339500;;;PEBBLES_M;XIRECS;10270.0;2;3;4
339500;;;PEBBLES_S;XIRECS;9644.0;2;3;4
339500;;;PEBBLES_XS;XIRECS;7354.0;2;3;4
339700;;SUBMISSION;SNACKPACK_STRAWBERRY;XIRECS;11016.0;1;3;4
339700;;SUBMISSION;SNACKPACK_PISTACHIO;XIRECS;9586.0;1;3;4
339700;;SUBMISSION;SNACKPACK_VANILLA;XIRECS;10085.0;1;3;4
339700;;;GALAXY_SOUNDS_BLACK_HOLES;XIRECS;10984.0;2;3;4
339700;;;GALAXY_SOUNDS_DARK_MATTER;XIRECS;10028.0;2;3;4
339700;;;GALAXY_SOUNDS_PLANETARY_RINGS;XIRECS;11184.0;2;3;4
339700;;;GALAXY_SOUNDS_SOLAR_FLAMES;XIRECS;11931.0;2;3;4
339700;;;GALAXY_SOUNDS_SOLAR_WINDS;XIRECS;10197.0;2;3;4
339700;;;OXYGEN_SHAKE_CHOCOLATE;XIRECS;9101.0;2;3;4
339700;;;OXYGEN_SHAKE_EVENING_BREATH;XIRECS;9366.0;2;3;4
339700;;;OXYGEN_SHAKE_GARLIC;XIRECS;11601.0;2;3;4
339700;;;OXYGEN_SHAKE_MINT;XIRECS;10643.0;2;3;4
339700;;;OXYGEN_SHAKE_MORNING_BREATH;XIRECS;10397.0;2;3;4
339700;;;PANEL_1X2;XIRECS;8262.0;2;3;4
339700;;;PANEL_1X4;XIRECS;10351.0;2;3;4
339700;;;PANEL_2X2;XIRECS;10369.0;2;3;4
339700;;;PANEL_2X4;XIRECS;10778.0;2;3;4
339700;;;PANEL_4X4;XIRECS;9459.0;2;3;4
339700;;;ROBOT_DISHES;XIRECS;9727.0;2;3;4
339700;;;ROBOT_IRONING;XIRECS;9293.0;2;3;4
339700;;;ROBOT_LAUNDRY;XIRECS;10263.0;2;3;4
339700;;;ROBOT_MOPPING;XIRECS;10477.0;2;3;4
339700;;;ROBOT_VACUUMING;XIRECS;9370.0;2;3;4
339700;;;SLEEP_POD_COTTON;XIRECS;10830.0;2;3;4
339700;;;SLEEP_POD_LAMB_WOOL;XIRECS;10471.0;2;3;4
339700;;;SLEEP_POD_NYLON;XIRECS;8957.0;2;3;4
339700;;;SLEEP_POD_POLYESTER;XIRECS;11732.0;2;3;4
339700;;;SLEEP_POD_SUEDE;XIRECS;11786.0;2;3;4
339700;;;SNACKPACK_CHOCOLATE;XIRECS;9890.0;2;3;4
339700;;;SNACKPACK_RASPBERRY;XIRECS;9932.0;2;3;4
339700;;;TRANSLATOR_ASTRO_BLACK;XIRECS;8931.0;2;3;4
339700;;;TRANSLATOR_ECLIPSE_CHARCOAL;XIRECS;10190.0;2;3;4
339700;;;TRANSLATOR_GRAPHITE_MIST;XIRECS;9608.0;2;3;4
339700;;;TRANSLATOR_SPACE_GRAY;XIRECS;9598.0;2;3;4
339700;;;TRANSLATOR_VOID_BLUE;XIRECS;11325.0;2;3;4
339700;;;UV_VISOR_AMBER;XIRECS;7717.0;2;3;4
339700;;;UV_VISOR_MAGENTA;XIRECS;11110.0;2;3;4
339700;;;UV_VISOR_ORANGE;XIRECS;10539.0;2;3;4
339700;;;UV_VISOR_RED;XIRECS;10572.0;2;3;4
339700;;;UV_VISOR_YELLOW;XIRECS;11234.0;2;3;4
341400;;;MICROCHIP_CIRCLE;XIRECS;8670.0;2;3;4
341400;;;MICROCHIP_OVAL;XIRECS;8880.0;2;3;4
341400;;;MICROCHIP_RECTANGLE;XIRECS;8277.0;2;3;4
341400;;;MICROCHIP_SQUARE;XIRECS;14003.0;2;3;4
341400;;;MICROCHIP_TRIANGLE;XIRECS;9946.0;2;3;4
341600;SUBMISSION;;OXYGEN_SHAKE_MORNING_BREATH;XIRECS;10415.0;5;3;4
343000;;SUBMISSION;PEBBLES_XL;XIRECS;12706.0;4;3;4
343400;SUBMISSION;;SLEEP_POD_COTTON;XIRECS;10846.0;5;3;4
344800;;SUBMISSION;SNACKPACK_STRAWBERRY;XIRECS;10951.0;4;3;4
344800;;SUBMISSION;SNACKPACK_PISTACHIO;XIRECS;9567.0;4;3;4
344800;;SUBMISSION;SNACKPACK_VANILLA;XIRECS;10084.0;4;3;4
344900;;SUBMISSION;SLEEP_POD_COTTON;XIRECS;10782.0;5;3;4
345500;SUBMISSION;;PEBBLES_XL;XIRECS;12718.0;2;3;4
345500;;;PEBBLES_L;XIRECS;9967.0;3;3;4
345500;;;PEBBLES_M;XIRECS;10406.0;3;3;4
345500;;;PEBBLES_S;XIRECS;9597.0;3;3;4
345500;;;PEBBLES_XS;XIRECS;7279.0;3;3;4
346200;SUBMISSION;;SNACKPACK_STRAWBERRY;XIRECS;10904.0;2;3;4
346200;SUBMISSION;;SNACKPACK_PISTACHIO;XIRECS;9534.0;2;3;4
346200;SUBMISSION;;SNACKPACK_VANILLA;XIRECS;10058.0;2;3;4
347100;;SUBMISSION;SNACKPACK_STRAWBERRY;XIRECS;10919.0;2;3;4
347100;;SUBMISSION;SNACKPACK_PISTACHIO;XIRECS;9547.0;2;3;4
347100;;SUBMISSION;SNACKPACK_VANILLA;XIRECS;10055.0;2;3;4
348500;SUBMISSION;;SLEEP_POD_COTTON;XIRECS;10837.0;5;3;4
348900;SUBMISSION;;ROBOT_IRONING;XIRECS;9414.0;5;3;4
350000;SUBMISSION;;SNACKPACK_STRAWBERRY;XIRECS;10911.0;2;3;4
350000;SUBMISSION;;SNACKPACK_PISTACHIO;XIRECS;9545.0;2;3;4
350000;SUBMISSION;;SNACKPACK_VANILLA;XIRECS;10045.0;2;3;4
350000;;;GALAXY_SOUNDS_BLACK_HOLES;XIRECS;10861.0;2;3;4
350000;;;GALAXY_SOUNDS_DARK_MATTER;XIRECS;9893.0;2;3;4
350000;;;GALAXY_SOUNDS_PLANETARY_RINGS;XIRECS;11245.0;2;3;4
350000;;;GALAXY_SOUNDS_SOLAR_FLAMES;XIRECS;11940.0;2;3;4
350000;;;GALAXY_SOUNDS_SOLAR_WINDS;XIRECS;10015.0;2;3;4
350000;;;OXYGEN_SHAKE_CHOCOLATE;XIRECS;9072.0;2;3;4
350000;;;OXYGEN_SHAKE_EVENING_BREATH;XIRECS;9354.0;2;3;4
350000;;;OXYGEN_SHAKE_GARLIC;XIRECS;11374.0;2;3;4
350000;;;OXYGEN_SHAKE_MINT;XIRECS;10692.0;2;3;4
350000;;;OXYGEN_SHAKE_MORNING_BREATH;XIRECS;10411.0;2;3;4
350000;;;PANEL_1X2;XIRECS;8240.0;2;3;4
350000;;;PANEL_1X4;XIRECS;10183.0;2;3;4
350000;;;PANEL_2X2;XIRECS;10331.0;2;3;4
350000;;;PANEL_2X4;XIRECS;10689.0;2;3;4
350000;;;PANEL_4X4;XIRECS;9705.0;2;3;4
350000;;;ROBOT_DISHES;XIRECS;9849.0;2;3;4
350000;;;ROBOT_IRONING;XIRECS;9386.0;2;3;4
350000;;;ROBOT_LAUNDRY;XIRECS;10273.0;2;3;4
350000;;;ROBOT_MOPPING;XIRECS;10496.0;2;3;4
350000;;;ROBOT_VACUUMING;XIRECS;9360.0;2;3;4
350000;;;SLEEP_POD_COTTON;XIRECS;10870.0;2;3;4
350000;;;SLEEP_POD_LAMB_WOOL;XIRECS;10569.0;2;3;4
350000;;;SLEEP_POD_NYLON;XIRECS;8769.0;2;3;4
350000;;;SLEEP_POD_POLYESTER;XIRECS;11661.0;2;3;4
350000;;;SLEEP_POD_SUEDE;XIRECS;11818.0;2;3;4
350000;;;SNACKPACK_CHOCOLATE;XIRECS;9889.0;2;3;4
350000;;;SNACKPACK_RASPBERRY;XIRECS;9993.0;2;3;4
350000;;;TRANSLATOR_ASTRO_BLACK;XIRECS;8843.0;2;3;4
350000;;;TRANSLATOR_ECLIPSE_CHARCOAL;XIRECS;10137.0;2;3;4
350000;;;TRANSLATOR_GRAPHITE_MIST;XIRECS;9693.0;2;3;4
350000;;;TRANSLATOR_SPACE_GRAY;XIRECS;9512.0;2;3;4
350000;;;TRANSLATOR_VOID_BLUE;XIRECS;11243.0;2;3;4
350000;;;UV_VISOR_AMBER;XIRECS;7718.0;2;3;4
350000;;;UV_VISOR_MAGENTA;XIRECS;11176.0;2;3;4
350000;;;UV_VISOR_ORANGE;XIRECS;10739.0;2;3;4
350000;;;UV_VISOR_RED;XIRECS;10605.0;2;3;4
350000;;;UV_VISOR_YELLOW;XIRECS;11132.0;2;3;4
350500;SUBMISSION;;SNACKPACK_STRAWBERRY;XIRECS;10929.0;2;3;4
350500;SUBMISSION;;SNACKPACK_PISTACHIO;XIRECS;9557.0;2;3;4
350500;SUBMISSION;;SNACKPACK_VANILLA;XIRECS;10035.0;2;3;4
350500;;;GALAXY_SOUNDS_BLACK_HOLES;XIRECS;10875.0;4;3;4
350500;;;GALAXY_SOUNDS_DARK_MATTER;XIRECS;9905.0;4;3;4
350500;;;GALAXY_SOUNDS_PLANETARY_RINGS;XIRECS;11253.0;4;3;4
350500;;;GALAXY_SOUNDS_SOLAR_FLAMES;XIRECS;11932.0;4;3;4
350500;;;GALAXY_SOUNDS_SOLAR_WINDS;XIRECS;10006.0;4;3;4
350500;;;OXYGEN_SHAKE_CHOCOLATE;XIRECS;9048.0;4;3;4
350500;;;OXYGEN_SHAKE_EVENING_BREATH;XIRECS;9374.0;4;3;4
350500;;;OXYGEN_SHAKE_GARLIC;XIRECS;11343.0;4;3;4
350500;;;OXYGEN_SHAKE_MINT;XIRECS;10745.0;4;3;4
350500;;;OXYGEN_SHAKE_MORNING_BREATH;XIRECS;10352.0;4;3;4
350500;;;PANEL_1X2;XIRECS;8260.0;4;3;4
350500;;;PANEL_1X4;XIRECS;10196.0;4;3;4
350500;;;PANEL_2X2;XIRECS;10373.0;4;3;4
350500;;;PANEL_2X4;XIRECS;10691.0;4;3;4
350500;;;PANEL_4X4;XIRECS;9662.0;4;3;4
350500;;;ROBOT_DISHES;XIRECS;9867.0;4;3;4
350500;;;ROBOT_IRONING;XIRECS;9367.0;4;3;4
350500;;;ROBOT_LAUNDRY;XIRECS;10245.0;4;3;4
350500;;;ROBOT_MOPPING;XIRECS;10529.0;4;3;4
350500;;;ROBOT_VACUUMING;XIRECS;9371.0;4;3;4
350500;;;SLEEP_POD_COTTON;XIRECS;10891.0;4;3;4
350500;;;SLEEP_POD_LAMB_WOOL;XIRECS;10531.0;4;3;4
350500;;;SLEEP_POD_NYLON;XIRECS;8765.0;4;3;4
350500;;;SLEEP_POD_POLYESTER;XIRECS;11623.0;4;3;4
350500;;;SLEEP_POD_SUEDE;XIRECS;11843.0;4;3;4
350500;;;SNACKPACK_CHOCOLATE;XIRECS;9898.0;4;3;4
350500;;;SNACKPACK_RASPBERRY;XIRECS;9974.0;4;3;4
350500;;;TRANSLATOR_ASTRO_BLACK;XIRECS;8819.0;4;3;4
350500;;;TRANSLATOR_ECLIPSE_CHARCOAL;XIRECS;10142.0;4;3;4
350500;;;TRANSLATOR_GRAPHITE_MIST;XIRECS;9703.0;4;3;4
350500;;;TRANSLATOR_SPACE_GRAY;XIRECS;9500.0;4;3;4
350500;;;TRANSLATOR_VOID_BLUE;XIRECS;11236.0;4;3;4
350500;;;UV_VISOR_AMBER;XIRECS;7727.0;4;3;4
350500;;;UV_VISOR_MAGENTA;XIRECS;11184.0;4;3;4
350500;;;UV_VISOR_ORANGE;XIRECS;10713.0;4;3;4
350500;;;UV_VISOR_RED;XIRECS;10600.0;4;3;4
350500;;;UV_VISOR_YELLOW;XIRECS;11118.0;4;3;4
352500;;;MICROCHIP_CIRCLE;XIRECS;8698.0;2;3;4
352500;;;MICROCHIP_OVAL;XIRECS;8850.0;2;3;4
352500;;;MICROCHIP_RECTANGLE;XIRECS;8272.0;2;3;4
352500;;;MICROCHIP_SQUARE;XIRECS;14056.0;2;3;4
352500;;;MICROCHIP_TRIANGLE;XIRECS;10051.0;2;3;4
353300;SUBMISSION;;SLEEP_POD_COTTON;XIRECS;10900.0;5;3;4
353400;;SUBMISSION;OXYGEN_SHAKE_MORNING_BREATH;XIRECS;10277.0;5;3;4
354900;SUBMISSION;;PEBBLES_XL;XIRECS;12659.0;3;3;4
354900;SUBMISSION;;PEBBLES_XL;XIRECS;12668.0;13;3;4
355000;;;GALAXY_SOUNDS_BLACK_HOLES;XIRECS;10819.0;1;3;4
355000;;;GALAXY_SOUNDS_DARK_MATTER;XIRECS;9843.0;1;3;4
355000;;;GALAXY_SOUNDS_PLANETARY_RINGS;XIRECS;11225.0;1;3;4
355000;;;GALAXY_SOUNDS_SOLAR_FLAMES;XIRECS;11847.0;1;3;4
355000;;;GALAXY_SOUNDS_SOLAR_WINDS;XIRECS;9970.0;1;3;4
355000;;;OXYGEN_SHAKE_CHOCOLATE;XIRECS;9014.0;1;3;4
355000;;;OXYGEN_SHAKE_EVENING_BREATH;XIRECS;9366.0;1;3;4
355000;;;OXYGEN_SHAKE_GARLIC;XIRECS;11338.0;1;3;4
355000;;;OXYGEN_SHAKE_MINT;XIRECS;10738.0;1;3;4
355000;;;OXYGEN_SHAKE_MORNING_BREATH;XIRECS;10248.0;1;3;4
355000;;;PANEL_1X2;XIRECS;8222.0;1;3;4
355000;;;PANEL_1X4;XIRECS;10141.0;1;3;4
355000;;;PANEL_2X2;XIRECS;10428.0;1;3;4
355000;;;PANEL_2X4;XIRECS;10611.0;1;3;4
355000;;;PANEL_4X4;XIRECS;9588.0;1;3;4
355000;;;ROBOT_DISHES;XIRECS;9849.0;1;3;4
355000;;;ROBOT_IRONING;XIRECS;9373.0;1;3;4
355000;;;ROBOT_LAUNDRY;XIRECS;10273.0;1;3;4
355000;;;ROBOT_MOPPING;XIRECS;10527.0;1;3;4
355000;;;ROBOT_VACUUMING;XIRECS;9480.0;1;3;4
355000;;;SLEEP_POD_COTTON;XIRECS;10955.0;1;3;4
355000;;;SLEEP_POD_LAMB_WOOL;XIRECS;10491.0;1;3;4
355000;;;SLEEP_POD_NYLON;XIRECS;8890.0;1;3;4
355000;;;SLEEP_POD_POLYESTER;XIRECS;11674.0;1;3;4
355000;;;SLEEP_POD_SUEDE;XIRECS;11877.0;1;3;4
355000;;;SNACKPACK_CHOCOLATE;XIRECS;9842.0;1;3;4
355000;;;SNACKPACK_PISTACHIO;XIRECS;9564.0;1;3;4
355000;;;SNACKPACK_RASPBERRY;XIRECS;10015.0;1;3;4
355000;;;SNACKPACK_STRAWBERRY;XIRECS;10921.0;1;3;4
355000;;;SNACKPACK_VANILLA;XIRECS;10110.0;1;3;4
355000;;;TRANSLATOR_ASTRO_BLACK;XIRECS;8827.0;1;3;4
355000;;;TRANSLATOR_ECLIPSE_CHARCOAL;XIRECS;10120.0;1;3;4
355000;;;TRANSLATOR_GRAPHITE_MIST;XIRECS;9725.0;1;3;4
355000;;;TRANSLATOR_SPACE_GRAY;XIRECS;9604.0;1;3;4
355000;;;TRANSLATOR_VOID_BLUE;XIRECS;11194.0;1;3;4
355000;;;UV_VISOR_AMBER;XIRECS;7709.0;1;3;4
355000;;;UV_VISOR_MAGENTA;XIRECS;11237.0;1;3;4
355000;;;UV_VISOR_ORANGE;XIRECS;10866.0;1;3;4
355000;;;UV_VISOR_RED;XIRECS;10561.0;1;3;4
355000;;;UV_VISOR_YELLOW;XIRECS;11164.0;1;3;4
355600;;;GALAXY_SOUNDS_BLACK_HOLES;XIRECS;10783.0;4;3;4
355600;;;GALAXY_SOUNDS_DARK_MATTER;XIRECS;9810.0;4;3;4
355600;;;GALAXY_SOUNDS_PLANETARY_RINGS;XIRECS;11192.0;4;3;4
355600;;;GALAXY_SOUNDS_SOLAR_FLAMES;XIRECS;11855.0;4;3;4
355600;;;GALAXY_SOUNDS_SOLAR_WINDS;XIRECS;9983.0;4;3;4
355600;;;OXYGEN_SHAKE_CHOCOLATE;XIRECS;9031.0;4;3;4
355600;;;OXYGEN_SHAKE_EVENING_BREATH;XIRECS;9356.0;4;3;4
355600;;;OXYGEN_SHAKE_GARLIC;XIRECS;11346.0;4;3;4
355600;;;OXYGEN_SHAKE_MINT;XIRECS;10775.0;4;3;4
355600;;;OXYGEN_SHAKE_MORNING_BREATH;XIRECS;10257.0;4;3;4
355600;;;PANEL_1X2;XIRECS;8238.0;4;3;4
355600;;;PANEL_1X4;XIRECS;10150.0;4;3;4
355600;;;PANEL_2X2;XIRECS;10440.0;4;3;4
355600;;;PANEL_2X4;XIRECS;10649.0;4;3;4
355600;;;PANEL_4X4;XIRECS;9579.0;4;3;4
355600;;;ROBOT_DISHES;XIRECS;9835.0;4;3;4
355600;;;ROBOT_IRONING;XIRECS;9373.0;4;3;4
355600;;;ROBOT_LAUNDRY;XIRECS;10277.0;4;3;4
355600;;;ROBOT_MOPPING;XIRECS;10530.0;4;3;4
355600;;;ROBOT_VACUUMING;XIRECS;9499.0;4;3;4
355600;;;SLEEP_POD_COTTON;XIRECS;10968.0;4;3;4
355600;;;SLEEP_POD_LAMB_WOOL;XIRECS;10511.0;4;3;4
355600;;;SLEEP_POD_NYLON;XIRECS;8865.0;4;3;4
355600;;;SLEEP_POD_POLYESTER;XIRECS;11640.0;4;3;4
355600;;;SLEEP_POD_SUEDE;XIRECS;11911.0;4;3;4
355600;;;SNACKPACK_CHOCOLATE;XIRECS;9843.0;4;3;4
355600;;;SNACKPACK_PISTACHIO;XIRECS;9551.0;4;3;4
355600;;;SNACKPACK_RASPBERRY;XIRECS;10031.0;4;3;4
355600;;;SNACKPACK_STRAWBERRY;XIRECS;10899.0;4;3;4
355600;;;SNACKPACK_VANILLA;XIRECS;10109.0;4;3;4
355600;;;TRANSLATOR_ASTRO_BLACK;XIRECS;8859.0;4;3;4
355600;;;TRANSLATOR_ECLIPSE_CHARCOAL;XIRECS;10085.0;4;3;4
355600;;;TRANSLATOR_GRAPHITE_MIST;XIRECS;9721.0;4;3;4
355600;;;TRANSLATOR_SPACE_GRAY;XIRECS;9566.0;4;3;4
355600;;;TRANSLATOR_VOID_BLUE;XIRECS;11164.0;4;3;4
355600;;;UV_VISOR_AMBER;XIRECS;7742.0;4;3;4
355600;;;UV_VISOR_MAGENTA;XIRECS;11262.0;4;3;4
355600;;;UV_VISOR_ORANGE;XIRECS;10873.0;4;3;4
355600;;;UV_VISOR_RED;XIRECS;10544.0;4;3;4
355600;;;UV_VISOR_YELLOW;XIRECS;11199.0;4;3;4
355800;;;GALAXY_SOUNDS_BLACK_HOLES;XIRECS;10770.0;1;3;4
355800;;;GALAXY_SOUNDS_DARK_MATTER;XIRECS;9821.0;1;3;4
355800;;;GALAXY_SOUNDS_PLANETARY_RINGS;XIRECS;11170.0;1;3;4
355800;;;GALAXY_SOUNDS_SOLAR_FLAMES;XIRECS;11825.0;1;3;4
355800;;;GALAXY_SOUNDS_SOLAR_WINDS;XIRECS;9947.0;1;3;4
355800;;;OXYGEN_SHAKE_CHOCOLATE;XIRECS;8994.0;1;3;4
355800;;;OXYGEN_SHAKE_EVENING_BREATH;XIRECS;9364.0;1;3;4
355800;;;OXYGEN_SHAKE_GARLIC;XIRECS;11328.0;1;3;4
355800;;;OXYGEN_SHAKE_MINT;XIRECS;10759.0;1;3;4
355800;;;OXYGEN_SHAKE_MORNING_BREATH;XIRECS;10249.0;1;3;4
355800;;;PANEL_1X2;XIRECS;8216.0;1;3;4
355800;;;PANEL_1X4;XIRECS;10142.0;1;3;4
355800;;;PANEL_2X2;XIRECS;10422.0;1;3;4
355800;;;PANEL_2X4;XIRECS;10628.0;1;3;4
355800;;;PANEL_4X4;XIRECS;9567.0;1;3;4
355800;;;ROBOT_DISHES;XIRECS;9825.0;1;3;4
355800;;;ROBOT_IRONING;XIRECS;9357.0;1;3;4
355800;;;ROBOT_LAUNDRY;XIRECS;10256.0;1;3;4
355800;;;ROBOT_MOPPING;XIRECS;10539.0;1;3;4
355800;;;ROBOT_VACUUMING;XIRECS;9509.0;1;3;4
355800;;;SLEEP_POD_COTTON;XIRECS;10944.0;1;3;4
355800;;;SLEEP_POD_LAMB_WOOL;XIRECS;10518.0;1;3;4
355800;;;SLEEP_POD_NYLON;XIRECS;8872.0;1;3;4
355800;;;SLEEP_POD_POLYESTER;XIRECS;11643.0;1;3;4
355800;;;SLEEP_POD_SUEDE;XIRECS;11912.0;1;3;4
355800;;;SNACKPACK_CHOCOLATE;XIRECS;9831.0;1;3;4
355800;;;SNACKPACK_PISTACHIO;XIRECS;9533.0;1;3;4
355800;;;SNACKPACK_RASPBERRY;XIRECS;10012.0;1;3;4
355800;;;SNACKPACK_STRAWBERRY;XIRECS;10881.0;1;3;4
355800;;;SNACKPACK_VANILLA;XIRECS;10088.0;1;3;4
355800;;;TRANSLATOR_ASTRO_BLACK;XIRECS;8824.0;1;3;4
355800;;;TRANSLATOR_ECLIPSE_CHARCOAL;XIRECS;10080.0;1;3;4
355800;;;TRANSLATOR_GRAPHITE_MIST;XIRECS;9729.0;1;3;4
355800;;;TRANSLATOR_SPACE_GRAY;XIRECS;9540.0;1;3;4
355800;;;TRANSLATOR_VOID_BLUE;XIRECS;11156.0;1;3;4
355800;;;UV_VISOR_AMBER;XIRECS;7717.0;1;3;4
355800;;;UV_VISOR_MAGENTA;XIRECS;11239.0;1;3;4
355800;;;UV_VISOR_ORANGE;XIRECS;10850.0;1;3;4
355800;;;UV_VISOR_RED;XIRECS;10513.0;1;3;4
355800;;;UV_VISOR_YELLOW;XIRECS;11190.0;1;3;4
356100;SUBMISSION;;ROBOT_IRONING;XIRECS;9384.0;5;3;4
356600;;SUBMISSION;OXYGEN_SHAKE_MORNING_BREATH;XIRECS;10249.0;5;3;4
357100;;SUBMISSION;PEBBLES_XL;XIRECS;12684.0;6;3;4
357500;;SUBMISSION;PEBBLES_XL;XIRECS;12722.0;2;3;4
357500;;;PEBBLES_L;XIRECS;9973.0;3;3;4
357500;;;PEBBLES_M;XIRECS;10240.0;3;3;4
357500;;;PEBBLES_S;XIRECS;9727.0;3;3;4
357500;;;PEBBLES_XS;XIRECS;7369.0;3;3;4
357900;;SUBMISSION;PEBBLES_XL;XIRECS;12675.0;6;3;4
358100;;SUBMISSION;SNACKPACK_STRAWBERRY;XIRECS;10849.0;3;3;4
358100;;SUBMISSION;SNACKPACK_PISTACHIO;XIRECS;9513.0;3;3;4
358100;;SUBMISSION;SNACKPACK_VANILLA;XIRECS;10061.0;3;3;4
358500;SUBMISSION;;SNACKPACK_STRAWBERRY;XIRECS;10843.0;2;3;4
358500;SUBMISSION;;SNACKPACK_PISTACHIO;XIRECS;9514.0;2;3;4
358500;SUBMISSION;;SNACKPACK_VANILLA;XIRECS;10046.0;2;3;4
358500;;;GALAXY_SOUNDS_BLACK_HOLES;XIRECS;10739.0;4;3;4
358500;;;GALAXY_SOUNDS_DARK_MATTER;XIRECS;9777.0;4;3;4
358500;;;GALAXY_SOUNDS_PLANETARY_RINGS;XIRECS;11214.0;4;3;4
358500;;;GALAXY_SOUNDS_SOLAR_FLAMES;XIRECS;11916.0;4;3;4
358500;;;GALAXY_SOUNDS_SOLAR_WINDS;XIRECS;9988.0;4;3;4
358500;;;OXYGEN_SHAKE_CHOCOLATE;XIRECS;8976.0;4;3;4
358500;;;OXYGEN_SHAKE_EVENING_BREATH;XIRECS;9274.0;4;3;4
358500;;;OXYGEN_SHAKE_GARLIC;XIRECS;11321.0;4;3;4
358500;;;OXYGEN_SHAKE_MINT;XIRECS;10650.0;4;3;4
358500;;;OXYGEN_SHAKE_MORNING_BREATH;XIRECS;10266.0;4;3;4
358500;;;PANEL_1X2;XIRECS;8283.0;4;3;4
358500;;;PANEL_1X4;XIRECS;10126.0;4;3;4
358500;;;PANEL_2X2;XIRECS;10444.0;4;3;4
358500;;;PANEL_2X4;XIRECS;10668.0;4;3;4
358500;;;PANEL_4X4;XIRECS;9545.0;4;3;4
358500;;;ROBOT_DISHES;XIRECS;9944.0;4;3;4
358500;;;ROBOT_IRONING;XIRECS;9416.0;4;3;4
358500;;;ROBOT_LAUNDRY;XIRECS;10312.0;4;3;4
358500;;;ROBOT_MOPPING;XIRECS;10481.0;4;3;4
358500;;;ROBOT_VACUUMING;XIRECS;9526.0;4;3;4
358500;;;SLEEP_POD_COTTON;XIRECS;11008.0;4;3;4
358500;;;SLEEP_POD_LAMB_WOOL;XIRECS;10643.0;4;3;4
358500;;;SLEEP_POD_NYLON;XIRECS;8967.0;4;3;4
358500;;;SLEEP_POD_POLYESTER;XIRECS;11615.0;4;3;4
358500;;;SLEEP_POD_SUEDE;XIRECS;11835.0;4;3;4
358500;;;SNACKPACK_CHOCOLATE;XIRECS;9872.0;4;3;4
358500;;;SNACKPACK_RASPBERRY;XIRECS;10058.0;4;3;4
358500;;;TRANSLATOR_ASTRO_BLACK;XIRECS;8830.0;4;3;4
358500;;;TRANSLATOR_ECLIPSE_CHARCOAL;XIRECS;10043.0;4;3;4
358500;;;TRANSLATOR_GRAPHITE_MIST;XIRECS;9714.0;4;3;4
358500;;;TRANSLATOR_SPACE_GRAY;XIRECS;9555.0;4;3;4
358500;;;TRANSLATOR_VOID_BLUE;XIRECS;11211.0;4;3;4
358500;;;UV_VISOR_AMBER;XIRECS;7667.0;4;3;4
358500;;;UV_VISOR_MAGENTA;XIRECS;11334.0;4;3;4
358500;;;UV_VISOR_ORANGE;XIRECS;10782.0;4;3;4
358500;;;UV_VISOR_RED;XIRECS;10519.0;4;3;4
358500;;;UV_VISOR_YELLOW;XIRECS;11262.0;4;3;4
360000;SUBMISSION;;SNACKPACK_STRAWBERRY;XIRECS;10786.0;1;3;4
360000;SUBMISSION;;SNACKPACK_PISTACHIO;XIRECS;9467.0;1;3;4
360000;SUBMISSION;;SNACKPACK_VANILLA;XIRECS;10079.0;1;3;4
360000;;;GALAXY_SOUNDS_BLACK_HOLES;XIRECS;10685.0;4;3;4
360000;;;GALAXY_SOUNDS_DARK_MATTER;XIRECS;9814.0;4;3;4
360000;;;GALAXY_SOUNDS_PLANETARY_RINGS;XIRECS;11186.0;4;3;4
360000;;;GALAXY_SOUNDS_SOLAR_FLAMES;XIRECS;11855.0;4;3;4
360000;;;GALAXY_SOUNDS_SOLAR_WINDS;XIRECS;10007.0;4;3;4
360000;;;OXYGEN_SHAKE_CHOCOLATE;XIRECS;8945.0;4;3;4
360000;;;OXYGEN_SHAKE_EVENING_BREATH;XIRECS;9254.0;4;3;4
360000;;;OXYGEN_SHAKE_GARLIC;XIRECS;11378.0;4;3;4
360000;;;OXYGEN_SHAKE_MINT;XIRECS;10671.0;4;3;4
360000;;;OXYGEN_SHAKE_MORNING_BREATH;XIRECS;10249.0;4;3;4
360000;;;PANEL_1X2;XIRECS;8315.0;4;3;4
360000;;;PANEL_1X4;XIRECS;10042.0;4;3;4
360000;;;PANEL_2X2;XIRECS;10428.0;4;3;4
360000;;;PANEL_2X4;XIRECS;10756.0;4;3;4
360000;;;PANEL_4X4;XIRECS;9517.0;4;3;4
360000;;;ROBOT_DISHES;XIRECS;9943.0;4;3;4
360000;;;ROBOT_IRONING;XIRECS;9416.0;4;3;4
360000;;;ROBOT_LAUNDRY;XIRECS;10286.0;4;3;4
360000;;;ROBOT_MOPPING;XIRECS;10507.0;4;3;4
360000;;;ROBOT_VACUUMING;XIRECS;9550.0;4;3;4
360000;;;SLEEP_POD_COTTON;XIRECS;10978.0;4;3;4
360000;;;SLEEP_POD_LAMB_WOOL;XIRECS;10626.0;4;3;4
360000;;;SLEEP_POD_NYLON;XIRECS;9025.0;4;3;4
360000;;;SLEEP_POD_POLYESTER;XIRECS;11615.0;4;3;4
360000;;;SLEEP_POD_SUEDE;XIRECS;11818.0;4;3;4
360000;;;SNACKPACK_CHOCOLATE;XIRECS;9836.0;4;3;4
360000;;;SNACKPACK_RASPBERRY;XIRECS;10139.0;4;3;4
360000;;;TRANSLATOR_ASTRO_BLACK;XIRECS;8825.0;4;3;4
360000;;;TRANSLATOR_ECLIPSE_CHARCOAL;XIRECS;10069.0;4;3;4
360000;;;TRANSLATOR_GRAPHITE_MIST;XIRECS;9737.0;4;3;4
360000;;;TRANSLATOR_SPACE_GRAY;XIRECS;9554.0;4;3;4
360000;;;TRANSLATOR_VOID_BLUE;XIRECS;11212.0;4;3;4
360000;;;UV_VISOR_AMBER;XIRECS;7665.0;4;3;4
360000;;;UV_VISOR_MAGENTA;XIRECS;11407.0;4;3;4
360000;;;UV_VISOR_ORANGE;XIRECS;10809.0;4;3;4
360000;;;UV_VISOR_RED;XIRECS;10565.0;4;3;4
360000;;;UV_VISOR_YELLOW;XIRECS;11210.0;4;3;4
360100;SUBMISSION;;ROBOT_IRONING;XIRECS;9440.0;3;3;4
360100;SUBMISSION;;SNACKPACK_STRAWBERRY;XIRECS;10811.0;3;3;4
360100;SUBMISSION;;SNACKPACK_PISTACHIO;XIRECS;9483.0;3;3;4
360100;SUBMISSION;;SNACKPACK_VANILLA;XIRECS;10082.0;3;3;4
360200;SUBMISSION;;ROBOT_IRONING;XIRECS;9444.0;2;3;4
361600;;SUBMISSION;OXYGEN_SHAKE_MORNING_BREATH;XIRECS;10204.0;5;3;4
361700;;SUBMISSION;SNACKPACK_STRAWBERRY;XIRECS;10786.0;3;3;4
361700;;SUBMISSION;SNACKPACK_PISTACHIO;XIRECS;9481.0;3;3;4
361700;;SUBMISSION;SNACKPACK_VANILLA;XIRECS;10060.0;3;3;4
361900;SUBMISSION;;PEBBLES_XL;XIRECS;12888.0;2;3;4
361900;;;PEBBLES_L;XIRECS;9975.0;2;3;4
361900;;;PEBBLES_M;XIRECS;10113.0;2;3;4
361900;;;PEBBLES_S;XIRECS;9668.0;2;3;4
361900;;;PEBBLES_XS;XIRECS;7325.0;2;3;4
362400;;;GALAXY_SOUNDS_BLACK_HOLES;XIRECS;10682.0;2;3;4
362400;;;GALAXY_SOUNDS_DARK_MATTER;XIRECS;9792.0;2;3;4
362400;;;GALAXY_SOUNDS_PLANETARY_RINGS;XIRECS;11198.0;2;3;4
362400;;;GALAXY_SOUNDS_SOLAR_FLAMES;XIRECS;11923.0;2;3;4
362400;;;GALAXY_SOUNDS_SOLAR_WINDS;XIRECS;9981.0;2;3;4
362400;;;OXYGEN_SHAKE_CHOCOLATE;XIRECS;8970.0;2;3;4
362400;;;OXYGEN_SHAKE_EVENING_BREATH;XIRECS;9204.0;2;3;4
362400;;;OXYGEN_SHAKE_GARLIC;XIRECS;11342.0;2;3;4
362400;;;OXYGEN_SHAKE_MINT;XIRECS;10659.0;2;3;4
362400;;;OXYGEN_SHAKE_MORNING_BREATH;XIRECS;10174.0;2;3;4
362400;;;PANEL_1X2;XIRECS;8304.0;2;3;4
362400;;;PANEL_1X4;XIRECS;10030.0;2;3;4
362400;;;PANEL_2X2;XIRECS;10455.0;2;3;4
362400;;;PANEL_2X4;XIRECS;10697.0;2;3;4
362400;;;PANEL_4X4;XIRECS;9485.0;2;3;4
362400;;;ROBOT_DISHES;XIRECS;10048.0;2;3;4
362400;;;ROBOT_IRONING;XIRECS;9436.0;2;3;4
362400;;;ROBOT_LAUNDRY;XIRECS;10271.0;2;3;4
362400;;;ROBOT_MOPPING;XIRECS;10446.0;2;3;4
362400;;;ROBOT_VACUUMING;XIRECS;9563.0;2;3;4
362400;;;SLEEP_POD_COTTON;XIRECS;10996.0;2;3;4
362400;;;SLEEP_POD_LAMB_WOOL;XIRECS;10592.0;2;3;4
362400;;;SLEEP_POD_NYLON;XIRECS;8983.0;2;3;4
362400;;;SLEEP_POD_POLYESTER;XIRECS;11609.0;2;3;4
362400;;;SLEEP_POD_SUEDE;XIRECS;11929.0;2;3;4
362400;;;SNACKPACK_CHOCOLATE;XIRECS;9873.0;2;3;4
362400;;;SNACKPACK_PISTACHIO;XIRECS;9450.0;2;3;4
362400;;;SNACKPACK_RASPBERRY;XIRECS;10155.0;2;3;4
362400;;;SNACKPACK_STRAWBERRY;XIRECS;10748.0;2;3;4
362400;;;SNACKPACK_VANILLA;XIRECS;10040.0;2;3;4
362400;;;TRANSLATOR_ASTRO_BLACK;XIRECS;8843.0;2;3;4
362400;;;TRANSLATOR_ECLIPSE_CHARCOAL;XIRECS;10141.0;2;3;4
362400;;;TRANSLATOR_GRAPHITE_MIST;XIRECS;9789.0;2;3;4
362400;;;TRANSLATOR_SPACE_GRAY;XIRECS;9614.0;2;3;4
362400;;;TRANSLATOR_VOID_BLUE;XIRECS;11271.0;2;3;4
362400;;;UV_VISOR_AMBER;XIRECS;7673.0;2;3;4
362400;;;UV_VISOR_MAGENTA;XIRECS;11347.0;2;3;4
362400;;;UV_VISOR_ORANGE;XIRECS;10864.0;2;3;4
362400;;;UV_VISOR_RED;XIRECS;10526.0;2;3;4
362400;;;UV_VISOR_YELLOW;XIRECS;11300.0;2;3;4
362800;;;MICROCHIP_CIRCLE;XIRECS;8668.0;2;3;4
362800;;;MICROCHIP_OVAL;XIRECS;8821.0;2;3;4
362800;;;MICROCHIP_RECTANGLE;XIRECS;8137.0;2;3;4
362800;;;MICROCHIP_SQUARE;XIRECS;14142.0;2;3;4
362800;;;MICROCHIP_TRIANGLE;XIRECS;10000.0;2;3;4
363500;;SUBMISSION;PEBBLES_XL;XIRECS;12739.0;2;3;4
363500;;;PEBBLES_L;XIRECS;10105.0;5;3;4
363500;;;PEBBLES_M;XIRECS;10237.0;5;3;4
363500;;;PEBBLES_S;XIRECS;9669.0;5;3;4
363500;;;PEBBLES_XS;XIRECS;7281.0;5;3;4
363600;;;GALAXY_SOUNDS_BLACK_HOLES;XIRECS;10748.0;1;3;4
363600;;;GALAXY_SOUNDS_DARK_MATTER;XIRECS;9807.0;1;3;4
363600;;;GALAXY_SOUNDS_PLANETARY_RINGS;XIRECS;11214.0;1;3;4
363600;;;GALAXY_SOUNDS_SOLAR_FLAMES;XIRECS;12013.0;1;3;4
363600;;;GALAXY_SOUNDS_SOLAR_WINDS;XIRECS;9937.0;1;3;4
363600;;;OXYGEN_SHAKE_CHOCOLATE;XIRECS;9007.0;1;3;4
363600;;;OXYGEN_SHAKE_EVENING_BREATH;XIRECS;9226.0;1;3;4
363600;;;OXYGEN_SHAKE_GARLIC;XIRECS;11369.0;1;3;4
363600;;;OXYGEN_SHAKE_MINT;XIRECS;10646.0;1;3;4
363600;;;OXYGEN_SHAKE_MORNING_BREATH;XIRECS;10171.0;1;3;4
363600;;;PANEL_1X2;XIRECS;8298.0;1;3;4
363600;;;PANEL_1X4;XIRECS;10042.0;1;3;4
363600;;;PANEL_2X2;XIRECS;10540.0;1;3;4
363600;;;PANEL_2X4;XIRECS;10748.0;1;3;4
363600;;;PANEL_4X4;XIRECS;9512.0;1;3;4
363600;;;ROBOT_DISHES;XIRECS;10038.0;1;3;4
363600;;;ROBOT_IRONING;XIRECS;9404.0;1;3;4
363600;;;ROBOT_LAUNDRY;XIRECS;10278.0;1;3;4
363600;;;ROBOT_MOPPING;XIRECS;10448.0;1;3;4
363600;;;ROBOT_VACUUMING;XIRECS;9569.0;1;3;4
363600;;;SLEEP_POD_COTTON;XIRECS;11047.0;1;3;4
363600;;;SLEEP_POD_LAMB_WOOL;XIRECS;10659.0;1;3;4
363600;;;SLEEP_POD_NYLON;XIRECS;8977.0;1;3;4
363600;;;SLEEP_POD_POLYESTER;XIRECS;11652.0;1;3;4
363600;;;SLEEP_POD_SUEDE;XIRECS;11986.0;1;3;4
363600;;;SNACKPACK_CHOCOLATE;XIRECS;9893.0;1;3;4
363600;;;SNACKPACK_PISTACHIO;XIRECS;9463.0;1;3;4
363600;;;SNACKPACK_RASPBERRY;XIRECS;10170.0;1;3;4
363600;;;SNACKPACK_STRAWBERRY;XIRECS;10763.0;1;3;4
363600;;;SNACKPACK_VANILLA;XIRECS;10060.0;1;3;4
363600;;;TRANSLATOR_ASTRO_BLACK;XIRECS;8869.0;1;3;4
363600;;;TRANSLATOR_ECLIPSE_CHARCOAL;XIRECS;10148.0;1;3;4
363600;;;TRANSLATOR_GRAPHITE_MIST;XIRECS;9747.0;1;3;4
363600;;;TRANSLATOR_SPACE_GRAY;XIRECS;9572.0;1;3;4
363600;;;TRANSLATOR_VOID_BLUE;XIRECS;11254.0;1;3;4
363600;;;UV_VISOR_AMBER;XIRECS;7676.0;1;3;4
363600;;;UV_VISOR_MAGENTA;XIRECS;11376.0;1;3;4
363600;;;UV_VISOR_ORANGE;XIRECS;10883.0;1;3;4
363600;;;UV_VISOR_RED;XIRECS;10563.0;1;3;4
363600;;;UV_VISOR_YELLOW;XIRECS;11311.0;1;3;4
363700;;SUBMISSION;SNACKPACK_STRAWBERRY;XIRECS;10768.0;3;3;4
363700;;SUBMISSION;SNACKPACK_PISTACHIO;XIRECS;9465.0;3;3;4
363700;;SUBMISSION;SNACKPACK_VANILLA;XIRECS;10043.0;3;3;4
364800;SUBMISSION;;PEBBLES_XL;XIRECS;12752.0;2;3;4
364800;;;PEBBLES_L;XIRECS;10004.0;3;3;4
364800;;;PEBBLES_M;XIRECS;10317.0;3;3;4
364800;;;PEBBLES_S;XIRECS;9633.0;3;3;4
364800;;;PEBBLES_XS;XIRECS;7263.0;3;3;4
366200;;SUBMISSION;SNACKPACK_STRAWBERRY;XIRECS;10780.0;1;3;4
366200;;SUBMISSION;SNACKPACK_PISTACHIO;XIRECS;9476.0;1;3;4
366200;;SUBMISSION;SNACKPACK_VANILLA;XIRECS;10047.0;1;3;4
366600;;SUBMISSION;ROBOT_IRONING;XIRECS;9307.0;5;3;4
366600;;;MICROCHIP_CIRCLE;XIRECS;8668.0;3;3;4
366600;;;MICROCHIP_OVAL;XIRECS;8751.0;3;3;4
366600;;;MICROCHIP_RECTANGLE;XIRECS;8043.0;3;3;4
366600;;;MICROCHIP_SQUARE;XIRECS;14195.0;3;3;4
366600;;;MICROCHIP_TRIANGLE;XIRECS;10013.0;3;3;4
366900;;SUBMISSION;PEBBLES_XL;XIRECS;13162.0;2;3;4
366900;;;PEBBLES_L;XIRECS;9996.0;5;3;4
366900;;;PEBBLES_M;XIRECS;10330.0;5;3;4
366900;;;PEBBLES_S;XIRECS;9495.0;5;3;4
366900;;;PEBBLES_XS;XIRECS;7047.0;5;3;4
368400;SUBMISSION;;SNACKPACK_STRAWBERRY;XIRECS;10761.0;3;3;4
368400;SUBMISSION;;SNACKPACK_PISTACHIO;XIRECS;9464.0;3;3;4
368400;SUBMISSION;;SNACKPACK_VANILLA;XIRECS;10057.0;3;3;4
368700;;SUBMISSION;ROBOT_IRONING;XIRECS;9257.0;5;3;4
368700;SUBMISSION;;SNACKPACK_STRAWBERRY;XIRECS;10737.0;1;3;4
368700;SUBMISSION;;SNACKPACK_PISTACHIO;XIRECS;9443.0;1;3;4
368700;SUBMISSION;;SNACKPACK_VANILLA;XIRECS;10048.0;1;3;4
368700;;;GALAXY_SOUNDS_BLACK_HOLES;XIRECS;10876.0;3;3;4
368700;;;GALAXY_SOUNDS_DARK_MATTER;XIRECS;9871.0;3;3;4
368700;;;GALAXY_SOUNDS_PLANETARY_RINGS;XIRECS;11275.0;3;3;4
368700;;;GALAXY_SOUNDS_SOLAR_FLAMES;XIRECS;11948.0;3;3;4
368700;;;GALAXY_SOUNDS_SOLAR_WINDS;XIRECS;10033.0;3;3;4
368700;;;OXYGEN_SHAKE_CHOCOLATE;XIRECS;9023.0;3;3;4
368700;;;OXYGEN_SHAKE_EVENING_BREATH;XIRECS;9244.0;3;3;4
368700;;;OXYGEN_SHAKE_GARLIC;XIRECS;11283.0;3;3;4
368700;;;OXYGEN_SHAKE_MINT;XIRECS;10720.0;3;3;4
368700;;;OXYGEN_SHAKE_MORNING_BREATH;XIRECS;10201.0;3;3;4
368700;;;PANEL_1X2;XIRECS;8231.0;3;3;4
368700;;;PANEL_1X4;XIRECS;9904.0;3;3;4
368700;;;PANEL_2X2;XIRECS;10343.0;3;3;4
368700;;;PANEL_2X4;XIRECS;10705.0;3;3;4
368700;;;PANEL_4X4;XIRECS;9432.0;3;3;4
368700;;;ROBOT_DISHES;XIRECS;10113.0;3;3;4
368700;;;ROBOT_IRONING;XIRECS;9257.0;3;3;4
368700;;;ROBOT_LAUNDRY;XIRECS;10009.0;3;3;4
368700;;;ROBOT_MOPPING;XIRECS;10392.0;3;3;4
368700;;;ROBOT_VACUUMING;XIRECS;9605.0;3;3;4
368700;;;SLEEP_POD_COTTON;XIRECS;11042.0;3;3;4
368700;;;SLEEP_POD_LAMB_WOOL;XIRECS;10554.0;3;3;4
368700;;;SLEEP_POD_NYLON;XIRECS;8897.0;3;3;4
368700;;;SLEEP_POD_POLYESTER;XIRECS;11709.0;3;3;4
368700;;;SLEEP_POD_SUEDE;XIRECS;11998.0;3;3;4
368700;;;SNACKPACK_CHOCOLATE;XIRECS;9875.0;3;3;4
368700;;;SNACKPACK_RASPBERRY;XIRECS;10172.0;3;3;4
368700;;;TRANSLATOR_ASTRO_BLACK;XIRECS;8800.0;3;3;4
368700;;;TRANSLATOR_ECLIPSE_CHARCOAL;XIRECS;10188.0;3;3;4
368700;;;TRANSLATOR_GRAPHITE_MIST;XIRECS;9817.0;3;3;4
368700;;;TRANSLATOR_SPACE_GRAY;XIRECS;9598.0;3;3;4
368700;;;TRANSLATOR_VOID_BLUE;XIRECS;11282.0;3;3;4
368700;;;UV_VISOR_AMBER;XIRECS;7670.0;3;3;4
368700;;;UV_VISOR_MAGENTA;XIRECS;11272.0;3;3;4
368700;;;UV_VISOR_ORANGE;XIRECS;10974.0;3;3;4
368700;;;UV_VISOR_RED;XIRECS;10596.0;3;3;4
368700;;;UV_VISOR_YELLOW;XIRECS;11397.0;3;3;4
368800;;;MICROCHIP_CIRCLE;XIRECS;8708.0;3;3;4
368800;;;MICROCHIP_OVAL;XIRECS;8728.0;3;3;4
368800;;;MICROCHIP_RECTANGLE;XIRECS;8058.0;3;3;4
368800;;;MICROCHIP_SQUARE;XIRECS;14297.0;3;3;4
368800;;;MICROCHIP_TRIANGLE;XIRECS;10009.0;3;3;4
368900;SUBMISSION;;SNACKPACK_STRAWBERRY;XIRECS;10750.0;4;3;4
368900;SUBMISSION;;SNACKPACK_PISTACHIO;XIRECS;9454.0;4;3;4
368900;SUBMISSION;;SNACKPACK_VANILLA;XIRECS;10052.0;4;3;4
369600;SUBMISSION;;PEBBLES_XL;XIRECS;13212.0;5;3;4
369900;;;GALAXY_SOUNDS_BLACK_HOLES;XIRECS;10847.0;4;3;4
369900;;;GALAXY_SOUNDS_DARK_MATTER;XIRECS;9852.0;4;3;4
369900;;;GALAXY_SOUNDS_PLANETARY_RINGS;XIRECS;11263.0;4;3;4
369900;;;GALAXY_SOUNDS_SOLAR_FLAMES;XIRECS;12033.0;4;3;4
369900;;;GALAXY_SOUNDS_SOLAR_WINDS;XIRECS;10045.0;4;3;4
369900;;;OXYGEN_SHAKE_CHOCOLATE;XIRECS;8987.0;4;3;4
369900;;;OXYGEN_SHAKE_EVENING_BREATH;XIRECS;9234.0;4;3;4
369900;;;OXYGEN_SHAKE_GARLIC;XIRECS;11277.0;4;3;4
369900;;;OXYGEN_SHAKE_MINT;XIRECS;10652.0;4;3;4
369900;;;OXYGEN_SHAKE_MORNING_BREATH;XIRECS;10240.0;4;3;4
369900;;;PANEL_1X2;XIRECS;8187.0;4;3;4
369900;;;PANEL_1X4;XIRECS;9872.0;4;3;4
369900;;;PANEL_2X2;XIRECS;10369.0;4;3;4
369900;;;PANEL_2X4;XIRECS;10733.0;4;3;4
369900;;;PANEL_4X4;XIRECS;9471.0;4;3;4
369900;;;ROBOT_DISHES;XIRECS;10085.0;4;3;4
369900;;;ROBOT_IRONING;XIRECS;9287.0;4;3;4
369900;;;ROBOT_LAUNDRY;XIRECS;9997.0;4;3;4
369900;;;ROBOT_MOPPING;XIRECS;10351.0;4;3;4
369900;;;ROBOT_VACUUMING;XIRECS;9590.0;4;3;4
369900;;;SLEEP_POD_COTTON;XIRECS;11108.0;4;3;4
369900;;;SLEEP_POD_LAMB_WOOL;XIRECS;10576.0;4;3;4
369900;;;SLEEP_POD_NYLON;XIRECS;8826.0;4;3;4
369900;;;SLEEP_POD_POLYESTER;XIRECS;11755.0;4;3;4
369900;;;SLEEP_POD_SUEDE;XIRECS;12051.0;4;3;4
369900;;;SNACKPACK_CHOCOLATE;XIRECS;9875.0;4;3;4
369900;;;SNACKPACK_PISTACHIO;XIRECS;9436.0;4;3;4
369900;;;SNACKPACK_RASPBERRY;XIRECS;10185.0;4;3;4
369900;;;SNACKPACK_STRAWBERRY;XIRECS;10727.0;4;3;4
369900;;;SNACKPACK_VANILLA;XIRECS;10052.0;4;3;4
369900;;;TRANSLATOR_ASTRO_BLACK;XIRECS;8814.0;4;3;4
369900;;;TRANSLATOR_ECLIPSE_CHARCOAL;XIRECS;10227.0;4;3;4
369900;;;TRANSLATOR_GRAPHITE_MIST;XIRECS;9837.0;4;3;4
369900;;;TRANSLATOR_SPACE_GRAY;XIRECS;9629.0;4;3;4
369900;;;TRANSLATOR_VOID_BLUE;XIRECS;11322.0;4;3;4
369900;;;UV_VISOR_AMBER;XIRECS;7647.0;4;3;4
369900;;;UV_VISOR_MAGENTA;XIRECS;11312.0;4;3;4
369900;;;UV_VISOR_ORANGE;XIRECS;10992.0;4;3;4
369900;;;UV_VISOR_RED;XIRECS;10604.0;4;3;4
369900;;;UV_VISOR_YELLOW;XIRECS;11322.0;4;3;4
370500;SUBMISSION;;PEBBLES_XL;XIRECS;13176.0;4;3;4
371900;SUBMISSION;;PEBBLES_XL;XIRECS;13291.0;5;3;4
371900;SUBMISSION;;PEBBLES_XL;XIRECS;13300.0;2;3;4
372200;;;PEBBLES_L;XIRECS;9834.0;5;3;4
372200;;;PEBBLES_M;XIRECS;10215.0;5;3;4
372200;;;PEBBLES_S;XIRECS;9492.0;5;3;4
372200;;;PEBBLES_XL;XIRECS;13322.0;5;3;4
372200;;;PEBBLES_XS;XIRECS;7104.0;5;3;4
372800;;SUBMISSION;PEBBLES_XL;XIRECS;13255.0;2;3;4
372800;;;PEBBLES_L;XIRECS;9890.0;2;3;4
372800;;;PEBBLES_M;XIRECS;10277.0;2;3;4
372800;;;PEBBLES_S;XIRECS;9482.0;2;3;4
372800;;;PEBBLES_XS;XIRECS;7128.0;2;3;4
373100;;SUBMISSION;ROBOT_IRONING;XIRECS;9287.0;5;3;4
374100;SUBMISSION;;PEBBLES_XL;XIRECS;13330.0;2;3;4
374100;;;PEBBLES_L;XIRECS;9861.0;5;3;4
374100;;;PEBBLES_M;XIRECS;10285.0;5;3;4
374100;;;PEBBLES_S;XIRECS;9390.0;5;3;4
374100;;;PEBBLES_XS;XIRECS;7102.0;5;3;4
376700;SUBMISSION;;GALAXY_SOUNDS_PLANETARY_RINGS;XIRECS;11344.0;5;3;4
377600;;;MICROCHIP_CIRCLE;XIRECS;8716.0;1;3;4
377600;;;MICROCHIP_OVAL;XIRECS;8747.0;1;3;4
377600;;;MICROCHIP_RECTANGLE;XIRECS;7949.0;1;3;4
377600;;;MICROCHIP_SQUARE;XIRECS;14572.0;1;3;4
377600;;;MICROCHIP_TRIANGLE;XIRECS;9821.0;1;3;4
377800;;;GALAXY_SOUNDS_BLACK_HOLES;XIRECS;10767.0;3;3;4
377800;;;GALAXY_SOUNDS_DARK_MATTER;XIRECS;9820.0;3;3;4
377800;;;GALAXY_SOUNDS_PLANETARY_RINGS;XIRECS;11350.0;3;3;4
377800;;;GALAXY_SOUNDS_SOLAR_FLAMES;XIRECS;11860.0;3;3;4
377800;;;GALAXY_SOUNDS_SOLAR_WINDS;XIRECS;10101.0;3;3;4
377800;;;OXYGEN_SHAKE_CHOCOLATE;XIRECS;8950.0;3;3;4
377800;;;OXYGEN_SHAKE_EVENING_BREATH;XIRECS;9144.0;3;3;4
377800;;;OXYGEN_SHAKE_GARLIC;XIRECS;11287.0;3;3;4
377800;;;OXYGEN_SHAKE_MINT;XIRECS;10514.0;3;3;4
377800;;;OXYGEN_SHAKE_MORNING_BREATH;XIRECS;10204.0;3;3;4
377800;;;PANEL_1X2;XIRECS;8186.0;3;3;4
377800;;;PANEL_1X4;XIRECS;9947.0;3;3;4
377800;;;PANEL_2X2;XIRECS;10307.0;3;3;4
377800;;;PANEL_2X4;XIRECS;10589.0;3;3;4
377800;;;PANEL_4X4;XIRECS;9581.0;3;3;4
377800;;;ROBOT_DISHES;XIRECS;10152.0;3;3;4
377800;;;ROBOT_IRONING;XIRECS;9257.0;3;3;4
377800;;;ROBOT_LAUNDRY;XIRECS;10052.0;3;3;4
377800;;;ROBOT_MOPPING;XIRECS;10320.0;3;3;4
377800;;;ROBOT_VACUUMING;XIRECS;9535.0;3;3;4
377800;;;SLEEP_POD_COTTON;XIRECS;11296.0;3;3;4
377800;;;SLEEP_POD_LAMB_WOOL;XIRECS;10770.0;3;3;4
377800;;;SLEEP_POD_NYLON;XIRECS;8830.0;3;3;4
377800;;;SLEEP_POD_POLYESTER;XIRECS;11776.0;3;3;4
377800;;;SLEEP_POD_SUEDE;XIRECS;12083.0;3;3;4
377800;;;SNACKPACK_CHOCOLATE;XIRECS;9910.0;3;3;4
377800;;;SNACKPACK_PISTACHIO;XIRECS;9414.0;3;3;4
377800;;;SNACKPACK_RASPBERRY;XIRECS;10232.0;3;3;4
377800;;;SNACKPACK_STRAWBERRY;XIRECS;10687.0;3;3;4
377800;;;SNACKPACK_VANILLA;XIRECS;10018.0;3;3;4
377800;;;TRANSLATOR_ASTRO_BLACK;XIRECS;8865.0;3;3;4
377800;;;TRANSLATOR_ECLIPSE_CHARCOAL;XIRECS;10199.0;3;3;4
377800;;;TRANSLATOR_GRAPHITE_MIST;XIRECS;9955.0;3;3;4
377800;;;TRANSLATOR_SPACE_GRAY;XIRECS;9543.0;3;3;4
377800;;;TRANSLATOR_VOID_BLUE;XIRECS;11333.0;3;3;4
377800;;;UV_VISOR_AMBER;XIRECS;7613.0;3;3;4
377800;;;UV_VISOR_MAGENTA;XIRECS;11314.0;3;3;4
377800;;;UV_VISOR_ORANGE;XIRECS;10839.0;3;3;4
377800;;;UV_VISOR_RED;XIRECS;10620.0;3;3;4
377800;;;UV_VISOR_YELLOW;XIRECS;11146.0;3;3;4
379100;;;MICROCHIP_CIRCLE;XIRECS;8716.0;2;3;4
379100;;;MICROCHIP_OVAL;XIRECS;8815.0;2;3;4
379100;;;MICROCHIP_RECTANGLE;XIRECS;7998.0;2;3;4
379100;;;MICROCHIP_SQUARE;XIRECS;14581.0;2;3;4
379100;;;MICROCHIP_TRIANGLE;XIRECS;9938.0;2;3;4
380200;;SUBMISSION;SNACKPACK_STRAWBERRY;XIRECS;10642.0;5;3;4
380200;;SUBMISSION;SNACKPACK_PISTACHIO;XIRECS;9375.0;5;3;4
380200;;SUBMISSION;SNACKPACK_VANILLA;XIRECS;10023.0;5;3;4
380200;;;GALAXY_SOUNDS_BLACK_HOLES;XIRECS;10802.0;2;3;4
380200;;;GALAXY_SOUNDS_DARK_MATTER;XIRECS;9678.0;2;3;4
380200;;;GALAXY_SOUNDS_PLANETARY_RINGS;XIRECS;11383.0;2;3;4
380200;;;GALAXY_SOUNDS_SOLAR_FLAMES;XIRECS;11801.0;2;3;4
380200;;;GALAXY_SOUNDS_SOLAR_WINDS;XIRECS;10245.0;2;3;4
380200;;;OXYGEN_SHAKE_CHOCOLATE;XIRECS;8960.0;2;3;4
380200;;;OXYGEN_SHAKE_EVENING_BREATH;XIRECS;9150.0;2;3;4
380200;;;OXYGEN_SHAKE_GARLIC;XIRECS;11392.0;2;3;4
380200;;;OXYGEN_SHAKE_MINT;XIRECS;10537.0;2;3;4
380200;;;OXYGEN_SHAKE_MORNING_BREATH;XIRECS;10265.0;2;3;4
380200;;;PANEL_1X2;XIRECS;8193.0;2;3;4
380200;;;PANEL_1X4;XIRECS;9971.0;2;3;4
380200;;;PANEL_2X2;XIRECS;10321.0;2;3;4
380200;;;PANEL_2X4;XIRECS;10638.0;2;3;4
380200;;;PANEL_4X4;XIRECS;9600.0;2;3;4
380200;;;ROBOT_DISHES;XIRECS;10074.0;2;3;4
380200;;;ROBOT_IRONING;XIRECS;9230.0;2;3;4
380200;;;ROBOT_LAUNDRY;XIRECS;10046.0;2;3;4
380200;;;ROBOT_MOPPING;XIRECS;10373.0;2;3;4
380200;;;ROBOT_VACUUMING;XIRECS;9489.0;2;3;4
380200;;;SLEEP_POD_COTTON;XIRECS;11299.0;2;3;4
380200;;;SLEEP_POD_LAMB_WOOL;XIRECS;10871.0;2;3;4
380200;;;SLEEP_POD_NYLON;XIRECS;8830.0;2;3;4
380200;;;SLEEP_POD_POLYESTER;XIRECS;11925.0;2;3;4
380200;;;SLEEP_POD_SUEDE;XIRECS;12054.0;2;3;4
380200;;;SNACKPACK_CHOCOLATE;XIRECS;9915.0;2;3;4
380200;;;SNACKPACK_PISTACHIO;XIRECS;9375.0;2;3;4
380200;;;SNACKPACK_RASPBERRY;XIRECS;10281.0;2;3;4
380200;;;SNACKPACK_STRAWBERRY;XIRECS;10642.0;2;3;4
380200;;;SNACKPACK_VANILLA;XIRECS;10023.0;2;3;4
380200;;;TRANSLATOR_ASTRO_BLACK;XIRECS;8852.0;2;3;4
380200;;;TRANSLATOR_ECLIPSE_CHARCOAL;XIRECS;10142.0;2;3;4
380200;;;TRANSLATOR_GRAPHITE_MIST;XIRECS;9877.0;2;3;4
380200;;;TRANSLATOR_SPACE_GRAY;XIRECS;9613.0;2;3;4
380200;;;TRANSLATOR_VOID_BLUE;XIRECS;11253.0;2;3;4
380200;;;UV_VISOR_AMBER;XIRECS;7644.0;2;3;4
380200;;;UV_VISOR_MAGENTA;XIRECS;11411.0;2;3;4
380200;;;UV_VISOR_ORANGE;XIRECS;10845.0;2;3;4
380200;;;UV_VISOR_RED;XIRECS;10590.0;2;3;4
380200;;;UV_VISOR_YELLOW;XIRECS;11174.0;2;3;4
380400;;;GALAXY_SOUNDS_BLACK_HOLES;XIRECS;10828.0;1;3;4
380400;;;GALAXY_SOUNDS_DARK_MATTER;XIRECS;9685.0;1;3;4
380400;;;GALAXY_SOUNDS_PLANETARY_RINGS;XIRECS;11388.0;1;3;4
380400;;;GALAXY_SOUNDS_SOLAR_FLAMES;XIRECS;11803.0;1;3;4
380400;;;GALAXY_SOUNDS_SOLAR_WINDS;XIRECS;10259.0;1;3;4
380400;;;OXYGEN_SHAKE_CHOCOLATE;XIRECS;8978.0;1;3;4
380400;;;OXYGEN_SHAKE_EVENING_BREATH;XIRECS;9156.0;1;3;4
380400;;;OXYGEN_SHAKE_GARLIC;XIRECS;11404.0;1;3;4
380400;;;OXYGEN_SHAKE_MINT;XIRECS;10546.0;1;3;4
380400;;;OXYGEN_SHAKE_MORNING_BREATH;XIRECS;10271.0;1;3;4
380400;;;PANEL_1X2;XIRECS;8195.0;1;3;4
380400;;;PANEL_1X4;XIRECS;9980.0;1;3;4
380400;;;PANEL_2X2;XIRECS;10320.0;1;3;4
380400;;;PANEL_2X4;XIRECS;10641.0;1;3;4
380400;;;PANEL_4X4;XIRECS;9612.0;1;3;4
380400;;;ROBOT_DISHES;XIRECS;10090.0;1;3;4
380400;;;ROBOT_IRONING;XIRECS;9243.0;1;3;4
380400;;;ROBOT_LAUNDRY;XIRECS;10050.0;1;3;4
380400;;;ROBOT_MOPPING;XIRECS;10389.0;1;3;4
380400;;;ROBOT_VACUUMING;XIRECS;9462.0;1;3;4
380400;;;SLEEP_POD_COTTON;XIRECS;11279.0;1;3;4
380400;;;SLEEP_POD_LAMB_WOOL;XIRECS;10890.0;1;3;4
380400;;;SLEEP_POD_NYLON;XIRECS;8828.0;1;3;4
380400;;;SLEEP_POD_POLYESTER;XIRECS;11937.0;1;3;4
380400;;;SLEEP_POD_SUEDE;XIRECS;12058.0;1;3;4
380400;;;SNACKPACK_CHOCOLATE;XIRECS;9934.0;1;3;4
380400;;;SNACKPACK_PISTACHIO;XIRECS;9379.0;1;3;4
380400;;;SNACKPACK_RASPBERRY;XIRECS;10297.0;1;3;4
380400;;;SNACKPACK_STRAWBERRY;XIRECS;10641.0;1;3;4
380400;;;SNACKPACK_VANILLA;XIRECS;10024.0;1;3;4
380400;;;TRANSLATOR_ASTRO_BLACK;XIRECS;8868.0;1;3;4
380400;;;TRANSLATOR_ECLIPSE_CHARCOAL;XIRECS;10147.0;1;3;4
380400;;;TRANSLATOR_GRAPHITE_MIST;XIRECS;9886.0;1;3;4
380400;;;TRANSLATOR_SPACE_GRAY;XIRECS;9629.0;1;3;4
380400;;;TRANSLATOR_VOID_BLUE;XIRECS;11260.0;1;3;4
380400;;;UV_VISOR_AMBER;XIRECS;7656.0;1;3;4
380400;;;UV_VISOR_MAGENTA;XIRECS;11424.0;1;3;4
380400;;;UV_VISOR_ORANGE;XIRECS;10862.0;1;3;4
380400;;;UV_VISOR_RED;XIRECS;10592.0;1;3;4
380400;;;UV_VISOR_YELLOW;XIRECS;11185.0;1;3;4
380500;;;GALAXY_SOUNDS_BLACK_HOLES;XIRECS;10824.0;3;3;4
380500;;;GALAXY_SOUNDS_DARK_MATTER;XIRECS;9687.0;3;3;4
380500;;;GALAXY_SOUNDS_PLANETARY_RINGS;XIRECS;11366.0;3;3;4
380500;;;GALAXY_SOUNDS_SOLAR_FLAMES;XIRECS;11781.0;3;3;4
380500;;;GALAXY_SOUNDS_SOLAR_WINDS;XIRECS;10265.0;3;3;4
380500;;;OXYGEN_SHAKE_CHOCOLATE;XIRECS;8986.0;3;3;4
380500;;;OXYGEN_SHAKE_EVENING_BREATH;XIRECS;9146.0;3;3;4
380500;;;OXYGEN_SHAKE_GARLIC;XIRECS;11399.0;3;3;4
380500;;;OXYGEN_SHAKE_MINT;XIRECS;10552.0;3;3;4
380500;;;OXYGEN_SHAKE_MORNING_BREATH;XIRECS;10259.0;3;3;4
380500;;;PANEL_1X2;XIRECS;8193.0;3;3;4
380500;;;PANEL_1X4;XIRECS;9975.0;3;3;4
380500;;;PANEL_2X2;XIRECS;10316.0;3;3;4
380500;;;PANEL_2X4;XIRECS;10650.0;3;3;4
380500;;;PANEL_4X4;XIRECS;9615.0;3;3;4
380500;;;ROBOT_DISHES;XIRECS;10079.0;3;3;4
380500;;;ROBOT_IRONING;XIRECS;9233.0;3;3;4
380500;;;ROBOT_LAUNDRY;XIRECS;10048.0;3;3;4
380500;;;ROBOT_MOPPING;XIRECS;10387.0;3;3;4
380500;;;ROBOT_VACUUMING;XIRECS;9465.0;3;3;4
380500;;;SLEEP_POD_COTTON;XIRECS;11294.0;3;3;4
380500;;;SLEEP_POD_LAMB_WOOL;XIRECS;10874.0;3;3;4
380500;;;SLEEP_POD_NYLON;XIRECS;8828.0;3;3;4
380500;;;SLEEP_POD_POLYESTER;XIRECS;11925.0;3;3;4
380500;;;SLEEP_POD_SUEDE;XIRECS;12069.0;3;3;4
380500;;;SNACKPACK_CHOCOLATE;XIRECS;9938.0;3;3;4
380500;;;SNACKPACK_PISTACHIO;XIRECS;9387.0;3;3;4
380500;;;SNACKPACK_RASPBERRY;XIRECS;10286.0;3;3;4
380500;;;SNACKPACK_STRAWBERRY;XIRECS;10653.0;3;3;4
380500;;;SNACKPACK_VANILLA;XIRECS;10021.0;3;3;4
380500;;;TRANSLATOR_ASTRO_BLACK;XIRECS;8857.0;3;3;4
380500;;;TRANSLATOR_ECLIPSE_CHARCOAL;XIRECS;10134.0;3;3;4
380500;;;TRANSLATOR_GRAPHITE_MIST;XIRECS;9910.0;3;3;4
380500;;;TRANSLATOR_SPACE_GRAY;XIRECS;9629.0;3;3;4
380500;;;TRANSLATOR_VOID_BLUE;XIRECS;11260.0;3;3;4
380500;;;UV_VISOR_AMBER;XIRECS;7649.0;3;3;4
380500;;;UV_VISOR_MAGENTA;XIRECS;11440.0;3;3;4
380500;;;UV_VISOR_ORANGE;XIRECS;10862.0;3;3;4
380500;;;UV_VISOR_RED;XIRECS;10593.0;3;3;4
380500;;;UV_VISOR_YELLOW;XIRECS;11200.0;3;3;4
380900;;SUBMISSION;PEBBLES_XL;XIRECS;13439.0;6;3;4
381000;SUBMISSION;;SNACKPACK_STRAWBERRY;XIRECS;10636.0;3;3;4
381000;SUBMISSION;;SNACKPACK_PISTACHIO;XIRECS;9374.0;3;3;4
381000;SUBMISSION;;SNACKPACK_VANILLA;XIRECS;10007.0;3;3;4
381000;SUBMISSION;;GALAXY_SOUNDS_PLANETARY_RINGS;XIRECS;11363.0;3;3;4
381100;;SUBMISSION;PEBBLES_XL;XIRECS;13405.0;4;3;4
381100;SUBMISSION;;GALAXY_SOUNDS_PLANETARY_RINGS;XIRECS;11370.0;2;3;4
382900;;;GALAXY_SOUNDS_BLACK_HOLES;XIRECS;10681.0;3;3;4
382900;;;GALAXY_SOUNDS_DARK_MATTER;XIRECS;9679.0;3;3;4
382900;;;GALAXY_SOUNDS_PLANETARY_RINGS;XIRECS;11416.0;3;3;4
382900;;;GALAXY_SOUNDS_SOLAR_FLAMES;XIRECS;11604.0;3;3;4
382900;;;GALAXY_SOUNDS_SOLAR_WINDS;XIRECS;10334.0;3;3;4
382900;;;OXYGEN_SHAKE_CHOCOLATE;XIRECS;8956.0;3;3;4
382900;;;OXYGEN_SHAKE_EVENING_BREATH;XIRECS;9174.0;3;3;4
382900;;;OXYGEN_SHAKE_GARLIC;XIRECS;11334.0;3;3;4
382900;;;OXYGEN_SHAKE_MINT;XIRECS;10532.0;3;3;4
382900;;;OXYGEN_SHAKE_MORNING_BREATH;XIRECS;10174.0;3;3;4
382900;;;PANEL_1X2;XIRECS;8211.0;3;3;4
382900;;;PANEL_1X4;XIRECS;10008.0;3;3;4
382900;;;PANEL_2X2;XIRECS;10360.0;3;3;4
382900;;;PANEL_2X4;XIRECS;10664.0;3;3;4
382900;;;PANEL_4X4;XIRECS;9634.0;3;3;4
382900;;;ROBOT_DISHES;XIRECS;10064.0;3;3;4
382900;;;ROBOT_IRONING;XIRECS;9317.0;3;3;4
382900;;;ROBOT_LAUNDRY;XIRECS;10125.0;3;3;4
382900;;;ROBOT_MOPPING;XIRECS;10394.0;3;3;4
382900;;;ROBOT_VACUUMING;XIRECS;9463.0;3;3;4
382900;;;SLEEP_POD_COTTON;XIRECS;11242.0;3;3;4
382900;;;SLEEP_POD_LAMB_WOOL;XIRECS;10787.0;3;3;4
382900;;;SLEEP_POD_NYLON;XIRECS;8773.0;3;3;4
382900;;;SLEEP_POD_POLYESTER;XIRECS;11917.0;3;3;4
382900;;;SLEEP_POD_SUEDE;XIRECS;12013.0;3;3;4
382900;;;SNACKPACK_CHOCOLATE;XIRECS;9984.0;3;3;4
382900;;;SNACKPACK_PISTACHIO;XIRECS;9361.0;3;3;4
382900;;;SNACKPACK_RASPBERRY;XIRECS;10304.0;3;3;4
382900;;;SNACKPACK_STRAWBERRY;XIRECS;10609.0;3;3;4
382900;;;SNACKPACK_VANILLA;XIRECS;9939.0;3;3;4
382900;;;TRANSLATOR_ASTRO_BLACK;XIRECS;8888.0;3;3;4
382900;;;TRANSLATOR_ECLIPSE_CHARCOAL;XIRECS;10098.0;3;3;4
382900;;;TRANSLATOR_GRAPHITE_MIST;XIRECS;9898.0;3;3;4
382900;;;TRANSLATOR_SPACE_GRAY;XIRECS;9618.0;3;3;4
382900;;;TRANSLATOR_VOID_BLUE;XIRECS;11287.0;3;3;4
382900;;;UV_VISOR_AMBER;XIRECS;7587.0;3;3;4
382900;;;UV_VISOR_MAGENTA;XIRECS;11418.0;3;3;4
382900;;;UV_VISOR_ORANGE;XIRECS;10882.0;3;3;4
382900;;;UV_VISOR_RED;XIRECS;10548.0;3;3;4
382900;;;UV_VISOR_YELLOW;XIRECS;11216.0;3;3;4
383000;;SUBMISSION;PEBBLES_XL;XIRECS;13476.0;7;3;4
383300;;SUBMISSION;SNACKPACK_STRAWBERRY;XIRECS;10632.0;2;3;4
383300;;SUBMISSION;SNACKPACK_PISTACHIO;XIRECS;9374.0;2;3;4
383300;;SUBMISSION;SNACKPACK_VANILLA;XIRECS;9933.0;2;3;4
383300;;;GALAXY_SOUNDS_BLACK_HOLES;XIRECS;10679.0;3;3;4
383300;;;GALAXY_SOUNDS_DARK_MATTER;XIRECS;9721.0;3;3;4
383300;;;GALAXY_SOUNDS_PLANETARY_RINGS;XIRECS;11420.0;3;3;4
383300;;;GALAXY_SOUNDS_SOLAR_FLAMES;XIRECS;11588.0;3;3;4
383300;;;GALAXY_SOUNDS_SOLAR_WINDS;XIRECS;10367.0;3;3;4
383300;;;OXYGEN_SHAKE_CHOCOLATE;XIRECS;8946.0;3;3;4
383300;;;OXYGEN_SHAKE_EVENING_BREATH;XIRECS;9186.0;3;3;4
383300;;;OXYGEN_SHAKE_GARLIC;XIRECS;11370.0;3;3;4
383300;;;OXYGEN_SHAKE_MINT;XIRECS;10547.0;3;3;4
383300;;;OXYGEN_SHAKE_MORNING_BREATH;XIRECS;10212.0;3;3;4
383300;;;PANEL_1X2;XIRECS;8208.0;3;3;4
383300;;;PANEL_1X4;XIRECS;10018.0;3;3;4
383300;;;PANEL_2X2;XIRECS;10402.0;3;3;4
383300;;;PANEL_2X4;XIRECS;10653.0;3;3;4
383300;;;PANEL_4X4;XIRECS;9668.0;3;3;4
383300;;;ROBOT_DISHES;XIRECS;10066.0;3;3;4
383300;;;ROBOT_IRONING;XIRECS;9333.0;3;3;4
383300;;;ROBOT_LAUNDRY;XIRECS;10147.0;3;3;4
383300;;;ROBOT_MOPPING;XIRECS;10397.0;3;3;4
383300;;;ROBOT_VACUUMING;XIRECS;9458.0;3;3;4
383300;;;SLEEP_POD_COTTON;XIRECS;11247.0;3;3;4
383300;;;SLEEP_POD_LAMB_WOOL;XIRECS;10788.0;3;3;4
383300;;;SLEEP_POD_NYLON;XIRECS;8784.0;3;3;4
383300;;;SLEEP_POD_POLYESTER;XIRECS;11879.0;3;3;4
383300;;;SLEEP_POD_SUEDE;XIRECS;11993.0;3;3;4
383300;;;SNACKPACK_CHOCOLATE;XIRECS;10022.0;3;3;4
383300;;;SNACKPACK_RASPBERRY;XIRECS;10313.0;3;3;4
383300;;;TRANSLATOR_ASTRO_BLACK;XIRECS;8889.0;3;3;4
383300;;;TRANSLATOR_ECLIPSE_CHARCOAL;XIRECS;10116.0;3;3;4
383300;;;TRANSLATOR_GRAPHITE_MIST;XIRECS;9902.0;3;3;4
383300;;;TRANSLATOR_SPACE_GRAY;XIRECS;9643.0;3;3;4
383300;;;TRANSLATOR_VOID_BLUE;XIRECS;11300.0;3;3;4
383300;;;UV_VISOR_AMBER;XIRECS;7607.0;3;3;4
383300;;;UV_VISOR_MAGENTA;XIRECS;11422.0;3;3;4
383300;;;UV_VISOR_ORANGE;XIRECS;10876.0;3;3;4
383300;;;UV_VISOR_RED;XIRECS;10537.0;3;3;4
383300;;;UV_VISOR_YELLOW;XIRECS;11254.0;3;3;4
383700;;SUBMISSION;PEBBLES_XL;XIRECS;13538.0;3;3;4
384600;;;MICROCHIP_CIRCLE;XIRECS;8725.0;1;3;4
384600;;;MICROCHIP_OVAL;XIRECS;8880.0;1;3;4
384600;;;MICROCHIP_RECTANGLE;XIRECS;8112.0;1;3;4
384600;;;MICROCHIP_SQUARE;XIRECS;14750.0;1;3;4
384600;;;MICROCHIP_TRIANGLE;XIRECS;9892.0;1;3;4
384900;SUBMISSION;;GALAXY_SOUNDS_PLANETARY_RINGS;XIRECS;11438.0;5;3;4
385500;;;MICROCHIP_CIRCLE;XIRECS;8713.0;1;3;4
385500;;;MICROCHIP_OVAL;XIRECS;8859.0;1;3;4
385500;;;MICROCHIP_RECTANGLE;XIRECS;8061.0;1;3;4
385500;;;MICROCHIP_SQUARE;XIRECS;14687.0;1;3;4
385500;;;MICROCHIP_TRIANGLE;XIRECS;9887.0;1;3;4
386400;SUBMISSION;;SNACKPACK_STRAWBERRY;XIRECS;10683.0;4;3;4
386400;SUBMISSION;;SNACKPACK_PISTACHIO;XIRECS;9407.0;4;3;4
386400;SUBMISSION;;SNACKPACK_VANILLA;XIRECS;9927.0;4;3;4
390000;;SUBMISSION;SNACKPACK_STRAWBERRY;XIRECS;10702.0;2;3;4
390000;;SUBMISSION;SNACKPACK_PISTACHIO;XIRECS;9445.0;2;3;4
390000;;SUBMISSION;SNACKPACK_VANILLA;XIRECS;9932.0;2;3;4
390000;;SUBMISSION;GALAXY_SOUNDS_PLANETARY_RINGS;XIRECS;11286.0;5;3;4
390000;;;GALAXY_SOUNDS_BLACK_HOLES;XIRECS;10676.0;3;3;4
390000;;;GALAXY_SOUNDS_DARK_MATTER;XIRECS;9911.0;3;3;4
390000;;;GALAXY_SOUNDS_PLANETARY_RINGS;XIRECS;11301.0;3;3;4
390000;;;GALAXY_SOUNDS_SOLAR_FLAMES;XIRECS;11629.0;3;3;4
390000;;;GALAXY_SOUNDS_SOLAR_WINDS;XIRECS;10176.0;3;3;4
390000;;;OXYGEN_SHAKE_CHOCOLATE;XIRECS;8842.0;3;3;4
390000;;;OXYGEN_SHAKE_EVENING_BREATH;XIRECS;9286.0;3;3;4
390000;;;OXYGEN_SHAKE_GARLIC;XIRECS;11524.0;3;3;4
390000;;;OXYGEN_SHAKE_MINT;XIRECS;10582.0;3;3;4
390000;;;OXYGEN_SHAKE_MORNING_BREATH;XIRECS;10123.0;3;3;4
390000;;;PANEL_1X2;XIRECS;8255.0;3;3;4
390000;;;PANEL_1X4;XIRECS;9911.0;3;3;4
390000;;;PANEL_2X2;XIRECS;10439.0;3;3;4
390000;;;PANEL_2X4;XIRECS;10646.0;3;3;4
390000;;;PANEL_4X4;XIRECS;9652.0;3;3;4
390000;;;ROBOT_DISHES;XIRECS;9965.0;3;3;4
390000;;;ROBOT_IRONING;XIRECS;9253.0;3;3;4
390000;;;ROBOT_LAUNDRY;XIRECS;10219.0;3;3;4
390000;;;ROBOT_MOPPING;XIRECS;10373.0;3;3;4
390000;;;ROBOT_VACUUMING;XIRECS;9428.0;3;3;4
390000;;;SLEEP_POD_COTTON;XIRECS;11374.0;3;3;4
390000;;;SLEEP_POD_LAMB_WOOL;XIRECS;10670.0;3;3;4
390000;;;SLEEP_POD_NYLON;XIRECS;8937.0;3;3;4
390000;;;SLEEP_POD_POLYESTER;XIRECS;12045.0;3;3;4
390000;;;SLEEP_POD_SUEDE;XIRECS;12057.0;3;3;4
390000;;;SNACKPACK_CHOCOLATE;XIRECS;10014.0;3;3;4
390000;;;SNACKPACK_RASPBERRY;XIRECS;10285.0;3;3;4
390000;;;TRANSLATOR_ASTRO_BLACK;XIRECS;8792.0;3;3;4
390000;;;TRANSLATOR_ECLIPSE_CHARCOAL;XIRECS;10045.0;3;3;4
390000;;;TRANSLATOR_GRAPHITE_MIST;XIRECS;9969.0;3;3;4
390000;;;TRANSLATOR_SPACE_GRAY;XIRECS;9769.0;3;3;4
390000;;;TRANSLATOR_VOID_BLUE;XIRECS;11357.0;3;3;4
390000;;;UV_VISOR_AMBER;XIRECS;7541.0;3;3;4
390000;;;UV_VISOR_MAGENTA;XIRECS;11470.0;3;3;4
390000;;;UV_VISOR_ORANGE;XIRECS;10833.0;3;3;4
390000;;;UV_VISOR_RED;XIRECS;10670.0;3;3;4
390000;;;UV_VISOR_YELLOW;XIRECS;11173.0;3;3;4
390200;SUBMISSION;;SNACKPACK_STRAWBERRY;XIRECS;10706.0;2;3;4
390200;SUBMISSION;;SNACKPACK_PISTACHIO;XIRECS;9442.0;2;3;4
390200;SUBMISSION;;SNACKPACK_VANILLA;XIRECS;9933.0;2;3;4
391700;;SUBMISSION;SNACKPACK_STRAWBERRY;XIRECS;10718.0;4;3;4
391700;;SUBMISSION;SNACKPACK_PISTACHIO;XIRECS;9441.0;4;3;4
391700;;SUBMISSION;SNACKPACK_VANILLA;XIRECS;9903.0;4;3;4
391900;SUBMISSION;;SNACKPACK_STRAWBERRY;XIRECS;10710.0;4;3;4
391900;SUBMISSION;;SNACKPACK_PISTACHIO;XIRECS;9433.0;4;3;4
391900;SUBMISSION;;SNACKPACK_VANILLA;XIRECS;9911.0;4;3;4
391900;;SUBMISSION;GALAXY_SOUNDS_PLANETARY_RINGS;XIRECS;11214.0;5;3;4
392100;SUBMISSION;;ROBOT_IRONING;XIRECS;9353.0;5;3;4
392500;SUBMISSION;;PEBBLES_XL;XIRECS;13468.0;3;3;4
392500;SUBMISSION;;PEBBLES_XL;XIRECS;13477.0;12;3;4
392800;;SUBMISSION;PEBBLES_XL;XIRECS;13463.0;5;3;4
394700;;SUBMISSION;PEBBLES_XL;XIRECS;13472.0;4;3;4
394900;SUBMISSION;;PEBBLES_XL;XIRECS;13492.0;6;3;4
394900;SUBMISSION;;PEBBLES_XL;XIRECS;13501.0;8;3;4
395500;;SUBMISSION;SNACKPACK_STRAWBERRY;XIRECS;10798.0;3;3;4
395500;;SUBMISSION;SNACKPACK_PISTACHIO;XIRECS;9495.0;3;3;4
395500;;SUBMISSION;SNACKPACK_VANILLA;XIRECS;9895.0;3;3;4
395500;;;MICROCHIP_CIRCLE;XIRECS;8715.0;3;3;4
395500;;;MICROCHIP_OVAL;XIRECS;8549.0;3;3;4
395500;;;MICROCHIP_RECTANGLE;XIRECS;8150.0;3;3;4
395500;;;MICROCHIP_SQUARE;XIRECS;14920.0;3;3;4
395500;;;MICROCHIP_TRIANGLE;XIRECS;9843.0;3;3;4
395700;SUBMISSION;;GALAXY_SOUNDS_PLANETARY_RINGS;XIRECS;11406.0;5;3;4
395800;;;GALAXY_SOUNDS_BLACK_HOLES;XIRECS;10663.0;2;3;4
395800;;;GALAXY_SOUNDS_DARK_MATTER;XIRECS;9944.0;2;3;4
395800;;;GALAXY_SOUNDS_PLANETARY_RINGS;XIRECS;11368.0;2;3;4
395800;;;GALAXY_SOUNDS_SOLAR_FLAMES;XIRECS;11494.0;2;3;4
395800;;;GALAXY_SOUNDS_SOLAR_WINDS;XIRECS;10107.0;2;3;4
395800;;;OXYGEN_SHAKE_CHOCOLATE;XIRECS;8961.0;2;3;4
395800;;;OXYGEN_SHAKE_EVENING_BREATH;XIRECS;9334.0;2;3;4
395800;;;OXYGEN_SHAKE_GARLIC;XIRECS;11510.0;2;3;4
395800;;;OXYGEN_SHAKE_MINT;XIRECS;10533.0;2;3;4
395800;;;OXYGEN_SHAKE_MORNING_BREATH;XIRECS;10094.0;2;3;4
395800;;;PANEL_1X2;XIRECS;8302.0;2;3;4
395800;;;PANEL_1X4;XIRECS;9924.0;2;3;4
395800;;;PANEL_2X2;XIRECS;10362.0;2;3;4
395800;;;PANEL_2X4;XIRECS;10649.0;2;3;4
395800;;;PANEL_4X4;XIRECS;9601.0;2;3;4
395800;;;ROBOT_DISHES;XIRECS;10072.0;2;3;4
395800;;;ROBOT_IRONING;XIRECS;9347.0;2;3;4
395800;;;ROBOT_LAUNDRY;XIRECS;10232.0;2;3;4
395800;;;ROBOT_MOPPING;XIRECS;10301.0;2;3;4
395800;;;ROBOT_VACUUMING;XIRECS;9530.0;2;3;4
395800;;;SLEEP_POD_COTTON;XIRECS;11507.0;2;3;4
395800;;;SLEEP_POD_LAMB_WOOL;XIRECS;10792.0;2;3;4
395800;;;SLEEP_POD_NYLON;XIRECS;9023.0;2;3;4
395800;;;SLEEP_POD_POLYESTER;XIRECS;12224.0;2;3;4
395800;;;SLEEP_POD_SUEDE;XIRECS;12160.0;2;3;4
395800;;;SNACKPACK_CHOCOLATE;XIRECS;10025.0;2;3;4
395800;;;SNACKPACK_PISTACHIO;XIRECS;9502.0;2;3;4
395800;;;SNACKPACK_RASPBERRY;XIRECS;10133.0;2;3;4
395800;;;SNACKPACK_STRAWBERRY;XIRECS;10814.0;2;3;4
395800;;;SNACKPACK_VANILLA;XIRECS;9889.0;2;3;4
395800;;;TRANSLATOR_ASTRO_BLACK;XIRECS;8792.0;2;3;4
395800;;;TRANSLATOR_ECLIPSE_CHARCOAL;XIRECS;10024.0;2;3;4
395800;;;TRANSLATOR_GRAPHITE_MIST;XIRECS;9961.0;2;3;4
395800;;;TRANSLATOR_SPACE_GRAY;XIRECS;9805.0;2;3;4
395800;;;TRANSLATOR_VOID_BLUE;XIRECS;11369.0;2;3;4
395800;;;UV_VISOR_AMBER;XIRECS;7493.0;2;3;4
395800;;;UV_VISOR_MAGENTA;XIRECS;11573.0;2;3;4
395800;;;UV_VISOR_ORANGE;XIRECS;10889.0;2;3;4
395800;;;UV_VISOR_RED;XIRECS;10776.0;2;3;4
395800;;;UV_VISOR_YELLOW;XIRECS;11237.0;2;3;4
396000;;;GALAXY_SOUNDS_BLACK_HOLES;XIRECS;10673.0;3;3;4
396000;;;GALAXY_SOUNDS_DARK_MATTER;XIRECS;9951.0;3;3;4
396000;;;GALAXY_SOUNDS_PLANETARY_RINGS;XIRECS;11380.0;3;3;4
396000;;;GALAXY_SOUNDS_SOLAR_FLAMES;XIRECS;11502.0;3;3;4
396000;;;GALAXY_SOUNDS_SOLAR_WINDS;XIRECS;10111.0;3;3;4
396000;;;OXYGEN_SHAKE_CHOCOLATE;XIRECS;8955.0;3;3;4
396000;;;OXYGEN_SHAKE_EVENING_BREATH;XIRECS;9324.0;3;3;4
396000;;;OXYGEN_SHAKE_GARLIC;XIRECS;11491.0;3;3;4
396000;;;OXYGEN_SHAKE_MINT;XIRECS;10549.0;3;3;4
396000;;;OXYGEN_SHAKE_MORNING_BREATH;XIRECS;10116.0;3;3;4
396000;;;PANEL_1X2;XIRECS;8307.0;3;3;4
396000;;;PANEL_1X4;XIRECS;9940.0;3;3;4
396000;;;PANEL_2X2;XIRECS;10374.0;3;3;4
396000;;;PANEL_2X4;XIRECS;10648.0;3;3;4
396000;;;PANEL_4X4;XIRECS;9622.0;3;3;4
396000;;;ROBOT_DISHES;XIRECS;10082.0;3;3;4
396000;;;ROBOT_IRONING;XIRECS;9347.0;3;3;4
396000;;;ROBOT_LAUNDRY;XIRECS;10279.0;3;3;4
396000;;;ROBOT_MOPPING;XIRECS;10290.0;3;3;4
396000;;;ROBOT_VACUUMING;XIRECS;9526.0;3;3;4
396000;;;SLEEP_POD_COTTON;XIRECS;11485.0;3;3;4
396000;;;SLEEP_POD_LAMB_WOOL;XIRECS;10790.0;3;3;4
396000;;;SLEEP_POD_NYLON;XIRECS;9021.0;3;3;4
396000;;;SLEEP_POD_POLYESTER;XIRECS;12244.0;3;3;4
396000;;;SLEEP_POD_SUEDE;XIRECS;12168.0;3;3;4
396000;;;SNACKPACK_CHOCOLATE;XIRECS;10010.0;3;3;4
396000;;;SNACKPACK_PISTACHIO;XIRECS;9508.0;3;3;4
396000;;;SNACKPACK_RASPBERRY;XIRECS;10131.0;3;3;4
396000;;;SNACKPACK_STRAWBERRY;XIRECS;10818.0;3;3;4
396000;;;SNACKPACK_VANILLA;XIRECS;9904.0;3;3;4
396000;;;TRANSLATOR_ASTRO_BLACK;XIRECS;8790.0;3;3;4
396000;;;TRANSLATOR_ECLIPSE_CHARCOAL;XIRECS;10033.0;3;3;4
396000;;;TRANSLATOR_GRAPHITE_MIST;XIRECS;9949.0;3;3;4
396000;;;TRANSLATOR_SPACE_GRAY;XIRECS;9810.0;3;3;4
396000;;;TRANSLATOR_VOID_BLUE;XIRECS;11358.0;3;3;4
396000;;;UV_VISOR_AMBER;XIRECS;7493.0;3;3;4
396000;;;UV_VISOR_MAGENTA;XIRECS;11597.0;3;3;4
396000;;;UV_VISOR_ORANGE;XIRECS;10892.0;3;3;4
396000;;;UV_VISOR_RED;XIRECS;10782.0;3;3;4
396000;;;UV_VISOR_YELLOW;XIRECS;11221.0;3;3;4
396500;;SUBMISSION;SNACKPACK_STRAWBERRY;XIRECS;10824.0;5;3;4
396500;;SUBMISSION;SNACKPACK_PISTACHIO;XIRECS;9506.0;5;3;4
396500;;SUBMISSION;SNACKPACK_VANILLA;XIRECS;9884.0;5;3;4
396500;;SUBMISSION;PEBBLES_XL;XIRECS;13498.0;2;3;4
396500;;;PEBBLES_L;XIRECS;9801.0;5;3;4
396500;;;PEBBLES_M;XIRECS;10615.0;5;3;4
396500;;;PEBBLES_S;XIRECS;9288.0;5;3;4
396500;;;PEBBLES_XS;XIRECS;6829.0;5;3;4
398100;SUBMISSION;;PEBBLES_XL;XIRECS;13607.0;2;3;4
398500;SUBMISSION;;SNACKPACK_STRAWBERRY;XIRECS;10791.0;5;3;4
398500;SUBMISSION;;SNACKPACK_PISTACHIO;XIRECS;9506.0;5;3;4
398500;SUBMISSION;;SNACKPACK_VANILLA;XIRECS;9841.0;5;3;4
398800;;;MICROCHIP_CIRCLE;XIRECS;8856.0;2;3;4
398800;;;MICROCHIP_OVAL;XIRECS;8630.0;2;3;4
398800;;;MICROCHIP_RECTANGLE;XIRECS;8082.0;2;3;4
398800;;;MICROCHIP_SQUARE;XIRECS;15002.0;2;3;4
398800;;;MICROCHIP_TRIANGLE;XIRECS;9922.0;2;3;4
399300;;SUBMISSION;GALAXY_SOUNDS_PLANETARY_RINGS;XIRECS;11285.0;5;3;4
400200;;SUBMISSION;SNACKPACK_STRAWBERRY;XIRECS;10824.0;3;3;4
400200;;SUBMISSION;SNACKPACK_PISTACHIO;XIRECS;9531.0;3;3;4
400200;;SUBMISSION;SNACKPACK_VANILLA;XIRECS;9875.0;3;3;4
401300;;SUBMISSION;PEBBLES_XL;XIRECS;13773.0;3;3;4
401700;;SUBMISSION;PEBBLES_XL;XIRECS;13784.0;7;3;4
401700;;SUBMISSION;GALAXY_SOUNDS_PLANETARY_RINGS;XIRECS;11211.0;5;3;4
402100;;;GALAXY_SOUNDS_BLACK_HOLES;XIRECS;10845.0;4;3;4
402100;;;GALAXY_SOUNDS_DARK_MATTER;XIRECS;10046.0;4;3;4
402100;;;GALAXY_SOUNDS_PLANETARY_RINGS;XIRECS;11260.0;4;3;4
402100;;;GALAXY_SOUNDS_SOLAR_FLAMES;XIRECS;11471.0;4;3;4
402100;;;GALAXY_SOUNDS_SOLAR_WINDS;XIRECS;10102.0;4;3;4
402100;;;OXYGEN_SHAKE_CHOCOLATE;XIRECS;9033.0;4;3;4
402100;;;OXYGEN_SHAKE_EVENING_BREATH;XIRECS;9416.0;4;3;4
402100;;;OXYGEN_SHAKE_GARLIC;XIRECS;11604.0;4;3;4
402100;;;OXYGEN_SHAKE_MINT;XIRECS;10460.0;4;3;4
402100;;;OXYGEN_SHAKE_MORNING_BREATH;XIRECS;10048.0;4;3;4
402100;;;PANEL_1X2;XIRECS;8227.0;4;3;4
402100;;;PANEL_1X4;XIRECS;9940.0;4;3;4
402100;;;PANEL_2X2;XIRECS;10456.0;4;3;4
402100;;;PANEL_2X4;XIRECS;10639.0;4;3;4
402100;;;PANEL_4X4;XIRECS;9687.0;4;3;4
402100;;;ROBOT_DISHES;XIRECS;10000.0;4;3;4
402100;;;ROBOT_IRONING;XIRECS;9373.0;4;3;4
402100;;;ROBOT_LAUNDRY;XIRECS;10099.0;4;3;4
402100;;;ROBOT_MOPPING;XIRECS;10364.0;4;3;4
402100;;;ROBOT_VACUUMING;XIRECS;9537.0;4;3;4
402100;;;SLEEP_POD_COTTON;XIRECS;11357.0;4;3;4
402100;;;SLEEP_POD_LAMB_WOOL;XIRECS;10638.0;4;3;4
402100;;;SLEEP_POD_NYLON;XIRECS;9151.0;4;3;4
402100;;;SLEEP_POD_POLYESTER;XIRECS;12251.0;4;3;4
402100;;;SLEEP_POD_SUEDE;XIRECS;12074.0;4;3;4
402100;;;SNACKPACK_CHOCOLATE;XIRECS;10037.0;4;3;4
402100;;;SNACKPACK_PISTACHIO;XIRECS;9555.0;4;3;4
402100;;;SNACKPACK_RASPBERRY;XIRECS;10121.0;4;3;4
402100;;;SNACKPACK_STRAWBERRY;XIRECS;10873.0;4;3;4
402100;;;SNACKPACK_VANILLA;XIRECS;9914.0;4;3;4
402100;;;TRANSLATOR_ASTRO_BLACK;XIRECS;8833.0;4;3;4
402100;;;TRANSLATOR_ECLIPSE_CHARCOAL;XIRECS;10141.0;4;3;4
402100;;;TRANSLATOR_GRAPHITE_MIST;XIRECS;10139.0;4;3;4
402100;;;TRANSLATOR_SPACE_GRAY;XIRECS;9831.0;4;3;4
402100;;;TRANSLATOR_VOID_BLUE;XIRECS;11233.0;4;3;4
402100;;;UV_VISOR_AMBER;XIRECS;7546.0;4;3;4
402100;;;UV_VISOR_MAGENTA;XIRECS;11535.0;4;3;4
402100;;;UV_VISOR_ORANGE;XIRECS;10824.0;4;3;4
402100;;;UV_VISOR_RED;XIRECS;10777.0;4;3;4
402100;;;UV_VISOR_YELLOW;XIRECS;11300.0;4;3;4
402500;;;MICROCHIP_CIRCLE;XIRECS;8883.0;3;3;4
402500;;;MICROCHIP_OVAL;XIRECS;8756.0;3;3;4
402500;;;MICROCHIP_RECTANGLE;XIRECS;8168.0;3;3;4
402500;;;MICROCHIP_SQUARE;XIRECS;15051.0;3;3;4
402500;;;MICROCHIP_TRIANGLE;XIRECS;10160.0;3;3;4
403300;SUBMISSION;;GALAXY_SOUNDS_PLANETARY_RINGS;XIRECS;11352.0;5;3;4
403500;SUBMISSION;;PEBBLES_XL;XIRECS;13636.0;2;3;4
403500;;;PEBBLES_L;XIRECS;9718.0;4;3;4
403500;;;PEBBLES_M;XIRECS;10504.0;4;3;4
403500;;;PEBBLES_S;XIRECS;9343.0;4;3;4
403500;;;PEBBLES_XS;XIRECS;6768.0;4;3;4
403800;SUBMISSION;;ROBOT_IRONING;XIRECS;9434.0;5;3;4
404300;SUBMISSION;;SNACKPACK_STRAWBERRY;XIRECS;10888.0;5;3;4
404300;SUBMISSION;;SNACKPACK_PISTACHIO;XIRECS;9568.0;5;3;4
404300;SUBMISSION;;SNACKPACK_VANILLA;XIRECS;9912.0;5;3;4
405200;SUBMISSION;;MICROCHIP_CIRCLE;XIRECS;8923.0;5;3;4
405500;;;MICROCHIP_CIRCLE;XIRECS;8921.0;1;3;4
405500;;;MICROCHIP_OVAL;XIRECS;8626.0;1;3;4
405500;;;MICROCHIP_RECTANGLE;XIRECS;8271.0;1;3;4
405500;;;MICROCHIP_SQUARE;XIRECS;14973.0;1;3;4
405500;;;MICROCHIP_TRIANGLE;XIRECS;10241.0;1;3;4
406100;SUBMISSION;;ROBOT_IRONING;XIRECS;9504.0;5;3;4
406200;SUBMISSION;;PEBBLES_XL;XIRECS;13287.0;8;3;4
406800;;SUBMISSION;SNACKPACK_STRAWBERRY;XIRECS;10809.0;5;3;4
406800;;SUBMISSION;SNACKPACK_PISTACHIO;XIRECS;9527.0;5;3;4
406800;;SUBMISSION;SNACKPACK_VANILLA;XIRECS;9918.0;5;3;4
406800;;SUBMISSION;GALAXY_SOUNDS_PLANETARY_RINGS;XIRECS;11241.0;5;3;4
407200;SUBMISSION;;MICROCHIP_CIRCLE;XIRECS;8974.0;5;3;4
407500;SUBMISSION;;ROBOT_IRONING;XIRECS;9564.0;5;3;4
408200;;;PEBBLES_L;XIRECS;9894.0;4;3;4
408200;;;PEBBLES_M;XIRECS;10690.0;4;3;4
408200;;;PEBBLES_S;XIRECS;9310.0;4;3;4
408200;;;PEBBLES_XL;XIRECS;13163.0;4;3;4
408200;;;PEBBLES_XS;XIRECS;6910.0;4;3;4
408800;;SUBMISSION;PEBBLES_XL;XIRECS;13088.0;3;3;4
409100;SUBMISSION;;SNACKPACK_STRAWBERRY;XIRECS;10770.0;3;3;4
409100;SUBMISSION;;SNACKPACK_PISTACHIO;XIRECS;9502.0;3;3;4
409100;SUBMISSION;;SNACKPACK_VANILLA;XIRECS;9896.0;3;3;4
409700;;SUBMISSION;PEBBLES_XL;XIRECS;13091.0;2;3;4
409700;;;PEBBLES_L;XIRECS;9914.0;5;3;4
409700;;;PEBBLES_M;XIRECS;10730.0;5;3;4
409700;;;PEBBLES_S;XIRECS;9277.0;5;3;4
409700;;;PEBBLES_XS;XIRECS;7019.0;5;3;4
410200;SUBMISSION;;MICROCHIP_CIRCLE;XIRECS;8989.0;5;3;4
411400;SUBMISSION;;GALAXY_SOUNDS_PLANETARY_RINGS;XIRECS;11342.0;5;3;4
411900;;SUBMISSION;SNACKPACK_STRAWBERRY;XIRECS;10751.0;1;3;4
411900;;SUBMISSION;SNACKPACK_PISTACHIO;XIRECS;9489.0;1;3;4
411900;;SUBMISSION;SNACKPACK_VANILLA;XIRECS;9902.0;1;3;4
411900;;;GALAXY_SOUNDS_BLACK_HOLES;XIRECS;10826.0;3;3;4
411900;;;GALAXY_SOUNDS_DARK_MATTER;XIRECS;10145.0;3;3;4
411900;;;GALAXY_SOUNDS_PLANETARY_RINGS;XIRECS;11395.0;3;3;4
411900;;;GALAXY_SOUNDS_SOLAR_FLAMES;XIRECS;11240.0;3;3;4
411900;;;GALAXY_SOUNDS_SOLAR_WINDS;XIRECS;10065.0;3;3;4
411900;;;OXYGEN_SHAKE_CHOCOLATE;XIRECS;9125.0;3;3;4
411900;;;OXYGEN_SHAKE_EVENING_BREATH;XIRECS;9326.0;3;3;4
411900;;;OXYGEN_SHAKE_GARLIC;XIRECS;11702.0;3;3;4
411900;;;OXYGEN_SHAKE_MINT;XIRECS;10534.0;3;3;4
411900;;;OXYGEN_SHAKE_MORNING_BREATH;XIRECS;9936.0;3;3;4
411900;;;PANEL_1X2;XIRECS;8177.0;3;3;4
411900;;;PANEL_1X4;XIRECS;9947.0;3;3;4
411900;;;PANEL_2X2;XIRECS;10347.0;3;3;4
411900;;;PANEL_2X4;XIRECS;10913.0;3;3;4
411900;;;PANEL_4X4;XIRECS;9570.0;3;3;4
411900;;;ROBOT_DISHES;XIRECS;10179.0;3;3;4
411900;;;ROBOT_IRONING;XIRECS;9574.0;3;3;4
411900;;;ROBOT_LAUNDRY;XIRECS;10081.0;3;3;4
411900;;;ROBOT_MOPPING;XIRECS;10378.0;3;3;4
411900;;;ROBOT_VACUUMING;XIRECS;9327.0;3;3;4
411900;;;SLEEP_POD_COTTON;XIRECS;11417.0;3;3;4
411900;;;SLEEP_POD_LAMB_WOOL;XIRECS;10612.0;3;3;4
411900;;;SLEEP_POD_NYLON;XIRECS;9205.0;3;3;4
411900;;;SLEEP_POD_POLYESTER;XIRECS;11952.0;3;3;4
411900;;;SLEEP_POD_SUEDE;XIRECS;12108.0;3;3;4
411900;;;SNACKPACK_CHOCOLATE;XIRECS;10039.0;3;3;4
411900;;;SNACKPACK_RASPBERRY;XIRECS;10246.0;3;3;4
411900;;;TRANSLATOR_ASTRO_BLACK;XIRECS;8867.0;3;3;4
411900;;;TRANSLATOR_ECLIPSE_CHARCOAL;XIRECS;10266.0;3;3;4
411900;;;TRANSLATOR_GRAPHITE_MIST;XIRECS;10077.0;3;3;4
411900;;;TRANSLATOR_SPACE_GRAY;XIRECS;9840.0;3;3;4
411900;;;TRANSLATOR_VOID_BLUE;XIRECS;11233.0;3;3;4
411900;;;UV_VISOR_AMBER;XIRECS;7534.0;3;3;4
411900;;;UV_VISOR_MAGENTA;XIRECS;11480.0;3;3;4
411900;;;UV_VISOR_ORANGE;XIRECS;10820.0;3;3;4
411900;;;UV_VISOR_RED;XIRECS;10776.0;3;3;4
411900;;;UV_VISOR_YELLOW;XIRECS;11351.0;3;3;4
412700;SUBMISSION;;PEBBLES_XL;XIRECS;12940.0;3;3;4
412700;SUBMISSION;;PEBBLES_XL;XIRECS;12948.0;2;3;4
412900;SUBMISSION;;MICROCHIP_CIRCLE;XIRECS;9055.0;5;3;4
414100;SUBMISSION;;GALAXY_SOUNDS_PLANETARY_RINGS;XIRECS;11405.0;5;3;4
416100;;;GALAXY_SOUNDS_BLACK_HOLES;XIRECS;10829.0;2;3;4
416100;;;GALAXY_SOUNDS_DARK_MATTER;XIRECS;10194.0;2;3;4
416100;;;GALAXY_SOUNDS_PLANETARY_RINGS;XIRECS;11406.0;2;3;4
416100;;;GALAXY_SOUNDS_SOLAR_FLAMES;XIRECS;11240.0;2;3;4
416100;;;GALAXY_SOUNDS_SOLAR_WINDS;XIRECS;10097.0;2;3;4
416100;;;OXYGEN_SHAKE_CHOCOLATE;XIRECS;9104.0;2;3;4
416100;;;OXYGEN_SHAKE_EVENING_BREATH;XIRECS;9324.0;2;3;4
416100;;;OXYGEN_SHAKE_GARLIC;XIRECS;11560.0;2;3;4
416100;;;OXYGEN_SHAKE_MINT;XIRECS;10462.0;2;3;4
416100;;;OXYGEN_SHAKE_MORNING_BREATH;XIRECS;10015.0;2;3;4
416100;;;PANEL_1X2;XIRECS;8099.0;2;3;4
416100;;;PANEL_1X4;XIRECS;9939.0;2;3;4
416100;;;PANEL_2X2;XIRECS;10366.0;2;3;4
416100;;;PANEL_2X4;XIRECS;10866.0;2;3;4
416100;;;PANEL_4X4;XIRECS;9512.0;2;3;4
416100;;;ROBOT_DISHES;XIRECS;10144.0;2;3;4
416100;;;ROBOT_IRONING;XIRECS;9606.0;2;3;4
416100;;;ROBOT_LAUNDRY;XIRECS;10106.0;2;3;4
416100;;;ROBOT_MOPPING;XIRECS;10394.0;2;3;4
416100;;;ROBOT_VACUUMING;XIRECS;9323.0;2;3;4
416100;;;SLEEP_POD_COTTON;XIRECS;11356.0;2;3;4
416100;;;SLEEP_POD_LAMB_WOOL;XIRECS;10624.0;2;3;4
416100;;;SLEEP_POD_NYLON;XIRECS;9188.0;2;3;4
416100;;;SLEEP_POD_POLYESTER;XIRECS;11881.0;2;3;4
416100;;;SLEEP_POD_SUEDE;XIRECS;12286.0;2;3;4
416100;;;SNACKPACK_CHOCOLATE;XIRECS;10013.0;2;3;4
416100;;;SNACKPACK_PISTACHIO;XIRECS;9492.0;2;3;4
416100;;;SNACKPACK_RASPBERRY;XIRECS;10224.0;2;3;4
416100;;;SNACKPACK_STRAWBERRY;XIRECS;10750.0;2;3;4
416100;;;SNACKPACK_VANILLA;XIRECS;9901.0;2;3;4
416100;;;TRANSLATOR_ASTRO_BLACK;XIRECS;8837.0;2;3;4
416100;;;TRANSLATOR_ECLIPSE_CHARCOAL;XIRECS;10328.0;2;3;4
416100;;;TRANSLATOR_GRAPHITE_MIST;XIRECS;10040.0;2;3;4
416100;;;TRANSLATOR_SPACE_GRAY;XIRECS;9845.0;2;3;4
416100;;;TRANSLATOR_VOID_BLUE;XIRECS;11086.0;2;3;4
416100;;;UV_VISOR_AMBER;XIRECS;7525.0;2;3;4
416100;;;UV_VISOR_MAGENTA;XIRECS;11453.0;2;3;4
416100;;;UV_VISOR_ORANGE;XIRECS;10812.0;2;3;4
416100;;;UV_VISOR_RED;XIRECS;10671.0;2;3;4
416100;;;UV_VISOR_YELLOW;XIRECS;11363.0;2;3;4
417100;;SUBMISSION;SNACKPACK_STRAWBERRY;XIRECS;10734.0;4;3;4
417100;;SUBMISSION;SNACKPACK_PISTACHIO;XIRECS;9494.0;4;3;4
417100;;SUBMISSION;SNACKPACK_VANILLA;XIRECS;9916.0;4;3;4
418200;;;MICROCHIP_CIRCLE;XIRECS;8976.0;1;3;4
418200;;;MICROCHIP_OVAL;XIRECS;8552.0;1;3;4
418200;;;MICROCHIP_RECTANGLE;XIRECS;8204.0;1;3;4
418200;;;MICROCHIP_SQUARE;XIRECS;14674.0;1;3;4
418200;;;MICROCHIP_TRIANGLE;XIRECS;10307.0;1;3;4
418500;;SUBMISSION;PEBBLES_XL;XIRECS;13045.0;2;3;4
418500;;;PEBBLES_L;XIRECS;9942.0;2;3;4
418500;;;PEBBLES_M;XIRECS;10733.0;2;3;4
418500;;;PEBBLES_S;XIRECS;9274.0;2;3;4
418500;;;PEBBLES_XS;XIRECS;7037.0;2;3;4
419200;SUBMISSION;;SNACKPACK_STRAWBERRY;XIRECS;10769.0;2;3;4
419200;SUBMISSION;;SNACKPACK_PISTACHIO;XIRECS;9508.0;2;3;4
419200;SUBMISSION;;SNACKPACK_VANILLA;XIRECS;9891.0;2;3;4
419600;;SUBMISSION;MICROCHIP_CIRCLE;XIRECS;8961.0;5;3;4
420200;SUBMISSION;;GALAXY_SOUNDS_PLANETARY_RINGS;XIRECS;11435.0;5;3;4
421000;;SUBMISSION;PEBBLES_XL;XIRECS;13261.0;2;3;4
421000;;;PEBBLES_L;XIRECS;9862.0;2;3;4
421000;;;PEBBLES_M;XIRECS;10645.0;2;3;4
421000;;;PEBBLES_S;XIRECS;9213.0;2;3;4
421000;;;PEBBLES_XS;XIRECS;7051.0;2;3;4
421100;SUBMISSION;;MICROCHIP_CIRCLE;XIRECS;8992.0;5;3;4
422400;SUBMISSION;;PEBBLES_XL;XIRECS;13227.0;3;3;4
422400;SUBMISSION;;PEBBLES_XL;XIRECS;13236.0;1;3;4
424000;;SUBMISSION;SNACKPACK_STRAWBERRY;XIRECS;10748.0;2;3;4
424000;;SUBMISSION;SNACKPACK_PISTACHIO;XIRECS;9479.0;2;3;4
424000;;SUBMISSION;SNACKPACK_VANILLA;XIRECS;9969.0;2;3;4
424100;;SUBMISSION;MICROCHIP_CIRCLE;XIRECS;8938.0;5;3;4
424300;;;MICROCHIP_CIRCLE;XIRECS;8927.0;3;3;4
424300;;;MICROCHIP_OVAL;XIRECS;8622.0;3;3;4
424300;;;MICROCHIP_RECTANGLE;XIRECS;8157.0;3;3;4
424300;;;MICROCHIP_SQUARE;XIRECS;14824.0;3;3;4
424300;;;MICROCHIP_TRIANGLE;XIRECS;10333.0;3;3;4
425200;;SUBMISSION;PEBBLES_XL;XIRECS;13486.0;2;3;4
425200;;;PEBBLES_L;XIRECS;9675.0;5;3;4
425200;;;PEBBLES_M;XIRECS;10620.0;5;3;4
425200;;;PEBBLES_S;XIRECS;9192.0;5;3;4
425200;;;PEBBLES_XS;XIRECS;7058.0;5;3;4
426000;;;MICROCHIP_CIRCLE;XIRECS;8924.0;2;3;4
426000;;;MICROCHIP_OVAL;XIRECS;8741.0;2;3;4
426000;;;MICROCHIP_RECTANGLE;XIRECS;8148.0;2;3;4
426000;;;MICROCHIP_SQUARE;XIRECS;14870.0;2;3;4
426000;;;MICROCHIP_TRIANGLE;XIRECS;10422.0;2;3;4
426100;;SUBMISSION;PEBBLES_XL;XIRECS;13530.0;2;3;4
426100;;;PEBBLES_L;XIRECS;9574.0;3;3;4
426100;;;PEBBLES_M;XIRECS;10673.0;3;3;4
426100;;;PEBBLES_S;XIRECS;9205.0;3;3;4
426100;;;PEBBLES_XS;XIRECS;7049.0;3;3;4
426200;SUBMISSION;;GALAXY_SOUNDS_PLANETARY_RINGS;XIRECS;11468.0;5;3;4
426900;;;MICROCHIP_CIRCLE;XIRECS;8894.0;1;3;4
426900;;;MICROCHIP_OVAL;XIRECS;8727.0;1;3;4
426900;;;MICROCHIP_RECTANGLE;XIRECS;8076.0;1;3;4
426900;;;MICROCHIP_SQUARE;XIRECS;14862.0;1;3;4
426900;;;MICROCHIP_TRIANGLE;XIRECS;10431.0;1;3;4
427200;;;MICROCHIP_CIRCLE;XIRECS;8887.0;1;3;4
427200;;;MICROCHIP_OVAL;XIRECS;8702.0;1;3;4
427200;;;MICROCHIP_RECTANGLE;XIRECS;8087.0;1;3;4
427200;;;MICROCHIP_SQUARE;XIRECS;14815.0;1;3;4
427200;;;MICROCHIP_TRIANGLE;XIRECS;10390.0;1;3;4
427800;;SUBMISSION;PEBBLES_XL;XIRECS;13454.0;2;3;4
427800;;;PEBBLES_L;XIRECS;9638.0;2;3;4
427800;;;PEBBLES_M;XIRECS;10673.0;2;3;4
427800;;;PEBBLES_S;XIRECS;9225.0;2;3;4
427800;;;PEBBLES_XS;XIRECS;7042.0;2;3;4
428200;SUBMISSION;;PEBBLES_XL;XIRECS;13453.0;2;3;4
428200;;;PEBBLES_L;XIRECS;9576.0;5;3;4
428200;;;PEBBLES_M;XIRECS;10673.0;5;3;4
428200;;;PEBBLES_S;XIRECS;9214.0;5;3;4
428200;;;PEBBLES_XS;XIRECS;7053.0;5;3;4
428300;;SUBMISSION;GALAXY_SOUNDS_PLANETARY_RINGS;XIRECS;11357.0;5;3;4
428600;;SUBMISSION;PEBBLES_XL;XIRECS;13499.0;6;3;4
429200;;SUBMISSION;MICROCHIP_CIRCLE;XIRECS;8888.0;5;3;4
430700;;;GALAXY_SOUNDS_BLACK_HOLES;XIRECS;10775.0;1;3;4
430700;;;GALAXY_SOUNDS_DARK_MATTER;XIRECS;10322.0;1;3;4
430700;;;GALAXY_SOUNDS_PLANETARY_RINGS;XIRECS;11378.0;1;3;4
430700;;;GALAXY_SOUNDS_SOLAR_FLAMES;XIRECS;11274.0;1;3;4
430700;;;GALAXY_SOUNDS_SOLAR_WINDS;XIRECS;10413.0;1;3;4
430700;;;OXYGEN_SHAKE_CHOCOLATE;XIRECS;9038.0;1;3;4
430700;;;OXYGEN_SHAKE_EVENING_BREATH;XIRECS;9336.0;1;3;4
430700;;;OXYGEN_SHAKE_GARLIC;XIRECS;11633.0;1;3;4
430700;;;OXYGEN_SHAKE_MINT;XIRECS;10595.0;1;3;4
430700;;;OXYGEN_SHAKE_MORNING_BREATH;XIRECS;9995.0;1;3;4
430700;;;PANEL_1X2;XIRECS;8133.0;1;3;4
430700;;;PANEL_1X4;XIRECS;9928.0;1;3;4
430700;;;PANEL_2X2;XIRECS;10500.0;1;3;4
430700;;;PANEL_2X4;XIRECS;11012.0;1;3;4
430700;;;PANEL_4X4;XIRECS;9489.0;1;3;4
430700;;;ROBOT_DISHES;XIRECS;10305.0;1;3;4
430700;;;ROBOT_IRONING;XIRECS;9434.0;1;3;4
430700;;;ROBOT_LAUNDRY;XIRECS;10074.0;1;3;4
430700;;;ROBOT_MOPPING;XIRECS;10458.0;1;3;4
430700;;;ROBOT_VACUUMING;XIRECS;9208.0;1;3;4
430700;;;SLEEP_POD_COTTON;XIRECS;11496.0;1;3;4
430700;;;SLEEP_POD_LAMB_WOOL;XIRECS;10700.0;1;3;4
430700;;;SLEEP_POD_NYLON;XIRECS;9297.0;1;3;4
430700;;;SLEEP_POD_POLYESTER;XIRECS;11845.0;1;3;4
430700;;;SLEEP_POD_SUEDE;XIRECS;12344.0;1;3;4
430700;;;SNACKPACK_CHOCOLATE;XIRECS;9994.0;1;3;4
430700;;;SNACKPACK_PISTACHIO;XIRECS;9505.0;1;3;4
430700;;;SNACKPACK_RASPBERRY;XIRECS;10198.0;1;3;4
430700;;;SNACKPACK_STRAWBERRY;XIRECS;10807.0;1;3;4
430700;;;SNACKPACK_VANILLA;XIRECS;9976.0;1;3;4
430700;;;TRANSLATOR_ASTRO_BLACK;XIRECS;8768.0;1;3;4
430700;;;TRANSLATOR_ECLIPSE_CHARCOAL;XIRECS;10230.0;1;3;4
430700;;;TRANSLATOR_GRAPHITE_MIST;XIRECS;10059.0;1;3;4
430700;;;TRANSLATOR_SPACE_GRAY;XIRECS;9879.0;1;3;4
430700;;;TRANSLATOR_VOID_BLUE;XIRECS;11233.0;1;3;4
430700;;;UV_VISOR_AMBER;XIRECS;7553.0;1;3;4
430700;;;UV_VISOR_MAGENTA;XIRECS;11414.0;1;3;4
430700;;;UV_VISOR_ORANGE;XIRECS;11092.0;1;3;4
430700;;;UV_VISOR_RED;XIRECS;10643.0;1;3;4
430700;;;UV_VISOR_YELLOW;XIRECS;11316.0;1;3;4
431300;SUBMISSION;;PEBBLES_XL;XIRECS;13849.0;8;3;4
431800;;SUBMISSION;MICROCHIP_CIRCLE;XIRECS;8778.0;5;3;4
432200;;SUBMISSION;ROBOT_IRONING;XIRECS;9386.0;5;3;4
434600;SUBMISSION;;SNACKPACK_STRAWBERRY;XIRECS;10761.0;2;3;4
434600;SUBMISSION;;SNACKPACK_PISTACHIO;XIRECS;9479.0;2;3;4
434600;SUBMISSION;;SNACKPACK_VANILLA;XIRECS;9958.0;2;3;4
434600;;;GALAXY_SOUNDS_BLACK_HOLES;XIRECS;10724.0;3;3;4
434600;;;GALAXY_SOUNDS_DARK_MATTER;XIRECS;10329.0;3;3;4
434600;;;GALAXY_SOUNDS_PLANETARY_RINGS;XIRECS;11408.0;3;3;4
434600;;;GALAXY_SOUNDS_SOLAR_FLAMES;XIRECS;11290.0;3;3;4
434600;;;GALAXY_SOUNDS_SOLAR_WINDS;XIRECS;10426.0;3;3;4
434600;;;OXYGEN_SHAKE_CHOCOLATE;XIRECS;9020.0;3;3;4
434600;;;OXYGEN_SHAKE_EVENING_BREATH;XIRECS;9354.0;3;3;4
434600;;;OXYGEN_SHAKE_GARLIC;XIRECS;11578.0;3;3;4
434600;;;OXYGEN_SHAKE_MINT;XIRECS;10643.0;3;3;4
434600;;;OXYGEN_SHAKE_MORNING_BREATH;XIRECS;9923.0;3;3;4
434600;;;PANEL_1X2;XIRECS;8140.0;3;3;4
434600;;;PANEL_1X4;XIRECS;10002.0;3;3;4
434600;;;PANEL_2X2;XIRECS;10462.0;3;3;4
434600;;;PANEL_2X4;XIRECS;10983.0;3;3;4
434600;;;PANEL_4X4;XIRECS;9523.0;3;3;4
434600;;;ROBOT_DISHES;XIRECS;10443.0;3;3;4
434600;;;ROBOT_IRONING;XIRECS;9357.0;3;3;4
434600;;;ROBOT_LAUNDRY;XIRECS;10065.0;3;3;4
434600;;;ROBOT_MOPPING;XIRECS;10346.0;3;3;4
434600;;;ROBOT_VACUUMING;XIRECS;9207.0;3;3;4
434600;;;SLEEP_POD_COTTON;XIRECS;11449.0;3;3;4
434600;;;SLEEP_POD_LAMB_WOOL;XIRECS;10770.0;3;3;4
434600;;;SLEEP_POD_NYLON;XIRECS;9237.0;3;3;4
434600;;;SLEEP_POD_POLYESTER;XIRECS;11860.0;3;3;4
434600;;;SLEEP_POD_SUEDE;XIRECS;12257.0;3;3;4
434600;;;SNACKPACK_CHOCOLATE;XIRECS;9980.0;3;3;4
434600;;;SNACKPACK_RASPBERRY;XIRECS;10214.0;3;3;4
434600;;;TRANSLATOR_ASTRO_BLACK;XIRECS;8791.0;3;3;4
434600;;;TRANSLATOR_ECLIPSE_CHARCOAL;XIRECS;10167.0;3;3;4
434600;;;TRANSLATOR_GRAPHITE_MIST;XIRECS;9988.0;3;3;4
434600;;;TRANSLATOR_SPACE_GRAY;XIRECS;9862.0;3;3;4
434600;;;TRANSLATOR_VOID_BLUE;XIRECS;11217.0;3;3;4
434600;;;UV_VISOR_AMBER;XIRECS;7569.0;3;3;4
434600;;;UV_VISOR_MAGENTA;XIRECS;11379.0;3;3;4
434600;;;UV_VISOR_ORANGE;XIRECS;11099.0;3;3;4
434600;;;UV_VISOR_RED;XIRECS;10695.0;3;3;4
434600;;;UV_VISOR_YELLOW;XIRECS;11210.0;3;3;4
435100;;SUBMISSION;ROBOT_IRONING;XIRECS;9337.0;4;3;4
435200;;SUBMISSION;ROBOT_IRONING;XIRECS;9327.0;1;3;4
435500;SUBMISSION;;PEBBLES_XL;XIRECS;13821.0;2;3;4
435500;;;PEBBLES_L;XIRECS;9389.0;3;3;4
435500;;;PEBBLES_M;XIRECS;10544.0;3;3;4
435500;;;PEBBLES_S;XIRECS;9058.0;3;3;4
435500;;;PEBBLES_XS;XIRECS;7157.0;3;3;4
435800;;;PEBBLES_L;XIRECS;9368.0;3;3;4
435800;;;PEBBLES_M;XIRECS;10522.0;3;3;4
435800;;;PEBBLES_S;XIRECS;9055.0;3;3;4
435800;;;PEBBLES_XL;XIRECS;13836.0;3;3;4
435800;;;PEBBLES_XS;XIRECS;7186.0;3;3;4
435900;;;MICROCHIP_CIRCLE;XIRECS;8848.0;1;3;4
435900;;;MICROCHIP_OVAL;XIRECS;8660.0;1;3;4
435900;;;MICROCHIP_RECTANGLE;XIRECS;8259.0;1;3;4
435900;;;MICROCHIP_SQUARE;XIRECS;15254.0;1;3;4
435900;;;MICROCHIP_TRIANGLE;XIRECS;10360.0;1;3;4
436000;;SUBMISSION;SNACKPACK_STRAWBERRY;XIRECS;10752.0;2;3;4
436000;;SUBMISSION;SNACKPACK_PISTACHIO;XIRECS;9468.0;2;3;4
436000;;SUBMISSION;SNACKPACK_VANILLA;XIRECS;9997.0;2;3;4
436900;;;MICROCHIP_CIRCLE;XIRECS;8856.0;3;3;4
436900;;;MICROCHIP_OVAL;XIRECS;8643.0;3;3;4
436900;;;MICROCHIP_RECTANGLE;XIRECS;8308.0;3;3;4
436900;;;MICROCHIP_SQUARE;XIRECS;15374.0;3;3;4
436900;;;MICROCHIP_TRIANGLE;XIRECS;10423.0;3;3;4
438200;;;GALAXY_SOUNDS_BLACK_HOLES;XIRECS;10731.0;3;3;4
438200;;;GALAXY_SOUNDS_DARK_MATTER;XIRECS;10289.0;3;3;4
438200;;;GALAXY_SOUNDS_PLANETARY_RINGS;XIRECS;11369.0;3;3;4
438200;;;GALAXY_SOUNDS_SOLAR_FLAMES;XIRECS;11351.0;3;3;4
438200;;;GALAXY_SOUNDS_SOLAR_WINDS;XIRECS;10338.0;3;3;4
438200;;;OXYGEN_SHAKE_CHOCOLATE;XIRECS;9021.0;3;3;4
438200;;;OXYGEN_SHAKE_EVENING_BREATH;XIRECS;9396.0;3;3;4
438200;;;OXYGEN_SHAKE_GARLIC;XIRECS;11616.0;3;3;4
438200;;;OXYGEN_SHAKE_MINT;XIRECS;10663.0;3;3;4
438200;;;OXYGEN_SHAKE_MORNING_BREATH;XIRECS;9914.0;3;3;4
438200;;;PANEL_1X2;XIRECS;8088.0;3;3;4
438200;;;PANEL_1X4;XIRECS;10009.0;3;3;4
438200;;;PANEL_2X2;XIRECS;10502.0;3;3;4
438200;;;PANEL_2X4;XIRECS;11068.0;3;3;4
438200;;;PANEL_4X4;XIRECS;9466.0;3;3;4
438200;;;ROBOT_DISHES;XIRECS;10470.0;3;3;4
438200;;;ROBOT_IRONING;XIRECS;9373.0;3;3;4
438200;;;ROBOT_LAUNDRY;XIRECS;10216.0;3;3;4
438200;;;ROBOT_MOPPING;XIRECS;10438.0;3;3;4
438200;;;ROBOT_VACUUMING;XIRECS;9267.0;3;3;4
438200;;;SLEEP_POD_COTTON;XIRECS;11439.0;3;3;4
438200;;;SLEEP_POD_LAMB_WOOL;XIRECS;10667.0;3;3;4
438200;;;SLEEP_POD_NYLON;XIRECS;9324.0;3;3;4
438200;;;SLEEP_POD_POLYESTER;XIRECS;11863.0;3;3;4
438200;;;SLEEP_POD_SUEDE;XIRECS;12299.0;3;3;4
438200;;;SNACKPACK_CHOCOLATE;XIRECS;9992.0;3;3;4
438200;;;SNACKPACK_PISTACHIO;XIRECS;9460.0;3;3;4
438200;;;SNACKPACK_RASPBERRY;XIRECS;10299.0;3;3;4
438200;;;SNACKPACK_STRAWBERRY;XIRECS;10719.0;3;3;4
438200;;;SNACKPACK_VANILLA;XIRECS;9978.0;3;3;4
438200;;;TRANSLATOR_ASTRO_BLACK;XIRECS;8878.0;3;3;4
438200;;;TRANSLATOR_ECLIPSE_CHARCOAL;XIRECS;10212.0;3;3;4
438200;;;TRANSLATOR_GRAPHITE_MIST;XIRECS;10022.0;3;3;4
438200;;;TRANSLATOR_SPACE_GRAY;XIRECS;9839.0;3;3;4
438200;;;TRANSLATOR_VOID_BLUE;XIRECS;11166.0;3;3;4
438200;;;UV_VISOR_AMBER;XIRECS;7670.0;3;3;4
438200;;;UV_VISOR_MAGENTA;XIRECS;11411.0;3;3;4
438200;;;UV_VISOR_ORANGE;XIRECS;11100.0;3;3;4
438200;;;UV_VISOR_RED;XIRECS;10762.0;3;3;4
438200;;;UV_VISOR_YELLOW;XIRECS;11187.0;3;3;4
440700;SUBMISSION;;GALAXY_SOUNDS_PLANETARY_RINGS;XIRECS;11480.0;5;3;4
442200;;SUBMISSION;PEBBLES_XL;XIRECS;13871.0;7;3;4
442400;;;MICROCHIP_CIRCLE;XIRECS;8903.0;2;3;4
442400;;;MICROCHIP_OVAL;XIRECS;8581.0;2;3;4
442400;;;MICROCHIP_RECTANGLE;XIRECS;8359.0;2;3;4
442400;;;MICROCHIP_SQUARE;XIRECS;15437.0;2;3;4
442400;;;MICROCHIP_TRIANGLE;XIRECS;10327.0;2;3;4
444900;SUBMISSION;;MICROCHIP_CIRCLE;XIRECS;8939.0;5;3;4
445200;SUBMISSION;;PEBBLES_XL;XIRECS;13950.0;4;3;4
445200;SUBMISSION;;PEBBLES_XL;XIRECS;13960.0;3;3;4
446500;SUBMISSION;;ROBOT_IRONING;XIRECS;9444.0;5;3;4
446800;SUBMISSION;;SNACKPACK_STRAWBERRY;XIRECS;10729.0;2;3;4
446800;SUBMISSION;;SNACKPACK_PISTACHIO;XIRECS;9440.0;2;3;4
446800;SUBMISSION;;SNACKPACK_VANILLA;XIRECS;9924.0;2;3;4
446800;;SUBMISSION;PEBBLES_XL;XIRECS;13932.0;5;3;4
446800;;;GALAXY_SOUNDS_BLACK_HOLES;XIRECS;10636.0;3;3;4
446800;;;GALAXY_SOUNDS_DARK_MATTER;XIRECS;10177.0;3;3;4
446800;;;GALAXY_SOUNDS_PLANETARY_RINGS;XIRECS;11506.0;3;3;4
446800;;;GALAXY_SOUNDS_SOLAR_FLAMES;XIRECS;11423.0;3;3;4
446800;;;GALAXY_SOUNDS_SOLAR_WINDS;XIRECS;10225.0;3;3;4
446800;;;OXYGEN_SHAKE_CHOCOLATE;XIRECS;9110.0;3;3;4
446800;;;OXYGEN_SHAKE_EVENING_BREATH;XIRECS;9304.0;3;3;4
446800;;;OXYGEN_SHAKE_GARLIC;XIRECS;11518.0;3;3;4
446800;;;OXYGEN_SHAKE_MINT;XIRECS;10452.0;3;3;4
446800;;;OXYGEN_SHAKE_MORNING_BREATH;XIRECS;9870.0;3;3;4
446800;;;PANEL_1X2;XIRECS;8225.0;3;3;4
446800;;;PANEL_1X4;XIRECS;10035.0;3;3;4
446800;;;PANEL_2X2;XIRECS;10531.0;3;3;4
446800;;;PANEL_2X4;XIRECS;11241.0;3;3;4
446800;;;PANEL_4X4;XIRECS;9457.0;3;3;4
446800;;;ROBOT_DISHES;XIRECS;10313.0;3;3;4
446800;;;ROBOT_IRONING;XIRECS;9456.0;3;3;4
446800;;;ROBOT_LAUNDRY;XIRECS;10307.0;3;3;4
446800;;;ROBOT_MOPPING;XIRECS;10568.0;3;3;4
446800;;;ROBOT_VACUUMING;XIRECS;9290.0;3;3;4
446800;;;SLEEP_POD_COTTON;XIRECS;11473.0;3;3;4
446800;;;SLEEP_POD_LAMB_WOOL;XIRECS;10644.0;3;3;4
446800;;;SLEEP_POD_NYLON;XIRECS;9388.0;3;3;4
446800;;;SLEEP_POD_POLYESTER;XIRECS;11744.0;3;3;4
446800;;;SLEEP_POD_SUEDE;XIRECS;12442.0;3;3;4
446800;;;SNACKPACK_CHOCOLATE;XIRECS;10024.0;3;3;4
446800;;;SNACKPACK_RASPBERRY;XIRECS;10246.0;3;3;4
446800;;;TRANSLATOR_ASTRO_BLACK;XIRECS;8904.0;3;3;4
446800;;;TRANSLATOR_ECLIPSE_CHARCOAL;XIRECS;10255.0;3;3;4
446800;;;TRANSLATOR_GRAPHITE_MIST;XIRECS;9997.0;3;3;4
446800;;;TRANSLATOR_SPACE_GRAY;XIRECS;9823.0;3;3;4
446800;;;TRANSLATOR_VOID_BLUE;XIRECS;11021.0;3;3;4
446800;;;UV_VISOR_AMBER;XIRECS;7663.0;3;3;4
446800;;;UV_VISOR_MAGENTA;XIRECS;11423.0;3;3;4
446800;;;UV_VISOR_ORANGE;XIRECS;11147.0;3;3;4
446800;;;UV_VISOR_RED;XIRECS;10949.0;3;3;4
446800;;;UV_VISOR_YELLOW;XIRECS;11171.0;3;3;4
447900;SUBMISSION;;SNACKPACK_STRAWBERRY;XIRECS;10755.0;2;3;4
447900;SUBMISSION;;SNACKPACK_PISTACHIO;XIRECS;9462.0;2;3;4
447900;SUBMISSION;;SNACKPACK_VANILLA;XIRECS;9947.0;2;3;4
447900;;;GALAXY_SOUNDS_BLACK_HOLES;XIRECS;10616.0;2;3;4
447900;;;GALAXY_SOUNDS_DARK_MATTER;XIRECS;10234.0;2;3;4
447900;;;GALAXY_SOUNDS_PLANETARY_RINGS;XIRECS;11467.0;2;3;4
447900;;;GALAXY_SOUNDS_SOLAR_FLAMES;XIRECS;11482.0;2;3;4
447900;;;GALAXY_SOUNDS_SOLAR_WINDS;XIRECS;10195.0;2;3;4
447900;;;OXYGEN_SHAKE_CHOCOLATE;XIRECS;9097.0;2;3;4
447900;;;OXYGEN_SHAKE_EVENING_BREATH;XIRECS;9344.0;2;3;4
447900;;;OXYGEN_SHAKE_GARLIC;XIRECS;11519.0;2;3;4
447900;;;OXYGEN_SHAKE_MINT;XIRECS;10456.0;2;3;4
447900;;;OXYGEN_SHAKE_MORNING_BREATH;XIRECS;9879.0;2;3;4
447900;;;PANEL_1X2;XIRECS;8248.0;2;3;4
447900;;;PANEL_1X4;XIRECS;10036.0;2;3;4
447900;;;PANEL_2X2;XIRECS;10534.0;2;3;4
447900;;;PANEL_2X4;XIRECS;11284.0;2;3;4
447900;;;PANEL_4X4;XIRECS;9433.0;2;3;4
447900;;;ROBOT_DISHES;XIRECS;10275.0;2;3;4
447900;;;ROBOT_IRONING;XIRECS;9456.0;2;3;4
447900;;;ROBOT_LAUNDRY;XIRECS;10341.0;2;3;4
447900;;;ROBOT_MOPPING;XIRECS;10569.0;2;3;4
447900;;;ROBOT_VACUUMING;XIRECS;9273.0;2;3;4
447900;;;SLEEP_POD_COTTON;XIRECS;11489.0;2;3;4
447900;;;SLEEP_POD_LAMB_WOOL;XIRECS;10665.0;2;3;4
447900;;;SLEEP_POD_NYLON;XIRECS;9380.0;2;3;4
447900;;;SLEEP_POD_POLYESTER;XIRECS;11787.0;2;3;4
447900;;;SLEEP_POD_SUEDE;XIRECS;12419.0;2;3;4
447900;;;SNACKPACK_CHOCOLATE;XIRECS;10007.0;2;3;4
447900;;;SNACKPACK_RASPBERRY;XIRECS;10211.0;2;3;4
447900;;;TRANSLATOR_ASTRO_BLACK;XIRECS;8868.0;2;3;4
447900;;;TRANSLATOR_ECLIPSE_CHARCOAL;XIRECS;10243.0;2;3;4
447900;;;TRANSLATOR_GRAPHITE_MIST;XIRECS;9944.0;2;3;4
447900;;;TRANSLATOR_SPACE_GRAY;XIRECS;9802.0;2;3;4
447900;;;TRANSLATOR_VOID_BLUE;XIRECS;11047.0;2;3;4
447900;;;UV_VISOR_AMBER;XIRECS;7651.0;2;3;4
447900;;;UV_VISOR_MAGENTA;XIRECS;11405.0;2;3;4
447900;;;UV_VISOR_ORANGE;XIRECS;11169.0;2;3;4
447900;;;UV_VISOR_RED;XIRECS;10942.0;2;3;4
447900;;;UV_VISOR_YELLOW;XIRECS;11213.0;2;3;4
449000;;;MICROCHIP_CIRCLE;XIRECS;8903.0;2;3;4
449000;;;MICROCHIP_OVAL;XIRECS;8609.0;2;3;4
449000;;;MICROCHIP_RECTANGLE;XIRECS;8299.0;2;3;4
449000;;;MICROCHIP_SQUARE;XIRECS;15277.0;2;3;4
449000;;;MICROCHIP_TRIANGLE;XIRECS;10190.0;2;3;4
450000;;;MICROCHIP_CIRCLE;XIRECS;8879.0;1;3;4
450000;;;MICROCHIP_OVAL;XIRECS;8605.0;1;3;4
450000;;;MICROCHIP_RECTANGLE;XIRECS;8316.0;1;3;4
450000;;;MICROCHIP_SQUARE;XIRECS;15270.0;1;3;4
450000;;;MICROCHIP_TRIANGLE;XIRECS;10154.0;1;3;4
450100;SUBMISSION;;ROBOT_IRONING;XIRECS;9564.0;5;3;4
450900;;;GALAXY_SOUNDS_BLACK_HOLES;XIRECS;10668.0;3;3;4
450900;;;GALAXY_SOUNDS_DARK_MATTER;XIRECS;10243.0;3;3;4
450900;;;GALAXY_SOUNDS_PLANETARY_RINGS;XIRECS;11501.0;3;3;4
450900;;;GALAXY_SOUNDS_SOLAR_FLAMES;XIRECS;11382.0;3;3;4
450900;;;GALAXY_SOUNDS_SOLAR_WINDS;XIRECS;10253.0;3;3;4
450900;;;OXYGEN_SHAKE_CHOCOLATE;XIRECS;9046.0;3;3;4
450900;;;OXYGEN_SHAKE_EVENING_BREATH;XIRECS;9324.0;3;3;4
450900;;;OXYGEN_SHAKE_GARLIC;XIRECS;11553.0;3;3;4
450900;;;OXYGEN_SHAKE_MINT;XIRECS;10385.0;3;3;4
450900;;;OXYGEN_SHAKE_MORNING_BREATH;XIRECS;9942.0;3;3;4
450900;;;PANEL_1X2;XIRECS;8261.0;3;3;4
450900;;;PANEL_1X4;XIRECS;10081.0;3;3;4
450900;;;PANEL_2X2;XIRECS;10512.0;3;3;4
450900;;;PANEL_2X4;XIRECS;11350.0;3;3;4
450900;;;PANEL_4X4;XIRECS;9514.0;3;3;4
450900;;;ROBOT_DISHES;XIRECS;10350.0;3;3;4
450900;;;ROBOT_IRONING;XIRECS;9556.0;3;3;4
450900;;;ROBOT_LAUNDRY;XIRECS;10286.0;3;3;4
450900;;;ROBOT_MOPPING;XIRECS;10541.0;3;3;4
450900;;;ROBOT_VACUUMING;XIRECS;9309.0;3;3;4
450900;;;SLEEP_POD_COTTON;XIRECS;11555.0;3;3;4
450900;;;SLEEP_POD_LAMB_WOOL;XIRECS;10652.0;3;3;4
450900;;;SLEEP_POD_NYLON;XIRECS;9418.0;3;3;4
450900;;;SLEEP_POD_POLYESTER;XIRECS;11917.0;3;3;4
450900;;;SLEEP_POD_SUEDE;XIRECS;12357.0;3;3;4
450900;;;SNACKPACK_CHOCOLATE;XIRECS;10035.0;3;3;4
450900;;;SNACKPACK_PISTACHIO;XIRECS;9432.0;3;3;4
450900;;;SNACKPACK_RASPBERRY;XIRECS;10255.0;3;3;4
450900;;;SNACKPACK_STRAWBERRY;XIRECS;10714.0;3;3;4
450900;;;SNACKPACK_VANILLA;XIRECS;9919.0;3;3;4
450900;;;TRANSLATOR_ASTRO_BLACK;XIRECS;8926.0;3;3;4
450900;;;TRANSLATOR_ECLIPSE_CHARCOAL;XIRECS;10204.0;3;3;4
450900;;;TRANSLATOR_GRAPHITE_MIST;XIRECS;9993.0;3;3;4
450900;;;TRANSLATOR_SPACE_GRAY;XIRECS;9763.0;3;3;4
450900;;;TRANSLATOR_VOID_BLUE;XIRECS;10961.0;3;3;4
450900;;;UV_VISOR_AMBER;XIRECS;7618.0;3;3;4
450900;;;UV_VISOR_MAGENTA;XIRECS;11336.0;3;3;4
450900;;;UV_VISOR_ORANGE;XIRECS;11118.0;3;3;4
450900;;;UV_VISOR_RED;XIRECS;10934.0;3;3;4
450900;;;UV_VISOR_YELLOW;XIRECS;11183.0;3;3;4
451000;SUBMISSION;;SNACKPACK_STRAWBERRY;XIRECS;10704.0;4;3;4
451000;SUBMISSION;;SNACKPACK_PISTACHIO;XIRECS;9429.0;4;3;4
451000;SUBMISSION;;SNACKPACK_VANILLA;XIRECS;9923.0;4;3;4
451000;;;MICROCHIP_CIRCLE;XIRECS;8926.0;1;3;4
451000;;;MICROCHIP_OVAL;XIRECS;8566.0;1;3;4
451000;;;MICROCHIP_RECTANGLE;XIRECS;8319.0;1;3;4
451000;;;MICROCHIP_SQUARE;XIRECS;15174.0;1;3;4
451000;;;MICROCHIP_TRIANGLE;XIRECS;10204.0;1;3;4
451300;;SUBMISSION;SNACKPACK_STRAWBERRY;XIRECS;10730.0;5;3;4
451300;;SUBMISSION;SNACKPACK_PISTACHIO;XIRECS;9446.0;5;3;4
451300;;SUBMISSION;SNACKPACK_VANILLA;XIRECS;9926.0;5;3;4
451600;SUBMISSION;;SNACKPACK_STRAWBERRY;XIRECS;10723.0;2;3;4
451600;SUBMISSION;;SNACKPACK_PISTACHIO;XIRECS;9440.0;2;3;4
451600;SUBMISSION;;SNACKPACK_VANILLA;XIRECS;9944.0;2;3;4
453000;SUBMISSION;;SNACKPACK_STRAWBERRY;XIRECS;10702.0;3;3;4
453000;SUBMISSION;;SNACKPACK_PISTACHIO;XIRECS;9430.0;3;3;4
453000;SUBMISSION;;SNACKPACK_VANILLA;XIRECS;9956.0;3;3;4
454100;;;MICROCHIP_CIRCLE;XIRECS;8960.0;2;3;4
454100;;;MICROCHIP_OVAL;XIRECS;8588.0;2;3;4
454100;;;MICROCHIP_RECTANGLE;XIRECS;8287.0;2;3;4
454100;;;MICROCHIP_SQUARE;XIRECS;15066.0;2;3;4
454100;;;MICROCHIP_TRIANGLE;XIRECS;10266.0;2;3;4
454900;;SUBMISSION;SNACKPACK_STRAWBERRY;XIRECS;10674.0;2;3;4
454900;;SUBMISSION;SNACKPACK_PISTACHIO;XIRECS;9407.0;2;3;4
454900;;SUBMISSION;SNACKPACK_VANILLA;XIRECS;9957.0;2;3;4
455300;SUBMISSION;;MICROCHIP_CIRCLE;XIRECS;9010.0;5;3;4
455800;SUBMISSION;;PEBBLES_XL;XIRECS;13593.0;5;3;4
456800;;SUBMISSION;PEBBLES_XL;XIRECS;13785.0;2;3;4
456800;;;PEBBLES_L;XIRECS;9282.0;4;3;4
456800;;;PEBBLES_M;XIRECS;10415.0;4;3;4
456800;;;PEBBLES_S;XIRECS;9132.0;4;3;4
456800;;;PEBBLES_XS;XIRECS;7418.0;4;3;4
457300;SUBMISSION;;MICROCHIP_CIRCLE;XIRECS;9117.0;5;3;4
457900;;SUBMISSION;PEBBLES_XL;XIRECS;13917.0;2;3;4
457900;;;PEBBLES_L;XIRECS;9371.0;3;3;4
457900;;;PEBBLES_M;XIRECS;10419.0;3;3;4
457900;;;PEBBLES_S;XIRECS;9038.0;3;3;4
457900;;;PEBBLES_XS;XIRECS;7287.0;3;3;4
458600;;;GALAXY_SOUNDS_BLACK_HOLES;XIRECS;10790.0;3;3;4
458600;;;GALAXY_SOUNDS_DARK_MATTER;XIRECS;10242.0;3;3;4
458600;;;GALAXY_SOUNDS_PLANETARY_RINGS;XIRECS;11510.0;3;3;4
458600;;;GALAXY_SOUNDS_SOLAR_FLAMES;XIRECS;11372.0;3;3;4
458600;;;GALAXY_SOUNDS_SOLAR_WINDS;XIRECS;10456.0;3;3;4
458600;;;OXYGEN_SHAKE_CHOCOLATE;XIRECS;9048.0;3;3;4
458600;;;OXYGEN_SHAKE_EVENING_BREATH;XIRECS;9284.0;3;3;4
458600;;;OXYGEN_SHAKE_GARLIC;XIRECS;11495.0;3;3;4
458600;;;OXYGEN_SHAKE_MINT;XIRECS;10344.0;3;3;4
458600;;;OXYGEN_SHAKE_MORNING_BREATH;XIRECS;9895.0;3;3;4
458600;;;PANEL_1X2;XIRECS;8264.0;3;3;4
458600;;;PANEL_1X4;XIRECS;10180.0;3;3;4
458600;;;PANEL_2X2;XIRECS;10522.0;3;3;4
458600;;;PANEL_2X4;XIRECS;11557.0;3;3;4
458600;;;PANEL_4X4;XIRECS;9597.0;3;3;4
458600;;;ROBOT_DISHES;XIRECS;10344.0;3;3;4
458600;;;ROBOT_IRONING;XIRECS;9526.0;3;3;4
458600;;;ROBOT_LAUNDRY;XIRECS;10311.0;3;3;4
458600;;;ROBOT_MOPPING;XIRECS;10652.0;3;3;4
458600;;;ROBOT_VACUUMING;XIRECS;9253.0;3;3;4
458600;;;SLEEP_POD_COTTON;XIRECS;11516.0;3;3;4
458600;;;SLEEP_POD_LAMB_WOOL;XIRECS;10623.0;3;3;4
458600;;;SLEEP_POD_NYLON;XIRECS;9330.0;3;3;4
458600;;;SLEEP_POD_POLYESTER;XIRECS;11959.0;3;3;4
458600;;;SLEEP_POD_SUEDE;XIRECS;12306.0;3;3;4
458600;;;SNACKPACK_CHOCOLATE;XIRECS;10074.0;3;3;4
458600;;;SNACKPACK_PISTACHIO;XIRECS;9428.0;3;3;4
458600;;;SNACKPACK_RASPBERRY;XIRECS;10253.0;3;3;4
458600;;;SNACKPACK_STRAWBERRY;XIRECS;10714.0;3;3;4
458600;;;SNACKPACK_VANILLA;XIRECS;9884.0;3;3;4
458600;;;TRANSLATOR_ASTRO_BLACK;XIRECS;8834.0;3;3;4
458600;;;TRANSLATOR_ECLIPSE_CHARCOAL;XIRECS;10034.0;3;3;4
458600;;;TRANSLATOR_GRAPHITE_MIST;XIRECS;9994.0;3;3;4
458600;;;TRANSLATOR_SPACE_GRAY;XIRECS;9666.0;3;3;4
458600;;;TRANSLATOR_VOID_BLUE;XIRECS;10980.0;3;3;4
458600;;;UV_VISOR_AMBER;XIRECS;7659.0;3;3;4
458600;;;UV_VISOR_MAGENTA;XIRECS;11434.0;3;3;4
458600;;;UV_VISOR_ORANGE;XIRECS;11072.0;3;3;4
458600;;;UV_VISOR_RED;XIRECS;11065.0;3;3;4
458600;;;UV_VISOR_YELLOW;XIRECS;11187.0;3;3;4
458800;;;MICROCHIP_CIRCLE;XIRECS;9131.0;1;3;4
458800;;;MICROCHIP_OVAL;XIRECS;8727.0;1;3;4
458800;;;MICROCHIP_RECTANGLE;XIRECS;8392.0;1;3;4
458800;;;MICROCHIP_SQUARE;XIRECS;15184.0;1;3;4
458800;;;MICROCHIP_TRIANGLE;XIRECS;10084.0;1;3;4
459400;;;GALAXY_SOUNDS_BLACK_HOLES;XIRECS;10808.0;2;3;4
459400;;;GALAXY_SOUNDS_DARK_MATTER;XIRECS;10292.0;2;3;4
459400;;;GALAXY_SOUNDS_PLANETARY_RINGS;XIRECS;11467.0;2;3;4
459400;;;GALAXY_SOUNDS_SOLAR_FLAMES;XIRECS;11396.0;2;3;4
459400;;;GALAXY_SOUNDS_SOLAR_WINDS;XIRECS;10457.0;2;3;4
459400;;;OXYGEN_SHAKE_CHOCOLATE;XIRECS;9090.0;2;3;4
459400;;;OXYGEN_SHAKE_EVENING_BREATH;XIRECS;9284.0;2;3;4
459400;;;OXYGEN_SHAKE_GARLIC;XIRECS;11512.0;2;3;4
459400;;;OXYGEN_SHAKE_MINT;XIRECS;10361.0;2;3;4
459400;;;OXYGEN_SHAKE_MORNING_BREATH;XIRECS;9915.0;2;3;4
459400;;;PANEL_1X2;XIRECS;8255.0;2;3;4
459400;;;PANEL_1X4;XIRECS;10180.0;2;3;4
459400;;;PANEL_2X2;XIRECS;10531.0;2;3;4
459400;;;PANEL_2X4;XIRECS;11630.0;2;3;4
459400;;;PANEL_4X4;XIRECS;9684.0;2;3;4
459400;;;ROBOT_DISHES;XIRECS;10314.0;2;3;4
459400;;;ROBOT_IRONING;XIRECS;9496.0;2;3;4
459400;;;ROBOT_LAUNDRY;XIRECS;10315.0;2;3;4
459400;;;ROBOT_MOPPING;XIRECS;10650.0;2;3;4
459400;;;ROBOT_VACUUMING;XIRECS;9184.0;2;3;4
459400;;;SLEEP_POD_COTTON;XIRECS;11478.0;2;3;4
459400;;;SLEEP_POD_LAMB_WOOL;XIRECS;10558.0;2;3;4
459400;;;SLEEP_POD_NYLON;XIRECS;9353.0;2;3;4
459400;;;SLEEP_POD_POLYESTER;XIRECS;11952.0;2;3;4
459400;;;SLEEP_POD_SUEDE;XIRECS;12361.0;2;3;4
459400;;;SNACKPACK_CHOCOLATE;XIRECS;10085.0;2;3;4
459400;;;SNACKPACK_PISTACHIO;XIRECS;9425.0;2;3;4
459400;;;SNACKPACK_RASPBERRY;XIRECS;10240.0;2;3;4
459400;;;SNACKPACK_STRAWBERRY;XIRECS;10706.0;2;3;4
459400;;;SNACKPACK_VANILLA;XIRECS;9882.0;2;3;4
459400;;;TRANSLATOR_ASTRO_BLACK;XIRECS;8829.0;2;3;4
459400;;;TRANSLATOR_ECLIPSE_CHARCOAL;XIRECS;9990.0;2;3;4
459400;;;TRANSLATOR_GRAPHITE_MIST;XIRECS;9951.0;2;3;4
459400;;;TRANSLATOR_SPACE_GRAY;XIRECS;9649.0;2;3;4
459400;;;TRANSLATOR_VOID_BLUE;XIRECS;11011.0;2;3;4
459400;;;UV_VISOR_AMBER;XIRECS;7649.0;2;3;4
459400;;;UV_VISOR_MAGENTA;XIRECS;11407.0;2;3;4
459400;;;UV_VISOR_ORANGE;XIRECS;11068.0;2;3;4
459400;;;UV_VISOR_RED;XIRECS;11021.0;2;3;4
459400;;;UV_VISOR_YELLOW;XIRECS;11246.0;2;3;4
459700;SUBMISSION;;SNACKPACK_STRAWBERRY;XIRECS;10736.0;2;3;4
459700;SUBMISSION;;SNACKPACK_PISTACHIO;XIRECS;9447.0;2;3;4
459700;SUBMISSION;;SNACKPACK_VANILLA;XIRECS;9894.0;2;3;4
461000;;SUBMISSION;SNACKPACK_STRAWBERRY;XIRECS;10726.0;2;3;4
461000;;SUBMISSION;SNACKPACK_PISTACHIO;XIRECS;9454.0;2;3;4
461000;;SUBMISSION;SNACKPACK_VANILLA;XIRECS;9943.0;2;3;4
461000;;;GALAXY_SOUNDS_BLACK_HOLES;XIRECS;10849.0;2;3;4
461000;;;GALAXY_SOUNDS_DARK_MATTER;XIRECS;10350.0;2;3;4
461000;;;GALAXY_SOUNDS_PLANETARY_RINGS;XIRECS;11460.0;2;3;4
461000;;;GALAXY_SOUNDS_SOLAR_FLAMES;XIRECS;11415.0;2;3;4
461000;;;GALAXY_SOUNDS_SOLAR_WINDS;XIRECS;10449.0;2;3;4
461000;;;OXYGEN_SHAKE_CHOCOLATE;XIRECS;9019.0;2;3;4
461000;;;OXYGEN_SHAKE_EVENING_BREATH;XIRECS;9336.0;2;3;4
461000;;;OXYGEN_SHAKE_GARLIC;XIRECS;11498.0;2;3;4
461000;;;OXYGEN_SHAKE_MINT;XIRECS;10333.0;2;3;4
461000;;;OXYGEN_SHAKE_MORNING_BREATH;XIRECS;9949.0;2;3;4
461000;;;PANEL_1X2;XIRECS;8265.0;2;3;4
461000;;;PANEL_1X4;XIRECS;10187.0;2;3;4
461000;;;PANEL_2X2;XIRECS;10545.0;2;3;4
461000;;;PANEL_2X4;XIRECS;11621.0;2;3;4
461000;;;PANEL_4X4;XIRECS;9683.0;2;3;4
461000;;;ROBOT_DISHES;XIRECS;10308.0;2;3;4
461000;;;ROBOT_IRONING;XIRECS;9514.0;2;3;4
461000;;;ROBOT_LAUNDRY;XIRECS;10283.0;2;3;4
461000;;;ROBOT_MOPPING;XIRECS;10703.0;2;3;4
461000;;;ROBOT_VACUUMING;XIRECS;9202.0;2;3;4
461000;;;SLEEP_POD_COTTON;XIRECS;11543.0;2;3;4
461000;;;SLEEP_POD_LAMB_WOOL;XIRECS;10549.0;2;3;4
461000;;;SLEEP_POD_NYLON;XIRECS;9325.0;2;3;4
461000;;;SLEEP_POD_POLYESTER;XIRECS;11912.0;2;3;4
461000;;;SLEEP_POD_SUEDE;XIRECS;12338.0;2;3;4
461000;;;SNACKPACK_CHOCOLATE;XIRECS;10069.0;2;3;4
461000;;;SNACKPACK_RASPBERRY;XIRECS;10255.0;2;3;4
461000;;;TRANSLATOR_ASTRO_BLACK;XIRECS;8848.0;2;3;4
461000;;;TRANSLATOR_ECLIPSE_CHARCOAL;XIRECS;9918.0;2;3;4
461000;;;TRANSLATOR_GRAPHITE_MIST;XIRECS;9969.0;2;3;4
461000;;;TRANSLATOR_SPACE_GRAY;XIRECS;9743.0;2;3;4
461000;;;TRANSLATOR_VOID_BLUE;XIRECS;11030.0;2;3;4
461000;;;UV_VISOR_AMBER;XIRECS;7634.0;2;3;4
461000;;;UV_VISOR_MAGENTA;XIRECS;11399.0;2;3;4
461000;;;UV_VISOR_ORANGE;XIRECS;11038.0;2;3;4
461000;;;UV_VISOR_RED;XIRECS;11041.0;2;3;4
461000;;;UV_VISOR_YELLOW;XIRECS;11320.0;2;3;4
461300;SUBMISSION;;PEBBLES_XL;XIRECS;14108.0;4;3;4
461400;;SUBMISSION;SNACKPACK_STRAWBERRY;XIRECS;10743.0;4;3;4
461400;;SUBMISSION;SNACKPACK_PISTACHIO;XIRECS;9462.0;4;3;4
461400;;SUBMISSION;SNACKPACK_VANILLA;XIRECS;9938.0;4;3;4
464400;;;PEBBLES_L;XIRECS;9314.0;3;3;4
464400;;;PEBBLES_M;XIRECS;10635.0;3;3;4
464400;;;PEBBLES_S;XIRECS;9183.0;3;3;4
464400;;;PEBBLES_XL;XIRECS;13615.0;3;3;4
464400;;;PEBBLES_XS;XIRECS;7220.0;3;3;4
465000;SUBMISSION;;SNACKPACK_STRAWBERRY;XIRECS;10767.0;5;3;4
465000;SUBMISSION;;SNACKPACK_PISTACHIO;XIRECS;9481.0;5;3;4
465000;SUBMISSION;;SNACKPACK_VANILLA;XIRECS;9863.0;5;3;4
465600;;SUBMISSION;SNACKPACK_STRAWBERRY;XIRECS;10776.0;5;3;4
465600;;SUBMISSION;SNACKPACK_PISTACHIO;XIRECS;9487.0;5;3;4
465600;;SUBMISSION;SNACKPACK_VANILLA;XIRECS;9877.0;5;3;4
466300;;SUBMISSION;PEBBLES_XL;XIRECS;13434.0;4;3;4
466400;SUBMISSION;;SNACKPACK_STRAWBERRY;XIRECS;10807.0;3;3;4
466400;SUBMISSION;;SNACKPACK_PISTACHIO;XIRECS;9508.0;3;3;4
466400;SUBMISSION;;SNACKPACK_VANILLA;XIRECS;9868.0;3;3;4
466900;SUBMISSION;;SNACKPACK_STRAWBERRY;XIRECS;10794.0;3;3;4
466900;SUBMISSION;;SNACKPACK_PISTACHIO;XIRECS;9508.0;3;3;4
466900;SUBMISSION;;SNACKPACK_VANILLA;XIRECS;9842.0;3;3;4
467400;SUBMISSION;;GALAXY_SOUNDS_BLACK_HOLES;XIRECS;10882.0;5;3;4
468600;;;GALAXY_SOUNDS_BLACK_HOLES;XIRECS;10878.0;2;3;4
468600;;;GALAXY_SOUNDS_DARK_MATTER;XIRECS;10403.0;2;3;4
468600;;;GALAXY_SOUNDS_PLANETARY_RINGS;XIRECS;11502.0;2;3;4
468600;;;GALAXY_SOUNDS_SOLAR_FLAMES;XIRECS;11345.0;2;3;4
468600;;;GALAXY_SOUNDS_SOLAR_WINDS;XIRECS;10617.0;2;3;4
468600;;;OXYGEN_SHAKE_CHOCOLATE;XIRECS;9042.0;2;3;4
468600;;;OXYGEN_SHAKE_EVENING_BREATH;XIRECS;9174.0;2;3;4
468600;;;OXYGEN_SHAKE_GARLIC;XIRECS;11551.0;2;3;4
468600;;;OXYGEN_SHAKE_MINT;XIRECS;10325.0;2;3;4
468600;;;OXYGEN_SHAKE_MORNING_BREATH;XIRECS;9943.0;2;3;4
468600;;;PANEL_1X2;XIRECS;8161.0;2;3;4
468600;;;PANEL_1X4;XIRECS;10156.0;2;3;4
468600;;;PANEL_2X2;XIRECS;10601.0;2;3;4
468600;;;PANEL_2X4;XIRECS;11422.0;2;3;4
468600;;;PANEL_4X4;XIRECS;9595.0;2;3;4
468600;;;ROBOT_DISHES;XIRECS;10249.0;2;3;4
468600;;;ROBOT_IRONING;XIRECS;9496.0;2;3;4
468600;;;ROBOT_LAUNDRY;XIRECS;10181.0;2;3;4
468600;;;ROBOT_MOPPING;XIRECS;10708.0;2;3;4
468600;;;ROBOT_VACUUMING;XIRECS;9116.0;2;3;4
468600;;;SLEEP_POD_COTTON;XIRECS;11346.0;2;3;4
468600;;;SLEEP_POD_LAMB_WOOL;XIRECS;10484.0;2;3;4
468600;;;SLEEP_POD_NYLON;XIRECS;9430.0;2;3;4
468600;;;SLEEP_POD_POLYESTER;XIRECS;11957.0;2;3;4
468600;;;SLEEP_POD_SUEDE;XIRECS;12369.0;2;3;4
468600;;;SNACKPACK_CHOCOLATE;XIRECS;10117.0;2;3;4
468600;;;SNACKPACK_PISTACHIO;XIRECS;9507.0;2;3;4
468600;;;SNACKPACK_RASPBERRY;XIRECS;10150.0;2;3;4
468600;;;SNACKPACK_STRAWBERRY;XIRECS;10781.0;2;3;4
468600;;;SNACKPACK_VANILLA;XIRECS;9860.0;2;3;4
468600;;;TRANSLATOR_ASTRO_BLACK;XIRECS;8785.0;2;3;4
468600;;;TRANSLATOR_ECLIPSE_CHARCOAL;XIRECS;9959.0;2;3;4
468600;;;TRANSLATOR_GRAPHITE_MIST;XIRECS;10011.0;2;3;4
468600;;;TRANSLATOR_SPACE_GRAY;XIRECS;9780.0;2;3;4
468600;;;TRANSLATOR_VOID_BLUE;XIRECS;10866.0;2;3;4
468600;;;UV_VISOR_AMBER;XIRECS;7713.0;2;3;4
468600;;;UV_VISOR_MAGENTA;XIRECS;11410.0;2;3;4
468600;;;UV_VISOR_ORANGE;XIRECS;11120.0;2;3;4
468600;;;UV_VISOR_RED;XIRECS;10944.0;2;3;4
468600;;;UV_VISOR_YELLOW;XIRECS;11196.0;2;3;4
470300;SUBMISSION;;PEBBLES_XL;XIRECS;13467.0;3;3;4
470900;SUBMISSION;;PEBBLES_XL;XIRECS;13484.0;1;3;4
471600;;SUBMISSION;GALAXY_SOUNDS_BLACK_HOLES;XIRECS;10770.0;5;3;4
473400;;SUBMISSION;SNACKPACK_STRAWBERRY;XIRECS;10728.0;5;3;4
473400;;SUBMISSION;SNACKPACK_PISTACHIO;XIRECS;9477.0;5;3;4
473400;;SUBMISSION;SNACKPACK_VANILLA;XIRECS;9875.0;5;3;4
474000;;SUBMISSION;PEBBLES_XL;XIRECS;13664.0;6;3;4
474100;SUBMISSION;;MICROCHIP_OVAL;XIRECS;8899.0;4;3;4
474200;SUBMISSION;;MICROCHIP_OVAL;XIRECS;8901.0;1;3;4
474600;SUBMISSION;;SNACKPACK_STRAWBERRY;XIRECS;10747.0;4;3;4
474600;SUBMISSION;;SNACKPACK_PISTACHIO;XIRECS;9498.0;4;3;4
474600;SUBMISSION;;SNACKPACK_VANILLA;XIRECS;9882.0;4;3;4
474800;;SUBMISSION;SNACKPACK_STRAWBERRY;XIRECS;10743.0;1;3;4
474800;;SUBMISSION;SNACKPACK_PISTACHIO;XIRECS;9500.0;1;3;4
474800;;SUBMISSION;SNACKPACK_VANILLA;XIRECS;9912.0;1;3;4
474800;SUBMISSION;;OXYGEN_SHAKE_MORNING_BREATH;XIRECS;10033.0;5;3;4
474800;;;GALAXY_SOUNDS_BLACK_HOLES;XIRECS;10734.0;1;3;4
474800;;;GALAXY_SOUNDS_DARK_MATTER;XIRECS;10326.0;1;3;4
474800;;;GALAXY_SOUNDS_PLANETARY_RINGS;XIRECS;11592.0;1;3;4
474800;;;GALAXY_SOUNDS_SOLAR_FLAMES;XIRECS;11175.0;1;3;4
474800;;;GALAXY_SOUNDS_SOLAR_WINDS;XIRECS;10692.0;1;3;4
474800;;;OXYGEN_SHAKE_CHOCOLATE;XIRECS;9097.0;1;3;4
474800;;;OXYGEN_SHAKE_EVENING_BREATH;XIRECS;9256.0;1;3;4
474800;;;OXYGEN_SHAKE_GARLIC;XIRECS;11577.0;1;3;4
474800;;;OXYGEN_SHAKE_MINT;XIRECS;10432.0;1;3;4
474800;;;OXYGEN_SHAKE_MORNING_BREATH;XIRECS;10033.0;1;3;4
474800;;;PANEL_1X2;XIRECS;8275.0;1;3;4
474800;;;PANEL_1X4;XIRECS;10131.0;1;3;4
474800;;;PANEL_2X2;XIRECS;10557.0;1;3;4
474800;;;PANEL_2X4;XIRECS;11494.0;1;3;4
474800;;;PANEL_4X4;XIRECS;9468.0;1;3;4
474800;;;ROBOT_DISHES;XIRECS;10274.0;1;3;4
474800;;;ROBOT_IRONING;XIRECS;9474.0;1;3;4
474800;;;ROBOT_LAUNDRY;XIRECS;10124.0;1;3;4
474800;;;ROBOT_MOPPING;XIRECS;10691.0;1;3;4
474800;;;ROBOT_VACUUMING;XIRECS;9131.0;1;3;4
474800;;;SLEEP_POD_COTTON;XIRECS;11496.0;1;3;4
474800;;;SLEEP_POD_LAMB_WOOL;XIRECS;10429.0;1;3;4
474800;;;SLEEP_POD_NYLON;XIRECS;9480.0;1;3;4
474800;;;SLEEP_POD_POLYESTER;XIRECS;11989.0;1;3;4
474800;;;SLEEP_POD_SUEDE;XIRECS;12288.0;1;3;4
474800;;;SNACKPACK_CHOCOLATE;XIRECS;10106.0;1;3;4
474800;;;SNACKPACK_RASPBERRY;XIRECS;10196.0;1;3;4
474800;;;TRANSLATOR_ASTRO_BLACK;XIRECS;8804.0;1;3;4
474800;;;TRANSLATOR_ECLIPSE_CHARCOAL;XIRECS;9883.0;1;3;4
474800;;;TRANSLATOR_GRAPHITE_MIST;XIRECS;10017.0;1;3;4
474800;;;TRANSLATOR_SPACE_GRAY;XIRECS;9724.0;1;3;4
474800;;;TRANSLATOR_VOID_BLUE;XIRECS;10877.0;1;3;4
474800;;;UV_VISOR_AMBER;XIRECS;7708.0;1;3;4
474800;;;UV_VISOR_MAGENTA;XIRECS;11282.0;1;3;4
474800;;;UV_VISOR_ORANGE;XIRECS;11209.0;1;3;4
474800;;;UV_VISOR_RED;XIRECS;10910.0;1;3;4
474800;;;UV_VISOR_YELLOW;XIRECS;11185.0;1;3;4
475200;SUBMISSION;;PEBBLES_XL;XIRECS;13711.0;2;3;4
475200;;;PEBBLES_L;XIRECS;9474.0;5;3;4
475200;;;PEBBLES_M;XIRECS;10631.0;5;3;4
475200;;;PEBBLES_S;XIRECS;9125.0;5;3;4
475200;;;PEBBLES_XS;XIRECS;7029.0;5;3;4
476800;SUBMISSION;;SNACKPACK_STRAWBERRY;XIRECS;10714.0;2;3;4
476800;SUBMISSION;;SNACKPACK_PISTACHIO;XIRECS;9476.0;2;3;4
476800;SUBMISSION;;SNACKPACK_VANILLA;XIRECS;9848.0;2;3;4
477200;SUBMISSION;;OXYGEN_SHAKE_MORNING_BREATH;XIRECS;10066.0;5;3;4
477400;;SUBMISSION;ROBOT_IRONING;XIRECS;9396.0;5;3;4
477600;SUBMISSION;;MICROCHIP_OVAL;XIRECS;8868.0;5;3;4
477800;;;MICROCHIP_CIRCLE;XIRECS;9183.0;1;3;4
477800;;;MICROCHIP_OVAL;XIRECS;8849.0;1;3;4
477800;;;MICROCHIP_RECTANGLE;XIRECS;8397.0;1;3;4
477800;;;MICROCHIP_SQUARE;XIRECS;14662.0;1;3;4
477800;;;MICROCHIP_TRIANGLE;XIRECS;9656.0;1;3;4
479300;SUBMISSION;;PEBBLES_XL;XIRECS;13946.0;2;3;4
479300;;;PEBBLES_L;XIRECS;9371.0;4;3;4
479300;;;PEBBLES_M;XIRECS;10555.0;4;3;4
479300;;;PEBBLES_S;XIRECS;9084.0;4;3;4
479300;;;PEBBLES_XS;XIRECS;7012.0;4;3;4
479700;;;MICROCHIP_CIRCLE;XIRECS;9165.0;2;3;4
479700;;;MICROCHIP_OVAL;XIRECS;8897.0;2;3;4
479700;;;MICROCHIP_RECTANGLE;XIRECS;8266.0;2;3;4
479700;;;MICROCHIP_SQUARE;XIRECS;14638.0;2;3;4
479700;;;MICROCHIP_TRIANGLE;XIRECS;9611.0;2;3;4
479800;SUBMISSION;;PEBBLES_XL;XIRECS;13922.0;2;3;4
480200;;SUBMISSION;SNACKPACK_STRAWBERRY;XIRECS;10629.0;5;3;4
480200;;SUBMISSION;SNACKPACK_PISTACHIO;XIRECS;9436.0;5;3;4
480200;;SUBMISSION;SNACKPACK_VANILLA;XIRECS;9780.0;5;3;4
481200;SUBMISSION;;SNACKPACK_STRAWBERRY;XIRECS;10613.0;4;3;4
481200;SUBMISSION;;SNACKPACK_PISTACHIO;XIRECS;9421.0;4;3;4
481200;SUBMISSION;;SNACKPACK_VANILLA;XIRECS;9770.0;4;3;4
481800;SUBMISSION;;MICROCHIP_OVAL;XIRECS;8991.0;5;3;4
482700;;SUBMISSION;ROBOT_IRONING;XIRECS;9357.0;5;3;4
483500;;;GALAXY_SOUNDS_BLACK_HOLES;XIRECS;10687.0;4;3;4
483500;;;GALAXY_SOUNDS_DARK_MATTER;XIRECS;10093.0;4;3;4
483500;;;GALAXY_SOUNDS_PLANETARY_RINGS;XIRECS;11614.0;4;3;4
483500;;;GALAXY_SOUNDS_SOLAR_FLAMES;XIRECS;11113.0;4;3;4
483500;;;GALAXY_SOUNDS_SOLAR_WINDS;XIRECS;10600.0;4;3;4
483500;;;OXYGEN_SHAKE_CHOCOLATE;XIRECS;9163.0;4;3;4
483500;;;OXYGEN_SHAKE_EVENING_BREATH;XIRECS;9184.0;4;3;4
483500;;;OXYGEN_SHAKE_GARLIC;XIRECS;11577.0;4;3;4
483500;;;OXYGEN_SHAKE_MINT;XIRECS;10334.0;4;3;4
483500;;;OXYGEN_SHAKE_MORNING_BREATH;XIRECS;9917.0;4;3;4
483500;;;PANEL_1X2;XIRECS;8221.0;4;3;4
483500;;;PANEL_1X4;XIRECS;10183.0;4;3;4
483500;;;PANEL_2X2;XIRECS;10506.0;4;3;4
483500;;;PANEL_2X4;XIRECS;11509.0;4;3;4
483500;;;PANEL_4X4;XIRECS;9337.0;4;3;4
483500;;;ROBOT_DISHES;XIRECS;10336.0;4;3;4
483500;;;ROBOT_IRONING;XIRECS;9337.0;4;3;4
483500;;;ROBOT_LAUNDRY;XIRECS;10172.0;4;3;4
483500;;;ROBOT_MOPPING;XIRECS;10732.0;4;3;4
483500;;;ROBOT_VACUUMING;XIRECS;8945.0;4;3;4
483500;;;SLEEP_POD_COTTON;XIRECS;11491.0;4;3;4
483500;;;SLEEP_POD_LAMB_WOOL;XIRECS;10512.0;4;3;4
483500;;;SLEEP_POD_NYLON;XIRECS;9480.0;4;3;4
483500;;;SLEEP_POD_POLYESTER;XIRECS;11794.0;4;3;4
483500;;;SLEEP_POD_SUEDE;XIRECS;12051.0;4;3;4
483500;;;SNACKPACK_CHOCOLATE;XIRECS;10239.0;4;3;4
483500;;;SNACKPACK_PISTACHIO;XIRECS;9389.0;4;3;4
483500;;;SNACKPACK_RASPBERRY;XIRECS;10285.0;4;3;4
483500;;;SNACKPACK_STRAWBERRY;XIRECS;10573.0;4;3;4
483500;;;SNACKPACK_VANILLA;XIRECS;9731.0;4;3;4
483500;;;TRANSLATOR_ASTRO_BLACK;XIRECS;8743.0;4;3;4
483500;;;TRANSLATOR_ECLIPSE_CHARCOAL;XIRECS;9802.0;4;3;4
483500;;;TRANSLATOR_GRAPHITE_MIST;XIRECS;9911.0;4;3;4
483500;;;TRANSLATOR_SPACE_GRAY;XIRECS;9741.0;4;3;4
483500;;;TRANSLATOR_VOID_BLUE;XIRECS;10936.0;4;3;4
483500;;;UV_VISOR_AMBER;XIRECS;7786.0;4;3;4
483500;;;UV_VISOR_MAGENTA;XIRECS;11296.0;4;3;4
483500;;;UV_VISOR_ORANGE;XIRECS;11127.0;4;3;4
483500;;;UV_VISOR_RED;XIRECS;10829.0;4;3;4
483500;;;UV_VISOR_YELLOW;XIRECS;11173.0;4;3;4
483600;;SUBMISSION;OXYGEN_SHAKE_MORNING_BREATH;XIRECS;9915.0;5;3;4
484300;;SUBMISSION;PEBBLES_XL;XIRECS;14282.0;3;3;4
485500;;SUBMISSION;ROBOT_IRONING;XIRECS;9337.0;4;3;4
485600;;SUBMISSION;ROBOT_IRONING;XIRECS;9337.0;1;3;4
486100;SUBMISSION;;MICROCHIP_OVAL;XIRECS;9042.0;4;3;4
486200;SUBMISSION;;MICROCHIP_OVAL;XIRECS;9038.0;1;3;4
486800;;SUBMISSION;SNACKPACK_STRAWBERRY;XIRECS;10585.0;4;3;4
486800;;SUBMISSION;SNACKPACK_PISTACHIO;XIRECS;9405.0;4;3;4
486800;;SUBMISSION;SNACKPACK_VANILLA;XIRECS;9723.0;4;3;4
487500;SUBMISSION;;PEBBLES_XL;XIRECS;14477.0;3;3;4
488000;;SUBMISSION;OXYGEN_SHAKE_MORNING_BREATH;XIRECS;9917.0;5;3;4
488100;;;GALAXY_SOUNDS_BLACK_HOLES;XIRECS;10637.0;4;3;4
488100;;;GALAXY_SOUNDS_DARK_MATTER;XIRECS;10035.0;4;3;4
488100;;;GALAXY_SOUNDS_PLANETARY_RINGS;XIRECS;11573.0;4;3;4
488100;;;GALAXY_SOUNDS_SOLAR_FLAMES;XIRECS;11121.0;4;3;4
488100;;;GALAXY_SOUNDS_SOLAR_WINDS;XIRECS;10556.0;4;3;4
488100;;;OXYGEN_SHAKE_CHOCOLATE;XIRECS;9166.0;4;3;4
488100;;;OXYGEN_SHAKE_EVENING_BREATH;XIRECS;9316.0;4;3;4
488100;;;OXYGEN_SHAKE_GARLIC;XIRECS;11541.0;4;3;4
488100;;;OXYGEN_SHAKE_MINT;XIRECS;10286.0;4;3;4
488100;;;OXYGEN_SHAKE_MORNING_BREATH;XIRECS;9922.0;4;3;4
488100;;;PANEL_1X2;XIRECS;8145.0;4;3;4
488100;;;PANEL_1X4;XIRECS;10153.0;4;3;4
488100;;;PANEL_2X2;XIRECS;10636.0;4;3;4
488100;;;PANEL_2X4;XIRECS;11496.0;4;3;4
488100;;;PANEL_4X4;XIRECS;9371.0;4;3;4
488100;;;ROBOT_DISHES;XIRECS;10469.0;4;3;4
488100;;;ROBOT_IRONING;XIRECS;9333.0;4;3;4
488100;;;ROBOT_LAUNDRY;XIRECS;10242.0;4;3;4
488100;;;ROBOT_MOPPING;XIRECS;10702.0;4;3;4
488100;;;ROBOT_VACUUMING;XIRECS;8951.0;4;3;4
488100;;;SLEEP_POD_COTTON;XIRECS;11448.0;4;3;4
488100;;;SLEEP_POD_LAMB_WOOL;XIRECS;10512.0;4;3;4
488100;;;SLEEP_POD_NYLON;XIRECS;9576.0;4;3;4
488100;;;SLEEP_POD_POLYESTER;XIRECS;11875.0;4;3;4
488100;;;SLEEP_POD_SUEDE;XIRECS;12047.0;4;3;4
488100;;;SNACKPACK_CHOCOLATE;XIRECS;10252.0;4;3;4
488100;;;SNACKPACK_PISTACHIO;XIRECS;9445.0;4;3;4
488100;;;SNACKPACK_RASPBERRY;XIRECS;10282.0;4;3;4
488100;;;SNACKPACK_STRAWBERRY;XIRECS;10610.0;4;3;4
488100;;;SNACKPACK_VANILLA;XIRECS;9753.0;4;3;4
488100;;;TRANSLATOR_ASTRO_BLACK;XIRECS;8779.0;4;3;4
488100;;;TRANSLATOR_ECLIPSE_CHARCOAL;XIRECS;9828.0;4;3;4
488100;;;TRANSLATOR_GRAPHITE_MIST;XIRECS;9838.0;4;3;4
488100;;;TRANSLATOR_SPACE_GRAY;XIRECS;9783.0;4;3;4
488100;;;TRANSLATOR_VOID_BLUE;XIRECS;10945.0;4;3;4
488100;;;UV_VISOR_AMBER;XIRECS;7876.0;4;3;4
488100;;;UV_VISOR_MAGENTA;XIRECS;11244.0;4;3;4
488100;;;UV_VISOR_ORANGE;XIRECS;11107.0;4;3;4
488100;;;UV_VISOR_RED;XIRECS;10786.0;4;3;4
488100;;;UV_VISOR_YELLOW;XIRECS;11140.0;4;3;4
488700;SUBMISSION;;UV_VISOR_AMBER;XIRECS;7899.0;5;3;4
489800;;SUBMISSION;PEBBLES_XL;XIRECS;14567.0;4;3;4
490100;SUBMISSION;;SNACKPACK_STRAWBERRY;XIRECS;10605.0;1;3;4
490100;;SUBMISSION;SLEEP_POD_COTTON;XIRECS;11427.0;5;3;4
490100;SUBMISSION;;SNACKPACK_PISTACHIO;XIRECS;9437.0;1;3;4
490100;SUBMISSION;;SNACKPACK_VANILLA;XIRECS;9733.0;1;3;4
490100;;SUBMISSION;PEBBLES_XL;XIRECS;14538.0;8;3;4
490100;;;GALAXY_SOUNDS_BLACK_HOLES;XIRECS;10668.0;1;3;4
490100;;;GALAXY_SOUNDS_DARK_MATTER;XIRECS;9987.0;1;3;4
490100;;;GALAXY_SOUNDS_PLANETARY_RINGS;XIRECS;11578.0;1;3;4
490100;;;GALAXY_SOUNDS_SOLAR_FLAMES;XIRECS;11081.0;1;3;4
490100;;;GALAXY_SOUNDS_SOLAR_WINDS;XIRECS;10494.0;1;3;4
490100;;;OXYGEN_SHAKE_CHOCOLATE;XIRECS;9204.0;1;3;4
490100;;;OXYGEN_SHAKE_EVENING_BREATH;XIRECS;9294.0;1;3;4
490100;;;OXYGEN_SHAKE_GARLIC;XIRECS;11545.0;1;3;4
490100;;;OXYGEN_SHAKE_MINT;XIRECS;10304.0;1;3;4
490100;;;OXYGEN_SHAKE_MORNING_BREATH;XIRECS;9864.0;1;3;4
490100;;;PANEL_1X2;XIRECS;8107.0;1;3;4
490100;;;PANEL_1X4;XIRECS;10088.0;1;3;4
490100;;;PANEL_2X2;XIRECS;10683.0;1;3;4
490100;;;PANEL_2X4;XIRECS;11537.0;1;3;4
490100;;;PANEL_4X4;XIRECS;9377.0;1;3;4
490100;;;ROBOT_DISHES;XIRECS;10465.0;1;3;4
490100;;;ROBOT_IRONING;XIRECS;9347.0;1;3;4
490100;;;ROBOT_LAUNDRY;XIRECS;10198.0;1;3;4
490100;;;ROBOT_MOPPING;XIRECS;10700.0;1;3;4
490100;;;ROBOT_VACUUMING;XIRECS;8935.0;1;3;4
490100;;;SLEEP_POD_COTTON;XIRECS;11427.0;1;3;4
490100;;;SLEEP_POD_LAMB_WOOL;XIRECS;10452.0;1;3;4
490100;;;SLEEP_POD_NYLON;XIRECS;9585.0;1;3;4
490100;;;SLEEP_POD_POLYESTER;XIRECS;11860.0;1;3;4
490100;;;SLEEP_POD_SUEDE;XIRECS;12069.0;1;3;4
490100;;;SNACKPACK_CHOCOLATE;XIRECS;10236.0;1;3;4
490100;;;SNACKPACK_RASPBERRY;XIRECS;10248.0;1;3;4
490100;;;TRANSLATOR_ASTRO_BLACK;XIRECS;8705.0;1;3;4
490100;;;TRANSLATOR_ECLIPSE_CHARCOAL;XIRECS;9818.0;1;3;4
490100;;;TRANSLATOR_GRAPHITE_MIST;XIRECS;9753.0;1;3;4
490100;;;TRANSLATOR_SPACE_GRAY;XIRECS;9787.0;1;3;4
490100;;;TRANSLATOR_VOID_BLUE;XIRECS;10959.0;1;3;4
490100;;;UV_VISOR_AMBER;XIRECS;7888.0;1;3;4
490100;;;UV_VISOR_MAGENTA;XIRECS;11270.0;1;3;4
490100;;;UV_VISOR_ORANGE;XIRECS;11049.0;1;3;4
490100;;;UV_VISOR_RED;XIRECS;10768.0;1;3;4
490100;;;UV_VISOR_YELLOW;XIRECS;11100.0;1;3;4
490200;SUBMISSION;;PEBBLES_XL;XIRECS;14569.0;2;3;4
490200;;;PEBBLES_L;XIRECS;9217.0;3;3;4
490200;;;PEBBLES_M;XIRECS;10420.0;3;3;4
490200;;;PEBBLES_S;XIRECS;8983.0;3;3;4
490200;;;PEBBLES_XS;XIRECS;6779.0;3;3;4
490700;;SUBMISSION;SNACKPACK_STRAWBERRY;XIRECS;10581.0;4;3;4
490700;;SUBMISSION;SNACKPACK_PISTACHIO;XIRECS;9419.0;4;3;4
490700;;SUBMISSION;SNACKPACK_VANILLA;XIRECS;9731.0;4;3;4
491500;SUBMISSION;;UV_VISOR_AMBER;XIRECS;7882.0;5;3;4
493200;;SUBMISSION;SLEEP_POD_COTTON;XIRECS;11345.0;5;3;4
493400;;SUBMISSION;ROBOT_IRONING;XIRECS;9247.0;5;3;4
493700;;SUBMISSION;PEBBLES_XL;XIRECS;14862.0;2;3;4
493700;;;PEBBLES_L;XIRECS;9254.0;3;3;4
493700;;;PEBBLES_M;XIRECS;10288.0;3;3;4
493700;;;PEBBLES_S;XIRECS;8976.0;3;3;4
493700;;;PEBBLES_XS;XIRECS;6653.0;3;3;4
494300;;SUBMISSION;PEBBLES_XL;XIRECS;14989.0;4;3;4
494700;;SUBMISSION;UV_VISOR_AMBER;XIRECS;7799.0;5;3;4
494800;;;MICROCHIP_CIRCLE;XIRECS;9244.0;1;3;4
494800;;;MICROCHIP_OVAL;XIRECS;9238.0;1;3;4
494800;;;MICROCHIP_RECTANGLE;XIRECS;8292.0;1;3;4
494800;;;MICROCHIP_SQUARE;XIRECS;14558.0;1;3;4
494800;;;MICROCHIP_TRIANGLE;XIRECS;9651.0;1;3;4
495100;SUBMISSION;;PEBBLES_XL;XIRECS;15041.0;5;3;4
496100;SUBMISSION;;SNACKPACK_STRAWBERRY;XIRECS;10649.0;2;3;4
496100;SUBMISSION;;SNACKPACK_PISTACHIO;XIRECS;9459.0;2;3;4
496100;SUBMISSION;;SNACKPACK_VANILLA;XIRECS;9709.0;2;3;4
496100;;;GALAXY_SOUNDS_BLACK_HOLES;XIRECS;10790.0;3;3;4
496100;;;GALAXY_SOUNDS_DARK_MATTER;XIRECS;9960.0;3;3;4
496100;;;GALAXY_SOUNDS_PLANETARY_RINGS;XIRECS;11811.0;3;3;4
496100;;;GALAXY_SOUNDS_SOLAR_FLAMES;XIRECS;10991.0;3;3;4
496100;;;GALAXY_SOUNDS_SOLAR_WINDS;XIRECS;10414.0;3;3;4
496100;;;OXYGEN_SHAKE_CHOCOLATE;XIRECS;9223.0;3;3;4
496100;;;OXYGEN_SHAKE_EVENING_BREATH;XIRECS;9244.0;3;3;4
496100;;;OXYGEN_SHAKE_GARLIC;XIRECS;11447.0;3;3;4
496100;;;OXYGEN_SHAKE_MINT;XIRECS;10417.0;3;3;4
496100;;;OXYGEN_SHAKE_MORNING_BREATH;XIRECS;9939.0;3;3;4
496100;;;PANEL_1X2;XIRECS;8153.0;3;3;4
496100;;;PANEL_1X4;XIRECS;10017.0;3;3;4
496100;;;PANEL_2X2;XIRECS;10768.0;3;3;4
496100;;;PANEL_2X4;XIRECS;11539.0;3;3;4
496100;;;PANEL_4X4;XIRECS;9286.0;3;3;4
496100;;;ROBOT_DISHES;XIRECS;10521.0;3;3;4
496100;;;ROBOT_IRONING;XIRECS;9207.0;3;3;4
496100;;;ROBOT_LAUNDRY;XIRECS;10155.0;3;3;4
496100;;;ROBOT_MOPPING;XIRECS;10651.0;3;3;4
496100;;;ROBOT_VACUUMING;XIRECS;8960.0;3;3;4
496100;;;SLEEP_POD_COTTON;XIRECS;11303.0;3;3;4
496100;;;SLEEP_POD_LAMB_WOOL;XIRECS;10521.0;3;3;4
496100;;;SLEEP_POD_NYLON;XIRECS;9558.0;3;3;4
496100;;;SLEEP_POD_POLYESTER;XIRECS;11815.0;3;3;4
496100;;;SLEEP_POD_SUEDE;XIRECS;12151.0;3;3;4
496100;;;SNACKPACK_CHOCOLATE;XIRECS;10249.0;3;3;4
496100;;;SNACKPACK_RASPBERRY;XIRECS;10206.0;3;3;4
496100;;;TRANSLATOR_ASTRO_BLACK;XIRECS;8763.0;3;3;4
496100;;;TRANSLATOR_ECLIPSE_CHARCOAL;XIRECS;9920.0;3;3;4
496100;;;TRANSLATOR_GRAPHITE_MIST;XIRECS;9863.0;3;3;4
496100;;;TRANSLATOR_SPACE_GRAY;XIRECS;9688.0;3;3;4
496100;;;TRANSLATOR_VOID_BLUE;XIRECS;11017.0;3;3;4
496100;;;UV_VISOR_AMBER;XIRECS;7803.0;3;3;4
496100;;;UV_VISOR_MAGENTA;XIRECS;11138.0;3;3;4
496100;;;UV_VISOR_ORANGE;XIRECS;10939.0;3;3;4
496100;;;UV_VISOR_RED;XIRECS;10694.0;3;3;4
496100;;;UV_VISOR_YELLOW;XIRECS;11042.0;3;3;4
496500;SUBMISSION;;PEBBLES_XL;XIRECS;15062.0;7;3;4
497400;SUBMISSION;;PEBBLES_XL;XIRECS;14958.0;4;3;4
497600;SUBMISSION;;SNACKPACK_STRAWBERRY;XIRECS;10583.0;5;3;4
497600;SUBMISSION;;SNACKPACK_PISTACHIO;XIRECS;9429.0;5;3;4
497600;SUBMISSION;;SNACKPACK_VANILLA;XIRECS;9726.0;5;3;4
497700;;SUBMISSION;SLEEP_POD_COTTON;XIRECS;11271.0;5;3;4
498100;SUBMISSION;;SNACKPACK_STRAWBERRY;XIRECS;10598.0;1;3;4
498100;SUBMISSION;;SNACKPACK_PISTACHIO;XIRECS;9437.0;1;3;4
498100;SUBMISSION;;SNACKPACK_VANILLA;XIRECS;9762.0;1;3;4
498300;;;MICROCHIP_CIRCLE;XIRECS;9229.0;2;3;4
498300;;;MICROCHIP_OVAL;XIRECS;9112.0;2;3;4
498300;;;MICROCHIP_RECTANGLE;XIRECS;8305.0;2;3;4
498300;;;MICROCHIP_SQUARE;XIRECS;14606.0;2;3;4
498300;;;MICROCHIP_TRIANGLE;XIRECS;9626.0;2;3;4
498700;;SUBMISSION;PEBBLES_XL;XIRECS;14756.0;2;3;4
498700;;;PEBBLES_L;XIRECS;9272.0;4;3;4
498700;;;PEBBLES_M;XIRECS;10191.0;4;3;4
498700;;;PEBBLES_S;XIRECS;9031.0;4;3;4
498700;;;PEBBLES_XS;XIRECS;6782.0;4;3;4
499700;;SUBMISSION;UV_VISOR_AMBER;XIRECS;7734.0;5;3;4
499900;;SUBMISSION;SNACKPACK_STRAWBERRY;XIRECS;10583.0;1;3;4
499900;;SUBMISSION;SNACKPACK_PISTACHIO;XIRECS;9428.0;1;3;4
499900;;SUBMISSION;SNACKPACK_VANILLA;XIRECS;9730.0;1;3;4
499900;;;GALAXY_SOUNDS_BLACK_HOLES;XIRECS;10799.0;1;3;4
499900;;;GALAXY_SOUNDS_DARK_MATTER;XIRECS;9943.0;1;3;4
499900;;;GALAXY_SOUNDS_PLANETARY_RINGS;XIRECS;11705.0;1;3;4
499900;;;GALAXY_SOUNDS_SOLAR_FLAMES;XIRECS;10944.0;1;3;4
499900;;;GALAXY_SOUNDS_SOLAR_WINDS;XIRECS;10421.0;1;3;4
499900;;;OXYGEN_SHAKE_CHOCOLATE;XIRECS;9318.0;1;3;4
499900;;;OXYGEN_SHAKE_EVENING_BREATH;XIRECS;9216.0;1;3;4
499900;;;OXYGEN_SHAKE_GARLIC;XIRECS;11439.0;1;3;4
499900;;;OXYGEN_SHAKE_MINT;XIRECS;10500.0;1;3;4
499900;;;OXYGEN_SHAKE_MORNING_BREATH;XIRECS;9906.0;1;3;4
499900;;;PANEL_1X2;XIRECS;8158.0;1;3;4
499900;;;PANEL_1X4;XIRECS;10094.0;1;3;4
499900;;;PANEL_2X2;XIRECS;10784.0;1;3;4
499900;;;PANEL_2X4;XIRECS;11685.0;1;3;4
499900;;;PANEL_4X4;XIRECS;9297.0;1;3;4
499900;;;ROBOT_DISHES;XIRECS;10493.0;1;3;4
499900;;;ROBOT_IRONING;XIRECS;9153.0;1;3;4
499900;;;ROBOT_LAUNDRY;XIRECS;10104.0;1;3;4
499900;;;ROBOT_MOPPING;XIRECS;10693.0;1;3;4
499900;;;ROBOT_VACUUMING;XIRECS;8903.0;1;3;4
499900;;;SLEEP_POD_COTTON;XIRECS;11266.0;1;3;4
499900;;;SLEEP_POD_LAMB_WOOL;XIRECS;10521.0;1;3;4
499900;;;SLEEP_POD_NYLON;XIRECS;9576.0;1;3;4
499900;;;SLEEP_POD_POLYESTER;XIRECS;11674.0;1;3;4
499900;;;SLEEP_POD_SUEDE;XIRECS;12089.0;1;3;4
499900;;;SNACKPACK_CHOCOLATE;XIRECS;10252.0;1;3;4
499900;;;SNACKPACK_RASPBERRY;XIRECS;10300.0;1;3;4
499900;;;TRANSLATOR_ASTRO_BLACK;XIRECS;8831.0;1;3;4
499900;;;TRANSLATOR_ECLIPSE_CHARCOAL;XIRECS;9829.0;1;3;4
499900;;;TRANSLATOR_GRAPHITE_MIST;XIRECS;10021.0;1;3;4
499900;;;TRANSLATOR_SPACE_GRAY;XIRECS;9633.0;1;3;4
499900;;;TRANSLATOR_VOID_BLUE;XIRECS;11042.0;1;3;4
499900;;;UV_VISOR_AMBER;XIRECS;7726.0;1;3;4
499900;;;UV_VISOR_MAGENTA;XIRECS;11094.0;1;3;4
499900;;;UV_VISOR_ORANGE;XIRECS;11021.0;1;3;4
499900;;;UV_VISOR_RED;XIRECS;10812.0;1;3;4
499900;;;UV_VISOR_YELLOW;XIRECS;11152.0;1;3;4
500100;;SUBMISSION;SLEEP_POD_COTTON;XIRECS;11266.0;5;3;4
500200;;SUBMISSION;SNACKPACK_STRAWBERRY;XIRECS;10587.0;1;3;4
500200;;SUBMISSION;SNACKPACK_PISTACHIO;XIRECS;9430.0;1;3;4
500200;;SUBMISSION;SNACKPACK_VANILLA;XIRECS;9720.0;1;3;4
500200;;;GALAXY_SOUNDS_BLACK_HOLES;XIRECS;10805.0;1;3;4
500200;;;GALAXY_SOUNDS_DARK_MATTER;XIRECS;9946.0;1;3;4
500200;;;GALAXY_SOUNDS_PLANETARY_RINGS;XIRECS;11716.0;1;3;4
500200;;;GALAXY_SOUNDS_SOLAR_FLAMES;XIRECS;10941.0;1;3;4
500200;;;GALAXY_SOUNDS_SOLAR_WINDS;XIRECS;10407.0;1;3;4
500200;;;OXYGEN_SHAKE_CHOCOLATE;XIRECS;9312.0;1;3;4
500200;;;OXYGEN_SHAKE_EVENING_BREATH;XIRECS;9216.0;1;3;4
500200;;;OXYGEN_SHAKE_GARLIC;XIRECS;11465.0;1;3;4
500200;;;OXYGEN_SHAKE_MINT;XIRECS;10494.0;1;3;4
500200;;;OXYGEN_SHAKE_MORNING_BREATH;XIRECS;9925.0;1;3;4
500200;;;PANEL_1X2;XIRECS;8133.0;1;3;4
500200;;;PANEL_1X4;XIRECS;10081.0;1;3;4
500200;;;PANEL_2X2;XIRECS;10799.0;1;3;4
500200;;;PANEL_2X4;XIRECS;11634.0;1;3;4
500200;;;PANEL_4X4;XIRECS;9282.0;1;3;4
500200;;;ROBOT_DISHES;XIRECS;10515.0;1;3;4
500200;;;ROBOT_IRONING;XIRECS;9163.0;1;3;4
500200;;;ROBOT_LAUNDRY;XIRECS;10138.0;1;3;4
500200;;;ROBOT_MOPPING;XIRECS;10679.0;1;3;4
500200;;;ROBOT_VACUUMING;XIRECS;8936.0;1;3;4
500200;;;SLEEP_POD_COTTON;XIRECS;11266.0;1;3;4
500200;;;SLEEP_POD_LAMB_WOOL;XIRECS;10530.0;1;3;4
500200;;;SLEEP_POD_NYLON;XIRECS;9604.0;1;3;4
500200;;;SLEEP_POD_POLYESTER;XIRECS;11677.0;1;3;4
500200;;;SLEEP_POD_SUEDE;XIRECS;12097.0;1;3;4
500200;;;SNACKPACK_CHOCOLATE;XIRECS;10260.0;1;3;4
500200;;;SNACKPACK_RASPBERRY;XIRECS;10298.0;1;3;4
500200;;;TRANSLATOR_ASTRO_BLACK;XIRECS;8817.0;1;3;4
500200;;;TRANSLATOR_ECLIPSE_CHARCOAL;XIRECS;9859.0;1;3;4
500200;;;TRANSLATOR_GRAPHITE_MIST;XIRECS;10034.0;1;3;4
500200;;;TRANSLATOR_SPACE_GRAY;XIRECS;9618.0;1;3;4
500200;;;TRANSLATOR_VOID_BLUE;XIRECS;11053.0;1;3;4
500200;;;UV_VISOR_AMBER;XIRECS;7719.0;1;3;4
500200;;;UV_VISOR_MAGENTA;XIRECS;11101.0;1;3;4
500200;;;UV_VISOR_ORANGE;XIRECS;11018.0;1;3;4
500200;;;UV_VISOR_RED;XIRECS;10810.0;1;3;4
500200;;;UV_VISOR_YELLOW;XIRECS;11145.0;1;3;4
503000;;SUBMISSION;PEBBLES_XL;XIRECS;14353.0;4;3;4
503300;SUBMISSION;;SNACKPACK_STRAWBERRY;XIRECS;10624.0;2;3;4
503300;SUBMISSION;;SNACKPACK_PISTACHIO;XIRECS;9459.0;2;3;4
503300;SUBMISSION;;SNACKPACK_VANILLA;XIRECS;9698.0;2;3;4
503900;;SUBMISSION;PEBBLES_XL;XIRECS;14426.0;8;3;4
504500;;SUBMISSION;SNACKPACK_STRAWBERRY;XIRECS;10610.0;5;3;4
504500;;SUBMISSION;SNACKPACK_PISTACHIO;XIRECS;9439.0;5;3;4
504500;;SUBMISSION;SNACKPACK_VANILLA;XIRECS;9726.0;5;3;4
505300;SUBMISSION;;SNACKPACK_STRAWBERRY;XIRECS;10610.0;3;3;4
505300;SUBMISSION;;SNACKPACK_PISTACHIO;XIRECS;9440.0;3;3;4
505300;SUBMISSION;;SNACKPACK_VANILLA;XIRECS;9745.0;3;3;4
507100;;;MICROCHIP_CIRCLE;XIRECS;9198.0;3;3;4
507100;;;MICROCHIP_OVAL;XIRECS;9018.0;3;3;4
507100;;;MICROCHIP_RECTANGLE;XIRECS;8239.0;3;3;4
507100;;;MICROCHIP_SQUARE;XIRECS;14716.0;3;3;4
507100;;;MICROCHIP_TRIANGLE;XIRECS;9625.0;3;3;4
507600;;SUBMISSION;PEBBLES_XL;XIRECS;14440.0;4;3;4
507600;;;MICROCHIP_CIRCLE;XIRECS;9187.0;2;3;4
507600;;;MICROCHIP_OVAL;XIRECS;8964.0;2;3;4
507600;;;MICROCHIP_RECTANGLE;XIRECS;8285.0;2;3;4
507600;;;MICROCHIP_SQUARE;XIRECS;14611.0;2;3;4
507600;;;MICROCHIP_TRIANGLE;XIRECS;9627.0;2;3;4
507700;;;GALAXY_SOUNDS_BLACK_HOLES;XIRECS;10774.0;3;3;4
507700;;;GALAXY_SOUNDS_DARK_MATTER;XIRECS;10069.0;3;3;4
507700;;;GALAXY_SOUNDS_PLANETARY_RINGS;XIRECS;11778.0;3;3;4
507700;;;GALAXY_SOUNDS_SOLAR_FLAMES;XIRECS;10971.0;3;3;4
507700;;;GALAXY_SOUNDS_SOLAR_WINDS;XIRECS;10436.0;3;3;4
507700;;;OXYGEN_SHAKE_CHOCOLATE;XIRECS;9173.0;3;3;4
507700;;;OXYGEN_SHAKE_EVENING_BREATH;XIRECS;9204.0;3;3;4
507700;;;OXYGEN_SHAKE_GARLIC;XIRECS;11367.0;3;3;4
507700;;;OXYGEN_SHAKE_MINT;XIRECS;10309.0;3;3;4
507700;;;OXYGEN_SHAKE_MORNING_BREATH;XIRECS;9826.0;3;3;4
507700;;;PANEL_1X2;XIRECS;8175.0;3;3;4
507700;;;PANEL_1X4;XIRECS;10016.0;3;3;4
507700;;;PANEL_2X2;XIRECS;10586.0;3;3;4
507700;;;PANEL_2X4;XIRECS;11432.0;3;3;4
507700;;;PANEL_4X4;XIRECS;9109.0;3;3;4
507700;;;ROBOT_DISHES;XIRECS;10393.0;3;3;4
507700;;;ROBOT_IRONING;XIRECS;9137.0;3;3;4
507700;;;ROBOT_LAUNDRY;XIRECS;10033.0;3;3;4
507700;;;ROBOT_MOPPING;XIRECS;10676.0;3;3;4
507700;;;ROBOT_VACUUMING;XIRECS;8915.0;3;3;4
507700;;;SLEEP_POD_COTTON;XIRECS;11138.0;3;3;4
507700;;;SLEEP_POD_LAMB_WOOL;XIRECS;10687.0;3;3;4
507700;;;SLEEP_POD_NYLON;XIRECS;9598.0;3;3;4
507700;;;SLEEP_POD_POLYESTER;XIRECS;11732.0;3;3;4
507700;;;SLEEP_POD_SUEDE;XIRECS;12025.0;3;3;4
507700;;;SNACKPACK_CHOCOLATE;XIRECS;10156.0;3;3;4
507700;;;SNACKPACK_PISTACHIO;XIRECS;9466.0;3;3;4
507700;;;SNACKPACK_RASPBERRY;XIRECS;10200.0;3;3;4
507700;;;SNACKPACK_STRAWBERRY;XIRECS;10637.0;3;3;4
507700;;;SNACKPACK_VANILLA;XIRECS;9765.0;3;3;4
507700;;;TRANSLATOR_ASTRO_BLACK;XIRECS;8823.0;3;3;4
507700;;;TRANSLATOR_ECLIPSE_CHARCOAL;XIRECS;9707.0;3;3;4
507700;;;TRANSLATOR_GRAPHITE_MIST;XIRECS;9860.0;3;3;4
507700;;;TRANSLATOR_SPACE_GRAY;XIRECS;9618.0;3;3;4
507700;;;TRANSLATOR_VOID_BLUE;XIRECS;11072.0;3;3;4
507700;;;UV_VISOR_AMBER;XIRECS;7754.0;3;3;4
507700;;;UV_VISOR_MAGENTA;XIRECS;10993.0;3;3;4
507700;;;UV_VISOR_ORANGE;XIRECS;10997.0;3;3;4
507700;;;UV_VISOR_RED;XIRECS;10813.0;3;3;4
507700;;;UV_VISOR_YELLOW;XIRECS;11126.0;3;3;4
508800;;SUBMISSION;PEBBLES_XL;XIRECS;14390.0;2;3;4
510100;SUBMISSION;;GALAXY_SOUNDS_BLACK_HOLES;XIRECS;10831.0;5;3;4
511400;SUBMISSION;;SNACKPACK_STRAWBERRY;XIRECS;10662.0;2;3;4
511400;SUBMISSION;;SNACKPACK_PISTACHIO;XIRECS;9487.0;2;3;4
511400;SUBMISSION;;SNACKPACK_VANILLA;XIRECS;9754.0;2;3;4
511700;;SUBMISSION;SNACKPACK_STRAWBERRY;XIRECS;10657.0;2;3;4
511700;;SUBMISSION;SNACKPACK_PISTACHIO;XIRECS;9488.0;2;3;4
511700;;SUBMISSION;SNACKPACK_VANILLA;XIRECS;9792.0;2;3;4
511700;;;GALAXY_SOUNDS_BLACK_HOLES;XIRECS;10847.0;4;3;4
511700;;;GALAXY_SOUNDS_DARK_MATTER;XIRECS;10117.0;4;3;4
511700;;;GALAXY_SOUNDS_PLANETARY_RINGS;XIRECS;11804.0;4;3;4
511700;;;GALAXY_SOUNDS_SOLAR_FLAMES;XIRECS;10916.0;4;3;4
511700;;;GALAXY_SOUNDS_SOLAR_WINDS;XIRECS;10407.0;4;3;4
511700;;;OXYGEN_SHAKE_CHOCOLATE;XIRECS;9265.0;4;3;4
511700;;;OXYGEN_SHAKE_EVENING_BREATH;XIRECS;9186.0;4;3;4
511700;;;OXYGEN_SHAKE_GARLIC;XIRECS;11273.0;4;3;4
511700;;;OXYGEN_SHAKE_MINT;XIRECS;10338.0;4;3;4
511700;;;OXYGEN_SHAKE_MORNING_BREATH;XIRECS;9910.0;4;3;4
511700;;;PANEL_1X2;XIRECS;8145.0;4;3;4
511700;;;PANEL_1X4;XIRECS;9866.0;4;3;4
511700;;;PANEL_2X2;XIRECS;10599.0;4;3;4
511700;;;PANEL_2X4;XIRECS;11526.0;4;3;4
511700;;;PANEL_4X4;XIRECS;9019.0;4;3;4
511700;;;ROBOT_DISHES;XIRECS;10271.0;4;3;4
511700;;;ROBOT_IRONING;XIRECS;9143.0;4;3;4
511700;;;ROBOT_LAUNDRY;XIRECS;9981.0;4;3;4
511700;;;ROBOT_MOPPING;XIRECS;10806.0;4;3;4
511700;;;ROBOT_VACUUMING;XIRECS;8934.0;4;3;4
511700;;;SLEEP_POD_COTTON;XIRECS;11234.0;4;3;4
511700;;;SLEEP_POD_LAMB_WOOL;XIRECS;10746.0;4;3;4
511700;;;SLEEP_POD_NYLON;XIRECS;9589.0;4;3;4
511700;;;SLEEP_POD_POLYESTER;XIRECS;11803.0;4;3;4
511700;;;SLEEP_POD_SUEDE;XIRECS;12075.0;4;3;4
511700;;;SNACKPACK_CHOCOLATE;XIRECS;10157.0;4;3;4
511700;;;SNACKPACK_RASPBERRY;XIRECS;10181.0;4;3;4
511700;;;TRANSLATOR_ASTRO_BLACK;XIRECS;8796.0;4;3;4
511700;;;TRANSLATOR_ECLIPSE_CHARCOAL;XIRECS;9746.0;4;3;4
511700;;;TRANSLATOR_GRAPHITE_MIST;XIRECS;9973.0;4;3;4
511700;;;TRANSLATOR_SPACE_GRAY;XIRECS;9581.0;4;3;4
511700;;;TRANSLATOR_VOID_BLUE;XIRECS;11010.0;4;3;4
511700;;;UV_VISOR_AMBER;XIRECS;7813.0;4;3;4
511700;;;UV_VISOR_MAGENTA;XIRECS;11041.0;4;3;4
511700;;;UV_VISOR_ORANGE;XIRECS;11047.0;4;3;4
511700;;;UV_VISOR_RED;XIRECS;10929.0;4;3;4
511700;;;UV_VISOR_YELLOW;XIRECS;11131.0;4;3;4
512300;;SUBMISSION;SNACKPACK_STRAWBERRY;XIRECS;10643.0;2;3;4
512300;;SUBMISSION;SNACKPACK_PISTACHIO;XIRECS;9485.0;2;3;4
512300;;SUBMISSION;SNACKPACK_VANILLA;XIRECS;9777.0;2;3;4
512300;;;GALAXY_SOUNDS_BLACK_HOLES;XIRECS;10831.0;3;3;4
512300;;;GALAXY_SOUNDS_DARK_MATTER;XIRECS;10111.0;3;3;4
512300;;;GALAXY_SOUNDS_PLANETARY_RINGS;XIRECS;11789.0;3;3;4
512300;;;GALAXY_SOUNDS_SOLAR_FLAMES;XIRECS;10870.0;3;3;4
512300;;;GALAXY_SOUNDS_SOLAR_WINDS;XIRECS;10394.0;3;3;4
512300;;;MICROCHIP_CIRCLE;XIRECS;9178.0;2;3;4
512300;;;MICROCHIP_OVAL;XIRECS;8976.0;2;3;4
512300;;;MICROCHIP_RECTANGLE;XIRECS;8301.0;2;3;4
512300;;;MICROCHIP_SQUARE;XIRECS;14709.0;2;3;4
512300;;;MICROCHIP_TRIANGLE;XIRECS;9787.0;2;3;4
512300;;;OXYGEN_SHAKE_CHOCOLATE;XIRECS;9252.0;3;3;4
512300;;;OXYGEN_SHAKE_EVENING_BREATH;XIRECS;9186.0;3;3;4
512300;;;OXYGEN_SHAKE_GARLIC;XIRECS;11290.0;3;3;4
512300;;;OXYGEN_SHAKE_MINT;XIRECS;10342.0;3;3;4
512300;;;OXYGEN_SHAKE_MORNING_BREATH;XIRECS;9974.0;3;3;4
512300;;;PANEL_1X2;XIRECS;8144.0;3;3;4
512300;;;PANEL_1X4;XIRECS;9823.0;3;3;4
512300;;;PANEL_2X2;XIRECS;10589.0;3;3;4
512300;;;PANEL_2X4;XIRECS;11521.0;3;3;4
512300;;;PANEL_4X4;XIRECS;9015.0;3;3;4
512300;;;ROBOT_DISHES;XIRECS;10235.0;3;3;4
512300;;;ROBOT_IRONING;XIRECS;9143.0;3;3;4
512300;;;ROBOT_LAUNDRY;XIRECS;9994.0;3;3;4
512300;;;ROBOT_MOPPING;XIRECS;10756.0;3;3;4
512300;;;ROBOT_VACUUMING;XIRECS;8925.0;3;3;4
512300;;;SLEEP_POD_COTTON;XIRECS;11228.0;3;3;4
512300;;;SLEEP_POD_LAMB_WOOL;XIRECS;10762.0;3;3;4
512300;;;SLEEP_POD_NYLON;XIRECS;9618.0;3;3;4
512300;;;SLEEP_POD_POLYESTER;XIRECS;11825.0;3;3;4
512300;;;SLEEP_POD_SUEDE;XIRECS;12088.0;3;3;4
512300;;;SNACKPACK_CHOCOLATE;XIRECS;10174.0;3;3;4
512300;;;SNACKPACK_RASPBERRY;XIRECS;10198.0;3;3;4
512300;;;TRANSLATOR_ASTRO_BLACK;XIRECS;8782.0;3;3;4
512300;;;TRANSLATOR_ECLIPSE_CHARCOAL;XIRECS;9738.0;3;3;4
512300;;;TRANSLATOR_GRAPHITE_MIST;XIRECS;9969.0;3;3;4
512300;;;TRANSLATOR_SPACE_GRAY;XIRECS;9556.0;3;3;4
512300;;;TRANSLATOR_VOID_BLUE;XIRECS;11034.0;3;3;4
512300;;;UV_VISOR_AMBER;XIRECS;7796.0;3;3;4
512300;;;UV_VISOR_MAGENTA;XIRECS;11072.0;3;3;4
512300;;;UV_VISOR_ORANGE;XIRECS;11015.0;3;3;4
512300;;;UV_VISOR_RED;XIRECS;10907.0;3;3;4
512300;;;UV_VISOR_YELLOW;XIRECS;11141.0;3;3;4
514000;;;MICROCHIP_CIRCLE;XIRECS;9185.0;3;3;4
514000;;;MICROCHIP_OVAL;XIRECS;8969.0;3;3;4
514000;;;MICROCHIP_RECTANGLE;XIRECS;8250.0;3;3;4
514000;;;MICROCHIP_SQUARE;XIRECS;14699.0;3;3;4
514000;;;MICROCHIP_TRIANGLE;XIRECS;9882.0;3;3;4
514100;;;GALAXY_SOUNDS_BLACK_HOLES;XIRECS;10830.0;2;3;4
514100;;;GALAXY_SOUNDS_DARK_MATTER;XIRECS;10038.0;2;3;4
514100;;;GALAXY_SOUNDS_PLANETARY_RINGS;XIRECS;11799.0;2;3;4
514100;;;GALAXY_SOUNDS_SOLAR_FLAMES;XIRECS;10861.0;2;3;4
514100;;;GALAXY_SOUNDS_SOLAR_WINDS;XIRECS;10457.0;2;3;4
514100;;;OXYGEN_SHAKE_CHOCOLATE;XIRECS;9241.0;2;3;4
514100;;;OXYGEN_SHAKE_EVENING_BREATH;XIRECS;9154.0;2;3;4
514100;;;OXYGEN_SHAKE_GARLIC;XIRECS;11309.0;2;3;4
514100;;;OXYGEN_SHAKE_MINT;XIRECS;10319.0;2;3;4
514100;;;OXYGEN_SHAKE_MORNING_BREATH;XIRECS;9936.0;2;3;4
514100;;;PANEL_1X2;XIRECS;8068.0;2;3;4
514100;;;PANEL_1X4;XIRECS;9770.0;2;3;4
514100;;;PANEL_2X2;XIRECS;10576.0;2;3;4
514100;;;PANEL_2X4;XIRECS;11553.0;2;3;4
514100;;;PANEL_4X4;XIRECS;9080.0;2;3;4
514100;;;ROBOT_DISHES;XIRECS;10264.0;2;3;4
514100;;;ROBOT_IRONING;XIRECS;9177.0;2;3;4
514100;;;ROBOT_LAUNDRY;XIRECS;9938.0;2;3;4
514100;;;ROBOT_MOPPING;XIRECS;10734.0;2;3;4
514100;;;ROBOT_VACUUMING;XIRECS;8883.0;2;3;4
514100;;;SLEEP_POD_COTTON;XIRECS;11175.0;2;3;4
514100;;;SLEEP_POD_LAMB_WOOL;XIRECS;10816.0;2;3;4
514100;;;SLEEP_POD_NYLON;XIRECS;9657.0;2;3;4
514100;;;SLEEP_POD_POLYESTER;XIRECS;11811.0;2;3;4
514100;;;SLEEP_POD_SUEDE;XIRECS;12120.0;2;3;4
514100;;;SNACKPACK_CHOCOLATE;XIRECS;10120.0;2;3;4
514100;;;SNACKPACK_PISTACHIO;XIRECS;9501.0;2;3;4
514100;;;SNACKPACK_RASPBERRY;XIRECS;10135.0;2;3;4
514100;;;SNACKPACK_STRAWBERRY;XIRECS;10680.0;2;3;4
514100;;;SNACKPACK_VANILLA;XIRECS;9792.0;2;3;4
514100;;;TRANSLATOR_ASTRO_BLACK;XIRECS;8732.0;2;3;4
514100;;;TRANSLATOR_ECLIPSE_CHARCOAL;XIRECS;9724.0;2;3;4
514100;;;TRANSLATOR_GRAPHITE_MIST;XIRECS;9965.0;2;3;4
514100;;;TRANSLATOR_SPACE_GRAY;XIRECS;9517.0;2;3;4
514100;;;TRANSLATOR_VOID_BLUE;XIRECS;10963.0;2;3;4
514100;;;UV_VISOR_AMBER;XIRECS;7803.0;2;3;4
514100;;;UV_VISOR_MAGENTA;XIRECS;11111.0;2;3;4
514100;;;UV_VISOR_ORANGE;XIRECS;11024.0;2;3;4
514100;;;UV_VISOR_RED;XIRECS;10871.0;2;3;4
514100;;;UV_VISOR_YELLOW;XIRECS;11160.0;2;3;4
514700;SUBMISSION;;OXYGEN_SHAKE_MORNING_BREATH;XIRECS;9969.0;5;3;4
514900;;;GALAXY_SOUNDS_BLACK_HOLES;XIRECS;10821.0;1;3;4
514900;;;GALAXY_SOUNDS_DARK_MATTER;XIRECS;10088.0;1;3;4
514900;;;GALAXY_SOUNDS_PLANETARY_RINGS;XIRECS;11808.0;1;3;4
514900;;;GALAXY_SOUNDS_SOLAR_FLAMES;XIRECS;10892.0;1;3;4
514900;;;GALAXY_SOUNDS_SOLAR_WINDS;XIRECS;10499.0;1;3;4
514900;;;OXYGEN_SHAKE_CHOCOLATE;XIRECS;9273.0;1;3;4
514900;;;OXYGEN_SHAKE_EVENING_BREATH;XIRECS;9156.0;1;3;4
514900;;;OXYGEN_SHAKE_GARLIC;XIRECS;11349.0;1;3;4
514900;;;OXYGEN_SHAKE_MINT;XIRECS;10333.0;1;3;4
514900;;;OXYGEN_SHAKE_MORNING_BREATH;XIRECS;9958.0;1;3;4
514900;;;PANEL_1X2;XIRECS;8103.0;1;3;4
514900;;;PANEL_1X4;XIRECS;9774.0;1;3;4
514900;;;PANEL_2X2;XIRECS;10559.0;1;3;4
514900;;;PANEL_2X4;XIRECS;11580.0;1;3;4
514900;;;PANEL_4X4;XIRECS;9126.0;1;3;4
514900;;;ROBOT_DISHES;XIRECS;10256.0;1;3;4
514900;;;ROBOT_IRONING;XIRECS;9173.0;1;3;4
514900;;;ROBOT_LAUNDRY;XIRECS;9923.0;1;3;4
514900;;;ROBOT_MOPPING;XIRECS;10760.0;1;3;4
514900;;;ROBOT_VACUUMING;XIRECS;8858.0;1;3;4
514900;;;SLEEP_POD_COTTON;XIRECS;11175.0;1;3;4
514900;;;SLEEP_POD_LAMB_WOOL;XIRECS;10837.0;1;3;4
514900;;;SLEEP_POD_NYLON;XIRECS;9617.0;1;3;4
514900;;;SLEEP_POD_POLYESTER;XIRECS;11839.0;1;3;4
514900;;;SLEEP_POD_SUEDE;XIRECS;12054.0;1;3;4
514900;;;SNACKPACK_CHOCOLATE;XIRECS;10114.0;1;3;4
514900;;;SNACKPACK_PISTACHIO;XIRECS;9517.0;1;3;4
514900;;;SNACKPACK_RASPBERRY;XIRECS;10169.0;1;3;4
514900;;;SNACKPACK_STRAWBERRY;XIRECS;10690.0;1;3;4
514900;;;SNACKPACK_VANILLA;XIRECS;9828.0;1;3;4
514900;;;TRANSLATOR_ASTRO_BLACK;XIRECS;8693.0;1;3;4
514900;;;TRANSLATOR_ECLIPSE_CHARCOAL;XIRECS;9744.0;1;3;4
514900;;;TRANSLATOR_GRAPHITE_MIST;XIRECS;9930.0;1;3;4
514900;;;TRANSLATOR_SPACE_GRAY;XIRECS;9549.0;1;3;4
514900;;;TRANSLATOR_VOID_BLUE;XIRECS;10996.0;1;3;4
514900;;;UV_VISOR_AMBER;XIRECS;7824.0;1;3;4
514900;;;UV_VISOR_MAGENTA;XIRECS;11192.0;1;3;4
514900;;;UV_VISOR_ORANGE;XIRECS;11015.0;1;3;4
514900;;;UV_VISOR_RED;XIRECS;10849.0;1;3;4
514900;;;UV_VISOR_YELLOW;XIRECS;11166.0;1;3;4
515000;;;PEBBLES_L;XIRECS;9366.0;3;3;4
515000;;;PEBBLES_M;XIRECS;10218.0;3;3;4
515000;;;PEBBLES_S;XIRECS;9157.0;3;3;4
515000;;;PEBBLES_XL;XIRECS;14498.0;3;3;4
515000;;;PEBBLES_XS;XIRECS;6794.0;3;3;4
515800;SUBMISSION;;PEBBLES_XL;XIRECS;14447.0;3;3;4
515900;SUBMISSION;;PEBBLES_XL;XIRECS;14406.0;2;3;4
515900;;;PEBBLES_L;XIRECS;9367.0;2;3;4
515900;;;PEBBLES_M;XIRECS;10256.0;2;3;4
515900;;;PEBBLES_S;XIRECS;9117.0;2;3;4
515900;;;PEBBLES_XS;XIRECS;6822.0;2;3;4
516000;SUBMISSION;;UV_VISOR_AMBER;XIRECS;7843.0;5;3;4
516400;;SUBMISSION;SNACKPACK_STRAWBERRY;XIRECS;10657.0;3;3;4
516400;;SUBMISSION;SNACKPACK_PISTACHIO;XIRECS;9494.0;3;3;4
516400;;SUBMISSION;SNACKPACK_VANILLA;XIRECS;9779.0;3;3;4
516600;SUBMISSION;;PEBBLES_XL;XIRECS;14553.0;2;3;4
516600;;;PEBBLES_L;XIRECS;9347.0;4;3;4
516600;;;PEBBLES_M;XIRECS;10184.0;4;3;4
516600;;;PEBBLES_S;XIRECS;9094.0;4;3;4
516600;;;PEBBLES_XS;XIRECS;6791.0;4;3;4
517400;;SUBMISSION;PEBBLES_XL;XIRECS;14500.0;5;3;4
517800;;SUBMISSION;SNACKPACK_STRAWBERRY;XIRECS;10661.0;1;3;4
517800;;SUBMISSION;SNACKPACK_PISTACHIO;XIRECS;9481.0;1;3;4
517800;;SUBMISSION;SNACKPACK_VANILLA;XIRECS;9755.0;1;3;4
519100;;;MICROCHIP_CIRCLE;XIRECS;9109.0;1;3;4
519100;;;MICROCHIP_OVAL;XIRECS;8937.0;1;3;4
519100;;;MICROCHIP_RECTANGLE;XIRECS;8254.0;1;3;4
519100;;;MICROCHIP_SQUARE;XIRECS;14775.0;1;3;4
519100;;;MICROCHIP_TRIANGLE;XIRECS;9871.0;1;3;4
519400;SUBMISSION;;PEBBLES_XL;XIRECS;14352.0;6;3;4
519500;SUBMISSION;;SNACKPACK_STRAWBERRY;XIRECS;10679.0;5;3;4
519500;SUBMISSION;;SNACKPACK_PISTACHIO;XIRECS;9476.0;5;3;4
519500;SUBMISSION;;SNACKPACK_VANILLA;XIRECS;9733.0;5;3;4
519700;;SUBMISSION;MICROCHIP_OVAL;XIRECS;8877.0;5;3;4
519700;SUBMISSION;;SNACKPACK_STRAWBERRY;XIRECS;10669.0;3;3;4
519700;SUBMISSION;;SNACKPACK_PISTACHIO;XIRECS;9472.0;3;3;4
519700;SUBMISSION;;SNACKPACK_VANILLA;XIRECS;9741.0;3;3;4
520400;SUBMISSION;;PEBBLES_XL;XIRECS;14091.0;2;3;4
520400;;;PEBBLES_L;XIRECS;9525.0;5;3;4
520400;;;PEBBLES_M;XIRECS;10291.0;5;3;4
520400;;;PEBBLES_S;XIRECS;9178.0;5;3;4
520400;;;PEBBLES_XS;XIRECS;6883.0;5;3;4
521100;SUBMISSION;;OXYGEN_SHAKE_MORNING_BREATH;XIRECS;10043.0;5;3;4
521300;;SUBMISSION;MICROCHIP_OVAL;XIRECS;8815.0;5;3;4
521900;;SUBMISSION;GALAXY_SOUNDS_BLACK_HOLES;XIRECS;10698.0;5;3;4
523300;;SUBMISSION;SNACKPACK_STRAWBERRY;XIRECS;10752.0;2;3;4
523300;;SUBMISSION;SNACKPACK_PISTACHIO;XIRECS;9546.0;2;3;4
523300;;SUBMISSION;SNACKPACK_VANILLA;XIRECS;9797.0;2;3;4
523300;;;GALAXY_SOUNDS_BLACK_HOLES;XIRECS;10784.0;3;3;4
523300;;;GALAXY_SOUNDS_DARK_MATTER;XIRECS;10214.0;3;3;4
523300;;;GALAXY_SOUNDS_PLANETARY_RINGS;XIRECS;11707.0;3;3;4
523300;;;GALAXY_SOUNDS_SOLAR_FLAMES;XIRECS;10949.0;3;3;4
523300;;;GALAXY_SOUNDS_SOLAR_WINDS;XIRECS;10490.0;3;3;4
523300;;;OXYGEN_SHAKE_CHOCOLATE;XIRECS;9368.0;3;3;4
523300;;;OXYGEN_SHAKE_EVENING_BREATH;XIRECS;9056.0;3;3;4
523300;;;OXYGEN_SHAKE_GARLIC;XIRECS;11332.0;3;3;4
523300;;;OXYGEN_SHAKE_MINT;XIRECS;10358.0;3;3;4
523300;;;OXYGEN_SHAKE_MORNING_BREATH;XIRECS;10047.0;3;3;4
523300;;;PANEL_1X2;XIRECS;8046.0;3;3;4
523300;;;PANEL_1X4;XIRECS;9738.0;3;3;4
523300;;;PANEL_2X2;XIRECS;10581.0;3;3;4
523300;;;PANEL_2X4;XIRECS;11725.0;3;3;4
523300;;;PANEL_4X4;XIRECS;9173.0;3;3;4
523300;;;ROBOT_DISHES;XIRECS;10364.0;3;3;4
523300;;;ROBOT_IRONING;XIRECS;9153.0;3;3;4
523300;;;ROBOT_LAUNDRY;XIRECS;10095.0;3;3;4
523300;;;ROBOT_MOPPING;XIRECS;10747.0;3;3;4
523300;;;ROBOT_VACUUMING;XIRECS;8950.0;3;3;4
523300;;;SLEEP_POD_COTTON;XIRECS;11041.0;3;3;4
523300;;;SLEEP_POD_LAMB_WOOL;XIRECS;10758.0;3;3;4
523300;;;SLEEP_POD_NYLON;XIRECS;9553.0;3;3;4
523300;;;SLEEP_POD_POLYESTER;XIRECS;11881.0;3;3;4
523300;;;SLEEP_POD_SUEDE;XIRECS;12160.0;3;3;4
523300;;;SNACKPACK_CHOCOLATE;XIRECS;10128.0;3;3;4
523300;;;SNACKPACK_RASPBERRY;XIRECS;10103.0;3;3;4
523300;;;TRANSLATOR_ASTRO_BLACK;XIRECS;8649.0;3;3;4
523300;;;TRANSLATOR_ECLIPSE_CHARCOAL;XIRECS;9677.0;3;3;4
523300;;;TRANSLATOR_GRAPHITE_MIST;XIRECS;9820.0;3;3;4
523300;;;TRANSLATOR_SPACE_GRAY;XIRECS;9542.0;3;3;4
523300;;;TRANSLATOR_VOID_BLUE;XIRECS;10940.0;3;3;4
523300;;;UV_VISOR_AMBER;XIRECS;7792.0;3;3;4
523300;;;UV_VISOR_MAGENTA;XIRECS;11139.0;3;3;4
523300;;;UV_VISOR_ORANGE;XIRECS;10919.0;3;3;4
523300;;;UV_VISOR_RED;XIRECS;10888.0;3;3;4
523300;;;UV_VISOR_YELLOW;XIRECS;11352.0;3;3;4
523800;;SUBMISSION;MICROCHIP_OVAL;XIRECS;8773.0;4;3;4
523900;;SUBMISSION;MICROCHIP_OVAL;XIRECS;8766.0;1;3;4
524600;SUBMISSION;;OXYGEN_SHAKE_MORNING_BREATH;XIRECS;10028.0;5;3;4
524900;SUBMISSION;;GALAXY_SOUNDS_BLACK_HOLES;XIRECS;10823.0;5;3;4
525900;;SUBMISSION;PEBBLES_XL;XIRECS;14380.0;6;3;4
526000;;SUBMISSION;MICROCHIP_OVAL;XIRECS;8739.0;5;3;4
527200;SUBMISSION;;OXYGEN_SHAKE_MORNING_BREATH;XIRECS;10150.0;5;3;4
527400;;SUBMISSION;SNACKPACK_STRAWBERRY;XIRECS;10655.0;3;3;4
527400;;SUBMISSION;SNACKPACK_PISTACHIO;XIRECS;9499.0;3;3;4
527400;;SUBMISSION;SNACKPACK_VANILLA;XIRECS;9803.0;3;3;4
527500;;SUBMISSION;PEBBLES_XL;XIRECS;14419.0;4;3;4
529000;;;GALAXY_SOUNDS_BLACK_HOLES;XIRECS;10845.0;4;3;4
529000;;;GALAXY_SOUNDS_DARK_MATTER;XIRECS;10274.0;4;3;4
529000;;;GALAXY_SOUNDS_PLANETARY_RINGS;XIRECS;11693.0;4;3;4
529000;;;GALAXY_SOUNDS_SOLAR_FLAMES;XIRECS;10844.0;4;3;4
529000;;;GALAXY_SOUNDS_SOLAR_WINDS;XIRECS;10403.0;4;3;4
529000;;;OXYGEN_SHAKE_CHOCOLATE;XIRECS;9253.0;4;3;4
529000;;;OXYGEN_SHAKE_EVENING_BREATH;XIRECS;9116.0;4;3;4
529000;;;OXYGEN_SHAKE_GARLIC;XIRECS;11322.0;4;3;4
529000;;;OXYGEN_SHAKE_MINT;XIRECS;10458.0;4;3;4
529000;;;OXYGEN_SHAKE_MORNING_BREATH;XIRECS;10170.0;4;3;4
529000;;;PANEL_1X2;XIRECS;8038.0;4;3;4
529000;;;PANEL_1X4;XIRECS;9687.0;4;3;4
529000;;;PANEL_2X2;XIRECS;10731.0;4;3;4
529000;;;PANEL_2X4;XIRECS;11839.0;4;3;4
529000;;;PANEL_4X4;XIRECS;9177.0;4;3;4
529000;;;ROBOT_DISHES;XIRECS;10213.0;4;3;4
529000;;;ROBOT_IRONING;XIRECS;9083.0;4;3;4
529000;;;ROBOT_LAUNDRY;XIRECS;10090.0;4;3;4
529000;;;ROBOT_MOPPING;XIRECS;10803.0;4;3;4
529000;;;ROBOT_VACUUMING;XIRECS;8822.0;4;3;4
529000;;;SLEEP_POD_COTTON;XIRECS;11162.0;4;3;4
529000;;;SLEEP_POD_LAMB_WOOL;XIRECS;10648.0;4;3;4
529000;;;SLEEP_POD_NYLON;XIRECS;9570.0;4;3;4
529000;;;SLEEP_POD_POLYESTER;XIRECS;11790.0;4;3;4
529000;;;SLEEP_POD_SUEDE;XIRECS;12192.0;4;3;4
529000;;;SNACKPACK_CHOCOLATE;XIRECS;10139.0;4;3;4
529000;;;SNACKPACK_PISTACHIO;XIRECS;9511.0;4;3;4
529000;;;SNACKPACK_RASPBERRY;XIRECS;10170.0;4;3;4
529000;;;SNACKPACK_STRAWBERRY;XIRECS;10667.0;4;3;4
529000;;;SNACKPACK_VANILLA;XIRECS;9774.0;4;3;4
529000;;;TRANSLATOR_ASTRO_BLACK;XIRECS;8562.0;4;3;4
529000;;;TRANSLATOR_ECLIPSE_CHARCOAL;XIRECS;9652.0;4;3;4
529000;;;TRANSLATOR_GRAPHITE_MIST;XIRECS;9823.0;4;3;4
529000;;;TRANSLATOR_SPACE_GRAY;XIRECS;9623.0;4;3;4
529000;;;TRANSLATOR_VOID_BLUE;XIRECS;10946.0;4;3;4
529000;;;UV_VISOR_AMBER;XIRECS;7808.0;4;3;4
529000;;;UV_VISOR_MAGENTA;XIRECS;11168.0;4;3;4
529000;;;UV_VISOR_ORANGE;XIRECS;10778.0;4;3;4
529000;;;UV_VISOR_RED;XIRECS;10747.0;4;3;4
529000;;;UV_VISOR_YELLOW;XIRECS;11276.0;4;3;4
529900;;;GALAXY_SOUNDS_BLACK_HOLES;XIRECS;10771.0;1;3;4
529900;;;GALAXY_SOUNDS_DARK_MATTER;XIRECS;10257.0;1;3;4
529900;;;GALAXY_SOUNDS_PLANETARY_RINGS;XIRECS;11664.0;1;3;4
529900;;;GALAXY_SOUNDS_SOLAR_FLAMES;XIRECS;10838.0;1;3;4
529900;;;GALAXY_SOUNDS_SOLAR_WINDS;XIRECS;10396.0;1;3;4
529900;;;OXYGEN_SHAKE_CHOCOLATE;XIRECS;9211.0;1;3;4
529900;;;OXYGEN_SHAKE_EVENING_BREATH;XIRECS;9116.0;1;3;4
529900;;;OXYGEN_SHAKE_GARLIC;XIRECS;11277.0;1;3;4
529900;;;OXYGEN_SHAKE_MINT;XIRECS;10421.0;1;3;4
529900;;;OXYGEN_SHAKE_MORNING_BREATH;XIRECS;10167.0;1;3;4
529900;;;PANEL_1X2;XIRECS;8032.0;1;3;4
529900;;;PANEL_1X4;XIRECS;9696.0;1;3;4
529900;;;PANEL_2X2;XIRECS;10663.0;1;3;4
529900;;;PANEL_2X4;XIRECS;11803.0;1;3;4
529900;;;PANEL_4X4;XIRECS;9218.0;1;3;4
529900;;;ROBOT_DISHES;XIRECS;10200.0;1;3;4
529900;;;ROBOT_IRONING;XIRECS;9113.0;1;3;4
529900;;;ROBOT_LAUNDRY;XIRECS;10078.0;1;3;4
529900;;;ROBOT_MOPPING;XIRECS;10757.0;1;3;4
529900;;;ROBOT_VACUUMING;XIRECS;8864.0;1;3;4
529900;;;SLEEP_POD_COTTON;XIRECS;11218.0;1;3;4
529900;;;SLEEP_POD_LAMB_WOOL;XIRECS;10634.0;1;3;4
529900;;;SLEEP_POD_NYLON;XIRECS;9589.0;1;3;4
529900;;;SLEEP_POD_POLYESTER;XIRECS;11767.0;1;3;4
529900;;;SLEEP_POD_SUEDE;XIRECS;12231.0;1;3;4
529900;;;SNACKPACK_CHOCOLATE;XIRECS;10151.0;1;3;4
529900;;;SNACKPACK_PISTACHIO;XIRECS;9542.0;1;3;4
529900;;;SNACKPACK_RASPBERRY;XIRECS;10141.0;1;3;4
529900;;;SNACKPACK_STRAWBERRY;XIRECS;10697.0;1;3;4
529900;;;SNACKPACK_VANILLA;XIRECS;9759.0;1;3;4
529900;;;TRANSLATOR_ASTRO_BLACK;XIRECS;8581.0;1;3;4
529900;;;TRANSLATOR_ECLIPSE_CHARCOAL;XIRECS;9667.0;1;3;4
529900;;;TRANSLATOR_GRAPHITE_MIST;XIRECS;9818.0;1;3;4
529900;;;TRANSLATOR_SPACE_GRAY;XIRECS;9657.0;1;3;4
529900;;;TRANSLATOR_VOID_BLUE;XIRECS;10923.0;1;3;4
529900;;;UV_VISOR_AMBER;XIRECS;7786.0;1;3;4
529900;;;UV_VISOR_MAGENTA;XIRECS;11209.0;1;3;4
529900;;;UV_VISOR_ORANGE;XIRECS;10822.0;1;3;4
529900;;;UV_VISOR_RED;XIRECS;10725.0;1;3;4
529900;;;UV_VISOR_YELLOW;XIRECS;11263.0;1;3;4
531100;;SUBMISSION;UV_VISOR_AMBER;XIRECS;7735.0;5;3;4
531500;;;GALAXY_SOUNDS_BLACK_HOLES;XIRECS;10827.0;1;3;4
531500;;;GALAXY_SOUNDS_DARK_MATTER;XIRECS;10232.0;1;3;4
531500;;;GALAXY_SOUNDS_PLANETARY_RINGS;XIRECS;11624.0;1;3;4
531500;;;GALAXY_SOUNDS_SOLAR_FLAMES;XIRECS;10835.0;1;3;4
531500;;;GALAXY_SOUNDS_SOLAR_WINDS;XIRECS;10464.0;1;3;4
531500;;;OXYGEN_SHAKE_CHOCOLATE;XIRECS;9229.0;1;3;4
531500;;;OXYGEN_SHAKE_EVENING_BREATH;XIRECS;9196.0;1;3;4
531500;;;OXYGEN_SHAKE_GARLIC;XIRECS;11251.0;1;3;4
531500;;;OXYGEN_SHAKE_MINT;XIRECS;10425.0;1;3;4
531500;;;OXYGEN_SHAKE_MORNING_BREATH;XIRECS;10167.0;1;3;4
531500;;;PANEL_1X2;XIRECS;7986.0;1;3;4
531500;;;PANEL_1X4;XIRECS;9631.0;1;3;4
531500;;;PANEL_2X2;XIRECS;10652.0;1;3;4
531500;;;PANEL_2X4;XIRECS;11797.0;1;3;4
531500;;;PANEL_4X4;XIRECS;9231.0;1;3;4
531500;;;ROBOT_DISHES;XIRECS;10231.0;1;3;4
531500;;;ROBOT_IRONING;XIRECS;9073.0;1;3;4
531500;;;ROBOT_LAUNDRY;XIRECS;10077.0;1;3;4
531500;;;ROBOT_MOPPING;XIRECS;10809.0;1;3;4
531500;;;ROBOT_VACUUMING;XIRECS;8824.0;1;3;4
531500;;;SLEEP_POD_COTTON;XIRECS;11179.0;1;3;4
531500;;;SLEEP_POD_LAMB_WOOL;XIRECS;10683.0;1;3;4
531500;;;SLEEP_POD_NYLON;XIRECS;9609.0;1;3;4
531500;;;SLEEP_POD_POLYESTER;XIRECS;11759.0;1;3;4
531500;;;SLEEP_POD_SUEDE;XIRECS;12201.0;1;3;4
531500;;;SNACKPACK_CHOCOLATE;XIRECS;10189.0;1;3;4
531500;;;SNACKPACK_PISTACHIO;XIRECS;9575.0;1;3;4
531500;;;SNACKPACK_RASPBERRY;XIRECS;10097.0;1;3;4
531500;;;SNACKPACK_STRAWBERRY;XIRECS;10742.0;1;3;4
531500;;;SNACKPACK_VANILLA;XIRECS;9718.0;1;3;4
531500;;;TRANSLATOR_ASTRO_BLACK;XIRECS;8603.0;1;3;4
531500;;;TRANSLATOR_ECLIPSE_CHARCOAL;XIRECS;9630.0;1;3;4
531500;;;TRANSLATOR_GRAPHITE_MIST;XIRECS;9825.0;1;3;4
531500;;;TRANSLATOR_SPACE_GRAY;XIRECS;9693.0;1;3;4
531500;;;TRANSLATOR_VOID_BLUE;XIRECS;10962.0;1;3;4
531500;;;UV_VISOR_AMBER;XIRECS;7746.0;1;3;4
531500;;;UV_VISOR_MAGENTA;XIRECS;11206.0;1;3;4
531500;;;UV_VISOR_ORANGE;XIRECS;10848.0;1;3;4
531500;;;UV_VISOR_RED;XIRECS;10709.0;1;3;4
531500;;;UV_VISOR_YELLOW;XIRECS;11223.0;1;3;4
531800;;SUBMISSION;SNACKPACK_STRAWBERRY;XIRECS;10748.0;3;3;4
531800;;SUBMISSION;SNACKPACK_PISTACHIO;XIRECS;9574.0;3;3;4
531800;;SUBMISSION;SNACKPACK_VANILLA;XIRECS;9731.0;3;3;4
532000;;;MICROCHIP_CIRCLE;XIRECS;9097.0;2;3;4
532000;;;MICROCHIP_OVAL;XIRECS;8596.0;2;3;4
532000;;;MICROCHIP_RECTANGLE;XIRECS;8036.0;2;3;4
532000;;;MICROCHIP_SQUARE;XIRECS;14668.0;2;3;4
532000;;;MICROCHIP_TRIANGLE;XIRECS;9884.0;2;3;4
533500;;;MICROCHIP_CIRCLE;XIRECS;9075.0;3;3;4
533500;;;MICROCHIP_OVAL;XIRECS;8643.0;3;3;4
533500;;;MICROCHIP_RECTANGLE;XIRECS;8019.0;3;3;4
533500;;;MICROCHIP_SQUARE;XIRECS;14615.0;3;3;4
533500;;;MICROCHIP_TRIANGLE;XIRECS;9975.0;3;3;4
534200;;;GALAXY_SOUNDS_BLACK_HOLES;XIRECS;10841.0;2;3;4
534200;;;GALAXY_SOUNDS_DARK_MATTER;XIRECS;10307.0;2;3;4
534200;;;GALAXY_SOUNDS_PLANETARY_RINGS;XIRECS;11646.0;2;3;4
534200;;;GALAXY_SOUNDS_SOLAR_FLAMES;XIRECS;10893.0;2;3;4
534200;;;GALAXY_SOUNDS_SOLAR_WINDS;XIRECS;10361.0;2;3;4
534200;;;OXYGEN_SHAKE_CHOCOLATE;XIRECS;9197.0;2;3;4
534200;;;OXYGEN_SHAKE_EVENING_BREATH;XIRECS;9216.0;2;3;4
534200;;;OXYGEN_SHAKE_GARLIC;XIRECS;11353.0;2;3;4
534200;;;OXYGEN_SHAKE_MINT;XIRECS;10472.0;2;3;4
534200;;;OXYGEN_SHAKE_MORNING_BREATH;XIRECS;10168.0;2;3;4
534200;;;PANEL_1X2;XIRECS;8025.0;2;3;4
534200;;;PANEL_1X4;XIRECS;9655.0;2;3;4
534200;;;PANEL_2X2;XIRECS;10600.0;2;3;4
534200;;;PANEL_2X4;XIRECS;11726.0;2;3;4
534200;;;PANEL_4X4;XIRECS;9248.0;2;3;4
534200;;;ROBOT_DISHES;XIRECS;10206.0;2;3;4
534200;;;ROBOT_IRONING;XIRECS;9083.0;2;3;4
534200;;;ROBOT_LAUNDRY;XIRECS;10061.0;2;3;4
534200;;;ROBOT_MOPPING;XIRECS;10900.0;2;3;4
534200;;;ROBOT_VACUUMING;XIRECS;8740.0;2;3;4
534200;;;SLEEP_POD_COTTON;XIRECS;11156.0;2;3;4
534200;;;SLEEP_POD_LAMB_WOOL;XIRECS;10651.0;2;3;4
534200;;;SLEEP_POD_NYLON;XIRECS;9611.0;2;3;4
534200;;;SLEEP_POD_POLYESTER;XIRECS;11802.0;2;3;4
534200;;;SLEEP_POD_SUEDE;XIRECS;12170.0;2;3;4
534200;;;SNACKPACK_CHOCOLATE;XIRECS;10168.0;2;3;4
534200;;;SNACKPACK_PISTACHIO;XIRECS;9594.0;2;3;4
534200;;;SNACKPACK_RASPBERRY;XIRECS;10087.0;2;3;4
534200;;;SNACKPACK_STRAWBERRY;XIRECS;10748.0;2;3;4
534200;;;SNACKPACK_VANILLA;XIRECS;9738.0;2;3;4
534200;;;TRANSLATOR_ASTRO_BLACK;XIRECS;8589.0;2;3;4
534200;;;TRANSLATOR_ECLIPSE_CHARCOAL;XIRECS;9645.0;2;3;4
534200;;;TRANSLATOR_GRAPHITE_MIST;XIRECS;9836.0;2;3;4
534200;;;TRANSLATOR_SPACE_GRAY;XIRECS;9645.0;2;3;4
534200;;;TRANSLATOR_VOID_BLUE;XIRECS;11067.0;2;3;4
534200;;;UV_VISOR_AMBER;XIRECS;7712.0;2;3;4
534200;;;UV_VISOR_MAGENTA;XIRECS;11132.0;2;3;4
534200;;;UV_VISOR_ORANGE;XIRECS;10842.0;2;3;4
534200;;;UV_VISOR_RED;XIRECS;10790.0;2;3;4
534200;;;UV_VISOR_YELLOW;XIRECS;11255.0;2;3;4
534400;;;MICROCHIP_CIRCLE;XIRECS;9081.0;3;3;4
534400;;;MICROCHIP_OVAL;XIRECS;8615.0;3;3;4
534400;;;MICROCHIP_RECTANGLE;XIRECS;7981.0;3;3;4
534400;;;MICROCHIP_SQUARE;XIRECS;14618.0;3;3;4
534400;;;MICROCHIP_TRIANGLE;XIRECS;10016.0;3;3;4
536200;;;PEBBLES_L;XIRECS;9730.0;3;3;4
536200;;;PEBBLES_M;XIRECS;10265.0;3;3;4
536200;;;PEBBLES_S;XIRECS;8950.0;3;3;4
536200;;;PEBBLES_XL;XIRECS;14366.0;3;3;4
536200;;;PEBBLES_XS;XIRECS;6722.0;3;3;4
536400;SUBMISSION;;SNACKPACK_STRAWBERRY;XIRECS;10722.0;5;3;4
536400;SUBMISSION;;SNACKPACK_PISTACHIO;XIRECS;9565.0;5;3;4
536400;SUBMISSION;;SNACKPACK_VANILLA;XIRECS;9759.0;5;3;4
536800;SUBMISSION;;GALAXY_SOUNDS_BLACK_HOLES;XIRECS;10851.0;5;3;4
537200;;SUBMISSION;SNACKPACK_STRAWBERRY;XIRECS;10781.0;1;3;4
537200;;SUBMISSION;SNACKPACK_PISTACHIO;XIRECS;9601.0;1;3;4
537200;;SUBMISSION;SNACKPACK_VANILLA;XIRECS;9758.0;1;3;4
537200;;;GALAXY_SOUNDS_BLACK_HOLES;XIRECS;10862.0;3;3;4
537200;;;GALAXY_SOUNDS_DARK_MATTER;XIRECS;10331.0;3;3;4
537200;;;GALAXY_SOUNDS_PLANETARY_RINGS;XIRECS;11655.0;3;3;4
537200;;;GALAXY_SOUNDS_SOLAR_FLAMES;XIRECS;10780.0;3;3;4
537200;;;GALAXY_SOUNDS_SOLAR_WINDS;XIRECS;10353.0;3;3;4
537200;;;OXYGEN_SHAKE_CHOCOLATE;XIRECS;9174.0;3;3;4
537200;;;OXYGEN_SHAKE_EVENING_BREATH;XIRECS;9166.0;3;3;4
537200;;;OXYGEN_SHAKE_GARLIC;XIRECS;11374.0;3;3;4
537200;;;OXYGEN_SHAKE_MINT;XIRECS;10435.0;3;3;4
537200;;;OXYGEN_SHAKE_MORNING_BREATH;XIRECS;10149.0;3;3;4
537200;;;PANEL_1X2;XIRECS;8034.0;3;3;4
537200;;;PANEL_1X4;XIRECS;9591.0;3;3;4
537200;;;PANEL_2X2;XIRECS;10659.0;3;3;4
537200;;;PANEL_2X4;XIRECS;11703.0;3;3;4
537200;;;PANEL_4X4;XIRECS;9260.0;3;3;4
537200;;;PEBBLES_L;XIRECS;9788.0;4;3;4
537200;;;PEBBLES_M;XIRECS;10269.0;4;3;4
537200;;;PEBBLES_S;XIRECS;8964.0;4;3;4
537200;;;PEBBLES_XL;XIRECS;14237.0;4;3;4
537200;;;PEBBLES_XS;XIRECS;6775.0;4;3;4
537200;;;ROBOT_DISHES;XIRECS;10232.0;3;3;4
537200;;;ROBOT_IRONING;XIRECS;9023.0;3;3;4
537200;;;ROBOT_LAUNDRY;XIRECS;10114.0;3;3;4
537200;;;ROBOT_MOPPING;XIRECS;10935.0;3;3;4
537200;;;ROBOT_VACUUMING;XIRECS;8837.0;3;3;4
537200;;;SLEEP_POD_COTTON;XIRECS;11166.0;3;3;4
537200;;;SLEEP_POD_LAMB_WOOL;XIRECS;10632.0;3;3;4
537200;;;SLEEP_POD_NYLON;XIRECS;9605.0;3;3;4
537200;;;SLEEP_POD_POLYESTER;XIRECS;11613.0;3;3;4
537200;;;SLEEP_POD_SUEDE;XIRECS;12031.0;3;3;4
537200;;;SNACKPACK_CHOCOLATE;XIRECS;10145.0;3;3;4
537200;;;SNACKPACK_RASPBERRY;XIRECS;10057.0;3;3;4
537200;;;TRANSLATOR_ASTRO_BLACK;XIRECS;8631.0;3;3;4
537200;;;TRANSLATOR_ECLIPSE_CHARCOAL;XIRECS;9656.0;3;3;4
537200;;;TRANSLATOR_GRAPHITE_MIST;XIRECS;9801.0;3;3;4
537200;;;TRANSLATOR_SPACE_GRAY;XIRECS;9662.0;3;3;4
537200;;;TRANSLATOR_VOID_BLUE;XIRECS;11076.0;3;3;4
537200;;;UV_VISOR_AMBER;XIRECS;7647.0;3;3;4
537200;;;UV_VISOR_MAGENTA;XIRECS;11044.0;3;3;4
537200;;;UV_VISOR_ORANGE;XIRECS;10864.0;3;3;4
537200;;;UV_VISOR_RED;XIRECS;10862.0;3;3;4
537200;;;UV_VISOR_YELLOW;XIRECS;11275.0;3;3;4
537700;;;GALAXY_SOUNDS_BLACK_HOLES;XIRECS;10864.0;1;3;4
537700;;;GALAXY_SOUNDS_DARK_MATTER;XIRECS;10340.0;1;3;4
537700;;;GALAXY_SOUNDS_PLANETARY_RINGS;XIRECS;11642.0;1;3;4
537700;;;GALAXY_SOUNDS_SOLAR_FLAMES;XIRECS;10782.0;1;3;4
537700;;;GALAXY_SOUNDS_SOLAR_WINDS;XIRECS;10364.0;1;3;4
537700;;;OXYGEN_SHAKE_CHOCOLATE;XIRECS;9132.0;1;3;4
537700;;;OXYGEN_SHAKE_EVENING_BREATH;XIRECS;9146.0;1;3;4
537700;;;OXYGEN_SHAKE_GARLIC;XIRECS;11362.0;1;3;4
537700;;;OXYGEN_SHAKE_MINT;XIRECS;10460.0;1;3;4
537700;;;OXYGEN_SHAKE_MORNING_BREATH;XIRECS;10131.0;1;3;4
537700;;;PANEL_1X2;XIRECS;8011.0;1;3;4
537700;;;PANEL_1X4;XIRECS;9563.0;1;3;4
537700;;;PANEL_2X2;XIRECS;10621.0;1;3;4
537700;;;PANEL_2X4;XIRECS;11717.0;1;3;4
537700;;;PANEL_4X4;XIRECS;9271.0;1;3;4
537700;;;ROBOT_DISHES;XIRECS;10224.0;1;3;4
537700;;;ROBOT_IRONING;XIRECS;9033.0;1;3;4
537700;;;ROBOT_LAUNDRY;XIRECS;10112.0;1;3;4
537700;;;ROBOT_MOPPING;XIRECS;10921.0;1;3;4
537700;;;ROBOT_VACUUMING;XIRECS;8826.0;1;3;4
537700;;;SLEEP_POD_COTTON;XIRECS;11153.0;1;3;4
537700;;;SLEEP_POD_LAMB_WOOL;XIRECS;10639.0;1;3;4
537700;;;SLEEP_POD_NYLON;XIRECS;9576.0;1;3;4
537700;;;SLEEP_POD_POLYESTER;XIRECS;11624.0;1;3;4
537700;;;SLEEP_POD_SUEDE;XIRECS;12018.0;1;3;4
537700;;;SNACKPACK_CHOCOLATE;XIRECS;10138.0;1;3;4
537700;;;SNACKPACK_PISTACHIO;XIRECS;9612.0;1;3;4
537700;;;SNACKPACK_RASPBERRY;XIRECS;10045.0;1;3;4
537700;;;SNACKPACK_STRAWBERRY;XIRECS;10799.0;1;3;4
537700;;;SNACKPACK_VANILLA;XIRECS;9769.0;1;3;4
537700;;;TRANSLATOR_ASTRO_BLACK;XIRECS;8606.0;1;3;4
537700;;;TRANSLATOR_ECLIPSE_CHARCOAL;XIRECS;9652.0;1;3;4
537700;;;TRANSLATOR_GRAPHITE_MIST;XIRECS;9783.0;1;3;4
537700;;;TRANSLATOR_SPACE_GRAY;XIRECS;9638.0;1;3;4
537700;;;TRANSLATOR_VOID_BLUE;XIRECS;11146.0;1;3;4
537700;;;UV_VISOR_AMBER;XIRECS;7613.0;1;3;4
537700;;;UV_VISOR_MAGENTA;XIRECS;11090.0;1;3;4
537700;;;UV_VISOR_ORANGE;XIRECS;10873.0;1;3;4
537700;;;UV_VISOR_RED;XIRECS;10891.0;1;3;4
537700;;;UV_VISOR_YELLOW;XIRECS;11280.0;1;3;4
540300;;SUBMISSION;SNACKPACK_STRAWBERRY;XIRECS;10755.0;4;3;4
540300;;SUBMISSION;SNACKPACK_PISTACHIO;XIRECS;9560.0;4;3;4
540300;;SUBMISSION;SNACKPACK_VANILLA;XIRECS;9805.0;4;3;4
541100;SUBMISSION;;SNACKPACK_STRAWBERRY;XIRECS;10766.0;5;3;4
541100;SUBMISSION;;SNACKPACK_PISTACHIO;XIRECS;9569.0;5;3;4
541100;SUBMISSION;;SNACKPACK_VANILLA;XIRECS;9802.0;5;3;4
541600;SUBMISSION;;PEBBLES_XL;XIRECS;14051.0;6;3;4
541600;SUBMISSION;;PEBBLES_XL;XIRECS;14060.0;10;3;4
542300;SUBMISSION;;PEBBLES_XL;XIRECS;14089.0;4;3;4
542500;SUBMISSION;;SNACKPACK_STRAWBERRY;XIRECS;10775.0;3;3;4
542500;SUBMISSION;;SNACKPACK_PISTACHIO;XIRECS;9575.0;3;3;4
542500;SUBMISSION;;SNACKPACK_VANILLA;XIRECS;9832.0;3;3;4
543600;;SUBMISSION;PEBBLES_XL;XIRECS;14113.0;2;3;4
543600;;;PEBBLES_L;XIRECS;9965.0;5;3;4
543600;;;PEBBLES_M;XIRECS;10201.0;5;3;4
543600;;;PEBBLES_S;XIRECS;9013.0;5;3;4
543600;;;PEBBLES_XS;XIRECS;6740.0;5;3;4
545400;SUBMISSION;;SLEEP_POD_COTTON;XIRECS;11261.0;5;3;4
545700;;;GALAXY_SOUNDS_BLACK_HOLES;XIRECS;10830.0;2;3;4
545700;;;GALAXY_SOUNDS_DARK_MATTER;XIRECS;10293.0;2;3;4
545700;;;GALAXY_SOUNDS_PLANETARY_RINGS;XIRECS;11639.0;2;3;4
545700;;;GALAXY_SOUNDS_SOLAR_FLAMES;XIRECS;10912.0;2;3;4
545700;;;GALAXY_SOUNDS_SOLAR_WINDS;XIRECS;10522.0;2;3;4
545700;;;OXYGEN_SHAKE_CHOCOLATE;XIRECS;9141.0;2;3;4
545700;;;OXYGEN_SHAKE_EVENING_BREATH;XIRECS;9204.0;2;3;4
545700;;;OXYGEN_SHAKE_GARLIC;XIRECS;11227.0;2;3;4
545700;;;OXYGEN_SHAKE_MINT;XIRECS;10302.0;2;3;4
545700;;;OXYGEN_SHAKE_MORNING_BREATH;XIRECS;10094.0;2;3;4
545700;;;PANEL_1X2;XIRECS;8117.0;2;3;4
545700;;;PANEL_1X4;XIRECS;9384.0;2;3;4
545700;;;PANEL_2X2;XIRECS;10484.0;2;3;4
545700;;;PANEL_2X4;XIRECS;11702.0;2;3;4
545700;;;PANEL_4X4;XIRECS;9245.0;2;3;4
545700;;;ROBOT_DISHES;XIRECS;10121.0;2;3;4
545700;;;ROBOT_IRONING;XIRECS;9067.0;2;3;4
545700;;;ROBOT_LAUNDRY;XIRECS;10138.0;2;3;4
545700;;;ROBOT_MOPPING;XIRECS;11093.0;2;3;4
545700;;;ROBOT_VACUUMING;XIRECS;8702.0;2;3;4
545700;;;SLEEP_POD_COTTON;XIRECS;11221.0;2;3;4
545700;;;SLEEP_POD_LAMB_WOOL;XIRECS;10781.0;2;3;4
545700;;;SLEEP_POD_NYLON;XIRECS;9533.0;2;3;4
545700;;;SLEEP_POD_POLYESTER;XIRECS;11721.0;2;3;4
545700;;;SLEEP_POD_SUEDE;XIRECS;11901.0;2;3;4
545700;;;SNACKPACK_CHOCOLATE;XIRECS;9980.0;2;3;4
545700;;;SNACKPACK_PISTACHIO;XIRECS;9561.0;2;3;4
545700;;;SNACKPACK_RASPBERRY;XIRECS;10084.0;2;3;4
545700;;;SNACKPACK_STRAWBERRY;XIRECS;10748.0;2;3;4
545700;;;SNACKPACK_VANILLA;XIRECS;9889.0;2;3;4
545700;;;TRANSLATOR_ASTRO_BLACK;XIRECS;8463.0;2;3;4
545700;;;TRANSLATOR_ECLIPSE_CHARCOAL;XIRECS;9623.0;2;3;4
545700;;;TRANSLATOR_GRAPHITE_MIST;XIRECS;9848.0;2;3;4
545700;;;TRANSLATOR_SPACE_GRAY;XIRECS;9676.0;2;3;4
545700;;;TRANSLATOR_VOID_BLUE;XIRECS;11049.0;2;3;4
545700;;;UV_VISOR_AMBER;XIRECS;7650.0;2;3;4
545700;;;UV_VISOR_MAGENTA;XIRECS;11297.0;2;3;4
545700;;;UV_VISOR_ORANGE;XIRECS;10984.0;2;3;4
545700;;;UV_VISOR_RED;XIRECS;10963.0;2;3;4
545700;;;UV_VISOR_YELLOW;XIRECS;11167.0;2;3;4
546700;;SUBMISSION;SLEEP_POD_COTTON;XIRECS;11174.0;5;3;4
547300;SUBMISSION;;PEBBLES_XL;XIRECS;14200.0;2;3;4
547300;;;PEBBLES_L;XIRECS;10159.0;3;3;4
547300;;;PEBBLES_M;XIRECS;10101.0;3;3;4
547300;;;PEBBLES_S;XIRECS;8887.0;3;3;4
547300;;;PEBBLES_XS;XIRECS;6621.0;3;3;4
547400;;;MICROCHIP_CIRCLE;XIRECS;9015.0;2;3;4
547400;;;MICROCHIP_OVAL;XIRECS;8389.0;2;3;4
547400;;;MICROCHIP_RECTANGLE;XIRECS;7970.0;2;3;4
547400;;;MICROCHIP_SQUARE;XIRECS;14538.0;2;3;4
547400;;;MICROCHIP_TRIANGLE;XIRECS;9970.0;2;3;4
548600;;SUBMISSION;OXYGEN_SHAKE_MORNING_BREATH;XIRECS;10015.0;5;3;4
549700;;SUBMISSION;SNACKPACK_STRAWBERRY;XIRECS;10731.0;2;3;4
549700;;SUBMISSION;SNACKPACK_PISTACHIO;XIRECS;9557.0;2;3;4
549700;;SUBMISSION;SNACKPACK_VANILLA;XIRECS;9963.0;2;3;4
549700;;;GALAXY_SOUNDS_BLACK_HOLES;XIRECS;10814.0;2;3;4
549700;;;GALAXY_SOUNDS_DARK_MATTER;XIRECS;10228.0;2;3;4
549700;;;GALAXY_SOUNDS_PLANETARY_RINGS;XIRECS;11702.0;2;3;4
549700;;;GALAXY_SOUNDS_SOLAR_FLAMES;XIRECS;10856.0;2;3;4
549700;;;GALAXY_SOUNDS_SOLAR_WINDS;XIRECS;10562.0;2;3;4
549700;;;OXYGEN_SHAKE_CHOCOLATE;XIRECS;9128.0;2;3;4
549700;;;OXYGEN_SHAKE_EVENING_BREATH;XIRECS;9266.0;2;3;4
549700;;;OXYGEN_SHAKE_GARLIC;XIRECS;11321.0;2;3;4
549700;;;OXYGEN_SHAKE_MINT;XIRECS;10295.0;2;3;4
549700;;;OXYGEN_SHAKE_MORNING_BREATH;XIRECS;10022.0;2;3;4
549700;;;PANEL_1X2;XIRECS;8124.0;2;3;4
549700;;;PANEL_1X4;XIRECS;9383.0;2;3;4
549700;;;PANEL_2X2;XIRECS;10513.0;2;3;4
549700;;;PANEL_2X4;XIRECS;11574.0;2;3;4
549700;;;PANEL_4X4;XIRECS;9153.0;2;3;4
549700;;;ROBOT_DISHES;XIRECS;10015.0;2;3;4
549700;;;ROBOT_IRONING;XIRECS;9063.0;2;3;4
549700;;;ROBOT_LAUNDRY;XIRECS;10176.0;2;3;4
549700;;;ROBOT_MOPPING;XIRECS;11176.0;2;3;4
549700;;;ROBOT_VACUUMING;XIRECS;8611.0;2;3;4
549700;;;SLEEP_POD_COTTON;XIRECS;11145.0;2;3;4
549700;;;SLEEP_POD_LAMB_WOOL;XIRECS;10846.0;2;3;4
549700;;;SLEEP_POD_NYLON;XIRECS;9632.0;2;3;4
549700;;;SLEEP_POD_POLYESTER;XIRECS;11724.0;2;3;4
549700;;;SLEEP_POD_SUEDE;XIRECS;11894.0;2;3;4
549700;;;SNACKPACK_CHOCOLATE;XIRECS;9941.0;2;3;4
549700;;;SNACKPACK_RASPBERRY;XIRECS;10140.0;2;3;4
549700;;;TRANSLATOR_ASTRO_BLACK;XIRECS;8469.0;2;3;4
549700;;;TRANSLATOR_ECLIPSE_CHARCOAL;XIRECS;9606.0;2;3;4
549700;;;TRANSLATOR_GRAPHITE_MIST;XIRECS;9827.0;2;3;4
549700;;;TRANSLATOR_SPACE_GRAY;XIRECS;9718.0;2;3;4
549700;;;TRANSLATOR_VOID_BLUE;XIRECS;11206.0;2;3;4
549700;;;UV_VISOR_AMBER;XIRECS;7591.0;2;3;4
549700;;;UV_VISOR_MAGENTA;XIRECS;11350.0;2;3;4
549700;;;UV_VISOR_ORANGE;XIRECS;11034.0;2;3;4
549700;;;UV_VISOR_RED;XIRECS;10941.0;2;3;4
549700;;;UV_VISOR_YELLOW;XIRECS;11125.0;2;3;4
550100;;SUBMISSION;MICROCHIP_CIRCLE;XIRECS;9038.0;2;3;4
550200;;SUBMISSION;MICROCHIP_CIRCLE;XIRECS;9021.0;3;3;4
551500;;SUBMISSION;OXYGEN_SHAKE_MORNING_BREATH;XIRECS;9970.0;5;3;4
551800;SUBMISSION;;SNACKPACK_STRAWBERRY;XIRECS;10718.0;2;3;4
551800;SUBMISSION;;SNACKPACK_PISTACHIO;XIRECS;9555.0;2;3;4
551800;SUBMISSION;;SNACKPACK_VANILLA;XIRECS;9957.0;2;3;4
552400;;SUBMISSION;PEBBLES_XL;XIRECS;14533.0;2;3;4
552400;;;PEBBLES_L;XIRECS;10269.0;5;3;4
552400;;;PEBBLES_M;XIRECS;10053.0;5;3;4
552400;;;PEBBLES_S;XIRECS;8585.0;5;3;4
552400;;;PEBBLES_XS;XIRECS;6590.0;5;3;4
552500;;SUBMISSION;GALAXY_SOUNDS_BLACK_HOLES;XIRECS;10740.0;5;3;4
553000;SUBMISSION;;PEBBLES_XL;XIRECS;14411.0;2;3;4
553000;;;PEBBLES_L;XIRECS;10298.0;3;3;4
553000;;;PEBBLES_M;XIRECS;10052.0;3;3;4
553000;;;PEBBLES_S;XIRECS;8619.0;3;3;4
553000;;;PEBBLES_XS;XIRECS;6589.0;3;3;4
553100;;SUBMISSION;PEBBLES_XL;XIRECS;14437.0;4;3;4
554200;;SUBMISSION;OXYGEN_SHAKE_MORNING_BREATH;XIRECS;9913.0;5;3;4
554900;SUBMISSION;;PEBBLES_XL;XIRECS;14500.0;2;3;4
554900;;;PEBBLES_L;XIRECS;10264.0;5;3;4
554900;;;PEBBLES_M;XIRECS;10029.0;5;3;4
554900;;;PEBBLES_S;XIRECS;8675.0;5;3;4
554900;;;PEBBLES_XS;XIRECS;6501.0;5;3;4
555300;;SUBMISSION;GALAXY_SOUNDS_BLACK_HOLES;XIRECS;10659.0;5;3;4
555500;;SUBMISSION;SNACKPACK_STRAWBERRY;XIRECS;10711.0;5;3;4
555500;;SUBMISSION;SNACKPACK_PISTACHIO;XIRECS;9556.0;5;3;4
555500;;SUBMISSION;SNACKPACK_VANILLA;XIRECS;9978.0;5;3;4
555700;SUBMISSION;;SNACKPACK_STRAWBERRY;XIRECS;10734.0;1;3;4
555700;SUBMISSION;;SNACKPACK_PISTACHIO;XIRECS;9570.0;1;3;4
555700;SUBMISSION;;SNACKPACK_VANILLA;XIRECS;9977.0;1;3;4
555700;;;GALAXY_SOUNDS_BLACK_HOLES;XIRECS;10668.0;3;3;4
555700;;;GALAXY_SOUNDS_DARK_MATTER;XIRECS;10368.0;3;3;4
555700;;;GALAXY_SOUNDS_PLANETARY_RINGS;XIRECS;11697.0;3;3;4
555700;;;GALAXY_SOUNDS_SOLAR_FLAMES;XIRECS;10764.0;3;3;4
555700;;;GALAXY_SOUNDS_SOLAR_WINDS;XIRECS;10606.0;3;3;4
555700;;;OXYGEN_SHAKE_CHOCOLATE;XIRECS;9087.0;3;3;4
555700;;;OXYGEN_SHAKE_EVENING_BREATH;XIRECS;9194.0;3;3;4
555700;;;OXYGEN_SHAKE_GARLIC;XIRECS;11337.0;3;3;4
555700;;;OXYGEN_SHAKE_MINT;XIRECS;10165.0;3;3;4
555700;;;OXYGEN_SHAKE_MORNING_BREATH;XIRECS;9954.0;3;3;4
555700;;;PANEL_1X2;XIRECS;8126.0;3;3;4
555700;;;PANEL_1X4;XIRECS;9238.0;3;3;4
555700;;;PANEL_2X2;XIRECS;10522.0;3;3;4
555700;;;PANEL_2X4;XIRECS;11583.0;3;3;4
555700;;;PANEL_4X4;XIRECS;9135.0;3;3;4
555700;;;ROBOT_DISHES;XIRECS;9926.0;3;3;4
555700;;;ROBOT_IRONING;XIRECS;9087.0;3;3;4
555700;;;ROBOT_LAUNDRY;XIRECS;10145.0;3;3;4
555700;;;ROBOT_MOPPING;XIRECS;11109.0;3;3;4
555700;;;ROBOT_VACUUMING;XIRECS;8622.0;3;3;4
555700;;;SLEEP_POD_COTTON;XIRECS;11076.0;3;3;4
555700;;;SLEEP_POD_LAMB_WOOL;XIRECS;10847.0;3;3;4
555700;;;SLEEP_POD_NYLON;XIRECS;9603.0;3;3;4
555700;;;SLEEP_POD_POLYESTER;XIRECS;11758.0;3;3;4
555700;;;SLEEP_POD_SUEDE;XIRECS;11903.0;3;3;4
555700;;;SNACKPACK_CHOCOLATE;XIRECS;9905.0;3;3;4
555700;;;SNACKPACK_RASPBERRY;XIRECS;10110.0;3;3;4
555700;;;TRANSLATOR_ASTRO_BLACK;XIRECS;8455.0;3;3;4
555700;;;TRANSLATOR_ECLIPSE_CHARCOAL;XIRECS;9610.0;3;3;4
555700;;;TRANSLATOR_GRAPHITE_MIST;XIRECS;9782.0;3;3;4
555700;;;TRANSLATOR_SPACE_GRAY;XIRECS;9496.0;3;3;4
555700;;;TRANSLATOR_VOID_BLUE;XIRECS;11142.0;3;3;4
555700;;;UV_VISOR_AMBER;XIRECS;7544.0;3;3;4
555700;;;UV_VISOR_MAGENTA;XIRECS;11448.0;3;3;4
555700;;;UV_VISOR_ORANGE;XIRECS;11023.0;3;3;4
555700;;;UV_VISOR_RED;XIRECS;10830.0;3;3;4
555700;;;UV_VISOR_YELLOW;XIRECS;11028.0;3;3;4
556500;;SUBMISSION;PEBBLES_XL;XIRECS;14326.0;3;3;4
556500;;SUBMISSION;PEBBLES_XL;XIRECS;14335.0;2;3;4
556500;;;PEBBLES_L;XIRECS;10304.0;5;3;4
556500;;;PEBBLES_M;XIRECS;10151.0;5;3;4
556500;;;PEBBLES_S;XIRECS;8771.0;5;3;4
556500;;;PEBBLES_XS;XIRECS;6470.0;5;3;4
558400;;;GALAXY_SOUNDS_BLACK_HOLES;XIRECS;10742.0;1;3;4
558400;;;GALAXY_SOUNDS_DARK_MATTER;XIRECS;10334.0;1;3;4
558400;;;GALAXY_SOUNDS_PLANETARY_RINGS;XIRECS;11661.0;1;3;4
558400;;;GALAXY_SOUNDS_SOLAR_FLAMES;XIRECS;10739.0;1;3;4
558400;;;GALAXY_SOUNDS_SOLAR_WINDS;XIRECS;10569.0;1;3;4
558400;;;OXYGEN_SHAKE_CHOCOLATE;XIRECS;9094.0;1;3;4
558400;;;OXYGEN_SHAKE_EVENING_BREATH;XIRECS;9204.0;1;3;4
558400;;;OXYGEN_SHAKE_GARLIC;XIRECS;11394.0;1;3;4
558400;;;OXYGEN_SHAKE_MINT;XIRECS;10194.0;1;3;4
558400;;;OXYGEN_SHAKE_MORNING_BREATH;XIRECS;9984.0;1;3;4
558400;;;PANEL_1X2;XIRECS;8204.0;1;3;4
558400;;;PANEL_1X4;XIRECS;9234.0;1;3;4
558400;;;PANEL_2X2;XIRECS;10534.0;1;3;4
558400;;;PANEL_2X4;XIRECS;11599.0;1;3;4
558400;;;PANEL_4X4;XIRECS;9214.0;1;3;4
558400;;;ROBOT_DISHES;XIRECS;9933.0;1;3;4
558400;;;ROBOT_IRONING;XIRECS;9077.0;1;3;4
558400;;;ROBOT_LAUNDRY;XIRECS;10173.0;1;3;4
558400;;;ROBOT_MOPPING;XIRECS;11207.0;1;3;4
558400;;;ROBOT_VACUUMING;XIRECS;8619.0;1;3;4
558400;;;SLEEP_POD_COTTON;XIRECS;11110.0;1;3;4
558400;;;SLEEP_POD_LAMB_WOOL;XIRECS;10911.0;1;3;4
558400;;;SLEEP_POD_NYLON;XIRECS;9575.0;1;3;4
558400;;;SLEEP_POD_POLYESTER;XIRECS;11751.0;1;3;4
558400;;;SLEEP_POD_SUEDE;XIRECS;11852.0;1;3;4
558400;;;SNACKPACK_CHOCOLATE;XIRECS;9898.0;1;3;4
558400;;;SNACKPACK_PISTACHIO;XIRECS;9565.0;1;3;4
558400;;;SNACKPACK_RASPBERRY;XIRECS;10125.0;1;3;4
558400;;;SNACKPACK_STRAWBERRY;XIRECS;10743.0;1;3;4
558400;;;SNACKPACK_VANILLA;XIRECS;9989.0;1;3;4
558400;;;TRANSLATOR_ASTRO_BLACK;XIRECS;8455.0;1;3;4
558400;;;TRANSLATOR_ECLIPSE_CHARCOAL;XIRECS;9690.0;1;3;4
558400;;;TRANSLATOR_GRAPHITE_MIST;XIRECS;9745.0;1;3;4
558400;;;TRANSLATOR_SPACE_GRAY;XIRECS;9526.0;1;3;4
558400;;;TRANSLATOR_VOID_BLUE;XIRECS;11178.0;1;3;4
558400;;;UV_VISOR_AMBER;XIRECS;7566.0;1;3;4
558400;;;UV_VISOR_MAGENTA;XIRECS;11472.0;1;3;4
558400;;;UV_VISOR_ORANGE;XIRECS;10946.0;1;3;4
558400;;;UV_VISOR_RED;XIRECS;10807.0;1;3;4
558400;;;UV_VISOR_YELLOW;XIRECS;10958.0;1;3;4
558700;SUBMISSION;;MICROCHIP_CIRCLE;XIRECS;9108.0;5;3;4
562000;;;GALAXY_SOUNDS_BLACK_HOLES;XIRECS;10822.0;1;3;4
562000;;;GALAXY_SOUNDS_DARK_MATTER;XIRECS;10258.0;1;3;4
562000;;;GALAXY_SOUNDS_PLANETARY_RINGS;XIRECS;11515.0;1;3;4
562000;;;GALAXY_SOUNDS_SOLAR_FLAMES;XIRECS;10700.0;1;3;4
562000;;;GALAXY_SOUNDS_SOLAR_WINDS;XIRECS;10530.0;1;3;4
562000;;;OXYGEN_SHAKE_CHOCOLATE;XIRECS;9090.0;1;3;4
562000;;;OXYGEN_SHAKE_EVENING_BREATH;XIRECS;9206.0;1;3;4
562000;;;OXYGEN_SHAKE_GARLIC;XIRECS;11376.0;1;3;4
562000;;;OXYGEN_SHAKE_MINT;XIRECS;10162.0;1;3;4
562000;;;OXYGEN_SHAKE_MORNING_BREATH;XIRECS;9971.0;1;3;4
562000;;;PANEL_1X2;XIRECS;8221.0;1;3;4
562000;;;PANEL_1X4;XIRECS;9202.0;1;3;4
562000;;;PANEL_2X2;XIRECS;10622.0;1;3;4
562000;;;PANEL_2X4;XIRECS;11790.0;1;3;4
562000;;;PANEL_4X4;XIRECS;9135.0;1;3;4
562000;;;ROBOT_DISHES;XIRECS;9915.0;1;3;4
562000;;;ROBOT_IRONING;XIRECS;9123.0;1;3;4
562000;;;ROBOT_LAUNDRY;XIRECS;10114.0;1;3;4
562000;;;ROBOT_MOPPING;XIRECS;11248.0;1;3;4
562000;;;ROBOT_VACUUMING;XIRECS;8753.0;1;3;4
562000;;;SLEEP_POD_COTTON;XIRECS;11126.0;1;3;4
562000;;;SLEEP_POD_LAMB_WOOL;XIRECS;10883.0;1;3;4
562000;;;SLEEP_POD_NYLON;XIRECS;9611.0;1;3;4
562000;;;SLEEP_POD_POLYESTER;XIRECS;11761.0;1;3;4
562000;;;SLEEP_POD_SUEDE;XIRECS;11914.0;1;3;4
562000;;;SNACKPACK_CHOCOLATE;XIRECS;9933.0;1;3;4
562000;;;SNACKPACK_PISTACHIO;XIRECS;9552.0;1;3;4
562000;;;SNACKPACK_RASPBERRY;XIRECS;10187.0;1;3;4
562000;;;SNACKPACK_STRAWBERRY;XIRECS;10725.0;1;3;4
562000;;;SNACKPACK_VANILLA;XIRECS;9981.0;1;3;4
562000;;;TRANSLATOR_ASTRO_BLACK;XIRECS;8536.0;1;3;4
562000;;;TRANSLATOR_ECLIPSE_CHARCOAL;XIRECS;9718.0;1;3;4
562000;;;TRANSLATOR_GRAPHITE_MIST;XIRECS;9813.0;1;3;4
562000;;;TRANSLATOR_SPACE_GRAY;XIRECS;9436.0;1;3;4
562000;;;TRANSLATOR_VOID_BLUE;XIRECS;11155.0;1;3;4
562000;;;UV_VISOR_AMBER;XIRECS;7649.0;1;3;4
562000;;;UV_VISOR_MAGENTA;XIRECS;11467.0;1;3;4
562000;;;UV_VISOR_ORANGE;XIRECS;10996.0;1;3;4
562000;;;UV_VISOR_RED;XIRECS;10766.0;1;3;4
562000;;;UV_VISOR_YELLOW;XIRECS;10870.0;1;3;4
563500;;;MICROCHIP_CIRCLE;XIRECS;9118.0;3;3;4
563500;;;MICROCHIP_OVAL;XIRECS;8265.0;3;3;4
563500;;;MICROCHIP_RECTANGLE;XIRECS;7964.0;3;3;4
563500;;;MICROCHIP_SQUARE;XIRECS;15084.0;3;3;4
563500;;;MICROCHIP_TRIANGLE;XIRECS;10444.0;3;3;4
563700;;;MICROCHIP_CIRCLE;XIRECS;9114.0;3;3;4
563700;;;MICROCHIP_OVAL;XIRECS;8252.0;3;3;4
563700;;;MICROCHIP_RECTANGLE;XIRECS;7984.0;3;3;4
563700;;;MICROCHIP_SQUARE;XIRECS;15103.0;3;3;4
563700;;;MICROCHIP_TRIANGLE;XIRECS;10468.0;3;3;4
563800;;SUBMISSION;PEBBLES_XL;XIRECS;14168.0;2;3;4
563800;;;PEBBLES_L;XIRECS;10274.0;5;3;4
563800;;;PEBBLES_M;XIRECS;10225.0;5;3;4
563800;;;PEBBLES_S;XIRECS;9010.0;5;3;4
563800;;;PEBBLES_XS;XIRECS;6355.0;5;3;4
564500;SUBMISSION;;PEBBLES_XL;XIRECS;14388.0;8;3;4
564700;;;MICROCHIP_CIRCLE;XIRECS;9121.0;2;3;4
564700;;;MICROCHIP_OVAL;XIRECS;8232.0;2;3;4
564700;;;MICROCHIP_RECTANGLE;XIRECS;8039.0;2;3;4
564700;;;MICROCHIP_SQUARE;XIRECS;15346.0;2;3;4
564700;;;MICROCHIP_TRIANGLE;XIRECS;10494.0;2;3;4
564900;;;GALAXY_SOUNDS_BLACK_HOLES;XIRECS;10783.0;3;3;4
564900;;;GALAXY_SOUNDS_DARK_MATTER;XIRECS;10253.0;3;3;4
564900;;;GALAXY_SOUNDS_PLANETARY_RINGS;XIRECS;11540.0;3;3;4
564900;;;GALAXY_SOUNDS_SOLAR_FLAMES;XIRECS;10720.0;3;3;4
564900;;;GALAXY_SOUNDS_SOLAR_WINDS;XIRECS;10483.0;3;3;4
564900;;;OXYGEN_SHAKE_CHOCOLATE;XIRECS;9111.0;3;3;4
564900;;;OXYGEN_SHAKE_EVENING_BREATH;XIRECS;9204.0;3;3;4
564900;;;OXYGEN_SHAKE_GARLIC;XIRECS;11327.0;3;3;4
564900;;;OXYGEN_SHAKE_MINT;XIRECS;10245.0;3;3;4
564900;;;OXYGEN_SHAKE_MORNING_BREATH;XIRECS;9964.0;3;3;4
564900;;;PANEL_1X2;XIRECS;8172.0;3;3;4
564900;;;PANEL_1X4;XIRECS;9166.0;3;3;4
564900;;;PANEL_2X2;XIRECS;10572.0;3;3;4
564900;;;PANEL_2X4;XIRECS;11718.0;3;3;4
564900;;;PANEL_4X4;XIRECS;9138.0;3;3;4
564900;;;ROBOT_DISHES;XIRECS;9877.0;3;3;4
564900;;;ROBOT_IRONING;XIRECS;9067.0;3;3;4
564900;;;ROBOT_LAUNDRY;XIRECS;10052.0;3;3;4
564900;;;ROBOT_MOPPING;XIRECS;11316.0;3;3;4
564900;;;ROBOT_VACUUMING;XIRECS;8799.0;3;3;4
564900;;;SLEEP_POD_COTTON;XIRECS;11165.0;3;3;4
564900;;;SLEEP_POD_LAMB_WOOL;XIRECS;10883.0;3;3;4
564900;;;SLEEP_POD_NYLON;XIRECS;9534.0;3;3;4
564900;;;SLEEP_POD_POLYESTER;XIRECS;11635.0;3;3;4
564900;;;SLEEP_POD_SUEDE;XIRECS;11967.0;3;3;4
564900;;;SNACKPACK_CHOCOLATE;XIRECS;9929.0;3;3;4
564900;;;SNACKPACK_PISTACHIO;XIRECS;9524.0;3;3;4
564900;;;SNACKPACK_RASPBERRY;XIRECS;10172.0;3;3;4
564900;;;SNACKPACK_STRAWBERRY;XIRECS;10713.0;3;3;4
564900;;;SNACKPACK_VANILLA;XIRECS;9953.0;3;3;4
564900;;;TRANSLATOR_ASTRO_BLACK;XIRECS;8506.0;3;3;4
564900;;;TRANSLATOR_ECLIPSE_CHARCOAL;XIRECS;9737.0;3;3;4
564900;;;TRANSLATOR_GRAPHITE_MIST;XIRECS;9880.0;3;3;4
564900;;;TRANSLATOR_SPACE_GRAY;XIRECS;9437.0;3;3;4
564900;;;TRANSLATOR_VOID_BLUE;XIRECS;11140.0;3;3;4
564900;;;UV_VISOR_AMBER;XIRECS;7566.0;3;3;4
564900;;;UV_VISOR_MAGENTA;XIRECS;11437.0;3;3;4
564900;;;UV_VISOR_ORANGE;XIRECS;10879.0;3;3;4
564900;;;UV_VISOR_RED;XIRECS;10775.0;3;3;4
564900;;;UV_VISOR_YELLOW;XIRECS;10799.0;3;3;4
565700;;SUBMISSION;SNACKPACK_STRAWBERRY;XIRECS;10703.0;4;3;4
565700;;SUBMISSION;SNACKPACK_PISTACHIO;XIRECS;9517.0;4;3;4
565700;;SUBMISSION;SNACKPACK_VANILLA;XIRECS;9982.0;4;3;4
566100;SUBMISSION;;SLEEP_POD_COTTON;XIRECS;11241.0;5;3;4
566400;SUBMISSION;;GALAXY_SOUNDS_BLACK_HOLES;XIRECS;10805.0;5;3;4
566500;;SUBMISSION;PEBBLES_XL;XIRECS;14430.0;3;3;4
567300;SUBMISSION;;PEBBLES_XL;XIRECS;14529.0;2;3;4
567300;;;PEBBLES_L;XIRECS;10243.0;3;3;4
567300;;;PEBBLES_M;XIRECS;10125.0;3;3;4
567300;;;PEBBLES_S;XIRECS;8927.0;3;3;4
567300;;;PEBBLES_XS;XIRECS;6144.0;3;3;4
567800;SUBMISSION;;PEBBLES_XL;XIRECS;14536.0;2;3;4
567800;;;PEBBLES_L;XIRECS;10230.0;4;3;4
567800;;;PEBBLES_M;XIRECS;10110.0;4;3;4
567800;;;PEBBLES_S;XIRECS;8936.0;4;3;4
567800;;;PEBBLES_XS;XIRECS;6157.0;4;3;4
567900;;SUBMISSION;GALAXY_SOUNDS_PLANETARY_RINGS;XIRECS;11537.0;5;3;4
568100;SUBMISSION;;SLEEP_POD_COTTON;XIRECS;11317.0;5;3;4
570300;;SUBMISSION;PEBBLES_XL;XIRECS;14549.0;6;3;4
570400;SUBMISSION;;SLEEP_POD_COTTON;XIRECS;11340.0;5;3;4
570600;;;MICROCHIP_CIRCLE;XIRECS;9135.0;1;3;4
570600;;;MICROCHIP_OVAL;XIRECS;8225.0;1;3;4
570600;;;MICROCHIP_RECTANGLE;XIRECS;7922.0;1;3;4
570600;;;MICROCHIP_SQUARE;XIRECS;15532.0;1;3;4
570600;;;MICROCHIP_TRIANGLE;XIRECS;10220.0;1;3;4
571000;SUBMISSION;;GALAXY_SOUNDS_BLACK_HOLES;XIRECS;10926.0;5;3;4
572200;;SUBMISSION;PEBBLES_XL;XIRECS;14591.0;6;3;4
572700;SUBMISSION;;GALAXY_SOUNDS_BLACK_HOLES;XIRECS;10970.0;5;3;4
573100;;;MICROCHIP_CIRCLE;XIRECS;9110.0;3;3;4
573100;;;MICROCHIP_OVAL;XIRECS;8284.0;3;3;4
573100;;;MICROCHIP_RECTANGLE;XIRECS;7857.0;3;3;4
573100;;;MICROCHIP_SQUARE;XIRECS;15276.0;3;3;4
573100;;;MICROCHIP_TRIANGLE;XIRECS;10444.0;3;3;4
573700;SUBMISSION;;PEBBLES_XL;XIRECS;14638.0;4;3;4
573900;SUBMISSION;;SLEEP_POD_COTTON;XIRECS;11339.0;5;3;4
574300;SUBMISSION;;PEBBLES_XL;XIRECS;14641.0;8;3;4
574500;SUBMISSION;;OXYGEN_SHAKE_MORNING_BREATH;XIRECS;10028.0;5;3;4
574500;;SUBMISSION;GALAXY_SOUNDS_PLANETARY_RINGS;XIRECS;11473.0;5;3;4
574800;SUBMISSION;;GALAXY_SOUNDS_BLACK_HOLES;XIRECS;10978.0;5;3;4
575100;;SUBMISSION;PEBBLES_XL;XIRECS;14865.0;3;3;4
576200;;SUBMISSION;SLEEP_POD_COTTON;XIRECS;11263.0;5;3;4
576400;;SUBMISSION;PEBBLES_XL;XIRECS;14862.0;5;3;4
576600;;SUBMISSION;GALAXY_SOUNDS_PLANETARY_RINGS;XIRECS;11412.0;5;3;4
577400;;;MICROCHIP_CIRCLE;XIRECS;9096.0;3;3;4
577400;;;MICROCHIP_OVAL;XIRECS;8400.0;3;3;4
577400;;;MICROCHIP_RECTANGLE;XIRECS;7780.0;3;3;4
577400;;;MICROCHIP_SQUARE;XIRECS;15162.0;3;3;4
577400;;;MICROCHIP_TRIANGLE;XIRECS;10357.0;3;3;4
578300;SUBMISSION;;PEBBLES_XL;XIRECS;14835.0;4;3;4
578500;SUBMISSION;;SNACKPACK_STRAWBERRY;XIRECS;10527.0;2;3;4
578500;SUBMISSION;;SNACKPACK_PISTACHIO;XIRECS;9384.0;2;3;4
578500;SUBMISSION;;SNACKPACK_VANILLA;XIRECS;10029.0;2;3;4
578900;;SUBMISSION;PEBBLES_XL;XIRECS;14731.0;5;3;4
579200;;SUBMISSION;OXYGEN_SHAKE_MORNING_BREATH;XIRECS;9932.0;5;3;4
579300;;SUBMISSION;GALAXY_SOUNDS_PLANETARY_RINGS;XIRECS;11438.0;5;3;4
580000;;SUBMISSION;PEBBLES_XL;XIRECS;14667.0;6;3;4
580700;;SUBMISSION;MICROCHIP_CIRCLE;XIRECS;9033.0;5;3;4
581300;;;MICROCHIP_CIRCLE;XIRECS;9029.0;1;3;4
581300;;;MICROCHIP_OVAL;XIRECS;8354.0;1;3;4
581300;;;MICROCHIP_RECTANGLE;XIRECS;7772.0;1;3;4
581300;;;MICROCHIP_SQUARE;XIRECS;15207.0;1;3;4
581300;;;MICROCHIP_TRIANGLE;XIRECS;10330.0;1;3;4
582000;;SUBMISSION;OXYGEN_SHAKE_MORNING_BREATH;XIRECS;9815.0;5;3;4
582400;;;GALAXY_SOUNDS_BLACK_HOLES;XIRECS;11229.0;3;3;4
582400;;;GALAXY_SOUNDS_DARK_MATTER;XIRECS;10419.0;3;3;4
582400;;;GALAXY_SOUNDS_PLANETARY_RINGS;XIRECS;11544.0;3;3;4
582400;;;GALAXY_SOUNDS_SOLAR_FLAMES;XIRECS;10884.0;3;3;4
582400;;;GALAXY_SOUNDS_SOLAR_WINDS;XIRECS;10426.0;3;3;4
582400;;;OXYGEN_SHAKE_CHOCOLATE;XIRECS;9172.0;3;3;4
582400;;;OXYGEN_SHAKE_EVENING_BREATH;XIRECS;9116.0;3;3;4
582400;;;OXYGEN_SHAKE_GARLIC;XIRECS;11537.0;3;3;4
582400;;;OXYGEN_SHAKE_MINT;XIRECS;10188.0;3;3;4
582400;;;OXYGEN_SHAKE_MORNING_BREATH;XIRECS;9834.0;3;3;4
582400;;;PANEL_1X2;XIRECS;8237.0;3;3;4
582400;;;PANEL_1X4;XIRECS;9030.0;3;3;4
582400;;;PANEL_2X2;XIRECS;10332.0;3;3;4
582400;;;PANEL_2X4;XIRECS;11675.0;3;3;4
582400;;;PANEL_4X4;XIRECS;9160.0;3;3;4
582400;;;ROBOT_DISHES;XIRECS;9847.0;3;3;4
582400;;;ROBOT_IRONING;XIRECS;9023.0;3;3;4
582400;;;ROBOT_LAUNDRY;XIRECS;9907.0;3;3;4
582400;;;ROBOT_MOPPING;XIRECS;11572.0;3;3;4
582400;;;ROBOT_VACUUMING;XIRECS;8815.0;3;3;4
582400;;;SLEEP_POD_COTTON;XIRECS;11256.0;3;3;4
582400;;;SLEEP_POD_LAMB_WOOL;XIRECS;10673.0;3;3;4
582400;;;SLEEP_POD_NYLON;XIRECS;9396.0;3;3;4
582400;;;SLEEP_POD_POLYESTER;XIRECS;11774.0;3;3;4
582400;;;SLEEP_POD_SUEDE;XIRECS;11853.0;3;3;4
582400;;;SNACKPACK_CHOCOLATE;XIRECS;9825.0;3;3;4
582400;;;SNACKPACK_PISTACHIO;XIRECS;9403.0;3;3;4
582400;;;SNACKPACK_RASPBERRY;XIRECS;10394.0;3;3;4
582400;;;SNACKPACK_STRAWBERRY;XIRECS;10556.0;3;3;4
582400;;;SNACKPACK_VANILLA;XIRECS;10071.0;3;3;4
582400;;;TRANSLATOR_ASTRO_BLACK;XIRECS;8697.0;3;3;4
582400;;;TRANSLATOR_ECLIPSE_CHARCOAL;XIRECS;9854.0;3;3;4
582400;;;TRANSLATOR_GRAPHITE_MIST;XIRECS;9824.0;3;3;4
582400;;;TRANSLATOR_SPACE_GRAY;XIRECS;9430.0;3;3;4
582400;;;TRANSLATOR_VOID_BLUE;XIRECS;11194.0;3;3;4
582400;;;UV_VISOR_AMBER;XIRECS;7513.0;3;3;4
582400;;;UV_VISOR_MAGENTA;XIRECS;11740.0;3;3;4
582400;;;UV_VISOR_ORANGE;XIRECS;10909.0;3;3;4
582400;;;UV_VISOR_RED;XIRECS;10800.0;3;3;4
582400;;;UV_VISOR_YELLOW;XIRECS;10978.0;3;3;4
582700;SUBMISSION;;GALAXY_SOUNDS_PLANETARY_RINGS;XIRECS;11540.0;5;3;4
583200;;;PEBBLES_L;XIRECS;9944.0;5;3;4
583200;;;PEBBLES_M;XIRECS;10375.0;5;3;4
583200;;;PEBBLES_S;XIRECS;9026.0;5;3;4
583200;;;PEBBLES_XL;XIRECS;14622.0;5;3;4
583200;;;PEBBLES_XS;XIRECS;6066.0;5;3;4
583400;;SUBMISSION;PEBBLES_XL;XIRECS;14670.0;5;3;4
585000;;;GALAXY_SOUNDS_BLACK_HOLES;XIRECS;11200.0;1;3;4
585000;;;GALAXY_SOUNDS_DARK_MATTER;XIRECS;10544.0;1;3;4
585000;;;GALAXY_SOUNDS_PLANETARY_RINGS;XIRECS;11466.0;1;3;4
585000;;;GALAXY_SOUNDS_SOLAR_FLAMES;XIRECS;10912.0;1;3;4
585000;;;GALAXY_SOUNDS_SOLAR_WINDS;XIRECS;10486.0;1;3;4
585000;;;OXYGEN_SHAKE_CHOCOLATE;XIRECS;9207.0;1;3;4
585000;;;OXYGEN_SHAKE_EVENING_BREATH;XIRECS;9186.0;1;3;4
585000;;;OXYGEN_SHAKE_GARLIC;XIRECS;11542.0;1;3;4
585000;;;OXYGEN_SHAKE_MINT;XIRECS;10193.0;1;3;4
585000;;;OXYGEN_SHAKE_MORNING_BREATH;XIRECS;9851.0;1;3;4
585000;;;PANEL_1X2;XIRECS;8221.0;1;3;4
585000;;;PANEL_1X4;XIRECS;9091.0;1;3;4
585000;;;PANEL_2X2;XIRECS;10411.0;1;3;4
585000;;;PANEL_2X4;XIRECS;11705.0;1;3;4
585000;;;PANEL_4X4;XIRECS;9209.0;1;3;4
585000;;;ROBOT_DISHES;XIRECS;9834.0;1;3;4
585000;;;ROBOT_IRONING;XIRECS;9003.0;1;3;4
585000;;;ROBOT_LAUNDRY;XIRECS;9892.0;1;3;4
585000;;;ROBOT_MOPPING;XIRECS;11613.0;1;3;4
585000;;;ROBOT_VACUUMING;XIRECS;8800.0;1;3;4
585000;;;SLEEP_POD_COTTON;XIRECS;11343.0;1;3;4
585000;;;SLEEP_POD_LAMB_WOOL;XIRECS;10694.0;1;3;4
585000;;;SLEEP_POD_NYLON;XIRECS;9374.0;1;3;4
585000;;;SLEEP_POD_POLYESTER;XIRECS;11722.0;1;3;4
585000;;;SLEEP_POD_SUEDE;XIRECS;11937.0;1;3;4
585000;;;SNACKPACK_CHOCOLATE;XIRECS;9807.0;1;3;4
585000;;;SNACKPACK_PISTACHIO;XIRECS;9402.0;1;3;4
585000;;;SNACKPACK_RASPBERRY;XIRECS;10382.0;1;3;4
585000;;;SNACKPACK_STRAWBERRY;XIRECS;10554.0;1;3;4
585000;;;SNACKPACK_VANILLA;XIRECS;10101.0;1;3;4
585000;;;TRANSLATOR_ASTRO_BLACK;XIRECS;8648.0;1;3;4
585000;;;TRANSLATOR_ECLIPSE_CHARCOAL;XIRECS;9877.0;1;3;4
585000;;;TRANSLATOR_GRAPHITE_MIST;XIRECS;9829.0;1;3;4
585000;;;TRANSLATOR_SPACE_GRAY;XIRECS;9538.0;1;3;4
585000;;;TRANSLATOR_VOID_BLUE;XIRECS;11152.0;1;3;4
585000;;;UV_VISOR_AMBER;XIRECS;7543.0;1;3;4
585000;;;UV_VISOR_MAGENTA;XIRECS;11686.0;1;3;4
585000;;;UV_VISOR_ORANGE;XIRECS;10883.0;1;3;4
585000;;;UV_VISOR_RED;XIRECS;10772.0;1;3;4
585000;;;UV_VISOR_YELLOW;XIRECS;10953.0;1;3;4
585300;SUBMISSION;;PEBBLES_XL;XIRECS;14522.0;2;3;4
585300;;;PEBBLES_L;XIRECS;10052.0;2;3;4
585300;;;PEBBLES_M;XIRECS;10344.0;2;3;4
585300;;;PEBBLES_S;XIRECS;9026.0;2;3;4
585300;;;PEBBLES_XS;XIRECS;6025.0;2;3;4
585700;SUBMISSION;;MICROCHIP_CIRCLE;XIRECS;9100.0;5;3;4
585800;;;MICROCHIP_CIRCLE;XIRECS;9092.0;1;3;4
585800;;;MICROCHIP_OVAL;XIRECS;8140.0;1;3;4
585800;;;MICROCHIP_RECTANGLE;XIRECS;7665.0;1;3;4
585800;;;MICROCHIP_SQUARE;XIRECS;15157.0;1;3;4
585800;;;MICROCHIP_TRIANGLE;XIRECS;10387.0;1;3;4
586400;;;GALAXY_SOUNDS_BLACK_HOLES;XIRECS;11211.0;4;3;4
586400;;;GALAXY_SOUNDS_DARK_MATTER;XIRECS;10495.0;4;3;4
586400;;;GALAXY_SOUNDS_PLANETARY_RINGS;XIRECS;11524.0;4;3;4
586400;;;GALAXY_SOUNDS_SOLAR_FLAMES;XIRECS;10882.0;4;3;4
586400;;;GALAXY_SOUNDS_SOLAR_WINDS;XIRECS;10523.0;4;3;4
586400;;;OXYGEN_SHAKE_CHOCOLATE;XIRECS;9170.0;4;3;4
586400;;;OXYGEN_SHAKE_EVENING_BREATH;XIRECS;9206.0;4;3;4
586400;;;OXYGEN_SHAKE_GARLIC;XIRECS;11608.0;4;3;4
586400;;;OXYGEN_SHAKE_MINT;XIRECS;10193.0;4;3;4
586400;;;OXYGEN_SHAKE_MORNING_BREATH;XIRECS;9826.0;4;3;4
586400;;;PANEL_1X2;XIRECS;8200.0;4;3;4
586400;;;PANEL_1X4;XIRECS;9122.0;4;3;4
586400;;;PANEL_2X2;XIRECS;10336.0;4;3;4
586400;;;PANEL_2X4;XIRECS;11666.0;4;3;4
586400;;;PANEL_4X4;XIRECS;9179.0;4;3;4
586400;;;ROBOT_DISHES;XIRECS;9844.0;4;3;4
586400;;;ROBOT_IRONING;XIRECS;9003.0;4;3;4
586400;;;ROBOT_LAUNDRY;XIRECS;9940.0;4;3;4
586400;;;ROBOT_MOPPING;XIRECS;11657.0;4;3;4
586400;;;ROBOT_VACUUMING;XIRECS;8817.0;4;3;4
586400;;;SLEEP_POD_COTTON;XIRECS;11326.0;4;3;4
586400;;;SLEEP_POD_LAMB_WOOL;XIRECS;10680.0;4;3;4
586400;;;SLEEP_POD_NYLON;XIRECS;9422.0;4;3;4
586400;;;SLEEP_POD_POLYESTER;XIRECS;11696.0;4;3;4
586400;;;SLEEP_POD_SUEDE;XIRECS;11904.0;4;3;4
586400;;;SNACKPACK_CHOCOLATE;XIRECS;9833.0;4;3;4
586400;;;SNACKPACK_PISTACHIO;XIRECS;9389.0;4;3;4
586400;;;SNACKPACK_RASPBERRY;XIRECS;10401.0;4;3;4
586400;;;SNACKPACK_STRAWBERRY;XIRECS;10534.0;4;3;4
586400;;;SNACKPACK_VANILLA;XIRECS;10081.0;4;3;4
586400;;;TRANSLATOR_ASTRO_BLACK;XIRECS;8632.0;4;3;4
586400;;;TRANSLATOR_ECLIPSE_CHARCOAL;XIRECS;9941.0;4;3;4
586400;;;TRANSLATOR_GRAPHITE_MIST;XIRECS;9866.0;4;3;4
586400;;;TRANSLATOR_SPACE_GRAY;XIRECS;9576.0;4;3;4
586400;;;TRANSLATOR_VOID_BLUE;XIRECS;11175.0;4;3;4
586400;;;UV_VISOR_AMBER;XIRECS;7571.0;4;3;4
586400;;;UV_VISOR_MAGENTA;XIRECS;11714.0;4;3;4
586400;;;UV_VISOR_ORANGE;XIRECS;10898.0;4;3;4
586400;;;UV_VISOR_RED;XIRECS;10759.0;4;3;4
586400;;;UV_VISOR_YELLOW;XIRECS;10998.0;4;3;4
587900;;;GALAXY_SOUNDS_BLACK_HOLES;XIRECS;11240.0;3;3;4
587900;;;GALAXY_SOUNDS_DARK_MATTER;XIRECS;10505.0;3;3;4
587900;;;GALAXY_SOUNDS_PLANETARY_RINGS;XIRECS;11603.0;3;3;4
587900;;;GALAXY_SOUNDS_SOLAR_FLAMES;XIRECS;10902.0;3;3;4
587900;;;GALAXY_SOUNDS_SOLAR_WINDS;XIRECS;10548.0;3;3;4
587900;;;OXYGEN_SHAKE_CHOCOLATE;XIRECS;9126.0;3;3;4
587900;;;OXYGEN_SHAKE_EVENING_BREATH;XIRECS;9256.0;3;3;4
587900;;;OXYGEN_SHAKE_GARLIC;XIRECS;11642.0;3;3;4
587900;;;OXYGEN_SHAKE_MINT;XIRECS;10290.0;3;3;4
587900;;;OXYGEN_SHAKE_MORNING_BREATH;XIRECS;9834.0;3;3;4
587900;;;PANEL_1X2;XIRECS;8248.0;3;3;4
587900;;;PANEL_1X4;XIRECS;9076.0;3;3;4
587900;;;PANEL_2X2;XIRECS;10358.0;3;3;4
587900;;;PANEL_2X4;XIRECS;11655.0;3;3;4
587900;;;PANEL_4X4;XIRECS;9192.0;3;3;4
587900;;;ROBOT_DISHES;XIRECS;9814.0;3;3;4
587900;;;ROBOT_IRONING;XIRECS;9013.0;3;3;4
587900;;;ROBOT_LAUNDRY;XIRECS;9985.0;3;3;4
587900;;;ROBOT_MOPPING;XIRECS;11711.0;3;3;4
587900;;;ROBOT_VACUUMING;XIRECS;8865.0;3;3;4
587900;;;SLEEP_POD_COTTON;XIRECS;11315.0;3;3;4
587900;;;SLEEP_POD_LAMB_WOOL;XIRECS;10674.0;3;3;4
587900;;;SLEEP_POD_NYLON;XIRECS;9432.0;3;3;4
587900;;;SLEEP_POD_POLYESTER;XIRECS;11759.0;3;3;4
587900;;;SLEEP_POD_SUEDE;XIRECS;11970.0;3;3;4
587900;;;SNACKPACK_CHOCOLATE;XIRECS;9870.0;3;3;4
587900;;;SNACKPACK_PISTACHIO;XIRECS;9371.0;3;3;4
587900;;;SNACKPACK_RASPBERRY;XIRECS;10418.0;3;3;4
587900;;;SNACKPACK_STRAWBERRY;XIRECS;10523.0;3;3;4
587900;;;SNACKPACK_VANILLA;XIRECS;10041.0;3;3;4
587900;;;TRANSLATOR_ASTRO_BLACK;XIRECS;8582.0;3;3;4
587900;;;TRANSLATOR_ECLIPSE_CHARCOAL;XIRECS;9961.0;3;3;4
587900;;;TRANSLATOR_GRAPHITE_MIST;XIRECS;9851.0;3;3;4
587900;;;TRANSLATOR_SPACE_GRAY;XIRECS;9525.0;3;3;4
587900;;;TRANSLATOR_VOID_BLUE;XIRECS;11159.0;3;3;4
587900;;;UV_VISOR_AMBER;XIRECS;7574.0;3;3;4
587900;;;UV_VISOR_MAGENTA;XIRECS;11732.0;3;3;4
587900;;;UV_VISOR_ORANGE;XIRECS;10926.0;3;3;4
587900;;;UV_VISOR_RED;XIRECS;10731.0;3;3;4
587900;;;UV_VISOR_YELLOW;XIRECS;11038.0;3;3;4
588000;SUBMISSION;;SNACKPACK_STRAWBERRY;XIRECS;10515.0;2;3;4
588000;SUBMISSION;;SNACKPACK_PISTACHIO;XIRECS;9366.0;2;3;4
588000;SUBMISSION;;SNACKPACK_VANILLA;XIRECS;10026.0;2;3;4
588000;;;GALAXY_SOUNDS_BLACK_HOLES;XIRECS;11236.0;2;3;4
588000;;;GALAXY_SOUNDS_DARK_MATTER;XIRECS;10493.0;2;3;4
588000;;;GALAXY_SOUNDS_PLANETARY_RINGS;XIRECS;11586.0;2;3;4
588000;;;GALAXY_SOUNDS_SOLAR_FLAMES;XIRECS;10887.0;2;3;4
588000;;;GALAXY_SOUNDS_SOLAR_WINDS;XIRECS;10532.0;2;3;4
588000;;;OXYGEN_SHAKE_CHOCOLATE;XIRECS;9119.0;2;3;4
588000;;;OXYGEN_SHAKE_EVENING_BREATH;XIRECS;9254.0;2;3;4
588000;;;OXYGEN_SHAKE_GARLIC;XIRECS;11624.0;2;3;4
588000;;;OXYGEN_SHAKE_MINT;XIRECS;10266.0;2;3;4
588000;;;OXYGEN_SHAKE_MORNING_BREATH;XIRECS;9822.0;2;3;4
588000;;;PANEL_1X2;XIRECS;8231.0;2;3;4
588000;;;PANEL_1X4;XIRECS;9077.0;2;3;4
588000;;;PANEL_2X2;XIRECS;10345.0;2;3;4
588000;;;PANEL_2X4;XIRECS;11650.0;2;3;4
588000;;;PANEL_4X4;XIRECS;9179.0;2;3;4
588000;;;ROBOT_DISHES;XIRECS;9796.0;2;3;4
588000;;;ROBOT_IRONING;XIRECS;9007.0;2;3;4
588000;;;ROBOT_LAUNDRY;XIRECS;9967.0;2;3;4
588000;;;ROBOT_MOPPING;XIRECS;11702.0;2;3;4
588000;;;ROBOT_VACUUMING;XIRECS;8862.0;2;3;4
588000;;;SLEEP_POD_COTTON;XIRECS;11296.0;2;3;4
588000;;;SLEEP_POD_LAMB_WOOL;XIRECS;10669.0;2;3;4
588000;;;SLEEP_POD_NYLON;XIRECS;9418.0;2;3;4
588000;;;SLEEP_POD_POLYESTER;XIRECS;11751.0;2;3;4
588000;;;SLEEP_POD_SUEDE;XIRECS;11943.0;2;3;4
588000;;;SNACKPACK_CHOCOLATE;XIRECS;9851.0;2;3;4
588000;;;SNACKPACK_RASPBERRY;XIRECS;10389.0;2;3;4
588000;;;TRANSLATOR_ASTRO_BLACK;XIRECS;8576.0;2;3;4
588000;;;TRANSLATOR_ECLIPSE_CHARCOAL;XIRECS;9952.0;2;3;4
588000;;;TRANSLATOR_GRAPHITE_MIST;XIRECS;9835.0;2;3;4
588000;;;TRANSLATOR_SPACE_GRAY;XIRECS;9511.0;2;3;4
588000;;;TRANSLATOR_VOID_BLUE;XIRECS;11145.0;2;3;4
588000;;;UV_VISOR_AMBER;XIRECS;7576.0;2;3;4
588000;;;UV_VISOR_MAGENTA;XIRECS;11707.0;2;3;4
588000;;;UV_VISOR_ORANGE;XIRECS;10909.0;2;3;4
588000;;;UV_VISOR_RED;XIRECS;10685.0;2;3;4
588000;;;UV_VISOR_YELLOW;XIRECS;11025.0;2;3;4
588300;SUBMISSION;;GALAXY_SOUNDS_PLANETARY_RINGS;XIRECS;11619.0;5;3;4
589800;SUBMISSION;;GALAXY_SOUNDS_PLANETARY_RINGS;XIRECS;11697.0;5;3;4
590000;;SUBMISSION;SNACKPACK_STRAWBERRY;XIRECS;10551.0;4;3;4
590000;;SUBMISSION;SNACKPACK_PISTACHIO;XIRECS;9379.0;4;3;4
590000;;SUBMISSION;SNACKPACK_VANILLA;XIRECS;10027.0;4;3;4
590100;;;GALAXY_SOUNDS_BLACK_HOLES;XIRECS;11311.0;3;3;4
590100;;;GALAXY_SOUNDS_DARK_MATTER;XIRECS;10565.0;3;3;4
590100;;;GALAXY_SOUNDS_PLANETARY_RINGS;XIRECS;11687.0;3;3;4
590100;;;GALAXY_SOUNDS_SOLAR_FLAMES;XIRECS;10864.0;3;3;4
590100;;;GALAXY_SOUNDS_SOLAR_WINDS;XIRECS;10550.0;3;3;4
590100;;;OXYGEN_SHAKE_CHOCOLATE;XIRECS;9056.0;3;3;4
590100;;;OXYGEN_SHAKE_EVENING_BREATH;XIRECS;9236.0;3;3;4
590100;;;OXYGEN_SHAKE_GARLIC;XIRECS;11637.0;3;3;4
590100;;;OXYGEN_SHAKE_MINT;XIRECS;10312.0;3;3;4
590100;;;OXYGEN_SHAKE_MORNING_BREATH;XIRECS;9805.0;3;3;4
590100;;;PANEL_1X2;XIRECS;8309.0;3;3;4
590100;;;PANEL_1X4;XIRECS;9097.0;3;3;4
590100;;;PANEL_2X2;XIRECS;10373.0;3;3;4
590100;;;PANEL_2X4;XIRECS;11711.0;3;3;4
590100;;;PANEL_4X4;XIRECS;9153.0;3;3;4
590100;;;ROBOT_DISHES;XIRECS;9754.0;3;3;4
590100;;;ROBOT_IRONING;XIRECS;8963.0;3;3;4
590100;;;ROBOT_LAUNDRY;XIRECS;9990.0;3;3;4
590100;;;ROBOT_MOPPING;XIRECS;11812.0;3;3;4
590100;;;ROBOT_VACUUMING;XIRECS;8893.0;3;3;4
590100;;;SLEEP_POD_COTTON;XIRECS;11247.0;3;3;4
590100;;;SLEEP_POD_LAMB_WOOL;XIRECS;10641.0;3;3;4
590100;;;SLEEP_POD_NYLON;XIRECS;9469.0;3;3;4
590100;;;SLEEP_POD_POLYESTER;XIRECS;11790.0;3;3;4
590100;;;SLEEP_POD_SUEDE;XIRECS;11904.0;3;3;4
590100;;;SNACKPACK_CHOCOLATE;XIRECS;9866.0;3;3;4
590100;;;SNACKPACK_PISTACHIO;XIRECS;9392.0;3;3;4
590100;;;SNACKPACK_RASPBERRY;XIRECS;10375.0;3;3;4
590100;;;SNACKPACK_STRAWBERRY;XIRECS;10566.0;3;3;4
590100;;;SNACKPACK_VANILLA;XIRECS;10044.0;3;3;4
590100;;;TRANSLATOR_ASTRO_BLACK;XIRECS;8619.0;3;3;4
590100;;;TRANSLATOR_ECLIPSE_CHARCOAL;XIRECS;9922.0;3;3;4
590100;;;TRANSLATOR_GRAPHITE_MIST;XIRECS;9885.0;3;3;4
590100;;;TRANSLATOR_SPACE_GRAY;XIRECS;9538.0;3;3;4
590100;;;TRANSLATOR_VOID_BLUE;XIRECS;11166.0;3;3;4
590100;;;UV_VISOR_AMBER;XIRECS;7584.0;3;3;4
590100;;;UV_VISOR_MAGENTA;XIRECS;11640.0;3;3;4
590100;;;UV_VISOR_ORANGE;XIRECS;10907.0;3;3;4
590100;;;UV_VISOR_RED;XIRECS;10643.0;3;3;4
590100;;;UV_VISOR_YELLOW;XIRECS;10991.0;3;3;4
590500;SUBMISSION;;SNACKPACK_STRAWBERRY;XIRECS;10533.0;3;3;4
590500;SUBMISSION;;SNACKPACK_PISTACHIO;XIRECS;9369.0;3;3;4
590500;SUBMISSION;;SNACKPACK_VANILLA;XIRECS;10019.0;3;3;4
591200;;SUBMISSION;SNACKPACK_STRAWBERRY;XIRECS;10538.0;3;3;4
591200;;SUBMISSION;SNACKPACK_PISTACHIO;XIRECS;9363.0;3;3;4
591200;;SUBMISSION;SNACKPACK_VANILLA;XIRECS;9981.0;3;3;4
591200;;;MICROCHIP_CIRCLE;XIRECS;9079.0;2;3;4
591200;;;MICROCHIP_OVAL;XIRECS;8094.0;2;3;4
591200;;;MICROCHIP_RECTANGLE;XIRECS;7734.0;2;3;4
591200;;;MICROCHIP_SQUARE;XIRECS;15080.0;2;3;4
591200;;;MICROCHIP_TRIANGLE;XIRECS;10352.0;2;3;4
591600;SUBMISSION;;GALAXY_SOUNDS_PLANETARY_RINGS;XIRECS;11683.0;5;3;4
592900;;SUBMISSION;GALAXY_SOUNDS_PLANETARY_RINGS;XIRECS;11514.0;5;3;4
593000;;SUBMISSION;MICROCHIP_CIRCLE;XIRECS;9028.0;5;3;4
593600;;;GALAXY_SOUNDS_BLACK_HOLES;XIRECS;11277.0;3;3;4
593600;;;GALAXY_SOUNDS_DARK_MATTER;XIRECS;10640.0;3;3;4
593600;;;GALAXY_SOUNDS_PLANETARY_RINGS;XIRECS;11580.0;3;3;4
593600;;;GALAXY_SOUNDS_SOLAR_FLAMES;XIRECS;10790.0;3;3;4
593600;;;GALAXY_SOUNDS_SOLAR_WINDS;XIRECS;10491.0;3;3;4
593600;;;OXYGEN_SHAKE_CHOCOLATE;XIRECS;9061.0;3;3;4
593600;;;OXYGEN_SHAKE_EVENING_BREATH;XIRECS;9156.0;3;3;4
593600;;;OXYGEN_SHAKE_GARLIC;XIRECS;11652.0;3;3;4
593600;;;OXYGEN_SHAKE_MINT;XIRECS;10269.0;3;3;4
593600;;;OXYGEN_SHAKE_MORNING_BREATH;XIRECS;9902.0;3;3;4
593600;;;PANEL_1X2;XIRECS;8326.0;3;3;4
593600;;;PANEL_1X4;XIRECS;9176.0;3;3;4
593600;;;PANEL_2X2;XIRECS;10462.0;3;3;4
593600;;;PANEL_2X4;XIRECS;11590.0;3;3;4
593600;;;PANEL_4X4;XIRECS;9089.0;3;3;4
593600;;;ROBOT_DISHES;XIRECS;9754.0;3;3;4
593600;;;ROBOT_IRONING;XIRECS;8863.0;3;3;4
593600;;;ROBOT_LAUNDRY;XIRECS;9870.0;3;3;4
593600;;;ROBOT_MOPPING;XIRECS;11838.0;3;3;4
593600;;;ROBOT_VACUUMING;XIRECS;8798.0;3;3;4
593600;;;SLEEP_POD_COTTON;XIRECS;11248.0;3;3;4
593600;;;SLEEP_POD_LAMB_WOOL;XIRECS;10639.0;3;3;4
593600;;;SLEEP_POD_NYLON;XIRECS;9425.0;3;3;4
593600;;;SLEEP_POD_POLYESTER;XIRECS;11617.0;3;3;4
593600;;;SLEEP_POD_SUEDE;XIRECS;11844.0;3;3;4
593600;;;SNACKPACK_CHOCOLATE;XIRECS;9943.0;3;3;4
593600;;;SNACKPACK_PISTACHIO;XIRECS;9379.0;3;3;4
593600;;;SNACKPACK_RASPBERRY;XIRECS;10333.0;3;3;4
593600;;;SNACKPACK_STRAWBERRY;XIRECS;10608.0;3;3;4
593600;;;SNACKPACK_VANILLA;XIRECS;9969.0;3;3;4
593600;;;TRANSLATOR_ASTRO_BLACK;XIRECS;8654.0;3;3;4
593600;;;TRANSLATOR_ECLIPSE_CHARCOAL;XIRECS;9892.0;3;3;4
593600;;;TRANSLATOR_GRAPHITE_MIST;XIRECS;9983.0;3;3;4
593600;;;TRANSLATOR_SPACE_GRAY;XIRECS;9539.0;3;3;4
593600;;;TRANSLATOR_VOID_BLUE;XIRECS;11260.0;3;3;4
593600;;;UV_VISOR_AMBER;XIRECS;7617.0;3;3;4
593600;;;UV_VISOR_MAGENTA;XIRECS;11706.0;3;3;4
593600;;;UV_VISOR_ORANGE;XIRECS;10922.0;3;3;4
593600;;;UV_VISOR_RED;XIRECS;10590.0;3;3;4
593600;;;UV_VISOR_YELLOW;XIRECS;11013.0;3;3;4
595500;;SUBMISSION;SLEEP_POD_COTTON;XIRECS;11192.0;5;3;4
596600;SUBMISSION;;SNACKPACK_STRAWBERRY;XIRECS;10629.0;2;3;4
596600;SUBMISSION;;SNACKPACK_PISTACHIO;XIRECS;9379.0;2;3;4
596600;SUBMISSION;;SNACKPACK_VANILLA;XIRECS;9939.0;2;3;4
596600;;;GALAXY_SOUNDS_BLACK_HOLES;XIRECS;11252.0;2;3;4
596600;;;GALAXY_SOUNDS_DARK_MATTER;XIRECS;10678.0;2;3;4
596600;;;GALAXY_SOUNDS_PLANETARY_RINGS;XIRECS;11492.0;2;3;4
596600;;;GALAXY_SOUNDS_SOLAR_FLAMES;XIRECS;10854.0;2;3;4
596600;;;GALAXY_SOUNDS_SOLAR_WINDS;XIRECS;10462.0;2;3;4
596600;;;OXYGEN_SHAKE_CHOCOLATE;XIRECS;8967.0;2;3;4
596600;;;OXYGEN_SHAKE_EVENING_BREATH;XIRECS;9184.0;2;3;4
596600;;;OXYGEN_SHAKE_GARLIC;XIRECS;11603.0;2;3;4
596600;;;OXYGEN_SHAKE_MINT;XIRECS;10099.0;2;3;4
596600;;;OXYGEN_SHAKE_MORNING_BREATH;XIRECS;9839.0;2;3;4
596600;;;PANEL_1X2;XIRECS;8325.0;2;3;4
596600;;;PANEL_1X4;XIRECS;9086.0;2;3;4
596600;;;PANEL_2X2;XIRECS;10544.0;2;3;4
596600;;;PANEL_2X4;XIRECS;11557.0;2;3;4
596600;;;PANEL_4X4;XIRECS;9077.0;2;3;4
596600;;;ROBOT_DISHES;XIRECS;9745.0;2;3;4
596600;;;ROBOT_IRONING;XIRECS;8767.0;2;3;4
596600;;;ROBOT_LAUNDRY;XIRECS;9790.0;2;3;4
596600;;;ROBOT_MOPPING;XIRECS;11786.0;2;3;4
596600;;;ROBOT_VACUUMING;XIRECS;8769.0;2;3;4
596600;;;SLEEP_POD_COTTON;XIRECS;11255.0;2;3;4
596600;;;SLEEP_POD_LAMB_WOOL;XIRECS;10628.0;2;3;4
596600;;;SLEEP_POD_NYLON;XIRECS;9420.0;2;3;4
596600;;;SLEEP_POD_POLYESTER;XIRECS;11640.0;2;3;4
596600;;;SLEEP_POD_SUEDE;XIRECS;11878.0;2;3;4
596600;;;SNACKPACK_CHOCOLATE;XIRECS;9935.0;2;3;4
596600;;;SNACKPACK_RASPBERRY;XIRECS;10264.0;2;3;4
596600;;;TRANSLATOR_ASTRO_BLACK;XIRECS;8681.0;2;3;4
596600;;;TRANSLATOR_ECLIPSE_CHARCOAL;XIRECS;10047.0;2;3;4
596600;;;TRANSLATOR_GRAPHITE_MIST;XIRECS;9953.0;2;3;4
596600;;;TRANSLATOR_SPACE_GRAY;XIRECS;9589.0;2;3;4
596600;;;TRANSLATOR_VOID_BLUE;XIRECS;11290.0;2;3;4
596600;;;UV_VISOR_AMBER;XIRECS;7655.0;2;3;4
596600;;;UV_VISOR_MAGENTA;XIRECS;11569.0;2;3;4
596600;;;UV_VISOR_ORANGE;XIRECS;10876.0;2;3;4
596600;;;UV_VISOR_RED;XIRECS;10608.0;2;3;4
596600;;;UV_VISOR_YELLOW;XIRECS;11009.0;2;3;4
596800;;SUBMISSION;MICROCHIP_CIRCLE;XIRECS;8965.0;5;3;4
596800;SUBMISSION;;PEBBLES_XL;XIRECS;14426.0;2;3;4
596800;;;PEBBLES_L;XIRECS;10179.0;5;3;4
596800;;;PEBBLES_M;XIRECS;10310.0;5;3;4
596800;;;PEBBLES_S;XIRECS;9075.0;5;3;4
596800;;;PEBBLES_XS;XIRECS;5980.0;5;3;4
597400;;SUBMISSION;GALAXY_SOUNDS_PLANETARY_RINGS;XIRECS;11534.0;5;3;4
598900;;;MICROCHIP_CIRCLE;XIRECS;8991.0;1;3;4
598900;;;MICROCHIP_OVAL;XIRECS;8066.0;1;3;4
598900;;;MICROCHIP_RECTANGLE;XIRECS;7693.0;1;3;4
598900;;;MICROCHIP_SQUARE;XIRECS;14931.0;1;3;4
598900;;;MICROCHIP_TRIANGLE;XIRECS;10207.0;1;3;4
598900;;;PEBBLES_L;XIRECS;10154.0;3;3;4
598900;;;PEBBLES_M;XIRECS;10344.0;3;3;4
598900;;;PEBBLES_S;XIRECS;9079.0;3;3;4
598900;;;PEBBLES_XL;XIRECS;14259.0;3;3;4
598900;;;PEBBLES_XS;XIRECS;6196.0;3;3;4
599600;SUBMISSION;;GALAXY_SOUNDS_PLANETARY_RINGS;XIRECS;11603.0;5;3;4
599800;;;GALAXY_SOUNDS_BLACK_HOLES;XIRECS;11243.0;2;3;4
599800;;;GALAXY_SOUNDS_DARK_MATTER;XIRECS;10735.0;2;3;4
599800;;;GALAXY_SOUNDS_PLANETARY_RINGS;XIRECS;11596.0;2;3;4
599800;;;GALAXY_SOUNDS_SOLAR_FLAMES;XIRECS;10764.0;2;3;4
599800;;;GALAXY_SOUNDS_SOLAR_WINDS;XIRECS;10461.0;2;3;4
599800;;;OXYGEN_SHAKE_CHOCOLATE;XIRECS;8939.0;2;3;4
599800;;;OXYGEN_SHAKE_EVENING_BREATH;XIRECS;9146.0;2;3;4
599800;;;OXYGEN_SHAKE_GARLIC;XIRECS;11637.0;2;3;4
599800;;;OXYGEN_SHAKE_MINT;XIRECS;10127.0;2;3;4
599800;;;OXYGEN_SHAKE_MORNING_BREATH;XIRECS;9911.0;2;3;4
599800;;;PANEL_1X2;XIRECS;8294.0;2;3;4
599800;;;PANEL_1X4;XIRECS;9140.0;2;3;4
599800;;;PANEL_2X2;XIRECS;10563.0;2;3;4
599800;;;PANEL_2X4;XIRECS;11565.0;2;3;4
599800;;;PANEL_4X4;XIRECS;9084.0;2;3;4
599800;;;ROBOT_DISHES;XIRECS;9781.0;2;3;4
599800;;;ROBOT_IRONING;XIRECS;8753.0;2;3;4
599800;;;ROBOT_LAUNDRY;XIRECS;9795.0;2;3;4
599800;;;ROBOT_MOPPING;XIRECS;11822.0;2;3;4
599800;;;ROBOT_VACUUMING;XIRECS;8767.0;2;3;4
599800;;;SLEEP_POD_COTTON;XIRECS;11168.0;2;3;4
599800;;;SLEEP_POD_LAMB_WOOL;XIRECS;10720.0;2;3;4
599800;;;SLEEP_POD_NYLON;XIRECS;9438.0;2;3;4
599800;;;SLEEP_POD_POLYESTER;XIRECS;11716.0;2;3;4
599800;;;SLEEP_POD_SUEDE;XIRECS;11834.0;2;3;4
599800;;;SNACKPACK_CHOCOLATE;XIRECS;9900.0;2;3;4
599800;;;SNACKPACK_PISTACHIO;XIRECS;9379.0;2;3;4
599800;;;SNACKPACK_RASPBERRY;XIRECS;10272.0;2;3;4
599800;;;SNACKPACK_STRAWBERRY;XIRECS;10648.0;2;3;4
599800;;;SNACKPACK_VANILLA;XIRECS;9991.0;2;3;4
599800;;;TRANSLATOR_ASTRO_BLACK;XIRECS;8644.0;2;3;4
599800;;;TRANSLATOR_ECLIPSE_CHARCOAL;XIRECS;10063.0;2;3;4
599800;;;TRANSLATOR_GRAPHITE_MIST;XIRECS;9871.0;2;3;4
599800;;;TRANSLATOR_SPACE_GRAY;XIRECS;9628.0;2;3;4
599800;;;TRANSLATOR_VOID_BLUE;XIRECS;11295.0;2;3;4
599800;;;UV_VISOR_AMBER;XIRECS;7670.0;2;3;4
599800;;;UV_VISOR_MAGENTA;XIRECS;11661.0;2;3;4
599800;;;UV_VISOR_ORANGE;XIRECS;10969.0;2;3;4
599800;;;UV_VISOR_RED;XIRECS;10572.0;2;3;4
599800;;;UV_VISOR_YELLOW;XIRECS;11096.0;2;3;4
600000;SUBMISSION;;PEBBLES_XL;XIRECS;14225.0;6;3;4
600400;;SUBMISSION;SLEEP_POD_COTTON;XIRECS;11182.0;5;3;4
600700;;;MICROCHIP_CIRCLE;XIRECS;8989.0;1;3;4
600700;;;MICROCHIP_OVAL;XIRECS;7971.0;1;3;4
600700;;;MICROCHIP_RECTANGLE;XIRECS;7659.0;1;3;4
600700;;;MICROCHIP_SQUARE;XIRECS;14886.0;1;3;4
600700;;;MICROCHIP_TRIANGLE;XIRECS;10232.0;1;3;4
600800;SUBMISSION;;PEBBLES_XL;XIRECS;14301.0;2;3;4
600800;;;PEBBLES_L;XIRECS;10145.0;5;3;4
600800;;;PEBBLES_M;XIRECS;10348.0;5;3;4
600800;;;PEBBLES_S;XIRECS;9072.0;5;3;4
600800;;;PEBBLES_XS;XIRECS;6101.0;5;3;4
601500;SUBMISSION;;PEBBLES_XL;XIRECS;14272.0;4;3;4
601800;;SUBMISSION;MICROCHIP_CIRCLE;XIRECS;8952.0;4;3;4
601900;;SUBMISSION;MICROCHIP_CIRCLE;XIRECS;8960.0;1;3;4
602200;SUBMISSION;;SLEEP_POD_COTTON;XIRECS;11242.0;5;3;4
602700;SUBMISSION;;PEBBLES_XL;XIRECS;14291.0;4;3;4
602800;SUBMISSION;;GALAXY_SOUNDS_PLANETARY_RINGS;XIRECS;11613.0;5;3;4
602900;;SUBMISSION;GALAXY_SOUNDS_PLANETARY_RINGS;XIRECS;11574.0;5;3;4
602900;;;GALAXY_SOUNDS_BLACK_HOLES;XIRECS;11304.0;1;3;4
602900;;;GALAXY_SOUNDS_DARK_MATTER;XIRECS;10659.0;1;3;4
602900;;;GALAXY_SOUNDS_PLANETARY_RINGS;XIRECS;11589.0;1;3;4
602900;;;GALAXY_SOUNDS_SOLAR_FLAMES;XIRECS;10714.0;1;3;4
602900;;;GALAXY_SOUNDS_SOLAR_WINDS;XIRECS;10468.0;1;3;4
602900;;;OXYGEN_SHAKE_CHOCOLATE;XIRECS;8925.0;1;3;4
602900;;;OXYGEN_SHAKE_EVENING_BREATH;XIRECS;9036.0;1;3;4
602900;;;OXYGEN_SHAKE_GARLIC;XIRECS;11535.0;1;3;4
602900;;;OXYGEN_SHAKE_MINT;XIRECS;10075.0;1;3;4
602900;;;OXYGEN_SHAKE_MORNING_BREATH;XIRECS;9789.0;1;3;4
602900;;;PANEL_1X2;XIRECS;8362.0;1;3;4
602900;;;PANEL_1X4;XIRECS;9169.0;1;3;4
602900;;;PANEL_2X2;XIRECS;10548.0;1;3;4
602900;;;PANEL_2X4;XIRECS;11463.0;1;3;4
602900;;;PANEL_4X4;XIRECS;9102.0;1;3;4
602900;;;ROBOT_DISHES;XIRECS;9837.0;1;3;4
602900;;;ROBOT_IRONING;XIRECS;8733.0;1;3;4
602900;;;ROBOT_LAUNDRY;XIRECS;9788.0;1;3;4
602900;;;ROBOT_MOPPING;XIRECS;11848.0;1;3;4
602900;;;ROBOT_VACUUMING;XIRECS;8765.0;1;3;4
602900;;;SLEEP_POD_COTTON;XIRECS;11210.0;1;3;4
602900;;;SLEEP_POD_LAMB_WOOL;XIRECS;10708.0;1;3;4
602900;;;SLEEP_POD_NYLON;XIRECS;9449.0;1;3;4
602900;;;SLEEP_POD_POLYESTER;XIRECS;11752.0;1;3;4
602900;;;SLEEP_POD_SUEDE;XIRECS;11900.0;1;3;4
602900;;;SNACKPACK_CHOCOLATE;XIRECS;9901.0;1;3;4
602900;;;SNACKPACK_PISTACHIO;XIRECS;9372.0;1;3;4
602900;;;SNACKPACK_RASPBERRY;XIRECS;10276.0;1;3;4
602900;;;SNACKPACK_STRAWBERRY;XIRECS;10646.0;1;3;4
602900;;;SNACKPACK_VANILLA;XIRECS;9985.0;1;3;4
602900;;;TRANSLATOR_ASTRO_BLACK;XIRECS;8663.0;1;3;4
602900;;;TRANSLATOR_ECLIPSE_CHARCOAL;XIRECS;10023.0;1;3;4
602900;;;TRANSLATOR_GRAPHITE_MIST;XIRECS;9803.0;1;3;4
602900;;;TRANSLATOR_SPACE_GRAY;XIRECS;9699.0;1;3;4
602900;;;TRANSLATOR_VOID_BLUE;XIRECS;11320.0;1;3;4
602900;;;UV_VISOR_AMBER;XIRECS;7702.0;1;3;4
602900;;;UV_VISOR_MAGENTA;XIRECS;11724.0;1;3;4
602900;;;UV_VISOR_ORANGE;XIRECS;10969.0;1;3;4
602900;;;UV_VISOR_RED;XIRECS;10597.0;1;3;4
602900;;;UV_VISOR_YELLOW;XIRECS;11213.0;1;3;4
603000;;SUBMISSION;SLEEP_POD_COTTON;XIRECS;11202.0;5;3;4
603100;;;MICROCHIP_CIRCLE;XIRECS;8959.0;1;3;4
603100;;;MICROCHIP_OVAL;XIRECS;7899.0;1;3;4
603100;;;MICROCHIP_RECTANGLE;XIRECS;7723.0;1;3;4
603100;;;MICROCHIP_SQUARE;XIRECS;14875.0;1;3;4
603100;;;MICROCHIP_TRIANGLE;XIRECS;10175.0;1;3;4
603200;SUBMISSION;;GALAXY_SOUNDS_PLANETARY_RINGS;XIRECS;11617.0;5;3;4
603600;;;MICROCHIP_CIRCLE;XIRECS;8928.0;2;3;4
603600;;;MICROCHIP_OVAL;XIRECS;7864.0;2;3;4
603600;;;MICROCHIP_RECTANGLE;XIRECS;7748.0;2;3;4
603600;;;MICROCHIP_SQUARE;XIRECS;14865.0;2;3;4
603600;;;MICROCHIP_TRIANGLE;XIRECS;10180.0;2;3;4
604800;SUBMISSION;;SNACKPACK_STRAWBERRY;XIRECS;10731.0;5;3;4
604800;SUBMISSION;;SNACKPACK_PISTACHIO;XIRECS;9416.0;5;3;4
604800;SUBMISSION;;SNACKPACK_VANILLA;XIRECS;9927.0;5;3;4
605100;;SUBMISSION;MICROCHIP_CIRCLE;XIRECS;8873.0;5;3;4
606700;;;GALAXY_SOUNDS_BLACK_HOLES;XIRECS;11236.0;2;3;4
606700;;;GALAXY_SOUNDS_DARK_MATTER;XIRECS;10677.0;2;3;4
606700;;;GALAXY_SOUNDS_PLANETARY_RINGS;XIRECS;11773.0;2;3;4
606700;;;GALAXY_SOUNDS_SOLAR_FLAMES;XIRECS;10652.0;2;3;4
606700;;;GALAXY_SOUNDS_SOLAR_WINDS;XIRECS;10329.0;2;3;4
606700;;;OXYGEN_SHAKE_CHOCOLATE;XIRECS;8906.0;2;3;4
606700;;;OXYGEN_SHAKE_EVENING_BREATH;XIRECS;9014.0;2;3;4
606700;;;OXYGEN_SHAKE_GARLIC;XIRECS;11560.0;2;3;4
606700;;;OXYGEN_SHAKE_MINT;XIRECS;10081.0;2;3;4
606700;;;OXYGEN_SHAKE_MORNING_BREATH;XIRECS;9711.0;2;3;4
606700;;;PANEL_1X2;XIRECS;8333.0;2;3;4
606700;;;PANEL_1X4;XIRECS;9225.0;2;3;4
606700;;;PANEL_2X2;XIRECS;10583.0;2;3;4
606700;;;PANEL_2X4;XIRECS;11464.0;2;3;4
606700;;;PANEL_4X4;XIRECS;9124.0;2;3;4
606700;;;ROBOT_DISHES;XIRECS;9782.0;2;3;4
606700;;;ROBOT_IRONING;XIRECS;8727.0;2;3;4
606700;;;ROBOT_LAUNDRY;XIRECS;9779.0;2;3;4
606700;;;ROBOT_MOPPING;XIRECS;11771.0;2;3;4
606700;;;ROBOT_VACUUMING;XIRECS;8813.0;2;3;4
606700;;;SLEEP_POD_COTTON;XIRECS;11222.0;2;3;4
606700;;;SLEEP_POD_LAMB_WOOL;XIRECS;10763.0;2;3;4
606700;;;SLEEP_POD_NYLON;XIRECS;9474.0;2;3;4
606700;;;SLEEP_POD_POLYESTER;XIRECS;11825.0;2;3;4
606700;;;SLEEP_POD_SUEDE;XIRECS;11771.0;2;3;4
606700;;;SNACKPACK_CHOCOLATE;XIRECS;9937.0;2;3;4
606700;;;SNACKPACK_PISTACHIO;XIRECS;9374.0;2;3;4
606700;;;SNACKPACK_RASPBERRY;XIRECS;10234.0;2;3;4
606700;;;SNACKPACK_STRAWBERRY;XIRECS;10677.0;2;3;4
606700;;;SNACKPACK_VANILLA;XIRECS;9930.0;2;3;4
606700;;;TRANSLATOR_ASTRO_BLACK;XIRECS;8652.0;2;3;4
606700;;;TRANSLATOR_ECLIPSE_CHARCOAL;XIRECS;10054.0;2;3;4
606700;;;TRANSLATOR_GRAPHITE_MIST;XIRECS;9815.0;2;3;4
606700;;;TRANSLATOR_SPACE_GRAY;XIRECS;9685.0;2;3;4
606700;;;TRANSLATOR_VOID_BLUE;XIRECS;11365.0;2;3;4
606700;;;UV_VISOR_AMBER;XIRECS;7677.0;2;3;4
606700;;;UV_VISOR_MAGENTA;XIRECS;11576.0;2;3;4
606700;;;UV_VISOR_ORANGE;XIRECS;10991.0;2;3;4
606700;;;UV_VISOR_RED;XIRECS;10502.0;2;3;4
606700;;;UV_VISOR_YELLOW;XIRECS;11185.0;2;3;4
607100;SUBMISSION;;SNACKPACK_STRAWBERRY;XIRECS;10660.0;1;3;4
607100;SUBMISSION;;SNACKPACK_PISTACHIO;XIRECS;9363.0;1;3;4
607100;SUBMISSION;;SNACKPACK_VANILLA;XIRECS;9945.0;1;3;4
607400;;;MICROCHIP_CIRCLE;XIRECS;8799.0;2;3;4
607400;;;MICROCHIP_OVAL;XIRECS;7871.0;2;3;4
607400;;;MICROCHIP_RECTANGLE;XIRECS;7795.0;2;3;4
607400;;;MICROCHIP_SQUARE;XIRECS;14655.0;2;3;4
607400;;;MICROCHIP_TRIANGLE;XIRECS;10154.0;2;3;4
607600;;SUBMISSION;PEBBLES_XL;XIRECS;14590.0;8;3;4
607900;;SUBMISSION;SNACKPACK_STRAWBERRY;XIRECS;10602.0;3;3;4
607900;;SUBMISSION;SNACKPACK_PISTACHIO;XIRECS;9344.0;3;3;4
607900;;SUBMISSION;SNACKPACK_VANILLA;XIRECS;9965.0;3;3;4
610300;;SUBMISSION;SNACKPACK_STRAWBERRY;XIRECS;10608.0;5;3;4
610300;;SUBMISSION;SNACKPACK_PISTACHIO;XIRECS;9328.0;5;3;4
610300;;SUBMISSION;SNACKPACK_VANILLA;XIRECS;10006.0;5;3;4
610300;;SUBMISSION;PEBBLES_XL;XIRECS;14625.0;8;3;4
610600;SUBMISSION;;SNACKPACK_STRAWBERRY;XIRECS;10577.0;2;3;4
610600;SUBMISSION;;SNACKPACK_PISTACHIO;XIRECS;9312.0;2;3;4
610600;SUBMISSION;;SNACKPACK_VANILLA;XIRECS;10006.0;2;3;4
610600;;;GALAXY_SOUNDS_BLACK_HOLES;XIRECS;11181.0;4;3;4
610600;;;GALAXY_SOUNDS_DARK_MATTER;XIRECS;10697.0;4;3;4
610600;;;GALAXY_SOUNDS_PLANETARY_RINGS;XIRECS;11746.0;4;3;4
610600;;;GALAXY_SOUNDS_SOLAR_FLAMES;XIRECS;10527.0;4;3;4
610600;;;GALAXY_SOUNDS_SOLAR_WINDS;XIRECS;10352.0;4;3;4
610600;;;OXYGEN_SHAKE_CHOCOLATE;XIRECS;8950.0;4;3;4
610600;;;OXYGEN_SHAKE_EVENING_BREATH;XIRECS;9004.0;4;3;4
610600;;;OXYGEN_SHAKE_GARLIC;XIRECS;11612.0;4;3;4
610600;;;OXYGEN_SHAKE_MINT;XIRECS;10034.0;4;3;4
610600;;;OXYGEN_SHAKE_MORNING_BREATH;XIRECS;9762.0;4;3;4
610600;;;PANEL_1X2;XIRECS;8339.0;4;3;4
610600;;;PANEL_1X4;XIRECS;9258.0;4;3;4
610600;;;PANEL_2X2;XIRECS;10587.0;4;3;4
610600;;;PANEL_2X4;XIRECS;11490.0;4;3;4
610600;;;PANEL_4X4;XIRECS;9120.0;4;3;4
610600;;;ROBOT_DISHES;XIRECS;9692.0;4;3;4
610600;;;ROBOT_IRONING;XIRECS;8717.0;4;3;4
610600;;;ROBOT_LAUNDRY;XIRECS;9867.0;4;3;4
610600;;;ROBOT_MOPPING;XIRECS;11759.0;4;3;4
610600;;;ROBOT_VACUUMING;XIRECS;8867.0;4;3;4
610600;;;SLEEP_POD_COTTON;XIRECS;11196.0;4;3;4
610600;;;SLEEP_POD_LAMB_WOOL;XIRECS;10762.0;4;3;4
610600;;;SLEEP_POD_NYLON;XIRECS;9504.0;4;3;4
610600;;;SLEEP_POD_POLYESTER;XIRECS;11808.0;4;3;4
610600;;;SLEEP_POD_SUEDE;XIRECS;11792.0;4;3;4
610600;;;SNACKPACK_CHOCOLATE;XIRECS;9856.0;4;3;4
610600;;;SNACKPACK_RASPBERRY;XIRECS;10341.0;4;3;4
610600;;;TRANSLATOR_ASTRO_BLACK;XIRECS;8607.0;4;3;4
610600;;;TRANSLATOR_ECLIPSE_CHARCOAL;XIRECS;10035.0;4;3;4
610600;;;TRANSLATOR_GRAPHITE_MIST;XIRECS;9939.0;4;3;4
610600;;;TRANSLATOR_SPACE_GRAY;XIRECS;9542.0;4;3;4
610600;;;TRANSLATOR_VOID_BLUE;XIRECS;11488.0;4;3;4
610600;;;UV_VISOR_AMBER;XIRECS;7612.0;4;3;4
610600;;;UV_VISOR_MAGENTA;XIRECS;11504.0;4;3;4
610600;;;UV_VISOR_ORANGE;XIRECS;10856.0;4;3;4
610600;;;UV_VISOR_RED;XIRECS;10423.0;4;3;4
610600;;;UV_VISOR_YELLOW;XIRECS;11259.0;4;3;4
610700;;;MICROCHIP_CIRCLE;XIRECS;8830.0;3;3;4
610700;;;MICROCHIP_OVAL;XIRECS;7893.0;3;3;4
610700;;;MICROCHIP_RECTANGLE;XIRECS;7799.0;3;3;4
610700;;;MICROCHIP_SQUARE;XIRECS;14808.0;3;3;4
610700;;;MICROCHIP_TRIANGLE;XIRECS;10026.0;3;3;4
611900;SUBMISSION;;SNACKPACK_STRAWBERRY;XIRECS;10611.0;2;3;4
611900;SUBMISSION;;SNACKPACK_PISTACHIO;XIRECS;9333.0;2;3;4
611900;SUBMISSION;;SNACKPACK_VANILLA;XIRECS;10033.0;2;3;4
611900;;;GALAXY_SOUNDS_BLACK_HOLES;XIRECS;11130.0;2;3;4
611900;;;GALAXY_SOUNDS_DARK_MATTER;XIRECS;10715.0;2;3;4
611900;;;GALAXY_SOUNDS_PLANETARY_RINGS;XIRECS;11764.0;2;3;4
611900;;;GALAXY_SOUNDS_SOLAR_FLAMES;XIRECS;10499.0;2;3;4
611900;;;GALAXY_SOUNDS_SOLAR_WINDS;XIRECS;10422.0;2;3;4
611900;;;OXYGEN_SHAKE_CHOCOLATE;XIRECS;8963.0;2;3;4
611900;;;OXYGEN_SHAKE_EVENING_BREATH;XIRECS;9014.0;2;3;4
611900;;;OXYGEN_SHAKE_GARLIC;XIRECS;11516.0;2;3;4
611900;;;OXYGEN_SHAKE_MINT;XIRECS;10091.0;2;3;4
611900;;;OXYGEN_SHAKE_MORNING_BREATH;XIRECS;9759.0;2;3;4
611900;;;PANEL_1X2;XIRECS;8344.0;2;3;4
611900;;;PANEL_1X4;XIRECS;9269.0;2;3;4
611900;;;PANEL_2X2;XIRECS;10594.0;2;3;4
611900;;;PANEL_2X4;XIRECS;11555.0;2;3;4
611900;;;PANEL_4X4;XIRECS;9124.0;2;3;4
611900;;;ROBOT_DISHES;XIRECS;9678.0;2;3;4
611900;;;ROBOT_IRONING;XIRECS;8677.0;2;3;4
611900;;;ROBOT_LAUNDRY;XIRECS;9906.0;2;3;4
611900;;;ROBOT_MOPPING;XIRECS;11680.0;2;3;4
611900;;;ROBOT_VACUUMING;XIRECS;8827.0;2;3;4
611900;;;SLEEP_POD_COTTON;XIRECS;11231.0;2;3;4
611900;;;SLEEP_POD_LAMB_WOOL;XIRECS;10721.0;2;3;4
611900;;;SLEEP_POD_NYLON;XIRECS;9520.0;2;3;4
611900;;;SLEEP_POD_POLYESTER;XIRECS;11854.0;2;3;4
611900;;;SLEEP_POD_SUEDE;XIRECS;11825.0;2;3;4
611900;;;SNACKPACK_CHOCOLATE;XIRECS;9828.0;2;3;4
611900;;;SNACKPACK_RASPBERRY;XIRECS;10309.0;2;3;4
611900;;;TRANSLATOR_ASTRO_BLACK;XIRECS;8626.0;2;3;4
611900;;;TRANSLATOR_ECLIPSE_CHARCOAL;XIRECS;10002.0;2;3;4
611900;;;TRANSLATOR_GRAPHITE_MIST;XIRECS;9958.0;2;3;4
611900;;;TRANSLATOR_SPACE_GRAY;XIRECS;9571.0;2;3;4
611900;;;TRANSLATOR_VOID_BLUE;XIRECS;11432.0;2;3;4
611900;;;UV_VISOR_AMBER;XIRECS;7609.0;2;3;4
611900;;;UV_VISOR_MAGENTA;XIRECS;11535.0;2;3;4
611900;;;UV_VISOR_ORANGE;XIRECS;10822.0;2;3;4
611900;;;UV_VISOR_RED;XIRECS;10381.0;2;3;4
611900;;;UV_VISOR_YELLOW;XIRECS;11237.0;2;3;4
612000;;SUBMISSION;PEBBLES_XL;XIRECS;14567.0;4;3;4
612600;SUBMISSION;;SLEEP_POD_COTTON;XIRECS;11277.0;5;3;4
613200;;;GALAXY_SOUNDS_BLACK_HOLES;XIRECS;11213.0;2;3;4
613200;;;GALAXY_SOUNDS_DARK_MATTER;XIRECS;10753.0;2;3;4
613200;;;GALAXY_SOUNDS_PLANETARY_RINGS;XIRECS;11760.0;2;3;4
613200;;;GALAXY_SOUNDS_SOLAR_FLAMES;XIRECS;10457.0;2;3;4
613200;;;GALAXY_SOUNDS_SOLAR_WINDS;XIRECS;10388.0;2;3;4
613200;;;OXYGEN_SHAKE_CHOCOLATE;XIRECS;8962.0;2;3;4
613200;;;OXYGEN_SHAKE_EVENING_BREATH;XIRECS;9034.0;2;3;4
613200;;;OXYGEN_SHAKE_GARLIC;XIRECS;11482.0;2;3;4
613200;;;OXYGEN_SHAKE_MINT;XIRECS;10152.0;2;3;4
613200;;;OXYGEN_SHAKE_MORNING_BREATH;XIRECS;9731.0;2;3;4
613200;;;PANEL_1X2;XIRECS;8310.0;2;3;4
613200;;;PANEL_1X4;XIRECS;9276.0;2;3;4
613200;;;PANEL_2X2;XIRECS;10596.0;2;3;4
613200;;;PANEL_2X4;XIRECS;11544.0;2;3;4
613200;;;PANEL_4X4;XIRECS;9155.0;2;3;4
613200;;;ROBOT_DISHES;XIRECS;9683.0;2;3;4
613200;;;ROBOT_IRONING;XIRECS;8687.0;2;3;4
613200;;;ROBOT_LAUNDRY;XIRECS;9933.0;2;3;4
613200;;;ROBOT_MOPPING;XIRECS;11770.0;2;3;4
613200;;;ROBOT_VACUUMING;XIRECS;8814.0;2;3;4
613200;;;SLEEP_POD_COTTON;XIRECS;11284.0;2;3;4
613200;;;SLEEP_POD_LAMB_WOOL;XIRECS;10652.0;2;3;4
613200;;;SLEEP_POD_NYLON;XIRECS;9484.0;2;3;4
613200;;;SLEEP_POD_POLYESTER;XIRECS;11813.0;2;3;4
613200;;;SLEEP_POD_SUEDE;XIRECS;11840.0;2;3;4
613200;;;SNACKPACK_CHOCOLATE;XIRECS;9820.0;2;3;4
613200;;;SNACKPACK_PISTACHIO;XIRECS;9324.0;2;3;4
613200;;;SNACKPACK_RASPBERRY;XIRECS;10312.0;2;3;4
613200;;;SNACKPACK_STRAWBERRY;XIRECS;10601.0;2;3;4
613200;;;SNACKPACK_VANILLA;XIRECS;10038.0;2;3;4
613200;;;TRANSLATOR_ASTRO_BLACK;XIRECS;8613.0;2;3;4
613200;;;TRANSLATOR_ECLIPSE_CHARCOAL;XIRECS;9978.0;2;3;4
613200;;;TRANSLATOR_GRAPHITE_MIST;XIRECS;9971.0;2;3;4
613200;;;TRANSLATOR_SPACE_GRAY;XIRECS;9580.0;2;3;4
613200;;;TRANSLATOR_VOID_BLUE;XIRECS;11352.0;2;3;4
613200;;;UV_VISOR_AMBER;XIRECS;7574.0;2;3;4
613200;;;UV_VISOR_MAGENTA;XIRECS;11531.0;2;3;4
613200;;;UV_VISOR_ORANGE;XIRECS;10810.0;2;3;4
613200;;;UV_VISOR_RED;XIRECS;10394.0;2;3;4
613200;;;UV_VISOR_YELLOW;XIRECS;11242.0;2;3;4
614500;SUBMISSION;;PEBBLES_XL;XIRECS;14742.0;3;3;4
615400;;SUBMISSION;SNACKPACK_STRAWBERRY;XIRECS;10635.0;3;3;4
615400;;SUBMISSION;SNACKPACK_PISTACHIO;XIRECS;9334.0;3;3;4
615400;;SUBMISSION;SNACKPACK_VANILLA;XIRECS;10095.0;3;3;4
615400;SUBMISSION;;PEBBLES_XL;XIRECS;14588.0;5;3;4
617800;;SUBMISSION;PEBBLES_XL;XIRECS;14554.0;3;3;4
618500;SUBMISSION;;SNACKPACK_STRAWBERRY;XIRECS;10677.0;2;3;4
618500;SUBMISSION;;SNACKPACK_PISTACHIO;XIRECS;9359.0;2;3;4
618500;SUBMISSION;;SNACKPACK_VANILLA;XIRECS;10124.0;2;3;4
618600;;;PEBBLES_L;XIRECS;10052.0;4;3;4
618600;;;PEBBLES_M;XIRECS;10043.0;4;3;4
618600;;;PEBBLES_S;XIRECS;9213.0;4;3;4
618600;;;PEBBLES_XL;XIRECS;14564.0;4;3;4
618600;;;PEBBLES_XS;XIRECS;6161.0;4;3;4
618900;SUBMISSION;;PEBBLES_XL;XIRECS;14534.0;4;3;4
619100;;SUBMISSION;PEBBLES_XL;XIRECS;14523.0;8;3;4
620100;;SUBMISSION;SNACKPACK_STRAWBERRY;XIRECS;10678.0;3;3;4
620100;;SUBMISSION;SNACKPACK_PISTACHIO;XIRECS;9358.0;3;3;4
620100;;SUBMISSION;SNACKPACK_VANILLA;XIRECS;10140.0;3;3;4
620300;SUBMISSION;;SLEEP_POD_COTTON;XIRECS;11333.0;5;3;4
621500;SUBMISSION;;PEBBLES_XL;XIRECS;14692.0;5;3;4
622400;SUBMISSION;;SLEEP_POD_COTTON;XIRECS;11428.0;5;3;4
622800;;;GALAXY_SOUNDS_BLACK_HOLES;XIRECS;11058.0;1;3;4
622800;;;GALAXY_SOUNDS_DARK_MATTER;XIRECS;10706.0;1;3;4
622800;;;GALAXY_SOUNDS_PLANETARY_RINGS;XIRECS;11746.0;1;3;4
622800;;;GALAXY_SOUNDS_SOLAR_FLAMES;XIRECS;10482.0;1;3;4
622800;;;GALAXY_SOUNDS_SOLAR_WINDS;XIRECS;10349.0;1;3;4
622800;;;OXYGEN_SHAKE_CHOCOLATE;XIRECS;8971.0;1;3;4
622800;;;OXYGEN_SHAKE_EVENING_BREATH;XIRECS;9126.0;1;3;4
622800;;;OXYGEN_SHAKE_GARLIC;XIRECS;11683.0;1;3;4
622800;;;OXYGEN_SHAKE_MINT;XIRECS;10330.0;1;3;4
622800;;;OXYGEN_SHAKE_MORNING_BREATH;XIRECS;9664.0;1;3;4
622800;;;PANEL_1X2;XIRECS;8328.0;1;3;4
622800;;;PANEL_1X4;XIRECS;9116.0;1;3;4
622800;;;PANEL_2X2;XIRECS;10773.0;1;3;4
622800;;;PANEL_2X4;XIRECS;11617.0;1;3;4
622800;;;PANEL_4X4;XIRECS;9194.0;1;3;4
622800;;;ROBOT_DISHES;XIRECS;9778.0;1;3;4
622800;;;ROBOT_IRONING;XIRECS;8723.0;1;3;4
622800;;;ROBOT_LAUNDRY;XIRECS;9942.0;1;3;4
622800;;;ROBOT_MOPPING;XIRECS;11777.0;1;3;4
622800;;;ROBOT_VACUUMING;XIRECS;8924.0;1;3;4
622800;;;SLEEP_POD_COTTON;XIRECS;11406.0;1;3;4
622800;;;SLEEP_POD_LAMB_WOOL;XIRECS;10647.0;1;3;4
622800;;;SLEEP_POD_NYLON;XIRECS;9544.0;1;3;4
622800;;;SLEEP_POD_POLYESTER;XIRECS;11927.0;1;3;4
622800;;;SLEEP_POD_SUEDE;XIRECS;11809.0;1;3;4
622800;;;SNACKPACK_CHOCOLATE;XIRECS;9688.0;1;3;4
622800;;;SNACKPACK_PISTACHIO;XIRECS;9387.0;1;3;4
622800;;;SNACKPACK_RASPBERRY;XIRECS;10210.0;1;3;4
622800;;;SNACKPACK_STRAWBERRY;XIRECS;10738.0;1;3;4
622800;;;SNACKPACK_VANILLA;XIRECS;10214.0;1;3;4
622800;;;TRANSLATOR_ASTRO_BLACK;XIRECS;8757.0;1;3;4
622800;;;TRANSLATOR_ECLIPSE_CHARCOAL;XIRECS;9921.0;1;3;4
622800;;;TRANSLATOR_GRAPHITE_MIST;XIRECS;9927.0;1;3;4
622800;;;TRANSLATOR_SPACE_GRAY;XIRECS;9729.0;1;3;4
622800;;;TRANSLATOR_VOID_BLUE;XIRECS;11371.0;1;3;4
622800;;;UV_VISOR_AMBER;XIRECS;7559.0;1;3;4
622800;;;UV_VISOR_MAGENTA;XIRECS;11658.0;1;3;4
622800;;;UV_VISOR_ORANGE;XIRECS;10780.0;1;3;4
622800;;;UV_VISOR_RED;XIRECS;10367.0;1;3;4
622800;;;UV_VISOR_YELLOW;XIRECS;11228.0;1;3;4
622900;;SUBMISSION;PEBBLES_XL;XIRECS;14483.0;4;3;4
623100;SUBMISSION;;PEBBLES_XL;XIRECS;14482.0;2;3;4
623100;;;PEBBLES_L;XIRECS;9961.0;2;3;4
623100;;;PEBBLES_M;XIRECS;10136.0;2;3;4
623100;;;PEBBLES_S;XIRECS;9181.0;2;3;4
623100;;;PEBBLES_XS;XIRECS;6208.0;2;3;4
623700;SUBMISSION;;PEBBLES_XL;XIRECS;14442.0;4;3;4
625300;;SUBMISSION;PEBBLES_XL;XIRECS;14311.0;5;3;4
625300;;;MICROCHIP_CIRCLE;XIRECS;8971.0;2;3;4
625300;;;MICROCHIP_OVAL;XIRECS;7772.0;2;3;4
625300;;;MICROCHIP_RECTANGLE;XIRECS;7804.0;2;3;4
625300;;;MICROCHIP_SQUARE;XIRECS;14897.0;2;3;4
625300;;;MICROCHIP_TRIANGLE;XIRECS;10268.0;2;3;4
625500;SUBMISSION;;PEBBLES_XL;XIRECS;14214.0;5;3;4
625500;SUBMISSION;;PEBBLES_XL;XIRECS;14223.0;12;3;4
626800;;SUBMISSION;PEBBLES_XL;XIRECS;14205.0;5;3;4
627200;SUBMISSION;;MICROCHIP_CIRCLE;XIRECS;8963.0;5;3;4
627500;;;MICROCHIP_CIRCLE;XIRECS;8970.0;1;3;4
627500;;;MICROCHIP_OVAL;XIRECS;7778.0;1;3;4
627500;;;MICROCHIP_RECTANGLE;XIRECS;7726.0;1;3;4
627500;;;MICROCHIP_SQUARE;XIRECS;15004.0;1;3;4
627500;;;MICROCHIP_TRIANGLE;XIRECS;10287.0;1;3;4
627900;SUBMISSION;;SNACKPACK_STRAWBERRY;XIRECS;10759.0;2;3;4
627900;SUBMISSION;;SNACKPACK_PISTACHIO;XIRECS;9387.0;2;3;4
627900;SUBMISSION;;SNACKPACK_VANILLA;XIRECS;10233.0;2;3;4
627900;;;GALAXY_SOUNDS_BLACK_HOLES;XIRECS;11020.0;4;3;4
627900;;;GALAXY_SOUNDS_DARK_MATTER;XIRECS;10575.0;4;3;4
627900;;;GALAXY_SOUNDS_PLANETARY_RINGS;XIRECS;11694.0;4;3;4
627900;;;GALAXY_SOUNDS_SOLAR_FLAMES;XIRECS;10569.0;4;3;4
627900;;;GALAXY_SOUNDS_SOLAR_WINDS;XIRECS;10343.0;4;3;4
627900;;;OXYGEN_SHAKE_CHOCOLATE;XIRECS;9042.0;4;3;4
627900;;;OXYGEN_SHAKE_EVENING_BREATH;XIRECS;9144.0;4;3;4
627900;;;OXYGEN_SHAKE_GARLIC;XIRECS;11777.0;4;3;4
627900;;;OXYGEN_SHAKE_MINT;XIRECS;10359.0;4;3;4
627900;;;OXYGEN_SHAKE_MORNING_BREATH;XIRECS;9634.0;4;3;4
627900;;;PANEL_1X2;XIRECS;8379.0;4;3;4
627900;;;PANEL_1X4;XIRECS;9137.0;4;3;4
627900;;;PANEL_2X2;XIRECS;10727.0;4;3;4
627900;;;PANEL_2X4;XIRECS;11621.0;4;3;4
627900;;;PANEL_4X4;XIRECS;9253.0;4;3;4
627900;;;ROBOT_DISHES;XIRECS;9751.0;4;3;4
627900;;;ROBOT_IRONING;XIRECS;8767.0;4;3;4
627900;;;ROBOT_LAUNDRY;XIRECS;9998.0;4;3;4
627900;;;ROBOT_MOPPING;XIRECS;11719.0;4;3;4
627900;;;ROBOT_VACUUMING;XIRECS;8797.0;4;3;4
627900;;;SLEEP_POD_COTTON;XIRECS;11426.0;4;3;4
627900;;;SLEEP_POD_LAMB_WOOL;XIRECS;10594.0;4;3;4
627900;;;SLEEP_POD_NYLON;XIRECS;9541.0;4;3;4
627900;;;SLEEP_POD_POLYESTER;XIRECS;11782.0;4;3;4
627900;;;SLEEP_POD_SUEDE;XIRECS;11701.0;4;3;4
627900;;;SNACKPACK_CHOCOLATE;XIRECS;9642.0;4;3;4
627900;;;SNACKPACK_RASPBERRY;XIRECS;10154.0;4;3;4
627900;;;TRANSLATOR_ASTRO_BLACK;XIRECS;8806.0;4;3;4
627900;;;TRANSLATOR_ECLIPSE_CHARCOAL;XIRECS;9974.0;4;3;4
627900;;;TRANSLATOR_GRAPHITE_MIST;XIRECS;9864.0;4;3;4
627900;;;TRANSLATOR_SPACE_GRAY;XIRECS;9693.0;4;3;4
627900;;;TRANSLATOR_VOID_BLUE;XIRECS;11262.0;4;3;4
627900;;;UV_VISOR_AMBER;XIRECS;7566.0;4;3;4
627900;;;UV_VISOR_MAGENTA;XIRECS;11724.0;4;3;4
627900;;;UV_VISOR_ORANGE;XIRECS;10823.0;4;3;4
627900;;;UV_VISOR_RED;XIRECS;10244.0;4;3;4
627900;;;UV_VISOR_YELLOW;XIRECS;11267.0;4;3;4
630900;SUBMISSION;;SNACKPACK_STRAWBERRY;XIRECS;10713.0;2;3;4
630900;SUBMISSION;;SNACKPACK_PISTACHIO;XIRECS;9356.0;2;3;4
630900;SUBMISSION;;SNACKPACK_VANILLA;XIRECS;10259.0;2;3;4
631500;;;MICROCHIP_CIRCLE;XIRECS;8927.0;1;3;4
631500;;;MICROCHIP_OVAL;XIRECS;7720.0;1;3;4
631500;;;MICROCHIP_RECTANGLE;XIRECS;7674.0;1;3;4
631500;;;MICROCHIP_SQUARE;XIRECS;15193.0;1;3;4
631500;;;MICROCHIP_TRIANGLE;XIRECS;10377.0;1;3;4
633600;;;PEBBLES_L;XIRECS;10061.0;2;3;4
633600;;;PEBBLES_M;XIRECS;10370.0;2;3;4
633600;;;PEBBLES_S;XIRECS;9142.0;2;3;4
633600;;;PEBBLES_XL;XIRECS;14101.0;2;3;4
633600;;;PEBBLES_XS;XIRECS;6294.0;2;3;4
633800;;SUBMISSION;SNACKPACK_STRAWBERRY;XIRECS;10712.0;4;3;4
633800;;SUBMISSION;SNACKPACK_PISTACHIO;XIRECS;9347.0;4;3;4
633800;;SUBMISSION;SNACKPACK_VANILLA;XIRECS;10244.0;4;3;4
636300;SUBMISSION;;PEBBLES_XL;XIRECS;14115.0;4;3;4
637600;SUBMISSION;;SNACKPACK_STRAWBERRY;XIRECS;10732.0;1;3;4
637600;SUBMISSION;;SNACKPACK_PISTACHIO;XIRECS;9359.0;1;3;4
637600;SUBMISSION;;SNACKPACK_VANILLA;XIRECS;10228.0;1;3;4
637600;;;GALAXY_SOUNDS_BLACK_HOLES;XIRECS;11173.0;1;3;4
637600;;;GALAXY_SOUNDS_DARK_MATTER;XIRECS;10468.0;1;3;4
637600;;;GALAXY_SOUNDS_PLANETARY_RINGS;XIRECS;11582.0;1;3;4
637600;;;GALAXY_SOUNDS_SOLAR_FLAMES;XIRECS;10541.0;1;3;4
637600;;;GALAXY_SOUNDS_SOLAR_WINDS;XIRECS;10496.0;1;3;4
637600;;;OXYGEN_SHAKE_CHOCOLATE;XIRECS;8856.0;1;3;4
637600;;;OXYGEN_SHAKE_EVENING_BREATH;XIRECS;9044.0;1;3;4
637600;;;OXYGEN_SHAKE_GARLIC;XIRECS;11773.0;1;3;4
637600;;;OXYGEN_SHAKE_MINT;XIRECS;10440.0;1;3;4
637600;;;OXYGEN_SHAKE_MORNING_BREATH;XIRECS;9569.0;1;3;4
637600;;;PANEL_1X2;XIRECS;8312.0;1;3;4
637600;;;PANEL_1X4;XIRECS;9010.0;1;3;4
637600;;;PANEL_2X2;XIRECS;10737.0;1;3;4
637600;;;PANEL_2X4;XIRECS;11554.0;1;3;4
637600;;;PANEL_4X4;XIRECS;9338.0;1;3;4
637600;;;ROBOT_DISHES;XIRECS;9732.0;1;3;4
637600;;;ROBOT_IRONING;XIRECS;8757.0;1;3;4
637600;;;ROBOT_LAUNDRY;XIRECS;10007.0;1;3;4
637600;;;ROBOT_MOPPING;XIRECS;11818.0;1;3;4
637600;;;ROBOT_VACUUMING;XIRECS;8767.0;1;3;4
637600;;;SLEEP_POD_COTTON;XIRECS;11539.0;1;3;4
637600;;;SLEEP_POD_LAMB_WOOL;XIRECS;10541.0;1;3;4
637600;;;SLEEP_POD_NYLON;XIRECS;9529.0;1;3;4
637600;;;SLEEP_POD_POLYESTER;XIRECS;11878.0;1;3;4
637600;;;SLEEP_POD_SUEDE;XIRECS;11976.0;1;3;4
637600;;;SNACKPACK_CHOCOLATE;XIRECS;9627.0;1;3;4
637600;;;SNACKPACK_RASPBERRY;XIRECS;10191.0;1;3;4
637600;;;TRANSLATOR_ASTRO_BLACK;XIRECS;8744.0;1;3;4
637600;;;TRANSLATOR_ECLIPSE_CHARCOAL;XIRECS;10034.0;1;3;4
637600;;;TRANSLATOR_GRAPHITE_MIST;XIRECS;9942.0;1;3;4
637600;;;TRANSLATOR_SPACE_GRAY;XIRECS;9883.0;1;3;4
637600;;;TRANSLATOR_VOID_BLUE;XIRECS;11318.0;1;3;4
637600;;;UV_VISOR_AMBER;XIRECS;7469.0;1;3;4
637600;;;UV_VISOR_MAGENTA;XIRECS;11687.0;1;3;4
637600;;;UV_VISOR_ORANGE;XIRECS;10639.0;1;3;4
637600;;;UV_VISOR_RED;XIRECS;10138.0;1;3;4
637600;;;UV_VISOR_YELLOW;XIRECS;11433.0;1;3;4
637700;;SUBMISSION;PEBBLES_XL;XIRECS;13969.0;8;3;4
638400;;SUBMISSION;MICROCHIP_CIRCLE;XIRECS;8930.0;5;3;4
638700;;SUBMISSION;GALAXY_SOUNDS_PLANETARY_RINGS;XIRECS;11570.0;5;3;4
638800;SUBMISSION;;MICROCHIP_CIRCLE;XIRECS;8963.0;4;3;4
638800;;;MICROCHIP_CIRCLE;XIRECS;8963.0;1;3;4
638800;;;MICROCHIP_OVAL;XIRECS;7822.0;1;3;4
638800;;;MICROCHIP_RECTANGLE;XIRECS;7755.0;1;3;4
638800;;;MICROCHIP_SQUARE;XIRECS;15090.0;1;3;4
638800;;;MICROCHIP_TRIANGLE;XIRECS;10545.0;1;3;4
638900;SUBMISSION;;MICROCHIP_CIRCLE;XIRECS;8961.0;1;3;4
639100;;;GALAXY_SOUNDS_BLACK_HOLES;XIRECS;11119.0;2;3;4
639100;;;GALAXY_SOUNDS_DARK_MATTER;XIRECS;10486.0;2;3;4
639100;;;GALAXY_SOUNDS_PLANETARY_RINGS;XIRECS;11571.0;2;3;4
639100;;;GALAXY_SOUNDS_SOLAR_FLAMES;XIRECS;10654.0;2;3;4
639100;;;GALAXY_SOUNDS_SOLAR_WINDS;XIRECS;10571.0;2;3;4
639100;;;OXYGEN_SHAKE_CHOCOLATE;XIRECS;8872.0;2;3;4
639100;;;OXYGEN_SHAKE_EVENING_BREATH;XIRECS;9086.0;2;3;4
639100;;;OXYGEN_SHAKE_GARLIC;XIRECS;11775.0;2;3;4
639100;;;OXYGEN_SHAKE_MINT;XIRECS;10481.0;2;3;4
639100;;;OXYGEN_SHAKE_MORNING_BREATH;XIRECS;9541.0;2;3;4
639100;;;PANEL_1X2;XIRECS;8384.0;2;3;4
639100;;;PANEL_1X4;XIRECS;8954.0;2;3;4
639100;;;PANEL_2X2;XIRECS;10748.0;2;3;4
639100;;;PANEL_2X4;XIRECS;11638.0;2;3;4
639100;;;PANEL_4X4;XIRECS;9386.0;2;3;4
639100;;;ROBOT_DISHES;XIRECS;9734.0;2;3;4
639100;;;ROBOT_IRONING;XIRECS;8753.0;2;3;4
639100;;;ROBOT_LAUNDRY;XIRECS;10137.0;2;3;4
639100;;;ROBOT_MOPPING;XIRECS;11901.0;2;3;4
639100;;;ROBOT_VACUUMING;XIRECS;8798.0;2;3;4
639100;;;SLEEP_POD_COTTON;XIRECS;11522.0;2;3;4
639100;;;SLEEP_POD_LAMB_WOOL;XIRECS;10450.0;2;3;4
639100;;;SLEEP_POD_NYLON;XIRECS;9522.0;2;3;4
639100;;;SLEEP_POD_POLYESTER;XIRECS;11969.0;2;3;4
639100;;;SLEEP_POD_SUEDE;XIRECS;12082.0;2;3;4
639100;;;SNACKPACK_CHOCOLATE;XIRECS;9641.0;2;3;4
639100;;;SNACKPACK_PISTACHIO;XIRECS;9360.0;2;3;4
639100;;;SNACKPACK_RASPBERRY;XIRECS;10204.0;2;3;4
639100;;;SNACKPACK_STRAWBERRY;XIRECS;10751.0;2;3;4
639100;;;SNACKPACK_VANILLA;XIRECS;10241.0;2;3;4
639100;;;TRANSLATOR_ASTRO_BLACK;XIRECS;8733.0;2;3;4
639100;;;TRANSLATOR_ECLIPSE_CHARCOAL;XIRECS;10011.0;2;3;4
639100;;;TRANSLATOR_GRAPHITE_MIST;XIRECS;10058.0;2;3;4
639100;;;TRANSLATOR_SPACE_GRAY;XIRECS;9854.0;2;3;4
639100;;;TRANSLATOR_VOID_BLUE;XIRECS;11379.0;2;3;4
639100;;;UV_VISOR_AMBER;XIRECS;7501.0;2;3;4
639100;;;UV_VISOR_MAGENTA;XIRECS;11638.0;2;3;4
639100;;;UV_VISOR_ORANGE;XIRECS;10687.0;2;3;4
639100;;;UV_VISOR_RED;XIRECS;10182.0;2;3;4
639100;;;UV_VISOR_YELLOW;XIRECS;11454.0;2;3;4
639800;;SUBMISSION;PEBBLES_XL;XIRECS;14089.0;8;3;4
640200;;SUBMISSION;MICROCHIP_CIRCLE;XIRECS;8923.0;5;3;4
640500;;;GALAXY_SOUNDS_BLACK_HOLES;XIRECS;11130.0;4;3;4
640500;;;GALAXY_SOUNDS_DARK_MATTER;XIRECS;10449.0;4;3;4
640500;;;GALAXY_SOUNDS_PLANETARY_RINGS;XIRECS;11633.0;4;3;4
640500;;;GALAXY_SOUNDS_SOLAR_FLAMES;XIRECS;10657.0;4;3;4
640500;;;GALAXY_SOUNDS_SOLAR_WINDS;XIRECS;10575.0;4;3;4
640500;;;OXYGEN_SHAKE_CHOCOLATE;XIRECS;8851.0;4;3;4
640500;;;OXYGEN_SHAKE_EVENING_BREATH;XIRECS;9066.0;4;3;4
640500;;;OXYGEN_SHAKE_GARLIC;XIRECS;11749.0;4;3;4
640500;;;OXYGEN_SHAKE_MINT;XIRECS;10443.0;4;3;4
640500;;;OXYGEN_SHAKE_MORNING_BREATH;XIRECS;9545.0;4;3;4
640500;;;PANEL_1X2;XIRECS;8364.0;4;3;4
640500;;;PANEL_1X4;XIRECS;8959.0;4;3;4
640500;;;PANEL_2X2;XIRECS;10715.0;4;3;4
640500;;;PANEL_2X4;XIRECS;11708.0;4;3;4
640500;;;PANEL_4X4;XIRECS;9341.0;4;3;4
640500;;;ROBOT_DISHES;XIRECS;9742.0;4;3;4
640500;;;ROBOT_IRONING;XIRECS;8783.0;4;3;4
640500;;;ROBOT_LAUNDRY;XIRECS;10153.0;4;3;4
640500;;;ROBOT_MOPPING;XIRECS;11904.0;4;3;4
640500;;;ROBOT_VACUUMING;XIRECS;8757.0;4;3;4
640500;;;SLEEP_POD_COTTON;XIRECS;11606.0;4;3;4
640500;;;SLEEP_POD_LAMB_WOOL;XIRECS;10458.0;4;3;4
640500;;;SLEEP_POD_NYLON;XIRECS;9457.0;4;3;4
640500;;;SLEEP_POD_POLYESTER;XIRECS;11916.0;4;3;4
640500;;;SLEEP_POD_SUEDE;XIRECS;12138.0;4;3;4
640500;;;SNACKPACK_CHOCOLATE;XIRECS;9655.0;4;3;4
640500;;;SNACKPACK_PISTACHIO;XIRECS;9313.0;4;3;4
640500;;;SNACKPACK_RASPBERRY;XIRECS;10273.0;4;3;4
640500;;;SNACKPACK_STRAWBERRY;XIRECS;10683.0;4;3;4
640500;;;SNACKPACK_VANILLA;XIRECS;10226.0;4;3;4
640500;;;TRANSLATOR_ASTRO_BLACK;XIRECS;8686.0;4;3;4
640500;;;TRANSLATOR_ECLIPSE_CHARCOAL;XIRECS;10044.0;4;3;4
640500;;;TRANSLATOR_GRAPHITE_MIST;XIRECS;10067.0;4;3;4
640500;;;TRANSLATOR_SPACE_GRAY;XIRECS;9837.0;4;3;4
640500;;;TRANSLATOR_VOID_BLUE;XIRECS;11328.0;4;3;4
640500;;;UV_VISOR_AMBER;XIRECS;7530.0;4;3;4
640500;;;UV_VISOR_MAGENTA;XIRECS;11636.0;4;3;4
640500;;;UV_VISOR_ORANGE;XIRECS;10718.0;4;3;4
640500;;;UV_VISOR_RED;XIRECS;10168.0;4;3;4
640500;;;UV_VISOR_YELLOW;XIRECS;11524.0;4;3;4
640900;SUBMISSION;;PEBBLES_XL;XIRECS;13988.0;2;3;4
640900;;;GALAXY_SOUNDS_BLACK_HOLES;XIRECS;11123.0;4;3;4
640900;;;GALAXY_SOUNDS_DARK_MATTER;XIRECS;10444.0;4;3;4
640900;;;GALAXY_SOUNDS_PLANETARY_RINGS;XIRECS;11655.0;4;3;4
640900;;;GALAXY_SOUNDS_SOLAR_FLAMES;XIRECS;10661.0;4;3;4
640900;;;GALAXY_SOUNDS_SOLAR_WINDS;XIRECS;10567.0;4;3;4
640900;;;OXYGEN_SHAKE_CHOCOLATE;XIRECS;8851.0;4;3;4
640900;;;OXYGEN_SHAKE_EVENING_BREATH;XIRECS;9076.0;4;3;4
640900;;;OXYGEN_SHAKE_GARLIC;XIRECS;11758.0;4;3;4
640900;;;OXYGEN_SHAKE_MINT;XIRECS;10457.0;4;3;4
640900;;;OXYGEN_SHAKE_MORNING_BREATH;XIRECS;9551.0;4;3;4
640900;;;PANEL_1X2;XIRECS;8366.0;4;3;4
640900;;;PANEL_1X4;XIRECS;8970.0;4;3;4
640900;;;PANEL_2X2;XIRECS;10709.0;4;3;4
640900;;;PANEL_2X4;XIRECS;11723.0;4;3;4
640900;;;PANEL_4X4;XIRECS;9362.0;4;3;4
640900;;;PEBBLES_L;XIRECS;10133.0;2;3;4
640900;;;PEBBLES_M;XIRECS;10377.0;2;3;4
640900;;;PEBBLES_S;XIRECS;9167.0;2;3;4
640900;;;PEBBLES_XS;XIRECS;6304.0;2;3;4
640900;;;ROBOT_DISHES;XIRECS;9785.0;4;3;4
640900;;;ROBOT_IRONING;XIRECS;8743.0;4;3;4
640900;;;ROBOT_LAUNDRY;XIRECS;10177.0;4;3;4
640900;;;ROBOT_MOPPING;XIRECS;11874.0;4;3;4
640900;;;ROBOT_VACUUMING;XIRECS;8730.0;4;3;4
640900;;;SLEEP_POD_COTTON;XIRECS;11551.0;4;3;4
640900;;;SLEEP_POD_LAMB_WOOL;XIRECS;10449.0;4;3;4
640900;;;SLEEP_POD_NYLON;XIRECS;9470.0;4;3;4
640900;;;SLEEP_POD_POLYESTER;XIRECS;11924.0;4;3;4
640900;;;SLEEP_POD_SUEDE;XIRECS;12105.0;4;3;4
640900;;;SNACKPACK_CHOCOLATE;XIRECS;9651.0;4;3;4
640900;;;SNACKPACK_PISTACHIO;XIRECS;9310.0;4;3;4
640900;;;SNACKPACK_RASPBERRY;XIRECS;10279.0;4;3;4
640900;;;SNACKPACK_STRAWBERRY;XIRECS;10675.0;4;3;4
640900;;;SNACKPACK_VANILLA;XIRECS;10229.0;4;3;4
640900;;;TRANSLATOR_ASTRO_BLACK;XIRECS;8676.0;4;3;4
640900;;;TRANSLATOR_ECLIPSE_CHARCOAL;XIRECS;10070.0;4;3;4
640900;;;TRANSLATOR_GRAPHITE_MIST;XIRECS;10088.0;4;3;4
640900;;;TRANSLATOR_SPACE_GRAY;XIRECS;9837.0;4;3;4
640900;;;TRANSLATOR_VOID_BLUE;XIRECS;11292.0;4;3;4
640900;;;UV_VISOR_AMBER;XIRECS;7542.0;4;3;4
640900;;;UV_VISOR_MAGENTA;XIRECS;11597.0;4;3;4
640900;;;UV_VISOR_ORANGE;XIRECS;10746.0;4;3;4
640900;;;UV_VISOR_RED;XIRECS;10183.0;4;3;4
640900;;;UV_VISOR_YELLOW;XIRECS;11525.0;4;3;4
642300;;SUBMISSION;SNACKPACK_STRAWBERRY;XIRECS;10633.0;1;3;4
642300;;SUBMISSION;SNACKPACK_PISTACHIO;XIRECS;9282.0;1;3;4
642300;;SUBMISSION;SNACKPACK_VANILLA;XIRECS;10233.0;1;3;4
642500;SUBMISSION;;GALAXY_SOUNDS_PLANETARY_RINGS;XIRECS;11682.0;5;3;4
642900;;;MICROCHIP_CIRCLE;XIRECS;8866.0;3;3;4
642900;;;MICROCHIP_OVAL;XIRECS;7877.0;3;3;4
642900;;;MICROCHIP_RECTANGLE;XIRECS;7712.0;3;3;4
642900;;;MICROCHIP_SQUARE;XIRECS;15190.0;3;3;4
642900;;;MICROCHIP_TRIANGLE;XIRECS;10614.0;3;3;4
643700;SUBMISSION;;PEBBLES_XL;XIRECS;13894.0;2;3;4
643700;;;PEBBLES_L;XIRECS;10102.0;3;3;4
643700;;;PEBBLES_M;XIRECS;10327.0;3;3;4
643700;;;PEBBLES_S;XIRECS;9247.0;3;3;4
643700;;;PEBBLES_XS;XIRECS;6398.0;3;3;4
644000;SUBMISSION;;SNACKPACK_STRAWBERRY;XIRECS;10621.0;2;3;4
644000;SUBMISSION;;SNACKPACK_PISTACHIO;XIRECS;9273.0;2;3;4
644000;SUBMISSION;;SNACKPACK_VANILLA;XIRECS;10206.0;2;3;4
644000;;;GALAXY_SOUNDS_BLACK_HOLES;XIRECS;11120.0;2;3;4
644000;;;GALAXY_SOUNDS_DARK_MATTER;XIRECS;10470.0;2;3;4
644000;;;GALAXY_SOUNDS_PLANETARY_RINGS;XIRECS;11692.0;2;3;4
644000;;;GALAXY_SOUNDS_SOLAR_FLAMES;XIRECS;10669.0;2;3;4
644000;;;GALAXY_SOUNDS_SOLAR_WINDS;XIRECS;10546.0;2;3;4
644000;;;OXYGEN_SHAKE_CHOCOLATE;XIRECS;8851.0;2;3;4
644000;;;OXYGEN_SHAKE_EVENING_BREATH;XIRECS;9114.0;2;3;4
644000;;;OXYGEN_SHAKE_GARLIC;XIRECS;11703.0;2;3;4
644000;;;OXYGEN_SHAKE_MINT;XIRECS;10438.0;2;3;4
644000;;;OXYGEN_SHAKE_MORNING_BREATH;XIRECS;9562.0;2;3;4
644000;;;PANEL_1X2;XIRECS;8391.0;2;3;4
644000;;;PANEL_1X4;XIRECS;8832.0;2;3;4
644000;;;PANEL_2X2;XIRECS;10705.0;2;3;4
644000;;;PANEL_2X4;XIRECS;11733.0;2;3;4
644000;;;PANEL_4X4;XIRECS;9388.0;2;3;4
644000;;;ROBOT_DISHES;XIRECS;9715.0;2;3;4
644000;;;ROBOT_IRONING;XIRECS;8737.0;2;3;4
644000;;;ROBOT_LAUNDRY;XIRECS;10204.0;2;3;4
644000;;;ROBOT_MOPPING;XIRECS;11953.0;2;3;4
644000;;;ROBOT_VACUUMING;XIRECS;8782.0;2;3;4
644000;;;SLEEP_POD_COTTON;XIRECS;11611.0;2;3;4
644000;;;SLEEP_POD_LAMB_WOOL;XIRECS;10500.0;2;3;4
644000;;;SLEEP_POD_NYLON;XIRECS;9448.0;2;3;4
644000;;;SLEEP_POD_POLYESTER;XIRECS;11825.0;2;3;4
644000;;;SLEEP_POD_SUEDE;XIRECS;12003.0;2;3;4
644000;;;SNACKPACK_CHOCOLATE;XIRECS;9653.0;2;3;4
644000;;;SNACKPACK_RASPBERRY;XIRECS;10300.0;2;3;4
644000;;;TRANSLATOR_ASTRO_BLACK;XIRECS;8637.0;2;3;4
644000;;;TRANSLATOR_ECLIPSE_CHARCOAL;XIRECS;10048.0;2;3;4
644000;;;TRANSLATOR_GRAPHITE_MIST;XIRECS;10133.0;2;3;4
644000;;;TRANSLATOR_SPACE_GRAY;XIRECS;9839.0;2;3;4
644000;;;TRANSLATOR_VOID_BLUE;XIRECS;11329.0;2;3;4
644000;;;UV_VISOR_AMBER;XIRECS;7641.0;2;3;4
644000;;;UV_VISOR_MAGENTA;XIRECS;11533.0;2;3;4
644000;;;UV_VISOR_ORANGE;XIRECS;10682.0;2;3;4
644000;;;UV_VISOR_RED;XIRECS;10161.0;2;3;4
644000;;;UV_VISOR_YELLOW;XIRECS;11491.0;2;3;4
644200;;SUBMISSION;PEBBLES_XL;XIRECS;13927.0;4;3;4
644900;;SUBMISSION;SNACKPACK_STRAWBERRY;XIRECS;10630.0;2;3;4
644900;;SUBMISSION;SNACKPACK_PISTACHIO;XIRECS;9279.0;2;3;4
644900;;SUBMISSION;SNACKPACK_VANILLA;XIRECS;10204.0;2;3;4
645900;SUBMISSION;;SNACKPACK_STRAWBERRY;XIRECS;10644.0;1;3;4
645900;SUBMISSION;;SNACKPACK_PISTACHIO;XIRECS;9285.0;1;3;4
645900;SUBMISSION;;SNACKPACK_VANILLA;XIRECS;10205.0;1;3;4
645900;;;GALAXY_SOUNDS_BLACK_HOLES;XIRECS;11180.0;1;3;4
645900;;;GALAXY_SOUNDS_DARK_MATTER;XIRECS;10424.0;1;3;4
645900;;;GALAXY_SOUNDS_PLANETARY_RINGS;XIRECS;11823.0;1;3;4
645900;;;GALAXY_SOUNDS_SOLAR_FLAMES;XIRECS;10628.0;1;3;4
645900;;;GALAXY_SOUNDS_SOLAR_WINDS;XIRECS;10558.0;1;3;4
645900;;;OXYGEN_SHAKE_CHOCOLATE;XIRECS;8912.0;1;3;4
645900;;;OXYGEN_SHAKE_EVENING_BREATH;XIRECS;9104.0;1;3;4
645900;;;OXYGEN_SHAKE_GARLIC;XIRECS;11736.0;1;3;4
645900;;;OXYGEN_SHAKE_MINT;XIRECS;10385.0;1;3;4
645900;;;OXYGEN_SHAKE_MORNING_BREATH;XIRECS;9602.0;1;3;4
645900;;;PANEL_1X2;XIRECS;8388.0;1;3;4
645900;;;PANEL_1X4;XIRECS;8822.0;1;3;4
645900;;;PANEL_2X2;XIRECS;10701.0;1;3;4
645900;;;PANEL_2X4;XIRECS;11778.0;1;3;4
645900;;;PANEL_4X4;XIRECS;9321.0;1;3;4
645900;;;ROBOT_DISHES;XIRECS;9792.0;1;3;4
645900;;;ROBOT_IRONING;XIRECS;8747.0;1;3;4
645900;;;ROBOT_LAUNDRY;XIRECS;10234.0;1;3;4
645900;;;ROBOT_MOPPING;XIRECS;11919.0;1;3;4
645900;;;ROBOT_VACUUMING;XIRECS;8753.0;1;3;4
645900;;;SLEEP_POD_COTTON;XIRECS;11565.0;1;3;4
645900;;;SLEEP_POD_LAMB_WOOL;XIRECS;10585.0;1;3;4
645900;;;SLEEP_POD_NYLON;XIRECS;9429.0;1;3;4
645900;;;SLEEP_POD_POLYESTER;XIRECS;11738.0;1;3;4
645900;;;SLEEP_POD_SUEDE;XIRECS;11946.0;1;3;4
645900;;;SNACKPACK_CHOCOLATE;XIRECS;9646.0;1;3;4
645900;;;SNACKPACK_RASPBERRY;XIRECS;10296.0;1;3;4
645900;;;TRANSLATOR_ASTRO_BLACK;XIRECS;8603.0;1;3;4
645900;;;TRANSLATOR_ECLIPSE_CHARCOAL;XIRECS;10009.0;1;3;4
645900;;;TRANSLATOR_GRAPHITE_MIST;XIRECS;10050.0;1;3;4
645900;;;TRANSLATOR_SPACE_GRAY;XIRECS;9875.0;1;3;4
645900;;;TRANSLATOR_VOID_BLUE;XIRECS;11317.0;1;3;4
645900;;;UV_VISOR_AMBER;XIRECS;7645.0;1;3;4
645900;;;UV_VISOR_MAGENTA;XIRECS;11625.0;1;3;4
645900;;;UV_VISOR_ORANGE;XIRECS;10681.0;1;3;4
645900;;;UV_VISOR_RED;XIRECS;10093.0;1;3;4
645900;;;UV_VISOR_YELLOW;XIRECS;11399.0;1;3;4
647400;;SUBMISSION;SNACKPACK_STRAWBERRY;XIRECS;10678.0;1;3;4
647400;;SUBMISSION;SNACKPACK_PISTACHIO;XIRECS;9302.0;1;3;4
647400;;SUBMISSION;SNACKPACK_VANILLA;XIRECS;10223.0;1;3;4
647700;SUBMISSION;;SNACKPACK_STRAWBERRY;XIRECS;10673.0;3;3;4
647700;SUBMISSION;;SNACKPACK_PISTACHIO;XIRECS;9295.0;3;3;4
647700;SUBMISSION;;SNACKPACK_VANILLA;XIRECS;10222.0;3;3;4
649000;;SUBMISSION;PEBBLES_XL;XIRECS;13948.0;2;3;4
649000;;;PEBBLES_L;XIRECS;10210.0;2;3;4
649000;;;PEBBLES_M;XIRECS;10429.0;2;3;4
649000;;;PEBBLES_S;XIRECS;9107.0;2;3;4
649000;;;PEBBLES_XS;XIRECS;6337.0;2;3;4
649200;;SUBMISSION;SNACKPACK_STRAWBERRY;XIRECS;10661.0;3;3;4
649200;;SUBMISSION;SNACKPACK_PISTACHIO;XIRECS;9295.0;3;3;4
649200;;SUBMISSION;SNACKPACK_VANILLA;XIRECS;10196.0;3;3;4
649600;;SUBMISSION;PEBBLES_XL;XIRECS;13724.0;1;3;4
649700;;;PEBBLES_L;XIRECS;10238.0;3;3;4
649700;;;PEBBLES_M;XIRECS;10508.0;3;3;4
649700;;;PEBBLES_S;XIRECS;9195.0;3;3;4
649700;;;PEBBLES_XL;XIRECS;13703.0;3;3;4
649700;;;PEBBLES_XS;XIRECS;6389.0;3;3;4
650600;SUBMISSION;;MICROCHIP_CIRCLE;XIRECS;8993.0;5;3;4
650600;;;MICROCHIP_CIRCLE;XIRECS;8993.0;1;3;4
650600;;;MICROCHIP_OVAL;XIRECS;7866.0;1;3;4
650600;;;MICROCHIP_RECTANGLE;XIRECS;7736.0;1;3;4
650600;;;MICROCHIP_SQUARE;XIRECS;15461.0;1;3;4
650600;;;MICROCHIP_TRIANGLE;XIRECS;10534.0;1;3;4
652100;SUBMISSION;;PEBBLES_XL;XIRECS;13582.0;6;3;4
652100;SUBMISSION;;PEBBLES_XL;XIRECS;13591.0;12;3;4
653000;;SUBMISSION;PEBBLES_XL;XIRECS;13506.0;3;3;4
653700;;;GALAXY_SOUNDS_BLACK_HOLES;XIRECS;11316.0;1;3;4
653700;;;GALAXY_SOUNDS_DARK_MATTER;XIRECS;10550.0;1;3;4
653700;;;GALAXY_SOUNDS_PLANETARY_RINGS;XIRECS;11838.0;1;3;4
653700;;;GALAXY_SOUNDS_SOLAR_FLAMES;XIRECS;10635.0;1;3;4
653700;;;GALAXY_SOUNDS_SOLAR_WINDS;XIRECS;10577.0;1;3;4
653700;;;OXYGEN_SHAKE_CHOCOLATE;XIRECS;8886.0;1;3;4
653700;;;OXYGEN_SHAKE_EVENING_BREATH;XIRECS;9176.0;1;3;4
653700;;;OXYGEN_SHAKE_GARLIC;XIRECS;11867.0;1;3;4
653700;;;OXYGEN_SHAKE_MINT;XIRECS;10512.0;1;3;4
653700;;;OXYGEN_SHAKE_MORNING_BREATH;XIRECS;9563.0;1;3;4
653700;;;PANEL_1X2;XIRECS;8439.0;1;3;4
653700;;;PANEL_1X4;XIRECS;8794.0;1;3;4
653700;;;PANEL_2X2;XIRECS;10704.0;1;3;4
653700;;;PANEL_2X4;XIRECS;11672.0;1;3;4
653700;;;PANEL_4X4;XIRECS;9426.0;1;3;4
653700;;;ROBOT_DISHES;XIRECS;9710.0;1;3;4
653700;;;ROBOT_IRONING;XIRECS;8563.0;1;3;4
653700;;;ROBOT_LAUNDRY;XIRECS;10213.0;1;3;4
653700;;;ROBOT_MOPPING;XIRECS;11879.0;1;3;4
653700;;;ROBOT_VACUUMING;XIRECS;8770.0;1;3;4
653700;;;SLEEP_POD_COTTON;XIRECS;11534.0;1;3;4
653700;;;SLEEP_POD_LAMB_WOOL;XIRECS;10524.0;1;3;4
653700;;;SLEEP_POD_NYLON;XIRECS;9333.0;1;3;4
653700;;;SLEEP_POD_POLYESTER;XIRECS;11936.0;1;3;4
653700;;;SLEEP_POD_SUEDE;XIRECS;12031.0;1;3;4
653700;;;SNACKPACK_CHOCOLATE;XIRECS;9650.0;1;3;4
653700;;;SNACKPACK_PISTACHIO;XIRECS;9343.0;1;3;4
653700;;;SNACKPACK_RASPBERRY;XIRECS;10266.0;1;3;4
653700;;;SNACKPACK_STRAWBERRY;XIRECS;10721.0;1;3;4
653700;;;SNACKPACK_VANILLA;XIRECS;10224.0;1;3;4
653700;;;TRANSLATOR_ASTRO_BLACK;XIRECS;8622.0;1;3;4
653700;;;TRANSLATOR_ECLIPSE_CHARCOAL;XIRECS;9896.0;1;3;4
653700;;;TRANSLATOR_GRAPHITE_MIST;XIRECS;10004.0;1;3;4
653700;;;TRANSLATOR_SPACE_GRAY;XIRECS;9856.0;1;3;4
653700;;;TRANSLATOR_VOID_BLUE;XIRECS;11500.0;1;3;4
653700;;;UV_VISOR_AMBER;XIRECS;7724.0;1;3;4
653700;;;UV_VISOR_MAGENTA;XIRECS;11742.0;1;3;4
653700;;;UV_VISOR_ORANGE;XIRECS;10698.0;1;3;4
653700;;;UV_VISOR_RED;XIRECS;10113.0;1;3;4
653700;;;UV_VISOR_YELLOW;XIRECS;11235.0;1;3;4
654300;;SUBMISSION;PEBBLES_XL;XIRECS;13487.0;2;3;4
654300;;;PEBBLES_L;XIRECS;10291.0;3;3;4
654300;;;PEBBLES_M;XIRECS;10450.0;3;3;4
654300;;;PEBBLES_S;XIRECS;9357.0;3;3;4
654300;;;PEBBLES_XS;XIRECS;6447.0;3;3;4
654900;SUBMISSION;;MICROCHIP_CIRCLE;XIRECS;9009.0;4;3;4
655000;SUBMISSION;;MICROCHIP_CIRCLE;XIRECS;9014.0;1;3;4
655200;SUBMISSION;;UV_VISOR_AMBER;XIRECS;7758.0;5;3;4
656100;SUBMISSION;;PEBBLES_XL;XIRECS;13528.0;2;3;4
656100;;;PEBBLES_L;XIRECS;10226.0;3;3;4
656100;;;PEBBLES_M;XIRECS;10468.0;3;3;4
656100;;;PEBBLES_S;XIRECS;9252.0;3;3;4
656100;;;PEBBLES_XS;XIRECS;6495.0;3;3;4
657500;SUBMISSION;;PEBBLES_XL;XIRECS;13696.0;5;3;4
658100;SUBMISSION;;UV_VISOR_AMBER;XIRECS;7787.0;5;3;4
658700;;;PEBBLES_L;XIRECS;10239.0;4;3;4
658700;;;PEBBLES_M;XIRECS;10434.0;4;3;4
658700;;;PEBBLES_S;XIRECS;9245.0;4;3;4
658700;;;PEBBLES_XL;XIRECS;13709.0;4;3;4
658700;;;PEBBLES_XS;XIRECS;6340.0;4;3;4
659300;;SUBMISSION;PEBBLES_XL;XIRECS;13836.0;2;3;4
659300;;;PEBBLES_L;XIRECS;10250.0;2;3;4
659300;;;PEBBLES_M;XIRECS;10401.0;2;3;4
659300;;;PEBBLES_S;XIRECS;9228.0;2;3;4
659300;;;PEBBLES_XS;XIRECS;6317.0;2;3;4
661300;;;GALAXY_SOUNDS_BLACK_HOLES;XIRECS;11200.0;2;3;4
661300;;;GALAXY_SOUNDS_DARK_MATTER;XIRECS;10476.0;2;3;4
661300;;;GALAXY_SOUNDS_PLANETARY_RINGS;XIRECS;11854.0;2;3;4
661300;;;GALAXY_SOUNDS_SOLAR_FLAMES;XIRECS;10683.0;2;3;4
661300;;;GALAXY_SOUNDS_SOLAR_WINDS;XIRECS;10431.0;2;3;4
661300;;;OXYGEN_SHAKE_CHOCOLATE;XIRECS;8971.0;2;3;4
661300;;;OXYGEN_SHAKE_EVENING_BREATH;XIRECS;9156.0;2;3;4
661300;;;OXYGEN_SHAKE_GARLIC;XIRECS;11776.0;2;3;4
661300;;;OXYGEN_SHAKE_MINT;XIRECS;10480.0;2;3;4
661300;;;OXYGEN_SHAKE_MORNING_BREATH;XIRECS;9585.0;2;3;4
661300;;;PANEL_1X2;XIRECS;8601.0;2;3;4
661300;;;PANEL_1X4;XIRECS;8727.0;2;3;4
661300;;;PANEL_2X2;XIRECS;10552.0;2;3;4
661300;;;PANEL_2X4;XIRECS;11675.0;2;3;4
661300;;;PANEL_4X4;XIRECS;9454.0;2;3;4
661300;;;ROBOT_DISHES;XIRECS;9719.0;2;3;4
661300;;;ROBOT_IRONING;XIRECS;8473.0;2;3;4
661300;;;ROBOT_LAUNDRY;XIRECS;10256.0;2;3;4
661300;;;ROBOT_MOPPING;XIRECS;12045.0;2;3;4
661300;;;ROBOT_VACUUMING;XIRECS;8692.0;2;3;4
661300;;;SLEEP_POD_COTTON;XIRECS;11525.0;2;3;4
661300;;;SLEEP_POD_LAMB_WOOL;XIRECS;10504.0;2;3;4
661300;;;SLEEP_POD_NYLON;XIRECS;9492.0;2;3;4
661300;;;SLEEP_POD_POLYESTER;XIRECS;11946.0;2;3;4
661300;;;SLEEP_POD_SUEDE;XIRECS;12022.0;2;3;4
661300;;;SNACKPACK_CHOCOLATE;XIRECS;9606.0;2;3;4
661300;;;SNACKPACK_PISTACHIO;XIRECS;9329.0;2;3;4
661300;;;SNACKPACK_RASPBERRY;XIRECS;10277.0;2;3;4
661300;;;SNACKPACK_STRAWBERRY;XIRECS;10732.0;2;3;4
661300;;;SNACKPACK_VANILLA;XIRECS;10274.0;2;3;4
661300;;;TRANSLATOR_ASTRO_BLACK;XIRECS;8555.0;2;3;4
661300;;;TRANSLATOR_ECLIPSE_CHARCOAL;XIRECS;9955.0;2;3;4
661300;;;TRANSLATOR_GRAPHITE_MIST;XIRECS;9943.0;2;3;4
661300;;;TRANSLATOR_SPACE_GRAY;XIRECS;9764.0;2;3;4
661300;;;TRANSLATOR_VOID_BLUE;XIRECS;11380.0;2;3;4
661300;;;UV_VISOR_AMBER;XIRECS;7734.0;2;3;4
661300;;;UV_VISOR_MAGENTA;XIRECS;11591.0;2;3;4
661300;;;UV_VISOR_ORANGE;XIRECS;10589.0;2;3;4
661300;;;UV_VISOR_RED;XIRECS;10121.0;2;3;4
661300;;;UV_VISOR_YELLOW;XIRECS;11282.0;2;3;4
661700;;;GALAXY_SOUNDS_BLACK_HOLES;XIRECS;11162.0;2;3;4
661700;;;GALAXY_SOUNDS_DARK_MATTER;XIRECS;10473.0;2;3;4
661700;;;GALAXY_SOUNDS_PLANETARY_RINGS;XIRECS;11876.0;2;3;4
661700;;;GALAXY_SOUNDS_SOLAR_FLAMES;XIRECS;10692.0;2;3;4
661700;;;GALAXY_SOUNDS_SOLAR_WINDS;XIRECS;10445.0;2;3;4
661700;;;OXYGEN_SHAKE_CHOCOLATE;XIRECS;8994.0;2;3;4
661700;;;OXYGEN_SHAKE_EVENING_BREATH;XIRECS;9136.0;2;3;4
661700;;;OXYGEN_SHAKE_GARLIC;XIRECS;11772.0;2;3;4
661700;;;OXYGEN_SHAKE_MINT;XIRECS;10491.0;2;3;4
661700;;;OXYGEN_SHAKE_MORNING_BREATH;XIRECS;9596.0;2;3;4
661700;;;PANEL_1X2;XIRECS;8624.0;2;3;4
661700;;;PANEL_1X4;XIRECS;8704.0;2;3;4
661700;;;PANEL_2X2;XIRECS;10574.0;2;3;4
661700;;;PANEL_2X4;XIRECS;11691.0;2;3;4
661700;;;PANEL_4X4;XIRECS;9435.0;2;3;4
661700;;;ROBOT_DISHES;XIRECS;9709.0;2;3;4
661700;;;ROBOT_IRONING;XIRECS;8483.0;2;3;4
661700;;;ROBOT_LAUNDRY;XIRECS;10245.0;2;3;4
661700;;;ROBOT_MOPPING;XIRECS;12038.0;2;3;4
661700;;;ROBOT_VACUUMING;XIRECS;8697.0;2;3;4
661700;;;SLEEP_POD_COTTON;XIRECS;11535.0;2;3;4
661700;;;SLEEP_POD_LAMB_WOOL;XIRECS;10493.0;2;3;4
661700;;;SLEEP_POD_NYLON;XIRECS;9505.0;2;3;4
661700;;;SLEEP_POD_POLYESTER;XIRECS;11985.0;2;3;4
661700;;;SLEEP_POD_SUEDE;XIRECS;11991.0;2;3;4
661700;;;SNACKPACK_CHOCOLATE;XIRECS;9608.0;2;3;4
661700;;;SNACKPACK_PISTACHIO;XIRECS;9315.0;2;3;4
661700;;;SNACKPACK_RASPBERRY;XIRECS;10305.0;2;3;4
661700;;;SNACKPACK_STRAWBERRY;XIRECS;10707.0;2;3;4
661700;;;SNACKPACK_VANILLA;XIRECS;10274.0;2;3;4
661700;;;TRANSLATOR_ASTRO_BLACK;XIRECS;8569.0;2;3;4
661700;;;TRANSLATOR_ECLIPSE_CHARCOAL;XIRECS;9968.0;2;3;4
661700;;;TRANSLATOR_GRAPHITE_MIST;XIRECS;9963.0;2;3;4
661700;;;TRANSLATOR_SPACE_GRAY;XIRECS;9763.0;2;3;4
661700;;;TRANSLATOR_VOID_BLUE;XIRECS;11382.0;2;3;4
661700;;;UV_VISOR_AMBER;XIRECS;7724.0;2;3;4
661700;;;UV_VISOR_MAGENTA;XIRECS;11593.0;2;3;4
661700;;;UV_VISOR_ORANGE;XIRECS;10576.0;2;3;4
661700;;;UV_VISOR_RED;XIRECS;10135.0;2;3;4
661700;;;UV_VISOR_YELLOW;XIRECS;11326.0;2;3;4
664600;;SUBMISSION;PEBBLES_XL;XIRECS;14272.0;2;3;4
664600;;;PEBBLES_L;XIRECS;10030.0;4;3;4
664600;;;PEBBLES_M;XIRECS;10321.0;4;3;4
664600;;;PEBBLES_S;XIRECS;9076.0;4;3;4
664600;;;PEBBLES_XS;XIRECS;6333.0;4;3;4
666000;;;PEBBLES_L;XIRECS;10132.0;2;3;4
666000;;;PEBBLES_M;XIRECS;10338.0;2;3;4
666000;;;PEBBLES_S;XIRECS;9080.0;2;3;4
666000;;;PEBBLES_XL;XIRECS;14094.0;2;3;4
666000;;;PEBBLES_XS;XIRECS;6324.0;2;3;4
667400;;SUBMISSION;PEBBLES_XL;XIRECS;14115.0;2;3;4
667400;;;PEBBLES_L;XIRECS;10072.0;5;3;4
667400;;;PEBBLES_M;XIRECS;10406.0;5;3;4
667400;;;PEBBLES_S;XIRECS;9071.0;5;3;4
667400;;;PEBBLES_XS;XIRECS;6367.0;5;3;4
667600;SUBMISSION;;UV_VISOR_AMBER;XIRECS;7867.0;5;3;4
668400;SUBMISSION;;SNACKPACK_STRAWBERRY;XIRECS;10728.0;2;3;4
668400;SUBMISSION;;SNACKPACK_PISTACHIO;XIRECS;9290.0;2;3;4
668400;SUBMISSION;;SNACKPACK_VANILLA;XIRECS;10209.0;2;3;4
668400;;;GALAXY_SOUNDS_BLACK_HOLES;XIRECS;11140.0;2;3;4
668400;;;GALAXY_SOUNDS_DARK_MATTER;XIRECS;10432.0;2;3;4
668400;;;GALAXY_SOUNDS_PLANETARY_RINGS;XIRECS;11836.0;2;3;4
668400;;;GALAXY_SOUNDS_SOLAR_FLAMES;XIRECS;10598.0;2;3;4
668400;;;GALAXY_SOUNDS_SOLAR_WINDS;XIRECS;10409.0;2;3;4
668400;;;OXYGEN_SHAKE_CHOCOLATE;XIRECS;9089.0;2;3;4
668400;;;OXYGEN_SHAKE_EVENING_BREATH;XIRECS;9274.0;2;3;4
668400;;;OXYGEN_SHAKE_GARLIC;XIRECS;11886.0;2;3;4
668400;;;OXYGEN_SHAKE_MINT;XIRECS;10449.0;2;3;4
668400;;;OXYGEN_SHAKE_MORNING_BREATH;XIRECS;9552.0;2;3;4
668400;;;PANEL_1X2;XIRECS;8467.0;2;3;4
668400;;;PANEL_1X4;XIRECS;8610.0;2;3;4
668400;;;PANEL_2X2;XIRECS;10522.0;2;3;4
668400;;;PANEL_2X4;XIRECS;11565.0;2;3;4
668400;;;PANEL_4X4;XIRECS;9408.0;2;3;4
668400;;;ROBOT_DISHES;XIRECS;9687.0;2;3;4
668400;;;ROBOT_IRONING;XIRECS;8507.0;2;3;4
668400;;;ROBOT_LAUNDRY;XIRECS;10315.0;2;3;4
668400;;;ROBOT_MOPPING;XIRECS;11939.0;2;3;4
668400;;;ROBOT_VACUUMING;XIRECS;8828.0;2;3;4
668400;;;SLEEP_POD_COTTON;XIRECS;11431.0;2;3;4
668400;;;SLEEP_POD_LAMB_WOOL;XIRECS;10475.0;2;3;4
668400;;;SLEEP_POD_NYLON;XIRECS;9330.0;2;3;4
668400;;;SLEEP_POD_POLYESTER;XIRECS;12030.0;2;3;4
668400;;;SLEEP_POD_SUEDE;XIRECS;12038.0;2;3;4
668400;;;SNACKPACK_CHOCOLATE;XIRECS;9666.0;2;3;4
668400;;;SNACKPACK_RASPBERRY;XIRECS;10229.0;2;3;4
668400;;;TRANSLATOR_ASTRO_BLACK;XIRECS;8568.0;2;3;4
668400;;;TRANSLATOR_ECLIPSE_CHARCOAL;XIRECS;9856.0;2;3;4
668400;;;TRANSLATOR_GRAPHITE_MIST;XIRECS;10073.0;2;3;4
668400;;;TRANSLATOR_SPACE_GRAY;XIRECS;9701.0;2;3;4
668400;;;TRANSLATOR_VOID_BLUE;XIRECS;11293.0;2;3;4
668400;;;UV_VISOR_AMBER;XIRECS;7849.0;2;3;4
668400;;;UV_VISOR_MAGENTA;XIRECS;11583.0;2;3;4
668400;;;UV_VISOR_ORANGE;XIRECS;10554.0;2;3;4
668400;;;UV_VISOR_RED;XIRECS;10207.0;2;3;4
668400;;;UV_VISOR_YELLOW;XIRECS;11486.0;2;3;4
668600;;;MICROCHIP_CIRCLE;XIRECS;9005.0;1;3;4
668600;;;MICROCHIP_OVAL;XIRECS;7867.0;1;3;4
668600;;;MICROCHIP_RECTANGLE;XIRECS;7767.0;1;3;4
668600;;;MICROCHIP_SQUARE;XIRECS;15129.0;1;3;4
668600;;;MICROCHIP_TRIANGLE;XIRECS;10612.0;1;3;4
668700;;SUBMISSION;SNACKPACK_STRAWBERRY;XIRECS;10723.0;2;3;4
668700;;SUBMISSION;SNACKPACK_PISTACHIO;XIRECS;9288.0;2;3;4
668700;;SUBMISSION;SNACKPACK_VANILLA;XIRECS;10216.0;2;3;4
669700;SUBMISSION;;PEBBLES_XL;XIRECS;13780.0;4;3;4
669700;SUBMISSION;;PEBBLES_XL;XIRECS;13790.0;2;3;4
670400;;SUBMISSION;SLEEP_POD_COTTON;XIRECS;11373.0;5;3;4
671400;SUBMISSION;;SNACKPACK_STRAWBERRY;XIRECS;10722.0;2;3;4
671400;SUBMISSION;;SNACKPACK_PISTACHIO;XIRECS;9300.0;2;3;4
671400;SUBMISSION;;SNACKPACK_VANILLA;XIRECS;10224.0;2;3;4
671400;;;GALAXY_SOUNDS_BLACK_HOLES;XIRECS;11148.0;4;3;4
671400;;;GALAXY_SOUNDS_DARK_MATTER;XIRECS;10392.0;4;3;4
671400;;;GALAXY_SOUNDS_PLANETARY_RINGS;XIRECS;11858.0;4;3;4
671400;;;GALAXY_SOUNDS_SOLAR_FLAMES;XIRECS;10602.0;4;3;4
671400;;;GALAXY_SOUNDS_SOLAR_WINDS;XIRECS;10331.0;4;3;4
671400;;;OXYGEN_SHAKE_CHOCOLATE;XIRECS;9060.0;4;3;4
671400;;;OXYGEN_SHAKE_EVENING_BREATH;XIRECS;9284.0;4;3;4
671400;;;OXYGEN_SHAKE_GARLIC;XIRECS;11847.0;4;3;4
671400;;;OXYGEN_SHAKE_MINT;XIRECS;10347.0;4;3;4
671400;;;OXYGEN_SHAKE_MORNING_BREATH;XIRECS;9481.0;4;3;4
671400;;;PANEL_1X2;XIRECS;8517.0;4;3;4
671400;;;PANEL_1X4;XIRECS;8604.0;4;3;4
671400;;;PANEL_2X2;XIRECS;10595.0;4;3;4
671400;;;PANEL_2X4;XIRECS;11594.0;4;3;4
671400;;;PANEL_4X4;XIRECS;9441.0;4;3;4
671400;;;ROBOT_DISHES;XIRECS;9686.0;4;3;4
671400;;;ROBOT_IRONING;XIRECS;8537.0;4;3;4
671400;;;ROBOT_LAUNDRY;XIRECS;10341.0;4;3;4
671400;;;ROBOT_MOPPING;XIRECS;11919.0;4;3;4
671400;;;ROBOT_VACUUMING;XIRECS;8769.0;4;3;4
671400;;;SLEEP_POD_COTTON;XIRECS;11367.0;4;3;4
671400;;;SLEEP_POD_LAMB_WOOL;XIRECS;10482.0;4;3;4
671400;;;SLEEP_POD_NYLON;XIRECS;9294.0;4;3;4
671400;;;SLEEP_POD_POLYESTER;XIRECS;12135.0;4;3;4
671400;;;SLEEP_POD_SUEDE;XIRECS;12097.0;4;3;4
671400;;;SNACKPACK_CHOCOLATE;XIRECS;9641.0;4;3;4
671400;;;SNACKPACK_RASPBERRY;XIRECS;10234.0;4;3;4
671400;;;TRANSLATOR_ASTRO_BLACK;XIRECS;8577.0;4;3;4
671400;;;TRANSLATOR_ECLIPSE_CHARCOAL;XIRECS;9857.0;4;3;4
671400;;;TRANSLATOR_GRAPHITE_MIST;XIRECS;9926.0;4;3;4
671400;;;TRANSLATOR_SPACE_GRAY;XIRECS;9673.0;4;3;4
671400;;;TRANSLATOR_VOID_BLUE;XIRECS;11361.0;4;3;4
671400;;;UV_VISOR_AMBER;XIRECS;7799.0;4;3;4
671400;;;UV_VISOR_MAGENTA;XIRECS;11577.0;4;3;4
671400;;;UV_VISOR_ORANGE;XIRECS;10535.0;4;3;4
671400;;;UV_VISOR_RED;XIRECS;10119.0;4;3;4
671400;;;UV_VISOR_YELLOW;XIRECS;11374.0;4;3;4
672400;SUBMISSION;;SNACKPACK_STRAWBERRY;XIRECS;10734.0;3;3;4
672400;;SUBMISSION;SLEEP_POD_COTTON;XIRECS;11376.0;5;3;4
672400;SUBMISSION;;SNACKPACK_PISTACHIO;XIRECS;9315.0;3;3;4
672400;SUBMISSION;;SNACKPACK_VANILLA;XIRECS;10247.0;3;3;4
672400;;;MICROCHIP_CIRCLE;XIRECS;8944.0;1;3;4
672400;;;MICROCHIP_OVAL;XIRECS;7927.0;1;3;4
672400;;;MICROCHIP_RECTANGLE;XIRECS;7765.0;1;3;4
672400;;;MICROCHIP_SQUARE;XIRECS;15140.0;1;3;4
672400;;;MICROCHIP_TRIANGLE;XIRECS;10599.0;1;3;4
672400;;;PEBBLES_L;XIRECS;10149.0;4;3;4
672400;;;PEBBLES_M;XIRECS;10696.0;4;3;4
672400;;;PEBBLES_S;XIRECS;9064.0;4;3;4
672400;;;PEBBLES_XL;XIRECS;13503.0;4;3;4
672400;;;PEBBLES_XS;XIRECS;6555.0;4;3;4
672500;;;PEBBLES_L;XIRECS;10142.0;4;3;4
672500;;;PEBBLES_M;XIRECS;10696.0;4;3;4
672500;;;PEBBLES_S;XIRECS;9092.0;4;3;4
672500;;;PEBBLES_XL;XIRECS;13488.0;4;3;4
672500;;;PEBBLES_XS;XIRECS;6549.0;4;3;4
672800;SUBMISSION;;SNACKPACK_STRAWBERRY;XIRECS;10761.0;3;3;4
672800;SUBMISSION;;SNACKPACK_PISTACHIO;XIRECS;9323.0;3;3;4
672800;SUBMISSION;;SNACKPACK_VANILLA;XIRECS;10270.0;3;3;4
673300;;SUBMISSION;MICROCHIP_CIRCLE;XIRECS;8904.0;4;3;4
673400;;SUBMISSION;MICROCHIP_CIRCLE;XIRECS;8901.0;1;3;4
674700;;;MICROCHIP_CIRCLE;XIRECS;8913.0;2;3;4
674700;;;MICROCHIP_OVAL;XIRECS;8073.0;2;3;4
674700;;;MICROCHIP_RECTANGLE;XIRECS;7773.0;2;3;4
674700;;;MICROCHIP_SQUARE;XIRECS;15051.0;2;3;4
674700;;;MICROCHIP_TRIANGLE;XIRECS;10538.0;2;3;4
675200;SUBMISSION;;SLEEP_POD_COTTON;XIRECS;11539.0;5;3;4
677300;SUBMISSION;;SLEEP_POD_COTTON;XIRECS;11544.0;5;3;4
677800;;SUBMISSION;SNACKPACK_STRAWBERRY;XIRECS;10794.0;1;3;4
677800;;SUBMISSION;SNACKPACK_PISTACHIO;XIRECS;9343.0;1;3;4
677800;;SUBMISSION;SNACKPACK_VANILLA;XIRECS;10231.0;1;3;4
677800;;;GALAXY_SOUNDS_BLACK_HOLES;XIRECS;11354.0;1;3;4
677800;;;GALAXY_SOUNDS_DARK_MATTER;XIRECS;10390.0;1;3;4
677800;;;GALAXY_SOUNDS_PLANETARY_RINGS;XIRECS;12021.0;1;3;4
677800;;;GALAXY_SOUNDS_SOLAR_FLAMES;XIRECS;10526.0;1;3;4
677800;;;GALAXY_SOUNDS_SOLAR_WINDS;XIRECS;10495.0;1;3;4
677800;;;OXYGEN_SHAKE_CHOCOLATE;XIRECS;9052.0;1;3;4
677800;;;OXYGEN_SHAKE_EVENING_BREATH;XIRECS;9256.0;1;3;4
677800;;;OXYGEN_SHAKE_GARLIC;XIRECS;11850.0;1;3;4
677800;;;OXYGEN_SHAKE_MINT;XIRECS;10177.0;1;3;4
677800;;;OXYGEN_SHAKE_MORNING_BREATH;XIRECS;9477.0;1;3;4
677800;;;PANEL_1X2;XIRECS;8619.0;1;3;4
677800;;;PANEL_1X4;XIRECS;8485.0;1;3;4
677800;;;PANEL_2X2;XIRECS;10544.0;1;3;4
677800;;;PANEL_2X4;XIRECS;11599.0;1;3;4
677800;;;PANEL_4X4;XIRECS;9416.0;1;3;4
677800;;;ROBOT_DISHES;XIRECS;9631.0;1;3;4
677800;;;ROBOT_IRONING;XIRECS;8573.0;1;3;4
677800;;;ROBOT_LAUNDRY;XIRECS;10294.0;1;3;4
677800;;;ROBOT_MOPPING;XIRECS;11985.0;1;3;4
677800;;;ROBOT_VACUUMING;XIRECS;8825.0;1;3;4
677800;;;SLEEP_POD_COTTON;XIRECS;11577.0;1;3;4
677800;;;SLEEP_POD_LAMB_WOOL;XIRECS;10386.0;1;3;4
677800;;;SLEEP_POD_NYLON;XIRECS;9307.0;1;3;4
677800;;;SLEEP_POD_POLYESTER;XIRECS;12155.0;1;3;4
677800;;;SLEEP_POD_SUEDE;XIRECS;12046.0;1;3;4
677800;;;SNACKPACK_CHOCOLATE;XIRECS;9682.0;1;3;4
677800;;;SNACKPACK_RASPBERRY;XIRECS;10214.0;1;3;4
677800;;;TRANSLATOR_ASTRO_BLACK;XIRECS;8740.0;1;3;4
677800;;;TRANSLATOR_ECLIPSE_CHARCOAL;XIRECS;9959.0;1;3;4
677800;;;TRANSLATOR_GRAPHITE_MIST;XIRECS;9873.0;1;3;4
677800;;;TRANSLATOR_SPACE_GRAY;XIRECS;9795.0;1;3;4
677800;;;TRANSLATOR_VOID_BLUE;XIRECS;11444.0;1;3;4
677800;;;UV_VISOR_AMBER;XIRECS;7794.0;1;3;4
677800;;;UV_VISOR_MAGENTA;XIRECS;11605.0;1;3;4
677800;;;UV_VISOR_ORANGE;XIRECS;10519.0;1;3;4
677800;;;UV_VISOR_RED;XIRECS;10082.0;1;3;4
677800;;;UV_VISOR_YELLOW;XIRECS;11448.0;1;3;4
677900;;SUBMISSION;PEBBLES_XL;XIRECS;13448.0;2;3;4
677900;;;PEBBLES_L;XIRECS;10145.0;5;3;4
677900;;;PEBBLES_M;XIRECS;10647.0;5;3;4
677900;;;PEBBLES_S;XIRECS;9019.0;5;3;4
677900;;;PEBBLES_XS;XIRECS;6773.0;5;3;4
678800;;;GALAXY_SOUNDS_BLACK_HOLES;XIRECS;11326.0;4;3;4
678800;;;GALAXY_SOUNDS_DARK_MATTER;XIRECS;10444.0;4;3;4
678800;;;GALAXY_SOUNDS_PLANETARY_RINGS;XIRECS;11993.0;4;3;4
678800;;;GALAXY_SOUNDS_SOLAR_FLAMES;XIRECS;10526.0;4;3;4
678800;;;GALAXY_SOUNDS_SOLAR_WINDS;XIRECS;10449.0;4;3;4
678800;;;OXYGEN_SHAKE_CHOCOLATE;XIRECS;9049.0;4;3;4
678800;;;OXYGEN_SHAKE_EVENING_BREATH;XIRECS;9214.0;4;3;4
678800;;;OXYGEN_SHAKE_GARLIC;XIRECS;11803.0;4;3;4
678800;;;OXYGEN_SHAKE_MINT;XIRECS;10164.0;4;3;4
678800;;;OXYGEN_SHAKE_MORNING_BREATH;XIRECS;9440.0;4;3;4
678800;;;PANEL_1X2;XIRECS;8602.0;4;3;4
678800;;;PANEL_1X4;XIRECS;8433.0;4;3;4
678800;;;PANEL_2X2;XIRECS;10513.0;4;3;4
678800;;;PANEL_2X4;XIRECS;11539.0;4;3;4
678800;;;PANEL_4X4;XIRECS;9362.0;4;3;4
678800;;;ROBOT_DISHES;XIRECS;9643.0;4;3;4
678800;;;ROBOT_IRONING;XIRECS;8567.0;4;3;4
678800;;;ROBOT_LAUNDRY;XIRECS;10267.0;4;3;4
678800;;;ROBOT_MOPPING;XIRECS;12060.0;4;3;4
678800;;;ROBOT_VACUUMING;XIRECS;8788.0;4;3;4
678800;;;SLEEP_POD_COTTON;XIRECS;11479.0;4;3;4
678800;;;SLEEP_POD_LAMB_WOOL;XIRECS;10341.0;4;3;4
678800;;;SLEEP_POD_NYLON;XIRECS;9280.0;4;3;4
678800;;;SLEEP_POD_POLYESTER;XIRECS;12175.0;4;3;4
678800;;;SLEEP_POD_SUEDE;XIRECS;12012.0;4;3;4
678800;;;SNACKPACK_CHOCOLATE;XIRECS;9662.0;4;3;4
678800;;;SNACKPACK_PISTACHIO;XIRECS;9338.0;4;3;4
678800;;;SNACKPACK_RASPBERRY;XIRECS;10169.0;4;3;4
678800;;;SNACKPACK_STRAWBERRY;XIRECS;10796.0;4;3;4
678800;;;SNACKPACK_VANILLA;XIRECS;10224.0;4;3;4
678800;;;TRANSLATOR_ASTRO_BLACK;XIRECS;8748.0;4;3;4
678800;;;TRANSLATOR_ECLIPSE_CHARCOAL;XIRECS;9931.0;4;3;4
678800;;;TRANSLATOR_GRAPHITE_MIST;XIRECS;9798.0;4;3;4
678800;;;TRANSLATOR_SPACE_GRAY;XIRECS;9772.0;4;3;4
678800;;;TRANSLATOR_VOID_BLUE;XIRECS;11440.0;4;3;4
678800;;;UV_VISOR_AMBER;XIRECS;7809.0;4;3;4
678800;;;UV_VISOR_MAGENTA;XIRECS;11575.0;4;3;4
678800;;;UV_VISOR_ORANGE;XIRECS;10471.0;4;3;4
678800;;;UV_VISOR_RED;XIRECS;10028.0;4;3;4
678800;;;UV_VISOR_YELLOW;XIRECS;11417.0;4;3;4
679400;;;MICROCHIP_CIRCLE;XIRECS;8994.0;3;3;4
679400;;;MICROCHIP_OVAL;XIRECS;8052.0;3;3;4
679400;;;MICROCHIP_RECTANGLE;XIRECS;7888.0;3;3;4
679400;;;MICROCHIP_SQUARE;XIRECS;14858.0;3;3;4
679400;;;MICROCHIP_TRIANGLE;XIRECS;10344.0;3;3;4
680400;;SUBMISSION;SNACKPACK_STRAWBERRY;XIRECS;10783.0;5;3;4
680400;;SUBMISSION;SNACKPACK_PISTACHIO;XIRECS;9347.0;5;3;4
680400;;SUBMISSION;SNACKPACK_VANILLA;XIRECS;10227.0;5;3;4
680500;;SUBMISSION;SNACKPACK_STRAWBERRY;XIRECS;10797.0;2;3;4
680500;;SUBMISSION;SNACKPACK_PISTACHIO;XIRECS;9349.0;2;3;4
680500;;SUBMISSION;SNACKPACK_VANILLA;XIRECS;10229.0;2;3;4
682700;;;MICROCHIP_CIRCLE;XIRECS;9018.0;2;3;4
682700;;;MICROCHIP_OVAL;XIRECS;8023.0;2;3;4
682700;;;MICROCHIP_RECTANGLE;XIRECS;7917.0;2;3;4
682700;;;MICROCHIP_SQUARE;XIRECS;14867.0;2;3;4
682700;;;MICROCHIP_TRIANGLE;XIRECS;10348.0;2;3;4
683200;SUBMISSION;;MICROCHIP_CIRCLE;XIRECS;9017.0;5;3;4
683700;SUBMISSION;;SNACKPACK_STRAWBERRY;XIRECS;10706.0;2;3;4
683700;SUBMISSION;;SNACKPACK_PISTACHIO;XIRECS;9289.0;2;3;4
683700;SUBMISSION;;SNACKPACK_VANILLA;XIRECS;10232.0;2;3;4
683700;;;GALAXY_SOUNDS_BLACK_HOLES;XIRECS;11349.0;2;3;4
683700;;;GALAXY_SOUNDS_DARK_MATTER;XIRECS;10471.0;2;3;4
683700;;;GALAXY_SOUNDS_PLANETARY_RINGS;XIRECS;12041.0;2;3;4
683700;;;GALAXY_SOUNDS_SOLAR_FLAMES;XIRECS;10590.0;2;3;4
683700;;;GALAXY_SOUNDS_SOLAR_WINDS;XIRECS;10409.0;2;3;4
683700;;;OXYGEN_SHAKE_CHOCOLATE;XIRECS;9023.0;2;3;4
683700;;;OXYGEN_SHAKE_EVENING_BREATH;XIRECS;9204.0;2;3;4
683700;;;OXYGEN_SHAKE_GARLIC;XIRECS;11843.0;2;3;4
683700;;;OXYGEN_SHAKE_MINT;XIRECS;10078.0;2;3;4
683700;;;OXYGEN_SHAKE_MORNING_BREATH;XIRECS;9390.0;2;3;4
683700;;;PANEL_1X2;XIRECS;8591.0;2;3;4
683700;;;PANEL_1X4;XIRECS;8426.0;2;3;4
683700;;;PANEL_2X2;XIRECS;10512.0;2;3;4
683700;;;PANEL_2X4;XIRECS;11590.0;2;3;4
683700;;;PANEL_4X4;XIRECS;9488.0;2;3;4
683700;;;ROBOT_DISHES;XIRECS;9697.0;2;3;4
683700;;;ROBOT_IRONING;XIRECS;8647.0;2;3;4
683700;;;ROBOT_LAUNDRY;XIRECS;10348.0;2;3;4
683700;;;ROBOT_MOPPING;XIRECS;12049.0;2;3;4
683700;;;ROBOT_VACUUMING;XIRECS;8838.0;2;3;4
683700;;;SLEEP_POD_COTTON;XIRECS;11510.0;2;3;4
683700;;;SLEEP_POD_LAMB_WOOL;XIRECS;10473.0;2;3;4
683700;;;SLEEP_POD_NYLON;XIRECS;9212.0;2;3;4
683700;;;SLEEP_POD_POLYESTER;XIRECS;12194.0;2;3;4
683700;;;SLEEP_POD_SUEDE;XIRECS;11887.0;2;3;4
683700;;;SNACKPACK_CHOCOLATE;XIRECS;9659.0;2;3;4
683700;;;SNACKPACK_RASPBERRY;XIRECS;10274.0;2;3;4
683700;;;TRANSLATOR_ASTRO_BLACK;XIRECS;8754.0;2;3;4
683700;;;TRANSLATOR_ECLIPSE_CHARCOAL;XIRECS;10009.0;2;3;4
683700;;;TRANSLATOR_GRAPHITE_MIST;XIRECS;9823.0;2;3;4
683700;;;TRANSLATOR_SPACE_GRAY;XIRECS;9728.0;2;3;4
683700;;;TRANSLATOR_VOID_BLUE;XIRECS;11382.0;2;3;4
683700;;;UV_VISOR_AMBER;XIRECS;7764.0;2;3;4
683700;;;UV_VISOR_MAGENTA;XIRECS;11503.0;2;3;4
683700;;;UV_VISOR_ORANGE;XIRECS;10411.0;2;3;4
683700;;;UV_VISOR_RED;XIRECS;10065.0;2;3;4
683700;;;UV_VISOR_YELLOW;XIRECS;11463.0;2;3;4
684700;;SUBMISSION;PEBBLES_XL;XIRECS;13486.0;5;3;4
684800;SUBMISSION;;SNACKPACK_STRAWBERRY;XIRECS;10670.0;4;3;4
684800;SUBMISSION;;SNACKPACK_PISTACHIO;XIRECS;9275.0;4;3;4
684800;SUBMISSION;;SNACKPACK_VANILLA;XIRECS;10218.0;4;3;4
685300;;SUBMISSION;PEBBLES_XL;XIRECS;13445.0;2;3;4
685300;;;PEBBLES_L;XIRECS;9929.0;3;3;4
685300;;;PEBBLES_M;XIRECS;10580.0;3;3;4
685300;;;PEBBLES_S;XIRECS;9278.0;3;3;4
685300;;;PEBBLES_XS;XIRECS;6800.0;3;3;4
685500;SUBMISSION;;SNACKPACK_STRAWBERRY;XIRECS;10648.0;2;3;4
685500;SUBMISSION;;SNACKPACK_PISTACHIO;XIRECS;9259.0;2;3;4
685500;SUBMISSION;;SNACKPACK_VANILLA;XIRECS;10223.0;2;3;4
685900;;SUBMISSION;UV_VISOR_AMBER;XIRECS;7720.0;5;3;4
686300;;SUBMISSION;MICROCHIP_CIRCLE;XIRECS;8929.0;5;3;4
686400;;SUBMISSION;SNACKPACK_STRAWBERRY;XIRECS;10647.0;5;3;4
686400;;SUBMISSION;SNACKPACK_PISTACHIO;XIRECS;9250.0;5;3;4
686400;;SUBMISSION;SNACKPACK_VANILLA;XIRECS;10221.0;5;3;4
687600;SUBMISSION;;PEBBLES_XL;XIRECS;13527.0;2;3;4
687600;;;PEBBLES_L;XIRECS;9870.0;5;3;4
687600;;;PEBBLES_M;XIRECS;10486.0;5;3;4
687600;;;PEBBLES_S;XIRECS;9301.0;5;3;4
687600;;;PEBBLES_XS;XIRECS;6785.0;5;3;4
688000;;;GALAXY_SOUNDS_BLACK_HOLES;XIRECS;11199.0;2;3;4
688000;;;GALAXY_SOUNDS_DARK_MATTER;XIRECS;10415.0;2;3;4
688000;;;GALAXY_SOUNDS_PLANETARY_RINGS;XIRECS;11973.0;2;3;4
688000;;;GALAXY_SOUNDS_SOLAR_FLAMES;XIRECS;10615.0;2;3;4
688000;;;GALAXY_SOUNDS_SOLAR_WINDS;XIRECS;10569.0;2;3;4
688000;;;OXYGEN_SHAKE_CHOCOLATE;XIRECS;9072.0;2;3;4
688000;;;OXYGEN_SHAKE_EVENING_BREATH;XIRECS;9226.0;2;3;4
688000;;;OXYGEN_SHAKE_GARLIC;XIRECS;11823.0;2;3;4
688000;;;OXYGEN_SHAKE_MINT;XIRECS;10111.0;2;3;4
688000;;;OXYGEN_SHAKE_MORNING_BREATH;XIRECS;9438.0;2;3;4
688000;;;PANEL_1X2;XIRECS;8653.0;2;3;4
688000;;;PANEL_1X4;XIRECS;8365.0;2;3;4
688000;;;PANEL_2X2;XIRECS;10713.0;2;3;4
688000;;;PANEL_2X4;XIRECS;11635.0;2;3;4
688000;;;PANEL_4X4;XIRECS;9484.0;2;3;4
688000;;;ROBOT_DISHES;XIRECS;9658.0;2;3;4
688000;;;ROBOT_IRONING;XIRECS;8543.0;2;3;4
688000;;;ROBOT_LAUNDRY;XIRECS;10424.0;2;3;4
688000;;;ROBOT_MOPPING;XIRECS;12135.0;2;3;4
688000;;;ROBOT_VACUUMING;XIRECS;8829.0;2;3;4
688000;;;SLEEP_POD_COTTON;XIRECS;11615.0;2;3;4
688000;;;SLEEP_POD_LAMB_WOOL;XIRECS;10501.0;2;3;4
688000;;;SLEEP_POD_NYLON;XIRECS;9185.0;2;3;4
688000;;;SLEEP_POD_POLYESTER;XIRECS;12110.0;2;3;4
688000;;;SLEEP_POD_SUEDE;XIRECS;11930.0;2;3;4
688000;;;SNACKPACK_CHOCOLATE;XIRECS;9703.0;2;3;4
688000;;;SNACKPACK_PISTACHIO;XIRECS;9253.0;2;3;4
688000;;;SNACKPACK_RASPBERRY;XIRECS;10346.0;2;3;4
688000;;;SNACKPACK_STRAWBERRY;XIRECS;10633.0;2;3;4
688000;;;SNACKPACK_VANILLA;XIRECS;10223.0;2;3;4
688000;;;TRANSLATOR_ASTRO_BLACK;XIRECS;8796.0;2;3;4
688000;;;TRANSLATOR_ECLIPSE_CHARCOAL;XIRECS;9961.0;2;3;4
688000;;;TRANSLATOR_GRAPHITE_MIST;XIRECS;9858.0;2;3;4
688000;;;TRANSLATOR_SPACE_GRAY;XIRECS;9806.0;2;3;4
688000;;;TRANSLATOR_VOID_BLUE;XIRECS;11342.0;2;3;4
688000;;;UV_VISOR_AMBER;XIRECS;7741.0;2;3;4
688000;;;UV_VISOR_MAGENTA;XIRECS;11530.0;2;3;4
688000;;;UV_VISOR_ORANGE;XIRECS;10431.0;2;3;4
688000;;;UV_VISOR_RED;XIRECS;10034.0;2;3;4
688000;;;UV_VISOR_YELLOW;XIRECS;11615.0;2;3;4
688400;SUBMISSION;;SNACKPACK_STRAWBERRY;XIRECS;10609.0;5;3;4
688400;SUBMISSION;;SNACKPACK_PISTACHIO;XIRECS;9235.0;5;3;4
688400;SUBMISSION;;SNACKPACK_VANILLA;XIRECS;10220.0;5;3;4
689000;;SUBMISSION;MICROCHIP_CIRCLE;XIRECS;8855.0;4;3;4
689100;;SUBMISSION;MICROCHIP_CIRCLE;XIRECS;8852.0;1;3;4
690900;SUBMISSION;;PEBBLES_XL;XIRECS;13608.0;3;3;4
690900;SUBMISSION;;PEBBLES_XL;XIRECS;13617.0;4;3;4
691100;;SUBMISSION;SNACKPACK_STRAWBERRY;XIRECS;10676.0;1;3;4
691100;;SUBMISSION;SNACKPACK_PISTACHIO;XIRECS;9275.0;1;3;4
691100;;SUBMISSION;SNACKPACK_VANILLA;XIRECS;10265.0;1;3;4
691100;;;GALAXY_SOUNDS_BLACK_HOLES;XIRECS;11203.0;1;3;4
691100;;;GALAXY_SOUNDS_DARK_MATTER;XIRECS;10304.0;1;3;4
691100;;;GALAXY_SOUNDS_PLANETARY_RINGS;XIRECS;12057.0;1;3;4
691100;;;GALAXY_SOUNDS_SOLAR_FLAMES;XIRECS;10627.0;1;3;4
691100;;;GALAXY_SOUNDS_SOLAR_WINDS;XIRECS;10592.0;1;3;4
691100;;;OXYGEN_SHAKE_CHOCOLATE;XIRECS;8982.0;1;3;4
691100;;;OXYGEN_SHAKE_EVENING_BREATH;XIRECS;9146.0;1;3;4
691100;;;OXYGEN_SHAKE_GARLIC;XIRECS;11807.0;1;3;4
691100;;;OXYGEN_SHAKE_MINT;XIRECS;10174.0;1;3;4
691100;;;OXYGEN_SHAKE_MORNING_BREATH;XIRECS;9460.0;1;3;4
691100;;;PANEL_1X2;XIRECS;8612.0;1;3;4
691100;;;PANEL_1X4;XIRECS;8372.0;1;3;4
691100;;;PANEL_2X2;XIRECS;10675.0;1;3;4
691100;;;PANEL_2X4;XIRECS;11773.0;1;3;4
691100;;;PANEL_4X4;XIRECS;9502.0;1;3;4
691100;;;ROBOT_DISHES;XIRECS;9668.0;1;3;4
691100;;;ROBOT_IRONING;XIRECS;8473.0;1;3;4
691100;;;ROBOT_LAUNDRY;XIRECS;10426.0;1;3;4
691100;;;ROBOT_MOPPING;XIRECS;12132.0;1;3;4
691100;;;ROBOT_VACUUMING;XIRECS;8822.0;1;3;4
691100;;;SLEEP_POD_COTTON;XIRECS;11655.0;1;3;4
691100;;;SLEEP_POD_LAMB_WOOL;XIRECS;10473.0;1;3;4
691100;;;SLEEP_POD_NYLON;XIRECS;9133.0;1;3;4
691100;;;SLEEP_POD_POLYESTER;XIRECS;12162.0;1;3;4
691100;;;SLEEP_POD_SUEDE;XIRECS;11952.0;1;3;4
691100;;;SNACKPACK_CHOCOLATE;XIRECS;9651.0;1;3;4
691100;;;SNACKPACK_RASPBERRY;XIRECS;10319.0;1;3;4
691100;;;TRANSLATOR_ASTRO_BLACK;XIRECS;8809.0;1;3;4
691100;;;TRANSLATOR_ECLIPSE_CHARCOAL;XIRECS;9893.0;1;3;4
691100;;;TRANSLATOR_GRAPHITE_MIST;XIRECS;9858.0;1;3;4
691100;;;TRANSLATOR_SPACE_GRAY;XIRECS;9858.0;1;3;4
691100;;;TRANSLATOR_VOID_BLUE;XIRECS;11331.0;1;3;4
691100;;;UV_VISOR_AMBER;XIRECS;7715.0;1;3;4
691100;;;UV_VISOR_MAGENTA;XIRECS;11602.0;1;3;4
691100;;;UV_VISOR_ORANGE;XIRECS;10475.0;1;3;4
691100;;;UV_VISOR_RED;XIRECS;10001.0;1;3;4
691100;;;UV_VISOR_YELLOW;XIRECS;11614.0;1;3;4
691500;;SUBMISSION;UV_VISOR_AMBER;XIRECS;7694.0;5;3;4
692800;;;PEBBLES_L;XIRECS;9669.0;4;3;4
692800;;;PEBBLES_M;XIRECS;10486.0;4;3;4
692800;;;PEBBLES_S;XIRECS;9466.0;4;3;4
692800;;;PEBBLES_XL;XIRECS;13640.0;4;3;4
692800;;;PEBBLES_XS;XIRECS;6706.0;4;3;4
692900;SUBMISSION;;SNACKPACK_STRAWBERRY;XIRECS;10688.0;1;3;4
692900;SUBMISSION;;SNACKPACK_PISTACHIO;XIRECS;9290.0;1;3;4
692900;SUBMISSION;;SNACKPACK_VANILLA;XIRECS;10202.0;1;3;4
693800;;;GALAXY_SOUNDS_BLACK_HOLES;XIRECS;11181.0;2;3;4
693800;;;GALAXY_SOUNDS_DARK_MATTER;XIRECS;10204.0;2;3;4
693800;;;GALAXY_SOUNDS_PLANETARY_RINGS;XIRECS;12032.0;2;3;4
693800;;;GALAXY_SOUNDS_SOLAR_FLAMES;XIRECS;10659.0;2;3;4
693800;;;GALAXY_SOUNDS_SOLAR_WINDS;XIRECS;10518.0;2;3;4
693800;;;OXYGEN_SHAKE_CHOCOLATE;XIRECS;8989.0;2;3;4
693800;;;OXYGEN_SHAKE_EVENING_BREATH;XIRECS;9124.0;2;3;4
693800;;;OXYGEN_SHAKE_GARLIC;XIRECS;11814.0;2;3;4
693800;;;OXYGEN_SHAKE_MINT;XIRECS;10221.0;2;3;4
693800;;;OXYGEN_SHAKE_MORNING_BREATH;XIRECS;9404.0;2;3;4
693800;;;PANEL_1X2;XIRECS;8598.0;2;3;4
693800;;;PANEL_1X4;XIRECS;8418.0;2;3;4
693800;;;PANEL_2X2;XIRECS;10688.0;2;3;4
693800;;;PANEL_2X4;XIRECS;11797.0;2;3;4
693800;;;PANEL_4X4;XIRECS;9541.0;2;3;4
693800;;;ROBOT_DISHES;XIRECS;9601.0;2;3;4
693800;;;ROBOT_IRONING;XIRECS;8467.0;2;3;4
693800;;;ROBOT_LAUNDRY;XIRECS;10408.0;2;3;4
693800;;;ROBOT_MOPPING;XIRECS;12184.0;2;3;4
693800;;;ROBOT_VACUUMING;XIRECS;8789.0;2;3;4
693800;;;SLEEP_POD_COTTON;XIRECS;11648.0;2;3;4
693800;;;SLEEP_POD_LAMB_WOOL;XIRECS;10438.0;2;3;4
693800;;;SLEEP_POD_NYLON;XIRECS;9106.0;2;3;4
693800;;;SLEEP_POD_POLYESTER;XIRECS;12218.0;2;3;4
693800;;;SLEEP_POD_SUEDE;XIRECS;11933.0;2;3;4
693800;;;SNACKPACK_CHOCOLATE;XIRECS;9681.0;2;3;4
693800;;;SNACKPACK_PISTACHIO;XIRECS;9259.0;2;3;4
693800;;;SNACKPACK_RASPBERRY;XIRECS;10307.0;2;3;4
693800;;;SNACKPACK_STRAWBERRY;XIRECS;10645.0;2;3;4
693800;;;SNACKPACK_VANILLA;XIRECS;10202.0;2;3;4
693800;;;TRANSLATOR_ASTRO_BLACK;XIRECS;8742.0;2;3;4
693800;;;TRANSLATOR_ECLIPSE_CHARCOAL;XIRECS;9781.0;2;3;4
693800;;;TRANSLATOR_GRAPHITE_MIST;XIRECS;9817.0;2;3;4
693800;;;TRANSLATOR_SPACE_GRAY;XIRECS;9815.0;2;3;4
693800;;;TRANSLATOR_VOID_BLUE;XIRECS;11303.0;2;3;4
693800;;;UV_VISOR_AMBER;XIRECS;7728.0;2;3;4
693800;;;UV_VISOR_MAGENTA;XIRECS;11665.0;2;3;4
693800;;;UV_VISOR_ORANGE;XIRECS;10505.0;2;3;4
693800;;;UV_VISOR_RED;XIRECS;9982.0;2;3;4
693800;;;UV_VISOR_YELLOW;XIRECS;11672.0;2;3;4
694400;;;MICROCHIP_CIRCLE;XIRECS;8737.0;1;3;4
694400;;;MICROCHIP_OVAL;XIRECS;7949.0;1;3;4
694400;;;MICROCHIP_RECTANGLE;XIRECS;7576.0;1;3;4
694400;;;MICROCHIP_SQUARE;XIRECS;15155.0;1;3;4
694400;;;MICROCHIP_TRIANGLE;XIRECS;10437.0;1;3;4
694500;;SUBMISSION;SNACKPACK_STRAWBERRY;XIRECS;10645.0;5;3;4
694500;;SUBMISSION;SNACKPACK_PISTACHIO;XIRECS;9263.0;5;3;4
694500;;SUBMISSION;SNACKPACK_VANILLA;XIRECS;10203.0;5;3;4
694500;;;PEBBLES_L;XIRECS;9666.0;5;3;4
694500;;;PEBBLES_M;XIRECS;10456.0;5;3;4
694500;;;PEBBLES_S;XIRECS;9411.0;5;3;4
694500;;;PEBBLES_XL;XIRECS;13676.0;5;3;4
694500;;;PEBBLES_XS;XIRECS;6759.0;5;3;4
695500;;SUBMISSION;PEBBLES_XL;XIRECS;13594.0;2;3;4
695500;;;PEBBLES_L;XIRECS;9724.0;4;3;4
695500;;;PEBBLES_M;XIRECS;10502.0;4;3;4
695500;;;PEBBLES_S;XIRECS;9434.0;4;3;4
695500;;;PEBBLES_XS;XIRECS;6777.0;4;3;4
697400;;;PEBBLES_L;XIRECS;9747.0;3;3;4
697400;;;PEBBLES_M;XIRECS;10584.0;3;3;4
697400;;;PEBBLES_S;XIRECS;9462.0;3;3;4
697400;;;PEBBLES_XL;XIRECS;13475.0;3;3;4
697400;;;PEBBLES_XS;XIRECS;6699.0;3;3;4
697900;SUBMISSION;;SNACKPACK_STRAWBERRY;XIRECS;10689.0;1;3;4
697900;SUBMISSION;;SNACKPACK_PISTACHIO;XIRECS;9296.0;1;3;4
697900;SUBMISSION;;SNACKPACK_VANILLA;XIRECS;10241.0;1;3;4
697900;;;GALAXY_SOUNDS_BLACK_HOLES;XIRECS;11095.0;2;3;4
697900;;;GALAXY_SOUNDS_DARK_MATTER;XIRECS;10143.0;2;3;4
697900;;;GALAXY_SOUNDS_PLANETARY_RINGS;XIRECS;12026.0;2;3;4
697900;;;GALAXY_SOUNDS_SOLAR_FLAMES;XIRECS;10854.0;2;3;4
697900;;;GALAXY_SOUNDS_SOLAR_WINDS;XIRECS;10584.0;2;3;4
697900;;;OXYGEN_SHAKE_CHOCOLATE;XIRECS;9054.0;2;3;4
697900;;;OXYGEN_SHAKE_EVENING_BREATH;XIRECS;9254.0;2;3;4
697900;;;OXYGEN_SHAKE_GARLIC;XIRECS;11832.0;2;3;4
697900;;;OXYGEN_SHAKE_MINT;XIRECS;10305.0;2;3;4
697900;;;OXYGEN_SHAKE_MORNING_BREATH;XIRECS;9327.0;2;3;4
697900;;;PANEL_1X2;XIRECS;8603.0;2;3;4
697900;;;PANEL_1X4;XIRECS;8396.0;2;3;4
697900;;;PANEL_2X2;XIRECS;10741.0;2;3;4
697900;;;PANEL_2X4;XIRECS;11714.0;2;3;4
697900;;;PANEL_4X4;XIRECS;9504.0;2;3;4
697900;;;ROBOT_DISHES;XIRECS;9576.0;2;3;4
697900;;;ROBOT_IRONING;XIRECS;8377.0;2;3;4
697900;;;ROBOT_LAUNDRY;XIRECS;10448.0;2;3;4
697900;;;ROBOT_MOPPING;XIRECS;12160.0;2;3;4
697900;;;ROBOT_VACUUMING;XIRECS;8681.0;2;3;4
697900;;;SLEEP_POD_COTTON;XIRECS;11704.0;2;3;4
697900;;;SLEEP_POD_LAMB_WOOL;XIRECS;10425.0;2;3;4
697900;;;SLEEP_POD_NYLON;XIRECS;9119.0;2;3;4
697900;;;SLEEP_POD_POLYESTER;XIRECS;12128.0;2;3;4
697900;;;SLEEP_POD_SUEDE;XIRECS;12061.0;2;3;4
697900;;;SNACKPACK_CHOCOLATE;XIRECS;9638.0;2;3;4
697900;;;SNACKPACK_RASPBERRY;XIRECS;10269.0;2;3;4
697900;;;TRANSLATOR_ASTRO_BLACK;XIRECS;8772.0;2;3;4
697900;;;TRANSLATOR_ECLIPSE_CHARCOAL;XIRECS;9847.0;2;3;4
697900;;;TRANSLATOR_GRAPHITE_MIST;XIRECS;9858.0;2;3;4
697900;;;TRANSLATOR_SPACE_GRAY;XIRECS;9834.0;2;3;4
697900;;;TRANSLATOR_VOID_BLUE;XIRECS;11158.0;2;3;4
697900;;;UV_VISOR_AMBER;XIRECS;7704.0;2;3;4
697900;;;UV_VISOR_MAGENTA;XIRECS;11674.0;2;3;4
697900;;;UV_VISOR_ORANGE;XIRECS;10383.0;2;3;4
697900;;;UV_VISOR_RED;XIRECS;10085.0;2;3;4
697900;;;UV_VISOR_YELLOW;XIRECS;11724.0;2;3;4
698200;;;MICROCHIP_CIRCLE;XIRECS;8638.0;2;3;4
698200;;;MICROCHIP_OVAL;XIRECS;7870.0;2;3;4
698200;;;MICROCHIP_RECTANGLE;XIRECS;7636.0;2;3;4
698200;;;MICROCHIP_SQUARE;XIRECS;15215.0;2;3;4
698200;;;MICROCHIP_TRIANGLE;XIRECS;10548.0;2;3;4
698600;SUBMISSION;;SNACKPACK_STRAWBERRY;XIRECS;10709.0;2;3;4
698600;SUBMISSION;;SNACKPACK_PISTACHIO;XIRECS;9309.0;2;3;4
698600;SUBMISSION;;SNACKPACK_VANILLA;XIRECS;10241.0;2;3;4
699200;;SUBMISSION;PEBBLES_XL;XIRECS;13417.0;7;3;4
699400;SUBMISSION;;SNACKPACK_STRAWBERRY;XIRECS;10710.0;2;3;4
699400;SUBMISSION;;SNACKPACK_PISTACHIO;XIRECS;9309.0;2;3;4
699400;SUBMISSION;;SNACKPACK_VANILLA;XIRECS;10236.0;2;3;4
699400;SUBMISSION;;PEBBLES_XL;XIRECS;13484.0;2;3;4
699400;;;PEBBLES_L;XIRECS;9784.0;4;3;4
699400;;;PEBBLES_M;XIRECS;10560.0;4;3;4
699400;;;PEBBLES_S;XIRECS;9467.0;4;3;4
699400;;;PEBBLES_XS;XIRECS;6673.0;4;3;4
699800;;;MICROCHIP_CIRCLE;XIRECS;8671.0;3;3;4
699800;;;MICROCHIP_OVAL;XIRECS;7897.0;3;3;4
699800;;;MICROCHIP_RECTANGLE;XIRECS;7658.0;3;3;4
699800;;;MICROCHIP_SQUARE;XIRECS;15214.0;3;3;4
699800;;;MICROCHIP_TRIANGLE;XIRECS;10541.0;3;3;4
700100;;;MICROCHIP_CIRCLE;XIRECS;8661.0;3;3;4
700100;;;MICROCHIP_OVAL;XIRECS;7907.0;3;3;4
700100;;;MICROCHIP_RECTANGLE;XIRECS;7660.0;3;3;4
700100;;;MICROCHIP_SQUARE;XIRECS;15211.0;3;3;4
700100;;;MICROCHIP_TRIANGLE;XIRECS;10508.0;3;3;4
701700;SUBMISSION;;PEBBLES_XL;XIRECS;13563.0;4;3;4
701700;SUBMISSION;;PEBBLES_XL;XIRECS;13572.0;3;3;4
701900;;SUBMISSION;GALAXY_SOUNDS_BLACK_HOLES;XIRECS;11047.0;5;3;4
702400;;;MICROCHIP_CIRCLE;XIRECS;8655.0;1;3;4
702400;;;MICROCHIP_OVAL;XIRECS;7890.0;1;3;4
702400;;;MICROCHIP_RECTANGLE;XIRECS;7630.0;1;3;4
702400;;;MICROCHIP_SQUARE;XIRECS;15235.0;1;3;4
702400;;;MICROCHIP_TRIANGLE;XIRECS;10551.0;1;3;4
703300;;;PEBBLES_L;XIRECS;9928.0;4;3;4
703300;;;PEBBLES_M;XIRECS;10519.0;4;3;4
703300;;;PEBBLES_S;XIRECS;9546.0;4;3;4
703300;;;PEBBLES_XL;XIRECS;13357.0;4;3;4
703300;;;PEBBLES_XS;XIRECS;6618.0;4;3;4
704800;SUBMISSION;;GALAXY_SOUNDS_BLACK_HOLES;XIRECS;11210.0;5;3;4
705700;;SUBMISSION;SNACKPACK_STRAWBERRY;XIRECS;10753.0;2;3;4
705700;;SUBMISSION;SNACKPACK_PISTACHIO;XIRECS;9351.0;2;3;4
705700;;SUBMISSION;SNACKPACK_VANILLA;XIRECS;10243.0;2;3;4
705700;;;GALAXY_SOUNDS_BLACK_HOLES;XIRECS;11196.0;2;3;4
705700;;;GALAXY_SOUNDS_DARK_MATTER;XIRECS;10188.0;2;3;4
705700;;;GALAXY_SOUNDS_PLANETARY_RINGS;XIRECS;12066.0;2;3;4
705700;;;GALAXY_SOUNDS_SOLAR_FLAMES;XIRECS;10841.0;2;3;4
705700;;;GALAXY_SOUNDS_SOLAR_WINDS;XIRECS;10595.0;2;3;4
705700;;;OXYGEN_SHAKE_CHOCOLATE;XIRECS;9235.0;2;3;4
705700;;;OXYGEN_SHAKE_EVENING_BREATH;XIRECS;9256.0;2;3;4
705700;;;OXYGEN_SHAKE_GARLIC;XIRECS;11773.0;2;3;4
705700;;;OXYGEN_SHAKE_MINT;XIRECS;10288.0;2;3;4
705700;;;OXYGEN_SHAKE_MORNING_BREATH;XIRECS;9268.0;2;3;4
705700;;;PANEL_1X2;XIRECS;8491.0;2;3;4
705700;;;PANEL_1X4;XIRECS;8483.0;2;3;4
705700;;;PANEL_2X2;XIRECS;10763.0;2;3;4
705700;;;PANEL_2X4;XIRECS;11622.0;2;3;4
705700;;;PANEL_4X4;XIRECS;9464.0;2;3;4
705700;;;ROBOT_DISHES;XIRECS;9561.0;2;3;4
705700;;;ROBOT_IRONING;XIRECS;8223.0;2;3;4
705700;;;ROBOT_LAUNDRY;XIRECS;10489.0;2;3;4
705700;;;ROBOT_MOPPING;XIRECS;12078.0;2;3;4
705700;;;ROBOT_VACUUMING;XIRECS;8704.0;2;3;4
705700;;;SLEEP_POD_COTTON;XIRECS;11727.0;2;3;4
705700;;;SLEEP_POD_LAMB_WOOL;XIRECS;10610.0;2;3;4
705700;;;SLEEP_POD_NYLON;XIRECS;9156.0;2;3;4
705700;;;SLEEP_POD_POLYESTER;XIRECS;11891.0;2;3;4
705700;;;SLEEP_POD_SUEDE;XIRECS;12143.0;2;3;4
705700;;;SNACKPACK_CHOCOLATE;XIRECS;9708.0;2;3;4
705700;;;SNACKPACK_RASPBERRY;XIRECS;10231.0;2;3;4
705700;;;TRANSLATOR_ASTRO_BLACK;XIRECS;8812.0;2;3;4
705700;;;TRANSLATOR_ECLIPSE_CHARCOAL;XIRECS;9757.0;2;3;4
705700;;;TRANSLATOR_GRAPHITE_MIST;XIRECS;9806.0;2;3;4
705700;;;TRANSLATOR_SPACE_GRAY;XIRECS;9775.0;2;3;4
705700;;;TRANSLATOR_VOID_BLUE;XIRECS;11373.0;2;3;4
705700;;;UV_VISOR_AMBER;XIRECS;7701.0;2;3;4
705700;;;UV_VISOR_MAGENTA;XIRECS;11607.0;2;3;4
705700;;;UV_VISOR_ORANGE;XIRECS;10472.0;2;3;4
705700;;;UV_VISOR_RED;XIRECS;10139.0;2;3;4
705700;;;UV_VISOR_YELLOW;XIRECS;11664.0;2;3;4
706600;;;MICROCHIP_CIRCLE;XIRECS;8714.0;2;3;4
706600;;;MICROCHIP_OVAL;XIRECS;7942.0;2;3;4
706600;;;MICROCHIP_RECTANGLE;XIRECS;7592.0;2;3;4
706600;;;MICROCHIP_SQUARE;XIRECS;15170.0;2;3;4
706600;;;MICROCHIP_TRIANGLE;XIRECS;10486.0;2;3;4
708900;;SUBMISSION;UV_VISOR_AMBER;XIRECS;7649.0;5;3;4
709300;;SUBMISSION;PEBBLES_XL;XIRECS;13349.0;2;3;4
709300;;;PEBBLES_L;XIRECS;10169.0;4;3;4
709300;;;PEBBLES_M;XIRECS;10318.0;4;3;4
709300;;;PEBBLES_S;XIRECS;9712.0;4;3;4
709300;;;PEBBLES_XS;XIRECS;6483.0;4;3;4
709600;;;MICROCHIP_CIRCLE;XIRECS;8720.0;2;3;4
709600;;;MICROCHIP_OVAL;XIRECS;7832.0;2;3;4
709600;;;MICROCHIP_RECTANGLE;XIRECS;7497.0;2;3;4
709600;;;MICROCHIP_SQUARE;XIRECS;15173.0;2;3;4
709600;;;MICROCHIP_TRIANGLE;XIRECS;10556.0;2;3;4
709900;;;GALAXY_SOUNDS_BLACK_HOLES;XIRECS;11184.0;2;3;4
709900;;;GALAXY_SOUNDS_DARK_MATTER;XIRECS;10203.0;2;3;4
709900;;;GALAXY_SOUNDS_PLANETARY_RINGS;XIRECS;12099.0;2;3;4
709900;;;GALAXY_SOUNDS_SOLAR_FLAMES;XIRECS;11002.0;2;3;4
709900;;;GALAXY_SOUNDS_SOLAR_WINDS;XIRECS;10631.0;2;3;4
709900;;;OXYGEN_SHAKE_CHOCOLATE;XIRECS;9227.0;2;3;4
709900;;;OXYGEN_SHAKE_EVENING_BREATH;XIRECS;9214.0;2;3;4
709900;;;OXYGEN_SHAKE_GARLIC;XIRECS;11760.0;2;3;4
709900;;;OXYGEN_SHAKE_MINT;XIRECS;10283.0;2;3;4
709900;;;OXYGEN_SHAKE_MORNING_BREATH;XIRECS;9322.0;2;3;4
709900;;;PANEL_1X2;XIRECS;8579.0;2;3;4
709900;;;PANEL_1X4;XIRECS;8494.0;2;3;4
709900;;;PANEL_2X2;XIRECS;10678.0;2;3;4
709900;;;PANEL_2X4;XIRECS;11637.0;2;3;4
709900;;;PANEL_4X4;XIRECS;9407.0;2;3;4
709900;;;ROBOT_DISHES;XIRECS;9584.0;2;3;4
709900;;;ROBOT_IRONING;XIRECS;8247.0;2;3;4
709900;;;ROBOT_LAUNDRY;XIRECS;10485.0;2;3;4
709900;;;ROBOT_MOPPING;XIRECS;12044.0;2;3;4
709900;;;ROBOT_VACUUMING;XIRECS;8700.0;2;3;4
709900;;;SLEEP_POD_COTTON;XIRECS;11712.0;2;3;4
709900;;;SLEEP_POD_LAMB_WOOL;XIRECS;10611.0;2;3;4
709900;;;SLEEP_POD_NYLON;XIRECS;9280.0;2;3;4
709900;;;SLEEP_POD_POLYESTER;XIRECS;11998.0;2;3;4
709900;;;SLEEP_POD_SUEDE;XIRECS;12151.0;2;3;4
709900;;;SNACKPACK_CHOCOLATE;XIRECS;9671.0;2;3;4
709900;;;SNACKPACK_PISTACHIO;XIRECS;9365.0;2;3;4
709900;;;SNACKPACK_RASPBERRY;XIRECS;10163.0;2;3;4
709900;;;SNACKPACK_STRAWBERRY;XIRECS;10774.0;2;3;4
709900;;;SNACKPACK_VANILLA;XIRECS;10252.0;2;3;4
709900;;;TRANSLATOR_ASTRO_BLACK;XIRECS;8806.0;2;3;4
709900;;;TRANSLATOR_ECLIPSE_CHARCOAL;XIRECS;9641.0;2;3;4
709900;;;TRANSLATOR_GRAPHITE_MIST;XIRECS;9808.0;2;3;4
709900;;;TRANSLATOR_SPACE_GRAY;XIRECS;9794.0;2;3;4
709900;;;TRANSLATOR_VOID_BLUE;XIRECS;11350.0;2;3;4
709900;;;UV_VISOR_AMBER;XIRECS;7653.0;2;3;4
709900;;;UV_VISOR_MAGENTA;XIRECS;11665.0;2;3;4
709900;;;UV_VISOR_ORANGE;XIRECS;10528.0;2;3;4
709900;;;UV_VISOR_RED;XIRECS;10179.0;2;3;4
709900;;;UV_VISOR_YELLOW;XIRECS;11603.0;2;3;4
710100;;SUBMISSION;SNACKPACK_STRAWBERRY;XIRECS;10807.0;1;3;4
710100;;SUBMISSION;SNACKPACK_PISTACHIO;XIRECS;9385.0;1;3;4
710100;;SUBMISSION;SNACKPACK_VANILLA;XIRECS;10266.0;1;3;4
710100;;;GALAXY_SOUNDS_BLACK_HOLES;XIRECS;11180.0;1;3;4
710100;;;GALAXY_SOUNDS_DARK_MATTER;XIRECS;10239.0;1;3;4
710100;;;GALAXY_SOUNDS_PLANETARY_RINGS;XIRECS;12087.0;1;3;4
710100;;;GALAXY_SOUNDS_SOLAR_FLAMES;XIRECS;11016.0;1;3;4
710100;;;GALAXY_SOUNDS_SOLAR_WINDS;XIRECS;10638.0;1;3;4
710100;;;OXYGEN_SHAKE_CHOCOLATE;XIRECS;9228.0;1;3;4
710100;;;OXYGEN_SHAKE_EVENING_BREATH;XIRECS;9216.0;1;3;4
710100;;;OXYGEN_SHAKE_GARLIC;XIRECS;11742.0;1;3;4
710100;;;OXYGEN_SHAKE_MINT;XIRECS;10283.0;1;3;4
710100;;;OXYGEN_SHAKE_MORNING_BREATH;XIRECS;9329.0;1;3;4
710100;;;PANEL_1X2;XIRECS;8574.0;1;3;4
710100;;;PANEL_1X4;XIRECS;8485.0;1;3;4
710100;;;PANEL_2X2;XIRECS;10658.0;1;3;4
710100;;;PANEL_2X4;XIRECS;11645.0;1;3;4
710100;;;PANEL_4X4;XIRECS;9431.0;1;3;4
710100;;;ROBOT_DISHES;XIRECS;9610.0;1;3;4
710100;;;ROBOT_IRONING;XIRECS;8233.0;1;3;4
710100;;;ROBOT_LAUNDRY;XIRECS;10494.0;1;3;4
710100;;;ROBOT_MOPPING;XIRECS;12068.0;1;3;4
710100;;;ROBOT_VACUUMING;XIRECS;8681.0;1;3;4
710100;;;SLEEP_POD_COTTON;XIRECS;11712.0;1;3;4
710100;;;SLEEP_POD_LAMB_WOOL;XIRECS;10644.0;1;3;4
710100;;;SLEEP_POD_NYLON;XIRECS;9284.0;1;3;4
710100;;;SLEEP_POD_POLYESTER;XIRECS;11998.0;1;3;4
710100;;;SLEEP_POD_SUEDE;XIRECS;12173.0;1;3;4
710100;;;SNACKPACK_CHOCOLATE;XIRECS;9688.0;1;3;4
710100;;;SNACKPACK_RASPBERRY;XIRECS;10163.0;1;3;4
710100;;;TRANSLATOR_ASTRO_BLACK;XIRECS;8836.0;1;3;4
710100;;;TRANSLATOR_ECLIPSE_CHARCOAL;XIRECS;9627.0;1;3;4
710100;;;TRANSLATOR_GRAPHITE_MIST;XIRECS;9829.0;1;3;4
710100;;;TRANSLATOR_SPACE_GRAY;XIRECS;9757.0;1;3;4
710100;;;TRANSLATOR_VOID_BLUE;XIRECS;11352.0;1;3;4
710100;;;UV_VISOR_AMBER;XIRECS;7666.0;1;3;4
710100;;;UV_VISOR_MAGENTA;XIRECS;11675.0;1;3;4
710100;;;UV_VISOR_ORANGE;XIRECS;10534.0;1;3;4
710100;;;UV_VISOR_RED;XIRECS;10165.0;1;3;4
710100;;;UV_VISOR_YELLOW;XIRECS;11629.0;1;3;4
712000;;;PEBBLES_L;XIRECS;10118.0;3;3;4
712000;;;PEBBLES_M;XIRECS;10224.0;3;3;4
712000;;;PEBBLES_S;XIRECS;9732.0;3;3;4
712000;;;PEBBLES_XL;XIRECS;13336.0;3;3;4
712000;;;PEBBLES_XS;XIRECS;6558.0;3;3;4
712800;;SUBMISSION;PEBBLES_XL;XIRECS;13355.0;2;3;4
712800;;;PEBBLES_L;XIRECS;10156.0;3;3;4
712800;;;PEBBLES_M;XIRECS;10242.0;3;3;4
712800;;;PEBBLES_S;XIRECS;9737.0;3;3;4
712800;;;PEBBLES_XS;XIRECS;6542.0;3;3;4
713700;;SUBMISSION;SNACKPACK_STRAWBERRY;XIRECS;10848.0;3;3;4
713700;;SUBMISSION;SNACKPACK_PISTACHIO;XIRECS;9415.0;3;3;4
713700;;SUBMISSION;SNACKPACK_VANILLA;XIRECS;10328.0;3;3;4
714200;;SUBMISSION;SNACKPACK_STRAWBERRY;XIRECS;10826.0;2;3;4
714200;;SUBMISSION;SNACKPACK_PISTACHIO;XIRECS;9394.0;2;3;4
714200;;SUBMISSION;SNACKPACK_VANILLA;XIRECS;10334.0;2;3;4
714200;;SUBMISSION;PEBBLES_XL;XIRECS;13438.0;8;3;4
714500;SUBMISSION;;UV_VISOR_AMBER;XIRECS;7726.0;5;3;4
716100;SUBMISSION;;SNACKPACK_STRAWBERRY;XIRECS;10809.0;2;3;4
716100;SUBMISSION;;SNACKPACK_PISTACHIO;XIRECS;9390.0;2;3;4
716100;SUBMISSION;;SNACKPACK_VANILLA;XIRECS;10339.0;2;3;4
716100;;;GALAXY_SOUNDS_BLACK_HOLES;XIRECS;11133.0;2;3;4
716100;;;GALAXY_SOUNDS_DARK_MATTER;XIRECS;10278.0;2;3;4
716100;;;GALAXY_SOUNDS_PLANETARY_RINGS;XIRECS;12074.0;2;3;4
716100;;;GALAXY_SOUNDS_SOLAR_FLAMES;XIRECS;11010.0;2;3;4
716100;;;GALAXY_SOUNDS_SOLAR_WINDS;XIRECS;10720.0;2;3;4
716100;;;OXYGEN_SHAKE_CHOCOLATE;XIRECS;9205.0;2;3;4
716100;;;OXYGEN_SHAKE_EVENING_BREATH;XIRECS;9184.0;2;3;4
716100;;;OXYGEN_SHAKE_GARLIC;XIRECS;11696.0;2;3;4
716100;;;OXYGEN_SHAKE_MINT;XIRECS;10308.0;2;3;4
716100;;;OXYGEN_SHAKE_MORNING_BREATH;XIRECS;9155.0;2;3;4
716100;;;PANEL_1X2;XIRECS;8558.0;2;3;4
716100;;;PANEL_1X4;XIRECS;8506.0;2;3;4
716100;;;PANEL_2X2;XIRECS;10623.0;2;3;4
716100;;;PANEL_2X4;XIRECS;11577.0;2;3;4
716100;;;PANEL_4X4;XIRECS;9420.0;2;3;4
716100;;;ROBOT_DISHES;XIRECS;9635.0;2;3;4
716100;;;ROBOT_IRONING;XIRECS;8207.0;2;3;4
716100;;;ROBOT_LAUNDRY;XIRECS;10341.0;2;3;4
716100;;;ROBOT_MOPPING;XIRECS;12077.0;2;3;4
716100;;;ROBOT_VACUUMING;XIRECS;8647.0;2;3;4
716100;;;SLEEP_POD_COTTON;XIRECS;11758.0;2;3;4
716100;;;SLEEP_POD_LAMB_WOOL;XIRECS;10578.0;2;3;4
716100;;;SLEEP_POD_NYLON;XIRECS;9340.0;2;3;4
716100;;;SLEEP_POD_POLYESTER;XIRECS;11821.0;2;3;4
716100;;;SLEEP_POD_SUEDE;XIRECS;12170.0;2;3;4
716100;;;SNACKPACK_CHOCOLATE;XIRECS;9587.0;2;3;4
716100;;;SNACKPACK_RASPBERRY;XIRECS;10111.0;2;3;4
716100;;;TRANSLATOR_ASTRO_BLACK;XIRECS;8901.0;2;3;4
716100;;;TRANSLATOR_ECLIPSE_CHARCOAL;XIRECS;9445.0;2;3;4
716100;;;TRANSLATOR_GRAPHITE_MIST;XIRECS;9990.0;2;3;4
716100;;;TRANSLATOR_SPACE_GRAY;XIRECS;9719.0;2;3;4
716100;;;TRANSLATOR_VOID_BLUE;XIRECS;11487.0;2;3;4
716100;;;UV_VISOR_AMBER;XIRECS;7774.0;2;3;4
716100;;;UV_VISOR_MAGENTA;XIRECS;11760.0;2;3;4
716100;;;UV_VISOR_ORANGE;XIRECS;10416.0;2;3;4
716100;;;UV_VISOR_RED;XIRECS;10295.0;2;3;4
716100;;;UV_VISOR_YELLOW;XIRECS;11705.0;2;3;4
716600;;;GALAXY_SOUNDS_BLACK_HOLES;XIRECS;11162.0;1;3;4
716600;;;GALAXY_SOUNDS_DARK_MATTER;XIRECS;10267.0;1;3;4
716600;;;GALAXY_SOUNDS_PLANETARY_RINGS;XIRECS;12078.0;1;3;4
716600;;;GALAXY_SOUNDS_SOLAR_FLAMES;XIRECS;11030.0;1;3;4
716600;;;GALAXY_SOUNDS_SOLAR_WINDS;XIRECS;10728.0;1;3;4
716600;;;OXYGEN_SHAKE_CHOCOLATE;XIRECS;9233.0;1;3;4
716600;;;OXYGEN_SHAKE_EVENING_BREATH;XIRECS;9186.0;1;3;4
716600;;;OXYGEN_SHAKE_GARLIC;XIRECS;11774.0;1;3;4
716600;;;OXYGEN_SHAKE_MINT;XIRECS;10303.0;1;3;4
716600;;;OXYGEN_SHAKE_MORNING_BREATH;XIRECS;9156.0;1;3;4
716600;;;PANEL_1X2;XIRECS;8560.0;1;3;4
716600;;;PANEL_1X4;XIRECS;8475.0;1;3;4
716600;;;PANEL_2X2;XIRECS;10641.0;1;3;4
716600;;;PANEL_2X4;XIRECS;11590.0;1;3;4
716600;;;PANEL_4X4;XIRECS;9435.0;1;3;4
716600;;;ROBOT_DISHES;XIRECS;9631.0;1;3;4
716600;;;ROBOT_IRONING;XIRECS;8213.0;1;3;4
716600;;;ROBOT_LAUNDRY;XIRECS;10355.0;1;3;4
716600;;;ROBOT_MOPPING;XIRECS;12063.0;1;3;4
716600;;;ROBOT_VACUUMING;XIRECS;8650.0;1;3;4
716600;;;SLEEP_POD_COTTON;XIRECS;11766.0;1;3;4
716600;;;SLEEP_POD_LAMB_WOOL;XIRECS;10593.0;1;3;4
716600;;;SLEEP_POD_NYLON;XIRECS;9353.0;1;3;4
716600;;;SLEEP_POD_POLYESTER;XIRECS;11800.0;1;3;4
716600;;;SLEEP_POD_SUEDE;XIRECS;12203.0;1;3;4
716600;;;SNACKPACK_CHOCOLATE;XIRECS;9604.0;1;3;4
716600;;;SNACKPACK_PISTACHIO;XIRECS;9397.0;1;3;4
716600;;;SNACKPACK_RASPBERRY;XIRECS;10137.0;1;3;4
716600;;;SNACKPACK_STRAWBERRY;XIRECS;10823.0;1;3;4
716600;;;SNACKPACK_VANILLA;XIRECS;10360.0;1;3;4
716600;;;TRANSLATOR_ASTRO_BLACK;XIRECS;8889.0;1;3;4
716600;;;TRANSLATOR_ECLIPSE_CHARCOAL;XIRECS;9447.0;1;3;4
716600;;;TRANSLATOR_GRAPHITE_MIST;XIRECS;10032.0;1;3;4
716600;;;TRANSLATOR_SPACE_GRAY;XIRECS;9796.0;1;3;4
716600;;;TRANSLATOR_VOID_BLUE;XIRECS;11479.0;1;3;4
716600;;;UV_VISOR_AMBER;XIRECS;7781.0;1;3;4
716600;;;UV_VISOR_MAGENTA;XIRECS;11749.0;1;3;4
716600;;;UV_VISOR_ORANGE;XIRECS;10385.0;1;3;4
716600;;;UV_VISOR_RED;XIRECS;10277.0;1;3;4
716600;;;UV_VISOR_YELLOW;XIRECS;11685.0;1;3;4
717300;;SUBMISSION;PEBBLES_XL;XIRECS;13566.0;3;3;4
717300;;SUBMISSION;PEBBLES_XL;XIRECS;13574.0;2;3;4
717300;;;PEBBLES_L;XIRECS;10105.0;3;3;4
717300;;;PEBBLES_M;XIRECS;10228.0;3;3;4
717300;;;PEBBLES_S;XIRECS;9685.0;3;3;4
717300;;;PEBBLES_XS;XIRECS;6439.0;3;3;4
717500;SUBMISSION;;UV_VISOR_AMBER;XIRECS;7804.0;5;3;4
718100;SUBMISSION;;PEBBLES_XL;XIRECS;13479.0;2;3;4
718100;;;PEBBLES_L;XIRECS;10154.0;5;3;4
718100;;;PEBBLES_M;XIRECS;10263.0;5;3;4
718100;;;PEBBLES_S;XIRECS;9666.0;5;3;4
718100;;;PEBBLES_XS;XIRECS;6407.0;5;3;4
718400;;SUBMISSION;PEBBLES_XL;XIRECS;13433.0;5;3;4
719000;SUBMISSION;;SNACKPACK_STRAWBERRY;XIRECS;10836.0;2;3;4
719000;SUBMISSION;;SNACKPACK_PISTACHIO;XIRECS;9388.0;2;3;4
719000;SUBMISSION;;SNACKPACK_VANILLA;XIRECS;10365.0;2;3;4
719000;;;GALAXY_SOUNDS_BLACK_HOLES;XIRECS;11058.0;4;3;4
719000;;;GALAXY_SOUNDS_DARK_MATTER;XIRECS;10228.0;4;3;4
719000;;;GALAXY_SOUNDS_PLANETARY_RINGS;XIRECS;12034.0;4;3;4
719000;;;GALAXY_SOUNDS_SOLAR_FLAMES;XIRECS;10994.0;4;3;4
719000;;;GALAXY_SOUNDS_SOLAR_WINDS;XIRECS;10732.0;4;3;4
719000;;;OXYGEN_SHAKE_CHOCOLATE;XIRECS;9189.0;4;3;4
719000;;;OXYGEN_SHAKE_EVENING_BREATH;XIRECS;9154.0;4;3;4
719000;;;OXYGEN_SHAKE_GARLIC;XIRECS;11867.0;4;3;4
719000;;;OXYGEN_SHAKE_MINT;XIRECS;10310.0;4;3;4
719000;;;OXYGEN_SHAKE_MORNING_BREATH;XIRECS;9083.0;4;3;4
719000;;;PANEL_1X2;XIRECS;8505.0;4;3;4
719000;;;PANEL_1X4;XIRECS;8445.0;4;3;4
719000;;;PANEL_2X2;XIRECS;10620.0;4;3;4
719000;;;PANEL_2X4;XIRECS;11585.0;4;3;4
719000;;;PANEL_4X4;XIRECS;9470.0;4;3;4
719000;;;ROBOT_DISHES;XIRECS;9631.0;4;3;4
719000;;;ROBOT_IRONING;XIRECS;8237.0;4;3;4
719000;;;ROBOT_LAUNDRY;XIRECS;10348.0;4;3;4
719000;;;ROBOT_MOPPING;XIRECS;12037.0;4;3;4
719000;;;ROBOT_VACUUMING;XIRECS;8595.0;4;3;4
719000;;;SLEEP_POD_COTTON;XIRECS;11784.0;4;3;4
719000;;;SLEEP_POD_LAMB_WOOL;XIRECS;10517.0;4;3;4
719000;;;SLEEP_POD_NYLON;XIRECS;9367.0;4;3;4
719000;;;SLEEP_POD_POLYESTER;XIRECS;11807.0;4;3;4
719000;;;SLEEP_POD_SUEDE;XIRECS;12239.0;4;3;4
719000;;;SNACKPACK_CHOCOLATE;XIRECS;9553.0;4;3;4
719000;;;SNACKPACK_RASPBERRY;XIRECS;10093.0;4;3;4
719000;;;TRANSLATOR_ASTRO_BLACK;XIRECS;8902.0;4;3;4
719000;;;TRANSLATOR_ECLIPSE_CHARCOAL;XIRECS;9413.0;4;3;4
719000;;;TRANSLATOR_GRAPHITE_MIST;XIRECS;10060.0;4;3;4
719000;;;TRANSLATOR_SPACE_GRAY;XIRECS;9819.0;4;3;4
719000;;;TRANSLATOR_VOID_BLUE;XIRECS;11444.0;4;3;4
719000;;;UV_VISOR_AMBER;XIRECS;7833.0;4;3;4
719000;;;UV_VISOR_MAGENTA;XIRECS;11741.0;4;3;4
719000;;;UV_VISOR_ORANGE;XIRECS;10390.0;4;3;4
719000;;;UV_VISOR_RED;XIRECS;10213.0;4;3;4
719000;;;UV_VISOR_YELLOW;XIRECS;11666.0;4;3;4
719500;SUBMISSION;;SNACKPACK_STRAWBERRY;XIRECS;10875.0;4;3;4
719500;SUBMISSION;;SNACKPACK_PISTACHIO;XIRECS;9417.0;4;3;4
719500;SUBMISSION;;SNACKPACK_VANILLA;XIRECS;10366.0;4;3;4
719500;;;GALAXY_SOUNDS_BLACK_HOLES;XIRECS;11041.0;1;3;4
719500;;;GALAXY_SOUNDS_DARK_MATTER;XIRECS;10256.0;1;3;4
719500;;;GALAXY_SOUNDS_PLANETARY_RINGS;XIRECS;12030.0;1;3;4
719500;;;GALAXY_SOUNDS_SOLAR_FLAMES;XIRECS;10986.0;1;3;4
719500;;;GALAXY_SOUNDS_SOLAR_WINDS;XIRECS;10752.0;1;3;4
719500;;;OXYGEN_SHAKE_CHOCOLATE;XIRECS;9196.0;1;3;4
719500;;;OXYGEN_SHAKE_EVENING_BREATH;XIRECS;9180.0;1;3;4
719500;;;OXYGEN_SHAKE_GARLIC;XIRECS;11881.0;1;3;4
719500;;;OXYGEN_SHAKE_MINT;XIRECS;10284.0;1;3;4
719500;;;OXYGEN_SHAKE_MORNING_BREATH;XIRECS;9085.0;1;3;4
719500;;;PANEL_1X2;XIRECS;8516.0;1;3;4
719500;;;PANEL_1X4;XIRECS;8448.0;1;3;4
719500;;;PANEL_2X2;XIRECS;10618.0;1;3;4
719500;;;PANEL_2X4;XIRECS;11573.0;1;3;4
719500;;;PANEL_4X4;XIRECS;9480.0;1;3;4
719500;;;ROBOT_DISHES;XIRECS;9597.0;1;3;4
719500;;;ROBOT_IRONING;XIRECS;8250.0;1;3;4
719500;;;ROBOT_LAUNDRY;XIRECS;10348.0;1;3;4
719500;;;ROBOT_MOPPING;XIRECS;12049.0;1;3;4
719500;;;ROBOT_VACUUMING;XIRECS;8612.0;1;3;4
719500;;;SLEEP_POD_COTTON;XIRECS;11823.0;1;3;4
719500;;;SLEEP_POD_LAMB_WOOL;XIRECS;10547.0;1;3;4
719500;;;SLEEP_POD_NYLON;XIRECS;9353.0;1;3;4
719500;;;SLEEP_POD_POLYESTER;XIRECS;11831.0;1;3;4
719500;;;SLEEP_POD_SUEDE;XIRECS;12214.0;1;3;4
719500;;;SNACKPACK_CHOCOLATE;XIRECS;9572.0;1;3;4
719500;;;SNACKPACK_PISTACHIO;XIRECS;9417.0;1;3;4
719500;;;SNACKPACK_RASPBERRY;XIRECS;10073.0;1;3;4
719500;;;SNACKPACK_STRAWBERRY;XIRECS;10875.0;1;3;4
719500;;;SNACKPACK_VANILLA;XIRECS;10366.0;1;3;4
719500;;;TRANSLATOR_ASTRO_BLACK;XIRECS;8884.0;1;3;4
719500;;;TRANSLATOR_ECLIPSE_CHARCOAL;XIRECS;9407.0;1;3;4
719500;;;TRANSLATOR_GRAPHITE_MIST;XIRECS;10048.0;1;3;4
719500;;;TRANSLATOR_SPACE_GRAY;XIRECS;9854.0;1;3;4
719500;;;TRANSLATOR_VOID_BLUE;XIRECS;11441.0;1;3;4
719500;;;UV_VISOR_AMBER;XIRECS;7837.0;1;3;4
719500;;;UV_VISOR_MAGENTA;XIRECS;11720.0;1;3;4
719500;;;UV_VISOR_ORANGE;XIRECS;10419.0;1;3;4
719500;;;UV_VISOR_RED;XIRECS;10224.0;1;3;4
719500;;;UV_VISOR_YELLOW;XIRECS;11702.0;1;3;4
719900;SUBMISSION;;UV_VISOR_AMBER;XIRECS;7862.0;5;3;4
720000;;SUBMISSION;GALAXY_SOUNDS_BLACK_HOLES;XIRECS;11028.0;5;3;4
720500;;SUBMISSION;SNACKPACK_STRAWBERRY;XIRECS;10848.0;2;3;4
720500;;SUBMISSION;SNACKPACK_PISTACHIO;XIRECS;9400.0;2;3;4
720500;;SUBMISSION;SNACKPACK_VANILLA;XIRECS;10387.0;2;3;4
720700;;;GALAXY_SOUNDS_BLACK_HOLES;XIRECS;10997.0;2;3;4
720700;;;GALAXY_SOUNDS_DARK_MATTER;XIRECS;10218.0;2;3;4
720700;;;GALAXY_SOUNDS_PLANETARY_RINGS;XIRECS;12080.0;2;3;4
720700;;;GALAXY_SOUNDS_SOLAR_FLAMES;XIRECS;10932.0;2;3;4
720700;;;GALAXY_SOUNDS_SOLAR_WINDS;XIRECS;10748.0;2;3;4
720700;;;OXYGEN_SHAKE_CHOCOLATE;XIRECS;9203.0;2;3;4
720700;;;OXYGEN_SHAKE_EVENING_BREATH;XIRECS;9154.0;2;3;4
720700;;;OXYGEN_SHAKE_GARLIC;XIRECS;11834.0;2;3;4
720700;;;OXYGEN_SHAKE_MINT;XIRECS;10322.0;2;3;4
720700;;;OXYGEN_SHAKE_MORNING_BREATH;XIRECS;9061.0;2;3;4
720700;;;PANEL_1X2;XIRECS;8482.0;2;3;4
720700;;;PANEL_1X4;XIRECS;8427.0;2;3;4
720700;;;PANEL_2X2;XIRECS;10641.0;2;3;4
720700;;;PANEL_2X4;XIRECS;11540.0;2;3;4
720700;;;PANEL_4X4;XIRECS;9509.0;2;3;4
720700;;;ROBOT_DISHES;XIRECS;9631.0;2;3;4
720700;;;ROBOT_IRONING;XIRECS;8207.0;2;3;4
720700;;;ROBOT_LAUNDRY;XIRECS;10348.0;2;3;4
720700;;;ROBOT_MOPPING;XIRECS;11948.0;2;3;4
720700;;;ROBOT_VACUUMING;XIRECS;8603.0;2;3;4
720700;;;SLEEP_POD_COTTON;XIRECS;11807.0;2;3;4
720700;;;SLEEP_POD_LAMB_WOOL;XIRECS;10610.0;2;3;4
720700;;;SLEEP_POD_NYLON;XIRECS;9371.0;2;3;4
720700;;;SLEEP_POD_POLYESTER;XIRECS;11808.0;2;3;4
720700;;;SLEEP_POD_SUEDE;XIRECS;12221.0;2;3;4
720700;;;SNACKPACK_CHOCOLATE;XIRECS;9555.0;2;3;4
720700;;;SNACKPACK_PISTACHIO;XIRECS;9396.0;2;3;4
720700;;;SNACKPACK_RASPBERRY;XIRECS;10089.0;2;3;4
720700;;;SNACKPACK_STRAWBERRY;XIRECS;10842.0;2;3;4
720700;;;SNACKPACK_VANILLA;XIRECS;10372.0;2;3;4
720700;;;TRANSLATOR_ASTRO_BLACK;XIRECS;8957.0;2;3;4
720700;;;TRANSLATOR_ECLIPSE_CHARCOAL;XIRECS;9384.0;2;3;4
720700;;;TRANSLATOR_GRAPHITE_MIST;XIRECS;10112.0;2;3;4
720700;;;TRANSLATOR_SPACE_GRAY;XIRECS;9905.0;2;3;4
720700;;;TRANSLATOR_VOID_BLUE;XIRECS;11476.0;2;3;4
720700;;;UV_VISOR_AMBER;XIRECS;7828.0;2;3;4
720700;;;UV_VISOR_MAGENTA;XIRECS;11735.0;2;3;4
720700;;;UV_VISOR_ORANGE;XIRECS;10453.0;2;3;4
720700;;;UV_VISOR_RED;XIRECS;10205.0;2;3;4
720700;;;UV_VISOR_YELLOW;XIRECS;11686.0;2;3;4
721500;SUBMISSION;;PEBBLES_XL;XIRECS;13008.0;2;3;4
721500;;;PEBBLES_L;XIRECS;10293.0;2;3;4
721500;;;PEBBLES_M;XIRECS;10505.0;2;3;4
721500;;;PEBBLES_S;XIRECS;9782.0;2;3;4
721500;;;PEBBLES_XS;XIRECS;6380.0;2;3;4
721900;;SUBMISSION;GALAXY_SOUNDS_BLACK_HOLES;XIRECS;11006.0;5;3;4
722400;SUBMISSION;;PEBBLES_XL;XIRECS;13112.0;2;3;4
722400;;;PEBBLES_L;XIRECS;10251.0;2;3;4
722400;;;PEBBLES_M;XIRECS;10501.0;2;3;4
722400;;;PEBBLES_S;XIRECS;9726.0;2;3;4
722400;;;PEBBLES_XS;XIRECS;6379.0;2;3;4
722800;;SUBMISSION;PEBBLES_XL;XIRECS;13176.0;4;3;4
723200;;SUBMISSION;SNACKPACK_STRAWBERRY;XIRECS;10807.0;2;3;4
723200;;SUBMISSION;SNACKPACK_PISTACHIO;XIRECS;9373.0;2;3;4
723200;;SUBMISSION;SNACKPACK_VANILLA;XIRECS;10386.0;2;3;4
723200;;;GALAXY_SOUNDS_BLACK_HOLES;XIRECS;10974.0;4;3;4
723200;;;GALAXY_SOUNDS_DARK_MATTER;XIRECS;10246.0;4;3;4
723200;;;GALAXY_SOUNDS_PLANETARY_RINGS;XIRECS;12105.0;4;3;4
723200;;;GALAXY_SOUNDS_SOLAR_FLAMES;XIRECS;11029.0;4;3;4
723200;;;GALAXY_SOUNDS_SOLAR_WINDS;XIRECS;10763.0;4;3;4
723200;;;OXYGEN_SHAKE_CHOCOLATE;XIRECS;9360.0;4;3;4
723200;;;OXYGEN_SHAKE_EVENING_BREATH;XIRECS;9186.0;4;3;4
723200;;;OXYGEN_SHAKE_GARLIC;XIRECS;11858.0;4;3;4
723200;;;OXYGEN_SHAKE_MINT;XIRECS;10308.0;4;3;4
723200;;;OXYGEN_SHAKE_MORNING_BREATH;XIRECS;9049.0;4;3;4
723200;;;PANEL_1X2;XIRECS;8507.0;4;3;4
723200;;;PANEL_1X4;XIRECS;8439.0;4;3;4
723200;;;PANEL_2X2;XIRECS;10595.0;4;3;4
723200;;;PANEL_2X4;XIRECS;11555.0;4;3;4
723200;;;PANEL_4X4;XIRECS;9561.0;4;3;4
723200;;;ROBOT_DISHES;XIRECS;9616.0;4;3;4
723200;;;ROBOT_IRONING;XIRECS;8253.0;4;3;4
723200;;;ROBOT_LAUNDRY;XIRECS;10332.0;4;3;4
723200;;;ROBOT_MOPPING;XIRECS;11905.0;4;3;4
723200;;;ROBOT_VACUUMING;XIRECS;8651.0;4;3;4
723200;;;SLEEP_POD_COTTON;XIRECS;11844.0;4;3;4
723200;;;SLEEP_POD_LAMB_WOOL;XIRECS;10672.0;4;3;4
723200;;;SLEEP_POD_NYLON;XIRECS;9383.0;4;3;4
723200;;;SLEEP_POD_POLYESTER;XIRECS;11778.0;4;3;4
723200;;;SLEEP_POD_SUEDE;XIRECS;12303.0;4;3;4
723200;;;SNACKPACK_CHOCOLATE;XIRECS;9582.0;4;3;4
723200;;;SNACKPACK_RASPBERRY;XIRECS;10164.0;4;3;4
723200;;;TRANSLATOR_ASTRO_BLACK;XIRECS;8894.0;4;3;4
723200;;;TRANSLATOR_ECLIPSE_CHARCOAL;XIRECS;9443.0;4;3;4
723200;;;TRANSLATOR_GRAPHITE_MIST;XIRECS;10082.0;4;3;4
723200;;;TRANSLATOR_SPACE_GRAY;XIRECS;9864.0;4;3;4
723200;;;TRANSLATOR_VOID_BLUE;XIRECS;11498.0;4;3;4
723200;;;UV_VISOR_AMBER;XIRECS;7797.0;4;3;4
723200;;;UV_VISOR_MAGENTA;XIRECS;11788.0;4;3;4
723200;;;UV_VISOR_ORANGE;XIRECS;10465.0;4;3;4
723200;;;UV_VISOR_RED;XIRECS;10276.0;4;3;4
723200;;;UV_VISOR_YELLOW;XIRECS;11667.0;4;3;4
724200;;SUBMISSION;GALAXY_SOUNDS_BLACK_HOLES;XIRECS;10974.0;5;3;4
725000;;;GALAXY_SOUNDS_BLACK_HOLES;XIRECS;11059.0;2;3;4
725000;;;GALAXY_SOUNDS_DARK_MATTER;XIRECS;10199.0;2;3;4
725000;;;GALAXY_SOUNDS_PLANETARY_RINGS;XIRECS;12081.0;2;3;4
725000;;;GALAXY_SOUNDS_SOLAR_FLAMES;XIRECS;10999.0;2;3;4
725000;;;GALAXY_SOUNDS_SOLAR_WINDS;XIRECS;10768.0;2;3;4
725000;;;OXYGEN_SHAKE_CHOCOLATE;XIRECS;9398.0;2;3;4
725000;;;OXYGEN_SHAKE_EVENING_BREATH;XIRECS;9154.0;2;3;4
725000;;;OXYGEN_SHAKE_GARLIC;XIRECS;11856.0;2;3;4
725000;;;OXYGEN_SHAKE_MINT;XIRECS;10302.0;2;3;4
725000;;;OXYGEN_SHAKE_MORNING_BREATH;XIRECS;9073.0;2;3;4
725000;;;PANEL_1X2;XIRECS;8447.0;2;3;4
725000;;;PANEL_1X4;XIRECS;8413.0;2;3;4
725000;;;PANEL_2X2;XIRECS;10567.0;2;3;4
725000;;;PANEL_2X4;XIRECS;11487.0;2;3;4
725000;;;PANEL_4X4;XIRECS;9513.0;2;3;4
725000;;;ROBOT_DISHES;XIRECS;9611.0;2;3;4
725000;;;ROBOT_IRONING;XIRECS;8237.0;2;3;4
725000;;;ROBOT_LAUNDRY;XIRECS;10288.0;2;3;4
725000;;;ROBOT_MOPPING;XIRECS;11924.0;2;3;4
725000;;;ROBOT_VACUUMING;XIRECS;8711.0;2;3;4
725000;;;SLEEP_POD_COTTON;XIRECS;11857.0;2;3;4
725000;;;SLEEP_POD_LAMB_WOOL;XIRECS;10601.0;2;3;4
725000;;;SLEEP_POD_NYLON;XIRECS;9400.0;2;3;4
725000;;;SLEEP_POD_POLYESTER;XIRECS;11786.0;2;3;4
725000;;;SLEEP_POD_SUEDE;XIRECS;12310.0;2;3;4
725000;;;SNACKPACK_CHOCOLATE;XIRECS;9599.0;2;3;4
725000;;;SNACKPACK_PISTACHIO;XIRECS;9346.0;2;3;4
725000;;;SNACKPACK_RASPBERRY;XIRECS;10172.0;2;3;4
725000;;;SNACKPACK_STRAWBERRY;XIRECS;10770.0;2;3;4
725000;;;SNACKPACK_VANILLA;XIRECS;10346.0;2;3;4
725000;;;TRANSLATOR_ASTRO_BLACK;XIRECS;8946.0;2;3;4
725000;;;TRANSLATOR_ECLIPSE_CHARCOAL;XIRECS;9495.0;2;3;4
725000;;;TRANSLATOR_GRAPHITE_MIST;XIRECS;10040.0;2;3;4
725000;;;TRANSLATOR_SPACE_GRAY;XIRECS;9887.0;2;3;4
725000;;;TRANSLATOR_VOID_BLUE;XIRECS;11361.0;2;3;4
725000;;;UV_VISOR_AMBER;XIRECS;7785.0;2;3;4
725000;;;UV_VISOR_MAGENTA;XIRECS;11727.0;2;3;4
725000;;;UV_VISOR_ORANGE;XIRECS;10355.0;2;3;4
725000;;;UV_VISOR_RED;XIRECS;10255.0;2;3;4
725000;;;UV_VISOR_YELLOW;XIRECS;11587.0;2;3;4
725200;SUBMISSION;;GALAXY_SOUNDS_BLACK_HOLES;XIRECS;11107.0;5;3;4
725500;;;PEBBLES_L;XIRECS;10299.0;5;3;4
725500;;;PEBBLES_M;XIRECS;10446.0;5;3;4
725500;;;PEBBLES_S;XIRECS;9708.0;5;3;4
725500;;;PEBBLES_XL;XIRECS;13323.0;5;3;4
725500;;;PEBBLES_XS;XIRECS;6257.0;5;3;4
726300;;;PEBBLES_L;XIRECS;10339.0;5;3;4
726300;;;PEBBLES_M;XIRECS;10478.0;5;3;4
726300;;;PEBBLES_S;XIRECS;9754.0;5;3;4
726300;;;PEBBLES_XL;XIRECS;13214.0;5;3;4
726300;;;PEBBLES_XS;XIRECS;6248.0;5;3;4
727300;SUBMISSION;;GALAXY_SOUNDS_BLACK_HOLES;XIRECS;11234.0;5;3;4
727700;;SUBMISSION;SNACKPACK_STRAWBERRY;XIRECS;10718.0;4;3;4
727700;;SUBMISSION;SNACKPACK_PISTACHIO;XIRECS;9308.0;4;3;4
727700;;SUBMISSION;SNACKPACK_VANILLA;XIRECS;10309.0;4;3;4
728200;;;MICROCHIP_CIRCLE;XIRECS;8776.0;1;3;4
728200;;;MICROCHIP_OVAL;XIRECS;7911.0;1;3;4
728200;;;MICROCHIP_RECTANGLE;XIRECS;7682.0;1;3;4
728200;;;MICROCHIP_SQUARE;XIRECS;15604.0;1;3;4
728200;;;MICROCHIP_TRIANGLE;XIRECS;10358.0;1;3;4
728300;;SUBMISSION;UV_VISOR_AMBER;XIRECS;7699.0;5;3;4
729000;SUBMISSION;;SNACKPACK_STRAWBERRY;XIRECS;10727.0;2;3;4
729000;SUBMISSION;;SNACKPACK_PISTACHIO;XIRECS;9309.0;2;3;4
729000;SUBMISSION;;SNACKPACK_VANILLA;XIRECS;10275.0;2;3;4
729000;SUBMISSION;;GALAXY_SOUNDS_BLACK_HOLES;XIRECS;11223.0;5;3;4
729000;;;GALAXY_SOUNDS_BLACK_HOLES;XIRECS;11208.0;4;3;4
729000;;;GALAXY_SOUNDS_DARK_MATTER;XIRECS;10305.0;4;3;4
729000;;;GALAXY_SOUNDS_PLANETARY_RINGS;XIRECS;12027.0;4;3;4
729000;;;GALAXY_SOUNDS_SOLAR_FLAMES;XIRECS;10961.0;4;3;4
729000;;;GALAXY_SOUNDS_SOLAR_WINDS;XIRECS;10635.0;4;3;4
729000;;;OXYGEN_SHAKE_CHOCOLATE;XIRECS;9433.0;4;3;4
729000;;;OXYGEN_SHAKE_EVENING_BREATH;XIRECS;9294.0;4;3;4
729000;;;OXYGEN_SHAKE_GARLIC;XIRECS;11837.0;4;3;4
729000;;;OXYGEN_SHAKE_MINT;XIRECS;10202.0;4;3;4
729000;;;OXYGEN_SHAKE_MORNING_BREATH;XIRECS;9002.0;4;3;4
729000;;;PANEL_1X2;XIRECS;8423.0;4;3;4
729000;;;PANEL_1X4;XIRECS;8446.0;4;3;4
729000;;;PANEL_2X2;XIRECS;10548.0;4;3;4
729000;;;PANEL_2X4;XIRECS;11377.0;4;3;4
729000;;;PANEL_4X4;XIRECS;9447.0;4;3;4
729000;;;ROBOT_DISHES;XIRECS;9682.0;4;3;4
729000;;;ROBOT_IRONING;XIRECS;8137.0;4;3;4
729000;;;ROBOT_LAUNDRY;XIRECS;10306.0;4;3;4
729000;;;ROBOT_MOPPING;XIRECS;11958.0;4;3;4
729000;;;ROBOT_VACUUMING;XIRECS;8830.0;4;3;4
729000;;;SLEEP_POD_COTTON;XIRECS;11902.0;4;3;4
729000;;;SLEEP_POD_LAMB_WOOL;XIRECS;10607.0;4;3;4
729000;;;SLEEP_POD_NYLON;XIRECS;9474.0;4;3;4
729000;;;SLEEP_POD_POLYESTER;XIRECS;11800.0;4;3;4
729000;;;SLEEP_POD_SUEDE;XIRECS;12324.0;4;3;4
729000;;;SNACKPACK_CHOCOLATE;XIRECS;9679.0;4;3;4
729000;;;SNACKPACK_RASPBERRY;XIRECS;10194.0;4;3;4
729000;;;TRANSLATOR_ASTRO_BLACK;XIRECS;8915.0;4;3;4
729000;;;TRANSLATOR_ECLIPSE_CHARCOAL;XIRECS;9537.0;4;3;4
729000;;;TRANSLATOR_GRAPHITE_MIST;XIRECS;9993.0;4;3;4
729000;;;TRANSLATOR_SPACE_GRAY;XIRECS;9883.0;4;3;4
729000;;;TRANSLATOR_VOID_BLUE;XIRECS;11381.0;4;3;4
729000;;;UV_VISOR_AMBER;XIRECS;7697.0;4;3;4
729000;;;UV_VISOR_MAGENTA;XIRECS;11747.0;4;3;4
729000;;;UV_VISOR_ORANGE;XIRECS;10441.0;4;3;4
729000;;;UV_VISOR_RED;XIRECS;10234.0;4;3;4
729000;;;UV_VISOR_YELLOW;XIRECS;11622.0;4;3;4
730900;;SUBMISSION;SNACKPACK_STRAWBERRY;XIRECS;10786.0;2;3;4
730900;;SUBMISSION;SNACKPACK_PISTACHIO;XIRECS;9343.0;2;3;4
730900;;SUBMISSION;SNACKPACK_VANILLA;XIRECS;10266.0;2;3;4
731200;;SUBMISSION;UV_VISOR_AMBER;XIRECS;7657.0;5;3;4
732500;SUBMISSION;;PEBBLES_XL;XIRECS;13117.0;2;3;4
732500;;;PEBBLES_L;XIRECS;10326.0;4;3;4
732500;;;PEBBLES_M;XIRECS;10492.0;4;3;4
732500;;;PEBBLES_S;XIRECS;9645.0;4;3;4
732500;;;PEBBLES_XS;XIRECS;6389.0;4;3;4
733000;SUBMISSION;;SNACKPACK_STRAWBERRY;XIRECS;10761.0;4;3;4
733000;SUBMISSION;;SNACKPACK_PISTACHIO;XIRECS;9325.0;4;3;4
733000;SUBMISSION;;SNACKPACK_VANILLA;XIRECS;10232.0;4;3;4
733100;SUBMISSION;;SNACKPACK_STRAWBERRY;XIRECS;10758.0;3;3;4
733100;SUBMISSION;;SNACKPACK_PISTACHIO;XIRECS;9320.0;3;3;4
733100;SUBMISSION;;SNACKPACK_VANILLA;XIRECS;10217.0;3;3;4
733300;;;GALAXY_SOUNDS_BLACK_HOLES;XIRECS;11143.0;4;3;4
733300;;;GALAXY_SOUNDS_DARK_MATTER;XIRECS;10303.0;4;3;4
733300;;;GALAXY_SOUNDS_PLANETARY_RINGS;XIRECS;12013.0;4;3;4
733300;;;GALAXY_SOUNDS_SOLAR_FLAMES;XIRECS;10945.0;4;3;4
733300;;;GALAXY_SOUNDS_SOLAR_WINDS;XIRECS;10638.0;4;3;4
733300;;;OXYGEN_SHAKE_CHOCOLATE;XIRECS;9420.0;4;3;4
733300;;;OXYGEN_SHAKE_EVENING_BREATH;XIRECS;9334.0;4;3;4
733300;;;OXYGEN_SHAKE_GARLIC;XIRECS;11870.0;4;3;4
733300;;;OXYGEN_SHAKE_MINT;XIRECS;10240.0;4;3;4
733300;;;OXYGEN_SHAKE_MORNING_BREATH;XIRECS;8969.0;4;3;4
733300;;;PANEL_1X2;XIRECS;8407.0;4;3;4
733300;;;PANEL_1X4;XIRECS;8432.0;4;3;4
733300;;;PANEL_2X2;XIRECS;10594.0;4;3;4
733300;;;PANEL_2X4;XIRECS;11453.0;4;3;4
733300;;;PANEL_4X4;XIRECS;9384.0;4;3;4
733300;;;ROBOT_DISHES;XIRECS;9843.0;4;3;4
733300;;;ROBOT_IRONING;XIRECS;8057.0;4;3;4
733300;;;ROBOT_LAUNDRY;XIRECS;10240.0;4;3;4
733300;;;ROBOT_MOPPING;XIRECS;11775.0;4;3;4
733300;;;ROBOT_VACUUMING;XIRECS;8874.0;4;3;4
733300;;;SLEEP_POD_COTTON;XIRECS;11926.0;4;3;4
733300;;;SLEEP_POD_LAMB_WOOL;XIRECS;10553.0;4;3;4
733300;;;SLEEP_POD_NYLON;XIRECS;9488.0;4;3;4
733300;;;SLEEP_POD_POLYESTER;XIRECS;11775.0;4;3;4
733300;;;SLEEP_POD_SUEDE;XIRECS;12359.0;4;3;4
733300;;;SNACKPACK_CHOCOLATE;XIRECS;9736.0;4;3;4
733300;;;SNACKPACK_PISTACHIO;XIRECS;9312.0;4;3;4
733300;;;SNACKPACK_RASPBERRY;XIRECS;10192.0;4;3;4
733300;;;SNACKPACK_STRAWBERRY;XIRECS;10756.0;4;3;4
733300;;;SNACKPACK_VANILLA;XIRECS;10215.0;4;3;4
733300;;;TRANSLATOR_ASTRO_BLACK;XIRECS;8869.0;4;3;4
733300;;;TRANSLATOR_ECLIPSE_CHARCOAL;XIRECS;9533.0;4;3;4
733300;;;TRANSLATOR_GRAPHITE_MIST;XIRECS;9914.0;4;3;4
733300;;;TRANSLATOR_SPACE_GRAY;XIRECS;9964.0;4;3;4
733300;;;TRANSLATOR_VOID_BLUE;XIRECS;11358.0;4;3;4
733300;;;UV_VISOR_AMBER;XIRECS;7599.0;4;3;4
733300;;;UV_VISOR_MAGENTA;XIRECS;11599.0;4;3;4
733300;;;UV_VISOR_ORANGE;XIRECS;10512.0;4;3;4
733300;;;UV_VISOR_RED;XIRECS;10275.0;4;3;4
733300;;;UV_VISOR_YELLOW;XIRECS;11493.0;4;3;4
733400;;SUBMISSION;UV_VISOR_AMBER;XIRECS;7596.0;5;3;4
735300;;;GALAXY_SOUNDS_BLACK_HOLES;XIRECS;11156.0;3;3;4
735300;;;GALAXY_SOUNDS_DARK_MATTER;XIRECS;10277.0;3;3;4
735300;;;GALAXY_SOUNDS_PLANETARY_RINGS;XIRECS;12098.0;3;3;4
735300;;;GALAXY_SOUNDS_SOLAR_FLAMES;XIRECS;10938.0;3;3;4
735300;;;GALAXY_SOUNDS_SOLAR_WINDS;XIRECS;10681.0;3;3;4
735300;;;OXYGEN_SHAKE_CHOCOLATE;XIRECS;9418.0;3;3;4
735300;;;OXYGEN_SHAKE_EVENING_BREATH;XIRECS;9344.0;3;3;4
735300;;;OXYGEN_SHAKE_GARLIC;XIRECS;11893.0;3;3;4
735300;;;OXYGEN_SHAKE_MINT;XIRECS;10227.0;3;3;4
735300;;;OXYGEN_SHAKE_MORNING_BREATH;XIRECS;8943.0;3;3;4
735300;;;PANEL_1X2;XIRECS;8389.0;3;3;4
735300;;;PANEL_1X4;XIRECS;8417.0;3;3;4
735300;;;PANEL_2X2;XIRECS;10573.0;3;3;4
735300;;;PANEL_2X4;XIRECS;11478.0;3;3;4
735300;;;PANEL_4X4;XIRECS;9389.0;3;3;4
735300;;;ROBOT_DISHES;XIRECS;9799.0;3;3;4
735300;;;ROBOT_IRONING;XIRECS;8107.0;3;3;4
735300;;;ROBOT_LAUNDRY;XIRECS;10279.0;3;3;4
735300;;;ROBOT_MOPPING;XIRECS;11656.0;3;3;4
735300;;;ROBOT_VACUUMING;XIRECS;8812.0;3;3;4
735300;;;SLEEP_POD_COTTON;XIRECS;11912.0;3;3;4
735300;;;SLEEP_POD_LAMB_WOOL;XIRECS;10521.0;3;3;4
735300;;;SLEEP_POD_NYLON;XIRECS;9482.0;3;3;4
735300;;;SLEEP_POD_POLYESTER;XIRECS;11742.0;3;3;4
735300;;;SLEEP_POD_SUEDE;XIRECS;12407.0;3;3;4
735300;;;SNACKPACK_CHOCOLATE;XIRECS;9744.0;3;3;4
735300;;;SNACKPACK_PISTACHIO;XIRECS;9347.0;3;3;4
735300;;;SNACKPACK_RASPBERRY;XIRECS;10124.0;3;3;4
735300;;;SNACKPACK_STRAWBERRY;XIRECS;10807.0;3;3;4
735300;;;SNACKPACK_VANILLA;XIRECS;10215.0;3;3;4
735300;;;TRANSLATOR_ASTRO_BLACK;XIRECS;8824.0;3;3;4
735300;;;TRANSLATOR_ECLIPSE_CHARCOAL;XIRECS;9576.0;3;3;4
735300;;;TRANSLATOR_GRAPHITE_MIST;XIRECS;9908.0;3;3;4
735300;;;TRANSLATOR_SPACE_GRAY;XIRECS;9956.0;3;3;4
735300;;;TRANSLATOR_VOID_BLUE;XIRECS;11418.0;3;3;4
735300;;;UV_VISOR_AMBER;XIRECS;7573.0;3;3;4
735300;;;UV_VISOR_MAGENTA;XIRECS;11591.0;3;3;4
735300;;;UV_VISOR_ORANGE;XIRECS;10529.0;3;3;4
735300;;;UV_VISOR_RED;XIRECS;10256.0;3;3;4
735300;;;UV_VISOR_YELLOW;XIRECS;11551.0;3;3;4
735900;;SUBMISSION;SNACKPACK_STRAWBERRY;XIRECS;10804.0;5;3;4
735900;;SUBMISSION;SNACKPACK_PISTACHIO;XIRECS;9350.0;5;3;4
735900;;SUBMISSION;SNACKPACK_VANILLA;XIRECS;10232.0;5;3;4
736500;SUBMISSION;;SNACKPACK_STRAWBERRY;XIRECS;10791.0;5;3;4
736500;SUBMISSION;;SNACKPACK_PISTACHIO;XIRECS;9333.0;5;3;4
736500;SUBMISSION;;SNACKPACK_VANILLA;XIRECS;10250.0;5;3;4
739700;;;MICROCHIP_CIRCLE;XIRECS;8862.0;2;3;4
739700;;;MICROCHIP_OVAL;XIRECS;7922.0;2;3;4
739700;;;MICROCHIP_RECTANGLE;XIRECS;7706.0;2;3;4
739700;;;MICROCHIP_SQUARE;XIRECS;15968.0;2;3;4
739700;;;MICROCHIP_TRIANGLE;XIRECS;10431.0;2;3;4
740000;;SUBMISSION;PEBBLES_XL;XIRECS;12865.0;2;3;4
740700;;SUBMISSION;GALAXY_SOUNDS_BLACK_HOLES;XIRECS;11060.0;5;3;4
741600;SUBMISSION;;SNACKPACK_STRAWBERRY;XIRECS;10829.0;1;3;4
741600;SUBMISSION;;SNACKPACK_PISTACHIO;XIRECS;9362.0;1;3;4
741600;SUBMISSION;;SNACKPACK_VANILLA;XIRECS;10225.0;1;3;4
742000;;SUBMISSION;SNACKPACK_STRAWBERRY;XIRECS;10823.0;2;3;4
742000;;SUBMISSION;SNACKPACK_PISTACHIO;XIRECS;9359.0;2;3;4
742000;;SUBMISSION;SNACKPACK_VANILLA;XIRECS;10214.0;2;3;4
743000;;;PEBBLES_L;XIRECS;10535.0;2;3;4
743000;;;PEBBLES_M;XIRECS;10646.0;2;3;4
743000;;;PEBBLES_S;XIRECS;9658.0;2;3;4
743000;;;PEBBLES_XL;XIRECS;12822.0;2;3;4
743000;;;PEBBLES_XS;XIRECS;6373.0;2;3;4
744100;SUBMISSION;;MICROCHIP_CIRCLE;XIRECS;8951.0;5;3;4
745000;;;GALAXY_SOUNDS_BLACK_HOLES;XIRECS;11059.0;3;3;4
745000;;;GALAXY_SOUNDS_DARK_MATTER;XIRECS;10402.0;3;3;4
745000;;;GALAXY_SOUNDS_PLANETARY_RINGS;XIRECS;11892.0;3;3;4
745000;;;GALAXY_SOUNDS_SOLAR_FLAMES;XIRECS;10989.0;3;3;4
745000;;;GALAXY_SOUNDS_SOLAR_WINDS;XIRECS;10525.0;3;3;4
745000;;;OXYGEN_SHAKE_CHOCOLATE;XIRECS;9359.0;3;3;4
745000;;;OXYGEN_SHAKE_EVENING_BREATH;XIRECS;9324.0;3;3;4
745000;;;OXYGEN_SHAKE_GARLIC;XIRECS;11817.0;3;3;4
745000;;;OXYGEN_SHAKE_MINT;XIRECS;10300.0;3;3;4
745000;;;OXYGEN_SHAKE_MORNING_BREATH;XIRECS;8896.0;3;3;4
745000;;;PANEL_1X2;XIRECS;8276.0;3;3;4
745000;;;PANEL_1X4;XIRECS;8422.0;3;3;4
745000;;;PANEL_2X2;XIRECS;10574.0;3;3;4
745000;;;PANEL_2X4;XIRECS;11504.0;3;3;4
745000;;;PANEL_4X4;XIRECS;9680.0;3;3;4
745000;;;ROBOT_DISHES;XIRECS;9786.0;3;3;4
745000;;;ROBOT_IRONING;XIRECS;8077.0;3;3;4
745000;;;ROBOT_LAUNDRY;XIRECS;10207.0;3;3;4
745000;;;ROBOT_MOPPING;XIRECS;11786.0;3;3;4
745000;;;ROBOT_VACUUMING;XIRECS;8771.0;3;3;4
745000;;;SLEEP_POD_COTTON;XIRECS;11987.0;3;3;4
745000;;;SLEEP_POD_LAMB_WOOL;XIRECS;10350.0;3;3;4
745000;;;SLEEP_POD_NYLON;XIRECS;9503.0;3;3;4
745000;;;SLEEP_POD_POLYESTER;XIRECS;11761.0;3;3;4
745000;;;SLEEP_POD_SUEDE;XIRECS;12344.0;3;3;4
745000;;;SNACKPACK_CHOCOLATE;XIRECS;9756.0;3;3;4
745000;;;SNACKPACK_PISTACHIO;XIRECS;9398.0;3;3;4
745000;;;SNACKPACK_RASPBERRY;XIRECS;10058.0;3;3;4
745000;;;SNACKPACK_STRAWBERRY;XIRECS;10867.0;3;3;4
745000;;;SNACKPACK_VANILLA;XIRECS;10216.0;3;3;4
745000;;;TRANSLATOR_ASTRO_BLACK;XIRECS;8856.0;3;3;4
745000;;;TRANSLATOR_ECLIPSE_CHARCOAL;XIRECS;9504.0;3;3;4
745000;;;TRANSLATOR_GRAPHITE_MIST;XIRECS;9818.0;3;3;4
745000;;;TRANSLATOR_SPACE_GRAY;XIRECS;10005.0;3;3;4
745000;;;TRANSLATOR_VOID_BLUE;XIRECS;11504.0;3;3;4
745000;;;UV_VISOR_AMBER;XIRECS;7409.0;3;3;4
745000;;;UV_VISOR_MAGENTA;XIRECS;11656.0;3;3;4
745000;;;UV_VISOR_ORANGE;XIRECS;10369.0;3;3;4
745000;;;UV_VISOR_RED;XIRECS;10189.0;3;3;4
745000;;;UV_VISOR_YELLOW;XIRECS;11402.0;3;3;4
745600;;SUBMISSION;GALAXY_SOUNDS_BLACK_HOLES;XIRECS;11053.0;5;3;4
746000;;;MICROCHIP_CIRCLE;XIRECS;8914.0;3;3;4
746000;;;MICROCHIP_OVAL;XIRECS;8092.0;3;3;4
746000;;;MICROCHIP_RECTANGLE;XIRECS;7819.0;3;3;4
746000;;;MICROCHIP_SQUARE;XIRECS;15889.0;3;3;4
746000;;;MICROCHIP_TRIANGLE;XIRECS;10329.0;3;3;4
746100;;;PEBBLES_L;XIRECS;10529.0;4;3;4
746100;;;PEBBLES_M;XIRECS;10601.0;4;3;4
746100;;;PEBBLES_S;XIRECS;9761.0;4;3;4
746100;;;PEBBLES_XL;XIRECS;12705.0;4;3;4
746100;;;PEBBLES_XS;XIRECS;6436.0;4;3;4
747600;SUBMISSION;;SNACKPACK_STRAWBERRY;XIRECS;10862.0;2;3;4
747600;SUBMISSION;;SNACKPACK_PISTACHIO;XIRECS;9385.0;2;3;4
747600;SUBMISSION;;SNACKPACK_VANILLA;XIRECS;10194.0;2;3;4
747700;;;MICROCHIP_CIRCLE;XIRECS;8887.0;1;3;4
747700;;;MICROCHIP_OVAL;XIRECS;8100.0;1;3;4
747700;;;MICROCHIP_RECTANGLE;XIRECS;7844.0;1;3;4
747700;;;MICROCHIP_SQUARE;XIRECS;16009.0;1;3;4
747700;;;MICROCHIP_TRIANGLE;XIRECS;10351.0;1;3;4
748100;SUBMISSION;;PEBBLES_XL;XIRECS;12634.0;2;3;4
748100;;;PEBBLES_L;XIRECS;10500.0;4;3;4
748100;;;PEBBLES_M;XIRECS;10616.0;4;3;4
748100;;;PEBBLES_S;XIRECS;9825.0;4;3;4
748100;;;PEBBLES_XS;XIRECS;6394.0;4;3;4
749000;;;GALAXY_SOUNDS_BLACK_HOLES;XIRECS;11076.0;4;3;4
749000;;;GALAXY_SOUNDS_DARK_MATTER;XIRECS;10462.0;4;3;4
749000;;;GALAXY_SOUNDS_PLANETARY_RINGS;XIRECS;11934.0;4;3;4
749000;;;GALAXY_SOUNDS_SOLAR_FLAMES;XIRECS;11117.0;4;3;4
749000;;;GALAXY_SOUNDS_SOLAR_WINDS;XIRECS;10459.0;4;3;4
749000;;;OXYGEN_SHAKE_CHOCOLATE;XIRECS;9448.0;4;3;4
749000;;;OXYGEN_SHAKE_EVENING_BREATH;XIRECS;9244.0;4;3;4
749000;;;OXYGEN_SHAKE_GARLIC;XIRECS;11847.0;4;3;4
749000;;;OXYGEN_SHAKE_MINT;XIRECS;10272.0;4;3;4
749000;;;OXYGEN_SHAKE_MORNING_BREATH;XIRECS;8973.0;4;3;4
749000;;;PANEL_1X2;XIRECS;8385.0;4;3;4
749000;;;PANEL_1X4;XIRECS;8499.0;4;3;4
749000;;;PANEL_2X2;XIRECS;10543.0;4;3;4
749000;;;PANEL_2X4;XIRECS;11457.0;4;3;4
749000;;;PANEL_4X4;XIRECS;9610.0;4;3;4
749000;;;ROBOT_DISHES;XIRECS;9806.0;4;3;4
749000;;;ROBOT_IRONING;XIRECS;8127.0;4;3;4
749000;;;ROBOT_LAUNDRY;XIRECS;10129.0;4;3;4
749000;;;ROBOT_MOPPING;XIRECS;11770.0;4;3;4
749000;;;ROBOT_VACUUMING;XIRECS;8843.0;4;3;4
749000;;;SLEEP_POD_COTTON;XIRECS;11996.0;4;3;4
749000;;;SLEEP_POD_LAMB_WOOL;XIRECS;10190.0;4;3;4
749000;;;SLEEP_POD_NYLON;XIRECS;9492.0;4;3;4
749000;;;SLEEP_POD_POLYESTER;XIRECS;11750.0;4;3;4
749000;;;SLEEP_POD_SUEDE;XIRECS;12354.0;4;3;4
749000;;;SNACKPACK_CHOCOLATE;XIRECS;9758.0;4;3;4
749000;;;SNACKPACK_PISTACHIO;XIRECS;9380.0;4;3;4
749000;;;SNACKPACK_RASPBERRY;XIRECS;10078.0;4;3;4
749000;;;SNACKPACK_STRAWBERRY;XIRECS;10853.0;4;3;4
749000;;;SNACKPACK_VANILLA;XIRECS;10214.0;4;3;4
749000;;;TRANSLATOR_ASTRO_BLACK;XIRECS;8794.0;4;3;4
749000;;;TRANSLATOR_ECLIPSE_CHARCOAL;XIRECS;9400.0;4;3;4
749000;;;TRANSLATOR_GRAPHITE_MIST;XIRECS;9861.0;4;3;4
749000;;;TRANSLATOR_SPACE_GRAY;XIRECS;10055.0;4;3;4
749000;;;TRANSLATOR_VOID_BLUE;XIRECS;11553.0;4;3;4
749000;;;UV_VISOR_AMBER;XIRECS;7421.0;4;3;4
749000;;;UV_VISOR_MAGENTA;XIRECS;11744.0;4;3;4
749000;;;UV_VISOR_ORANGE;XIRECS;10255.0;4;3;4
749000;;;UV_VISOR_RED;XIRECS;10275.0;4;3;4
749000;;;UV_VISOR_YELLOW;XIRECS;11369.0;4;3;4
751100;SUBMISSION;;PEBBLES_XL;XIRECS;12846.0;5;3;4
751100;SUBMISSION;;PEBBLES_XL;XIRECS;12854.0;12;3;4
751300;SUBMISSION;;PEBBLES_XL;XIRECS;12946.0;1;3;4
751800;;;MICROCHIP_CIRCLE;XIRECS;8872.0;3;3;4
751800;;;MICROCHIP_OVAL;XIRECS;8022.0;3;3;4
751800;;;MICROCHIP_RECTANGLE;XIRECS;7878.0;3;3;4
751800;;;MICROCHIP_SQUARE;XIRECS;16096.0;3;3;4
751800;;;MICROCHIP_TRIANGLE;XIRECS;10390.0;3;3;4
751900;;;MICROCHIP_CIRCLE;XIRECS;8862.0;3;3;4
751900;;;MICROCHIP_OVAL;XIRECS;8007.0;3;3;4
751900;;;MICROCHIP_RECTANGLE;XIRECS;7873.0;3;3;4
751900;;;MICROCHIP_SQUARE;XIRECS;16100.0;3;3;4
751900;;;MICROCHIP_TRIANGLE;XIRECS;10395.0;3;3;4
752700;;SUBMISSION;SNACKPACK_STRAWBERRY;XIRECS;10799.0;5;3;4
752700;;SUBMISSION;SNACKPACK_PISTACHIO;XIRECS;9363.0;5;3;4
752700;;SUBMISSION;SNACKPACK_VANILLA;XIRECS;10214.0;5;3;4
753600;;;GALAXY_SOUNDS_BLACK_HOLES;XIRECS;10990.0;3;3;4
753600;;;GALAXY_SOUNDS_DARK_MATTER;XIRECS;10529.0;3;3;4
753600;;;GALAXY_SOUNDS_PLANETARY_RINGS;XIRECS;11986.0;3;3;4
753600;;;GALAXY_SOUNDS_SOLAR_FLAMES;XIRECS;11192.0;3;3;4
753600;;;GALAXY_SOUNDS_SOLAR_WINDS;XIRECS;10525.0;3;3;4
753600;;;OXYGEN_SHAKE_CHOCOLATE;XIRECS;9462.0;3;3;4
753600;;;OXYGEN_SHAKE_EVENING_BREATH;XIRECS;9216.0;3;3;4
753600;;;OXYGEN_SHAKE_GARLIC;XIRECS;12010.0;3;3;4
753600;;;OXYGEN_SHAKE_MINT;XIRECS;10343.0;3;3;4
753600;;;OXYGEN_SHAKE_MORNING_BREATH;XIRECS;8877.0;3;3;4
753600;;;PANEL_1X2;XIRECS;8482.0;3;3;4
753600;;;PANEL_1X4;XIRECS;8420.0;3;3;4
753600;;;PANEL_2X2;XIRECS;10487.0;3;3;4
753600;;;PANEL_2X4;XIRECS;11538.0;3;3;4
753600;;;PANEL_4X4;XIRECS;9599.0;3;3;4
753600;;;ROBOT_DISHES;XIRECS;9894.0;3;3;4
753600;;;ROBOT_IRONING;XIRECS;8133.0;3;3;4
753600;;;ROBOT_LAUNDRY;XIRECS;10096.0;3;3;4
753600;;;ROBOT_MOPPING;XIRECS;11755.0;3;3;4
753600;;;ROBOT_VACUUMING;XIRECS;8904.0;3;3;4
753600;;;SLEEP_POD_COTTON;XIRECS;12049.0;3;3;4
753600;;;SLEEP_POD_LAMB_WOOL;XIRECS;10143.0;3;3;4
753600;;;SLEEP_POD_NYLON;XIRECS;9513.0;3;3;4
753600;;;SLEEP_POD_POLYESTER;XIRECS;11849.0;3;3;4
753600;;;SLEEP_POD_SUEDE;XIRECS;12379.0;3;3;4
753600;;;SNACKPACK_CHOCOLATE;XIRECS;9782.0;3;3;4
753600;;;SNACKPACK_PISTACHIO;XIRECS;9399.0;3;3;4
753600;;;SNACKPACK_RASPBERRY;XIRECS;10099.0;3;3;4
753600;;;SNACKPACK_STRAWBERRY;XIRECS;10855.0;3;3;4
753600;;;SNACKPACK_VANILLA;XIRECS;10221.0;3;3;4
753600;;;TRANSLATOR_ASTRO_BLACK;XIRECS;8775.0;3;3;4
753600;;;TRANSLATOR_ECLIPSE_CHARCOAL;XIRECS;9391.0;3;3;4
753600;;;TRANSLATOR_GRAPHITE_MIST;XIRECS;9743.0;3;3;4
753600;;;TRANSLATOR_SPACE_GRAY;XIRECS;10142.0;3;3;4
753600;;;TRANSLATOR_VOID_BLUE;XIRECS;11610.0;3;3;4
753600;;;UV_VISOR_AMBER;XIRECS;7457.0;3;3;4
753600;;;UV_VISOR_MAGENTA;XIRECS;11823.0;3;3;4
753600;;;UV_VISOR_ORANGE;XIRECS;10195.0;3;3;4
753600;;;UV_VISOR_RED;XIRECS;10361.0;3;3;4
753600;;;UV_VISOR_YELLOW;XIRECS;11393.0;3;3;4
754200;;SUBMISSION;MICROCHIP_CIRCLE;XIRECS;8818.0;5;3;4
754800;;SUBMISSION;GALAXY_SOUNDS_BLACK_HOLES;XIRECS;10920.0;5;3;4
754800;;;GALAXY_SOUNDS_BLACK_HOLES;XIRECS;10935.0;4;3;4
754800;;;GALAXY_SOUNDS_DARK_MATTER;XIRECS;10552.0;4;3;4
754800;;;GALAXY_SOUNDS_PLANETARY_RINGS;XIRECS;12008.0;4;3;4
754800;;;GALAXY_SOUNDS_SOLAR_FLAMES;XIRECS;11147.0;4;3;4
754800;;;GALAXY_SOUNDS_SOLAR_WINDS;XIRECS;10567.0;4;3;4
754800;;;OXYGEN_SHAKE_CHOCOLATE;XIRECS;9483.0;4;3;4
754800;;;OXYGEN_SHAKE_EVENING_BREATH;XIRECS;9196.0;4;3;4
754800;;;OXYGEN_SHAKE_GARLIC;XIRECS;12068.0;4;3;4
754800;;;OXYGEN_SHAKE_MINT;XIRECS;10263.0;4;3;4
754800;;;OXYGEN_SHAKE_MORNING_BREATH;XIRECS;8889.0;4;3;4
754800;;;PANEL_1X2;XIRECS;8493.0;4;3;4
754800;;;PANEL_1X4;XIRECS;8442.0;4;3;4
754800;;;PANEL_2X2;XIRECS;10464.0;4;3;4
754800;;;PANEL_2X4;XIRECS;11584.0;4;3;4
754800;;;PANEL_4X4;XIRECS;9561.0;4;3;4
754800;;;ROBOT_DISHES;XIRECS;9864.0;4;3;4
754800;;;ROBOT_IRONING;XIRECS;8153.0;4;3;4
754800;;;ROBOT_LAUNDRY;XIRECS;10064.0;4;3;4
754800;;;ROBOT_MOPPING;XIRECS;11764.0;4;3;4
754800;;;ROBOT_VACUUMING;XIRECS;8899.0;4;3;4
754800;;;SLEEP_POD_COTTON;XIRECS;12081.0;4;3;4
754800;;;SLEEP_POD_LAMB_WOOL;XIRECS;10172.0;4;3;4
754800;;;SLEEP_POD_NYLON;XIRECS;9471.0;4;3;4
754800;;;SLEEP_POD_POLYESTER;XIRECS;11928.0;4;3;4
754800;;;SLEEP_POD_SUEDE;XIRECS;12409.0;4;3;4
754800;;;SNACKPACK_CHOCOLATE;XIRECS;9773.0;4;3;4
754800;;;SNACKPACK_PISTACHIO;XIRECS;9396.0;4;3;4
754800;;;SNACKPACK_RASPBERRY;XIRECS;10072.0;4;3;4
754800;;;SNACKPACK_STRAWBERRY;XIRECS;10868.0;4;3;4
754800;;;SNACKPACK_VANILLA;XIRECS;10227.0;4;3;4
754800;;;TRANSLATOR_ASTRO_BLACK;XIRECS;8746.0;4;3;4
754800;;;TRANSLATOR_ECLIPSE_CHARCOAL;XIRECS;9423.0;4;3;4
754800;;;TRANSLATOR_GRAPHITE_MIST;XIRECS;9748.0;4;3;4
754800;;;TRANSLATOR_SPACE_GRAY;XIRECS;10117.0;4;3;4
754800;;;TRANSLATOR_VOID_BLUE;XIRECS;11606.0;4;3;4
754800;;;UV_VISOR_AMBER;XIRECS;7492.0;4;3;4
754800;;;UV_VISOR_MAGENTA;XIRECS;11766.0;4;3;4
754800;;;UV_VISOR_ORANGE;XIRECS;10206.0;4;3;4
754800;;;UV_VISOR_RED;XIRECS;10319.0;4;3;4
754800;;;UV_VISOR_YELLOW;XIRECS;11410.0;4;3;4
756000;;SUBMISSION;GALAXY_SOUNDS_BLACK_HOLES;XIRECS;10877.0;5;3;4
756000;;;GALAXY_SOUNDS_BLACK_HOLES;XIRECS;10891.0;2;3;4
756000;;;GALAXY_SOUNDS_DARK_MATTER;XIRECS;10593.0;2;3;4
756000;;;GALAXY_SOUNDS_PLANETARY_RINGS;XIRECS;12014.0;2;3;4
756000;;;GALAXY_SOUNDS_SOLAR_FLAMES;XIRECS;11150.0;2;3;4
756000;;;GALAXY_SOUNDS_SOLAR_WINDS;XIRECS;10538.0;2;3;4
756000;;;OXYGEN_SHAKE_CHOCOLATE;XIRECS;9460.0;2;3;4
756000;;;OXYGEN_SHAKE_EVENING_BREATH;XIRECS;9176.0;2;3;4
756000;;;OXYGEN_SHAKE_GARLIC;XIRECS;12130.0;2;3;4
756000;;;OXYGEN_SHAKE_MINT;XIRECS;10208.0;2;3;4
756000;;;OXYGEN_SHAKE_MORNING_BREATH;XIRECS;8979.0;2;3;4
756000;;;PANEL_1X2;XIRECS;8477.0;2;3;4
756000;;;PANEL_1X4;XIRECS;8452.0;2;3;4
756000;;;PANEL_2X2;XIRECS;10496.0;2;3;4
756000;;;PANEL_2X4;XIRECS;11631.0;2;3;4
756000;;;PANEL_4X4;XIRECS;9554.0;2;3;4
756000;;;ROBOT_DISHES;XIRECS;9924.0;2;3;4
756000;;;ROBOT_IRONING;XIRECS;8163.0;2;3;4
756000;;;ROBOT_LAUNDRY;XIRECS;10102.0;2;3;4
756000;;;ROBOT_MOPPING;XIRECS;11811.0;2;3;4
756000;;;ROBOT_VACUUMING;XIRECS;8869.0;2;3;4
756000;;;SLEEP_POD_COTTON;XIRECS;12019.0;2;3;4
756000;;;SLEEP_POD_LAMB_WOOL;XIRECS;10141.0;2;3;4
756000;;;SLEEP_POD_NYLON;XIRECS;9449.0;2;3;4
756000;;;SLEEP_POD_POLYESTER;XIRECS;11917.0;2;3;4
756000;;;SLEEP_POD_SUEDE;XIRECS;12372.0;2;3;4
756000;;;SNACKPACK_CHOCOLATE;XIRECS;9768.0;2;3;4
756000;;;SNACKPACK_PISTACHIO;XIRECS;9376.0;2;3;4
756000;;;SNACKPACK_RASPBERRY;XIRECS;10103.0;2;3;4
756000;;;SNACKPACK_STRAWBERRY;XIRECS;10838.0;2;3;4
756000;;;SNACKPACK_VANILLA;XIRECS;10225.0;2;3;4
756000;;;TRANSLATOR_ASTRO_BLACK;XIRECS;8778.0;2;3;4
756000;;;TRANSLATOR_ECLIPSE_CHARCOAL;XIRECS;9423.0;2;3;4
756000;;;TRANSLATOR_GRAPHITE_MIST;XIRECS;9758.0;2;3;4
756000;;;TRANSLATOR_SPACE_GRAY;XIRECS;10127.0;2;3;4
756000;;;TRANSLATOR_VOID_BLUE;XIRECS;11570.0;2;3;4
756000;;;UV_VISOR_AMBER;XIRECS;7472.0;2;3;4
756000;;;UV_VISOR_MAGENTA;XIRECS;11811.0;2;3;4
756000;;;UV_VISOR_ORANGE;XIRECS;10244.0;2;3;4
756000;;;UV_VISOR_RED;XIRECS;10354.0;2;3;4
756000;;;UV_VISOR_YELLOW;XIRECS;11372.0;2;3;4
756300;;SUBMISSION;TRANSLATOR_GRAPHITE_MIST;XIRECS;9744.0;5;3;4
759700;;;PEBBLES_L;XIRECS;10366.0;4;3;4
759700;;;PEBBLES_M;XIRECS;10669.0;4;3;4
759700;;;PEBBLES_S;XIRECS;9682.0;4;3;4
759700;;;PEBBLES_XL;XIRECS;13171.0;4;3;4
759700;;;PEBBLES_XS;XIRECS;6080.0;4;3;4
759800;;SUBMISSION;SNACKPACK_STRAWBERRY;XIRECS;10841.0;3;3;4
759800;;SUBMISSION;SNACKPACK_PISTACHIO;XIRECS;9396.0;3;3;4
759800;;SUBMISSION;SNACKPACK_VANILLA;XIRECS;10290.0;3;3;4
760200;;;MICROCHIP_CIRCLE;XIRECS;8723.0;2;3;4
760200;;;MICROCHIP_OVAL;XIRECS;7997.0;2;3;4
760200;;;MICROCHIP_RECTANGLE;XIRECS;8012.0;2;3;4
760200;;;MICROCHIP_SQUARE;XIRECS;15906.0;2;3;4
760200;;;MICROCHIP_TRIANGLE;XIRECS;10518.0;2;3;4
762400;;;GALAXY_SOUNDS_BLACK_HOLES;XIRECS;10824.0;3;3;4
762400;;;GALAXY_SOUNDS_DARK_MATTER;XIRECS;10713.0;3;3;4
762400;;;GALAXY_SOUNDS_PLANETARY_RINGS;XIRECS;12079.0;3;3;4
762400;;;GALAXY_SOUNDS_SOLAR_FLAMES;XIRECS;11046.0;3;3;4
762400;;;GALAXY_SOUNDS_SOLAR_WINDS;XIRECS;10748.0;3;3;4
762400;;;OXYGEN_SHAKE_CHOCOLATE;XIRECS;9479.0;3;3;4
762400;;;OXYGEN_SHAKE_EVENING_BREATH;XIRECS;9156.0;3;3;4
762400;;;OXYGEN_SHAKE_GARLIC;XIRECS;12237.0;3;3;4
762400;;;OXYGEN_SHAKE_MINT;XIRECS;10246.0;3;3;4
762400;;;OXYGEN_SHAKE_MORNING_BREATH;XIRECS;8900.0;3;3;4
762400;;;PANEL_1X2;XIRECS;8502.0;3;3;4
762400;;;PANEL_1X4;XIRECS;8449.0;3;3;4
762400;;;PANEL_2X2;XIRECS;10494.0;3;3;4
762400;;;PANEL_2X4;XIRECS;11582.0;3;3;4
762400;;;PANEL_4X4;XIRECS;9640.0;3;3;4
762400;;;ROBOT_DISHES;XIRECS;9864.0;3;3;4
762400;;;ROBOT_IRONING;XIRECS;8253.0;3;3;4
762400;;;ROBOT_LAUNDRY;XIRECS;10139.0;3;3;4
762400;;;ROBOT_MOPPING;XIRECS;11859.0;3;3;4
762400;;;ROBOT_VACUUMING;XIRECS;8959.0;3;3;4
762400;;;SLEEP_POD_COTTON;XIRECS;12001.0;3;3;4
762400;;;SLEEP_POD_LAMB_WOOL;XIRECS;10181.0;3;3;4
762400;;;SLEEP_POD_NYLON;XIRECS;9429.0;3;3;4
762400;;;SLEEP_POD_POLYESTER;XIRECS;12021.0;3;3;4
762400;;;SLEEP_POD_SUEDE;XIRECS;12304.0;3;3;4
762400;;;SNACKPACK_CHOCOLATE;XIRECS;9677.0;3;3;4
762400;;;SNACKPACK_PISTACHIO;XIRECS;9416.0;3;3;4
762400;;;SNACKPACK_RASPBERRY;XIRECS;10116.0;3;3;4
762400;;;SNACKPACK_STRAWBERRY;XIRECS;10840.0;3;3;4
762400;;;SNACKPACK_VANILLA;XIRECS;10312.0;3;3;4
762400;;;TRANSLATOR_ASTRO_BLACK;XIRECS;8707.0;3;3;4
762400;;;TRANSLATOR_ECLIPSE_CHARCOAL;XIRECS;9472.0;3;3;4
762400;;;TRANSLATOR_GRAPHITE_MIST;XIRECS;9782.0;3;3;4
762400;;;TRANSLATOR_SPACE_GRAY;XIRECS;10109.0;3;3;4
762400;;;TRANSLATOR_VOID_BLUE;XIRECS;11586.0;3;3;4
762400;;;UV_VISOR_AMBER;XIRECS;7447.0;3;3;4
762400;;;UV_VISOR_MAGENTA;XIRECS;11827.0;3;3;4
762400;;;UV_VISOR_ORANGE;XIRECS;10298.0;3;3;4
762400;;;UV_VISOR_RED;XIRECS;10359.0;3;3;4
762400;;;UV_VISOR_YELLOW;XIRECS;11327.0;3;3;4
763700;;SUBMISSION;PEBBLES_XL;XIRECS;13297.0;2;3;4
763700;;;PEBBLES_L;XIRECS;10462.0;3;3;4
763700;;;PEBBLES_M;XIRECS;10664.0;3;3;4
763700;;;PEBBLES_S;XIRECS;9498.0;3;3;4
763700;;;PEBBLES_XS;XIRECS;6110.0;3;3;4
764800;SUBMISSION;;TRANSLATOR_GRAPHITE_MIST;XIRECS;9824.0;5;3;4
764800;;SUBMISSION;PEBBLES_XL;XIRECS;13139.0;6;3;4
764900;;SUBMISSION;PEBBLES_XL;XIRECS;13092.0;3;3;4
764900;;;MICROCHIP_CIRCLE;XIRECS;8657.0;2;3;4
764900;;;MICROCHIP_OVAL;XIRECS;8038.0;2;3;4
764900;;;MICROCHIP_RECTANGLE;XIRECS;7990.0;2;3;4
764900;;;MICROCHIP_SQUARE;XIRECS;15754.0;2;3;4
764900;;;MICROCHIP_TRIANGLE;XIRECS;10689.0;2;3;4
765200;SUBMISSION;;PEBBLES_XL;XIRECS;13100.0;2;3;4
765200;;;PEBBLES_L;XIRECS;10593.0;4;3;4
765200;;;PEBBLES_M;XIRECS;10643.0;4;3;4
765200;;;PEBBLES_S;XIRECS;9480.0;4;3;4
765200;;;PEBBLES_XS;XIRECS;6153.0;4;3;4
768500;;SUBMISSION;PEBBLES_XL;XIRECS;13100.0;3;3;4
769000;;;GALAXY_SOUNDS_BLACK_HOLES;XIRECS;10812.0;1;3;4
769000;;;GALAXY_SOUNDS_DARK_MATTER;XIRECS;10614.0;1;3;4
769000;;;GALAXY_SOUNDS_PLANETARY_RINGS;XIRECS;12011.0;1;3;4
769000;;;GALAXY_SOUNDS_SOLAR_FLAMES;XIRECS;10999.0;1;3;4
769000;;;GALAXY_SOUNDS_SOLAR_WINDS;XIRECS;10801.0;1;3;4
769000;;;OXYGEN_SHAKE_CHOCOLATE;XIRECS;9469.0;1;3;4
769000;;;OXYGEN_SHAKE_EVENING_BREATH;XIRECS;9236.0;1;3;4
769000;;;OXYGEN_SHAKE_GARLIC;XIRECS;12175.0;1;3;4
769000;;;OXYGEN_SHAKE_MINT;XIRECS;10147.0;1;3;4
769000;;;OXYGEN_SHAKE_MORNING_BREATH;XIRECS;8953.0;1;3;4
769000;;;PANEL_1X2;XIRECS;8516.0;1;3;4
769000;;;PANEL_1X4;XIRECS;8529.0;1;3;4
769000;;;PANEL_2X2;XIRECS;10431.0;1;3;4
769000;;;PANEL_2X4;XIRECS;11316.0;1;3;4
769000;;;PANEL_4X4;XIRECS;9602.0;1;3;4
769000;;;ROBOT_DISHES;XIRECS;9947.0;1;3;4
769000;;;ROBOT_IRONING;XIRECS;8263.0;1;3;4
769000;;;ROBOT_LAUNDRY;XIRECS;10179.0;1;3;4
769000;;;ROBOT_MOPPING;XIRECS;11967.0;1;3;4
769000;;;ROBOT_VACUUMING;XIRECS;8912.0;1;3;4
769000;;;SLEEP_POD_COTTON;XIRECS;12071.0;1;3;4
769000;;;SLEEP_POD_LAMB_WOOL;XIRECS;10190.0;1;3;4
769000;;;SLEEP_POD_NYLON;XIRECS;9475.0;1;3;4
769000;;;SLEEP_POD_POLYESTER;XIRECS;12094.0;1;3;4
769000;;;SLEEP_POD_SUEDE;XIRECS;12380.0;1;3;4
769000;;;SNACKPACK_CHOCOLATE;XIRECS;9667.0;1;3;4
769000;;;SNACKPACK_PISTACHIO;XIRECS;9344.0;1;3;4
769000;;;SNACKPACK_RASPBERRY;XIRECS;10223.0;1;3;4
769000;;;SNACKPACK_STRAWBERRY;XIRECS;10728.0;1;3;4
769000;;;SNACKPACK_VANILLA;XIRECS;10330.0;1;3;4
769000;;;TRANSLATOR_ASTRO_BLACK;XIRECS;8718.0;1;3;4
769000;;;TRANSLATOR_ECLIPSE_CHARCOAL;XIRECS;9490.0;1;3;4
769000;;;TRANSLATOR_GRAPHITE_MIST;XIRECS;9823.0;1;3;4
769000;;;TRANSLATOR_SPACE_GRAY;XIRECS;10160.0;1;3;4
769000;;;TRANSLATOR_VOID_BLUE;XIRECS;11529.0;1;3;4
769000;;;UV_VISOR_AMBER;XIRECS;7450.0;1;3;4
769000;;;UV_VISOR_MAGENTA;XIRECS;11774.0;1;3;4
769000;;;UV_VISOR_ORANGE;XIRECS;10229.0;1;3;4
769000;;;UV_VISOR_RED;XIRECS;10295.0;1;3;4
769000;;;UV_VISOR_YELLOW;XIRECS;11337.0;1;3;4
772200;SUBMISSION;;PEBBLES_XL;XIRECS;13006.0;7;3;4
772200;SUBMISSION;;PEBBLES_XL;XIRECS;13014.0;5;3;4
776400;SUBMISSION;;SNACKPACK_STRAWBERRY;XIRECS;10678.0;5;3;4
776400;SUBMISSION;;SNACKPACK_PISTACHIO;XIRECS;9318.0;5;3;4
776400;SUBMISSION;;SNACKPACK_VANILLA;XIRECS;10383.0;5;3;4
776900;;SUBMISSION;SNACKPACK_STRAWBERRY;XIRECS;10709.0;4;3;4
776900;;SUBMISSION;SNACKPACK_PISTACHIO;XIRECS;9330.0;4;3;4
776900;;SUBMISSION;SNACKPACK_VANILLA;XIRECS;10367.0;4;3;4
777000;;SUBMISSION;PEBBLES_XL;XIRECS;13261.0;7;3;4
777000;;;PEBBLES_L;XIRECS;10766.0;5;3;4
777000;;;PEBBLES_M;XIRECS;10587.0;5;3;4
777000;;;PEBBLES_S;XIRECS;9373.0;5;3;4
777000;;;PEBBLES_XL;XIRECS;13261.0;5;3;4
777000;;;PEBBLES_XS;XIRECS;6011.0;5;3;4
778100;SUBMISSION;;SNACKPACK_STRAWBERRY;XIRECS;10715.0;1;3;4
778100;SUBMISSION;;SNACKPACK_PISTACHIO;XIRECS;9336.0;1;3;4
778100;SUBMISSION;;SNACKPACK_VANILLA;XIRECS;10354.0;1;3;4
778100;;;GALAXY_SOUNDS_BLACK_HOLES;XIRECS;10821.0;1;3;4
778100;;;GALAXY_SOUNDS_DARK_MATTER;XIRECS;10790.0;1;3;4
778100;;;GALAXY_SOUNDS_PLANETARY_RINGS;XIRECS;11964.0;1;3;4
778100;;;GALAXY_SOUNDS_SOLAR_FLAMES;XIRECS;11012.0;1;3;4
778100;;;GALAXY_SOUNDS_SOLAR_WINDS;XIRECS;10889.0;1;3;4
778100;;;OXYGEN_SHAKE_CHOCOLATE;XIRECS;9490.0;1;3;4
778100;;;OXYGEN_SHAKE_EVENING_BREATH;XIRECS;9214.0;1;3;4
778100;;;OXYGEN_SHAKE_GARLIC;XIRECS;12073.0;1;3;4
778100;;;OXYGEN_SHAKE_MINT;XIRECS;10270.0;1;3;4
778100;;;OXYGEN_SHAKE_MORNING_BREATH;XIRECS;8898.0;1;3;4
778100;;;PANEL_1X2;XIRECS;8462.0;1;3;4
778100;;;PANEL_1X4;XIRECS;8559.0;1;3;4
778100;;;PANEL_2X2;XIRECS;10302.0;1;3;4
778100;;;PANEL_2X4;XIRECS;11330.0;1;3;4
778100;;;PANEL_4X4;XIRECS;9665.0;1;3;4
778100;;;ROBOT_DISHES;XIRECS;9929.0;1;3;4
778100;;;ROBOT_IRONING;XIRECS;8247.0;1;3;4
778100;;;ROBOT_LAUNDRY;XIRECS;10182.0;1;3;4
778100;;;ROBOT_MOPPING;XIRECS;12068.0;1;3;4
778100;;;ROBOT_VACUUMING;XIRECS;8949.0;1;3;4
778100;;;SLEEP_POD_COTTON;XIRECS;12261.0;1;3;4
778100;;;SLEEP_POD_LAMB_WOOL;XIRECS;10270.0;1;3;4
778100;;;SLEEP_POD_NYLON;XIRECS;9407.0;1;3;4
778100;;;SLEEP_POD_POLYESTER;XIRECS;12200.0;1;3;4
778100;;;SLEEP_POD_SUEDE;XIRECS;12308.0;1;3;4
778100;;;SNACKPACK_CHOCOLATE;XIRECS;9600.0;1;3;4
778100;;;SNACKPACK_RASPBERRY;XIRECS;10214.0;1;3;4
778100;;;TRANSLATOR_ASTRO_BLACK;XIRECS;8742.0;1;3;4
778100;;;TRANSLATOR_ECLIPSE_CHARCOAL;XIRECS;9526.0;1;3;4
778100;;;TRANSLATOR_GRAPHITE_MIST;XIRECS;9886.0;1;3;4
778100;;;TRANSLATOR_SPACE_GRAY;XIRECS;10202.0;1;3;4
778100;;;TRANSLATOR_VOID_BLUE;XIRECS;11500.0;1;3;4
778100;;;UV_VISOR_AMBER;XIRECS;7429.0;1;3;4
778100;;;UV_VISOR_MAGENTA;XIRECS;11545.0;1;3;4
778100;;;UV_VISOR_ORANGE;XIRECS;10328.0;1;3;4
778100;;;UV_VISOR_RED;XIRECS;10244.0;1;3;4
778100;;;UV_VISOR_YELLOW;XIRECS;11357.0;1;3;4
779300;SUBMISSION;;SNACKPACK_STRAWBERRY;XIRECS;10727.0;1;3;4
779300;SUBMISSION;;SNACKPACK_PISTACHIO;XIRECS;9333.0;1;3;4
779300;SUBMISSION;;SNACKPACK_VANILLA;XIRECS;10312.0;1;3;4
779300;;;GALAXY_SOUNDS_BLACK_HOLES;XIRECS;10825.0;1;3;4
779300;;;GALAXY_SOUNDS_DARK_MATTER;XIRECS;10764.0;1;3;4
779300;;;GALAXY_SOUNDS_PLANETARY_RINGS;XIRECS;11887.0;1;3;4
779300;;;GALAXY_SOUNDS_SOLAR_FLAMES;XIRECS;11053.0;1;3;4
779300;;;GALAXY_SOUNDS_SOLAR_WINDS;XIRECS;10917.0;1;3;4
779300;;;OXYGEN_SHAKE_CHOCOLATE;XIRECS;9504.0;1;3;4
779300;;;OXYGEN_SHAKE_EVENING_BREATH;XIRECS;9174.0;1;3;4
779300;;;OXYGEN_SHAKE_GARLIC;XIRECS;12076.0;1;3;4
779300;;;OXYGEN_SHAKE_MINT;XIRECS;10260.0;1;3;4
779300;;;OXYGEN_SHAKE_MORNING_BREATH;XIRECS;8929.0;1;3;4
779300;;;PANEL_1X2;XIRECS;8446.0;1;3;4
779300;;;PANEL_1X4;XIRECS;8579.0;1;3;4
779300;;;PANEL_2X2;XIRECS;10275.0;1;3;4
779300;;;PANEL_2X4;XIRECS;11323.0;1;3;4
779300;;;PANEL_4X4;XIRECS;9660.0;1;3;4
779300;;;ROBOT_DISHES;XIRECS;9924.0;1;3;4
779300;;;ROBOT_IRONING;XIRECS;8297.0;1;3;4
779300;;;ROBOT_LAUNDRY;XIRECS;10141.0;1;3;4
779300;;;ROBOT_MOPPING;XIRECS;12140.0;1;3;4
779300;;;ROBOT_VACUUMING;XIRECS;8951.0;1;3;4
779300;;;SLEEP_POD_COTTON;XIRECS;12314.0;1;3;4
779300;;;SLEEP_POD_LAMB_WOOL;XIRECS;10319.0;1;3;4
779300;;;SLEEP_POD_NYLON;XIRECS;9447.0;1;3;4
779300;;;SLEEP_POD_POLYESTER;XIRECS;12261.0;1;3;4
779300;;;SLEEP_POD_SUEDE;XIRECS;12232.0;1;3;4
779300;;;SNACKPACK_CHOCOLATE;XIRECS;9630.0;1;3;4
779300;;;SNACKPACK_RASPBERRY;XIRECS;10210.0;1;3;4
779300;;;TRANSLATOR_ASTRO_BLACK;XIRECS;8764.0;1;3;4
779300;;;TRANSLATOR_ECLIPSE_CHARCOAL;XIRECS;9527.0;1;3;4
779300;;;TRANSLATOR_GRAPHITE_MIST;XIRECS;9913.0;1;3;4
779300;;;TRANSLATOR_SPACE_GRAY;XIRECS;10154.0;1;3;4
779300;;;TRANSLATOR_VOID_BLUE;XIRECS;11522.0;1;3;4
779300;;;UV_VISOR_AMBER;XIRECS;7419.0;1;3;4
779300;;;UV_VISOR_MAGENTA;XIRECS;11620.0;1;3;4
779300;;;UV_VISOR_ORANGE;XIRECS;10341.0;1;3;4
779300;;;UV_VISOR_RED;XIRECS;10303.0;1;3;4
779300;;;UV_VISOR_YELLOW;XIRECS;11353.0;1;3;4
779500;SUBMISSION;;PEBBLES_XL;XIRECS;13122.0;3;3;4
779500;SUBMISSION;;PEBBLES_XL;XIRECS;13131.0;4;3;4
780700;;SUBMISSION;PEBBLES_XL;XIRECS;13173.0;2;3;4
780700;;;PEBBLES_L;XIRECS;10800.0;3;3;4
780700;;;PEBBLES_M;XIRECS;10696.0;3;3;4
780700;;;PEBBLES_S;XIRECS;9435.0;3;3;4
780700;;;PEBBLES_XS;XIRECS;5928.0;3;3;4
780900;;;MICROCHIP_CIRCLE;XIRECS;8680.0;2;3;4
780900;;;MICROCHIP_OVAL;XIRECS;7963.0;2;3;4
780900;;;MICROCHIP_RECTANGLE;XIRECS;8003.0;2;3;4
780900;;;MICROCHIP_SQUARE;XIRECS;15509.0;2;3;4
780900;;;MICROCHIP_TRIANGLE;XIRECS;10496.0;2;3;4
783400;;;MICROCHIP_CIRCLE;XIRECS;8690.0;1;3;4
783400;;;MICROCHIP_OVAL;XIRECS;7952.0;1;3;4
783400;;;MICROCHIP_RECTANGLE;XIRECS;8004.0;1;3;4
783400;;;MICROCHIP_SQUARE;XIRECS;15541.0;1;3;4
783400;;;MICROCHIP_TRIANGLE;XIRECS;10455.0;1;3;4
783800;SUBMISSION;;SNACKPACK_STRAWBERRY;XIRECS;10791.0;5;3;4
783800;SUBMISSION;;SNACKPACK_PISTACHIO;XIRECS;9377.0;5;3;4
783800;SUBMISSION;;SNACKPACK_VANILLA;XIRECS;10250.0;5;3;4
783800;;;GALAXY_SOUNDS_BLACK_HOLES;XIRECS;10856.0;1;3;4
783800;;;GALAXY_SOUNDS_DARK_MATTER;XIRECS;10784.0;1;3;4
783800;;;GALAXY_SOUNDS_PLANETARY_RINGS;XIRECS;11886.0;1;3;4
783800;;;GALAXY_SOUNDS_SOLAR_FLAMES;XIRECS;11140.0;1;3;4
783800;;;GALAXY_SOUNDS_SOLAR_WINDS;XIRECS;10940.0;1;3;4
783800;;;OXYGEN_SHAKE_CHOCOLATE;XIRECS;9386.0;1;3;4
783800;;;OXYGEN_SHAKE_EVENING_BREATH;XIRECS;9204.0;1;3;4
783800;;;OXYGEN_SHAKE_GARLIC;XIRECS;12064.0;1;3;4
783800;;;OXYGEN_SHAKE_MINT;XIRECS;10136.0;1;3;4
783800;;;OXYGEN_SHAKE_MORNING_BREATH;XIRECS;8825.0;1;3;4
783800;;;PANEL_1X2;XIRECS;8460.0;1;3;4
783800;;;PANEL_1X4;XIRECS;8537.0;1;3;4
783800;;;PANEL_2X2;XIRECS;10241.0;1;3;4
783800;;;PANEL_2X4;XIRECS;11395.0;1;3;4
783800;;;PANEL_4X4;XIRECS;9720.0;1;3;4
783800;;;ROBOT_DISHES;XIRECS;10041.0;1;3;4
783800;;;ROBOT_IRONING;XIRECS;8407.0;1;3;4
783800;;;ROBOT_LAUNDRY;XIRECS;10182.0;1;3;4
783800;;;ROBOT_MOPPING;XIRECS;12078.0;1;3;4
783800;;;ROBOT_VACUUMING;XIRECS;8991.0;1;3;4
783800;;;SLEEP_POD_COTTON;XIRECS;12306.0;1;3;4
783800;;;SLEEP_POD_LAMB_WOOL;XIRECS;10252.0;1;3;4
783800;;;SLEEP_POD_NYLON;XIRECS;9366.0;1;3;4
783800;;;SLEEP_POD_POLYESTER;XIRECS;12249.0;1;3;4
783800;;;SLEEP_POD_SUEDE;XIRECS;12104.0;1;3;4
783800;;;SNACKPACK_CHOCOLATE;XIRECS;9680.0;1;3;4
783800;;;SNACKPACK_PISTACHIO;XIRECS;9370.0;1;3;4
783800;;;SNACKPACK_RASPBERRY;XIRECS;10145.0;1;3;4
783800;;;SNACKPACK_STRAWBERRY;XIRECS;10783.0;1;3;4
783800;;;SNACKPACK_VANILLA;XIRECS;10242.0;1;3;4
783800;;;TRANSLATOR_ASTRO_BLACK;XIRECS;8793.0;1;3;4
783800;;;TRANSLATOR_ECLIPSE_CHARCOAL;XIRECS;9540.0;1;3;4
783800;;;TRANSLATOR_GRAPHITE_MIST;XIRECS;9958.0;1;3;4
783800;;;TRANSLATOR_SPACE_GRAY;XIRECS;10089.0;1;3;4
783800;;;TRANSLATOR_VOID_BLUE;XIRECS;11474.0;1;3;4
783800;;;UV_VISOR_AMBER;XIRECS;7383.0;1;3;4
783800;;;UV_VISOR_MAGENTA;XIRECS;11563.0;1;3;4
783800;;;UV_VISOR_ORANGE;XIRECS;10382.0;1;3;4
783800;;;UV_VISOR_RED;XIRECS;10317.0;1;3;4
783800;;;UV_VISOR_YELLOW;XIRECS;11226.0;1;3;4
785000;;SUBMISSION;SNACKPACK_STRAWBERRY;XIRECS;10782.0;3;3;4
785000;;SUBMISSION;SNACKPACK_PISTACHIO;XIRECS;9369.0;3;3;4
785000;;SUBMISSION;SNACKPACK_VANILLA;XIRECS;10255.0;3;3;4
786400;;;PEBBLES_L;XIRECS;10780.0;5;3;4
786400;;;PEBBLES_M;XIRECS;10688.0;5;3;4
786400;;;PEBBLES_S;XIRECS;9417.0;5;3;4
786400;;;PEBBLES_XL;XIRECS;13120.0;5;3;4
786400;;;PEBBLES_XS;XIRECS;5962.0;5;3;4
787100;;SUBMISSION;PEBBLES_XL;XIRECS;13037.0;4;3;4
787200;;SUBMISSION;PEBBLES_XL;XIRECS;12995.0;6;3;4
787400;;;MICROCHIP_CIRCLE;XIRECS;8672.0;3;3;4
787400;;;MICROCHIP_OVAL;XIRECS;8064.0;3;3;4
787400;;;MICROCHIP_RECTANGLE;XIRECS;7879.0;3;3;4
787400;;;MICROCHIP_SQUARE;XIRECS;15877.0;3;3;4
787400;;;MICROCHIP_TRIANGLE;XIRECS;10526.0;3;3;4
787500;;SUBMISSION;SNACKPACK_STRAWBERRY;XIRECS;10811.0;1;3;4
787500;;SUBMISSION;SNACKPACK_PISTACHIO;XIRECS;9371.0;1;3;4
787500;;SUBMISSION;SNACKPACK_VANILLA;XIRECS;10269.0;1;3;4
787500;;;GALAXY_SOUNDS_BLACK_HOLES;XIRECS;10711.0;4;3;4
787500;;;GALAXY_SOUNDS_DARK_MATTER;XIRECS;10785.0;4;3;4
787500;;;GALAXY_SOUNDS_PLANETARY_RINGS;XIRECS;11949.0;4;3;4
787500;;;GALAXY_SOUNDS_SOLAR_FLAMES;XIRECS;11161.0;4;3;4
787500;;;GALAXY_SOUNDS_SOLAR_WINDS;XIRECS;10927.0;4;3;4
787500;;;OXYGEN_SHAKE_CHOCOLATE;XIRECS;9404.0;4;3;4
787500;;;OXYGEN_SHAKE_EVENING_BREATH;XIRECS;9126.0;4;3;4
787500;;;OXYGEN_SHAKE_GARLIC;XIRECS;12263.0;4;3;4
787500;;;OXYGEN_SHAKE_MINT;XIRECS;10151.0;4;3;4
787500;;;OXYGEN_SHAKE_MORNING_BREATH;XIRECS;8835.0;4;3;4
787500;;;PANEL_1X2;XIRECS;8486.0;4;3;4
787500;;;PANEL_1X4;XIRECS;8569.0;4;3;4
787500;;;PANEL_2X2;XIRECS;10148.0;4;3;4
787500;;;PANEL_2X4;XIRECS;11323.0;4;3;4
787500;;;PANEL_4X4;XIRECS;9759.0;4;3;4
787500;;;ROBOT_DISHES;XIRECS;10094.0;4;3;4
787500;;;ROBOT_IRONING;XIRECS;8363.0;4;3;4
787500;;;ROBOT_LAUNDRY;XIRECS;10136.0;4;3;4
787500;;;ROBOT_MOPPING;XIRECS;12004.0;4;3;4
787500;;;ROBOT_VACUUMING;XIRECS;8939.0;4;3;4
787500;;;SLEEP_POD_COTTON;XIRECS;12267.0;4;3;4
787500;;;SLEEP_POD_LAMB_WOOL;XIRECS;10308.0;4;3;4
787500;;;SLEEP_POD_NYLON;XIRECS;9455.0;4;3;4
787500;;;SLEEP_POD_POLYESTER;XIRECS;12209.0;4;3;4
787500;;;SLEEP_POD_SUEDE;XIRECS;12140.0;4;3;4
787500;;;SNACKPACK_CHOCOLATE;XIRECS;9683.0;4;3;4
787500;;;SNACKPACK_RASPBERRY;XIRECS;10149.0;4;3;4
787500;;;TRANSLATOR_ASTRO_BLACK;XIRECS;8712.0;4;3;4
787500;;;TRANSLATOR_ECLIPSE_CHARCOAL;XIRECS;9574.0;4;3;4
787500;;;TRANSLATOR_GRAPHITE_MIST;XIRECS;10071.0;4;3;4
787500;;;TRANSLATOR_SPACE_GRAY;XIRECS;10022.0;4;3;4
787500;;;TRANSLATOR_VOID_BLUE;XIRECS;11422.0;4;3;4
787500;;;UV_VISOR_AMBER;XIRECS;7330.0;4;3;4
787500;;;UV_VISOR_MAGENTA;XIRECS;11508.0;4;3;4
787500;;;UV_VISOR_ORANGE;XIRECS;10499.0;4;3;4
787500;;;UV_VISOR_RED;XIRECS;10278.0;4;3;4
787500;;;UV_VISOR_YELLOW;XIRECS;11198.0;4;3;4
787700;;SUBMISSION;PEBBLES_XL;XIRECS;12984.0;2;3;4
787700;;;PEBBLES_L;XIRECS;10754.0;4;3;4
787700;;;PEBBLES_M;XIRECS;10763.0;4;3;4
787700;;;PEBBLES_S;XIRECS;9534.0;4;3;4
787700;;;PEBBLES_XS;XIRECS;5998.0;4;3;4
788000;;SUBMISSION;PEBBLES_XL;XIRECS;12920.0;5;3;4
789500;SUBMISSION;;SNACKPACK_STRAWBERRY;XIRECS;10769.0;2;3;4
789500;SUBMISSION;;SNACKPACK_PISTACHIO;XIRECS;9341.0;2;3;4
789500;SUBMISSION;;SNACKPACK_VANILLA;XIRECS;10249.0;2;3;4
790300;;;GALAXY_SOUNDS_BLACK_HOLES;XIRECS;10639.0;4;3;4
790300;;;GALAXY_SOUNDS_DARK_MATTER;XIRECS;10744.0;4;3;4
790300;;;GALAXY_SOUNDS_PLANETARY_RINGS;XIRECS;11918.0;4;3;4
790300;;;GALAXY_SOUNDS_SOLAR_FLAMES;XIRECS;11228.0;4;3;4
790300;;;GALAXY_SOUNDS_SOLAR_WINDS;XIRECS;10832.0;4;3;4
790300;;;OXYGEN_SHAKE_CHOCOLATE;XIRECS;9425.0;4;3;4
790300;;;OXYGEN_SHAKE_EVENING_BREATH;XIRECS;9024.0;4;3;4
790300;;;OXYGEN_SHAKE_GARLIC;XIRECS;12260.0;4;3;4
790300;;;OXYGEN_SHAKE_MINT;XIRECS;10137.0;4;3;4
790300;;;OXYGEN_SHAKE_MORNING_BREATH;XIRECS;8710.0;4;3;4
790300;;;PANEL_1X2;XIRECS;8412.0;4;3;4
790300;;;PANEL_1X4;XIRECS;8562.0;4;3;4
790300;;;PANEL_2X2;XIRECS;10120.0;4;3;4
790300;;;PANEL_2X4;XIRECS;11359.0;4;3;4
790300;;;PANEL_4X4;XIRECS;9781.0;4;3;4
790300;;;ROBOT_DISHES;XIRECS;10159.0;4;3;4
790300;;;ROBOT_IRONING;XIRECS;8287.0;4;3;4
790300;;;ROBOT_LAUNDRY;XIRECS;10007.0;4;3;4
790300;;;ROBOT_MOPPING;XIRECS;12069.0;4;3;4
790300;;;ROBOT_VACUUMING;XIRECS;8914.0;4;3;4
790300;;;SLEEP_POD_COTTON;XIRECS;12207.0;4;3;4
790300;;;SLEEP_POD_LAMB_WOOL;XIRECS;10358.0;4;3;4
790300;;;SLEEP_POD_NYLON;XIRECS;9449.0;4;3;4
790300;;;SLEEP_POD_POLYESTER;XIRECS;12288.0;4;3;4
790300;;;SLEEP_POD_SUEDE;XIRECS;12173.0;4;3;4
790300;;;SNACKPACK_CHOCOLATE;XIRECS;9669.0;4;3;4
790300;;;SNACKPACK_PISTACHIO;XIRECS;9317.0;4;3;4
790300;;;SNACKPACK_RASPBERRY;XIRECS;10167.0;4;3;4
790300;;;SNACKPACK_STRAWBERRY;XIRECS;10758.0;4;3;4
790300;;;SNACKPACK_VANILLA;XIRECS;10221.0;4;3;4
790300;;;TRANSLATOR_ASTRO_BLACK;XIRECS;8641.0;4;3;4
790300;;;TRANSLATOR_ECLIPSE_CHARCOAL;XIRECS;9628.0;4;3;4
790300;;;TRANSLATOR_GRAPHITE_MIST;XIRECS;10068.0;4;3;4
790300;;;TRANSLATOR_SPACE_GRAY;XIRECS;9968.0;4;3;4
790300;;;TRANSLATOR_VOID_BLUE;XIRECS;11340.0;4;3;4
790300;;;UV_VISOR_AMBER;XIRECS;7321.0;4;3;4
790300;;;UV_VISOR_MAGENTA;XIRECS;11657.0;4;3;4
790300;;;UV_VISOR_ORANGE;XIRECS;10360.0;4;3;4
790300;;;UV_VISOR_RED;XIRECS;10262.0;4;3;4
790300;;;UV_VISOR_YELLOW;XIRECS;11201.0;4;3;4
790700;SUBMISSION;;PEBBLES_XL;XIRECS;12950.0;6;3;4
790700;SUBMISSION;;PEBBLES_XL;XIRECS;12959.0;13;3;4
791200;;;MICROCHIP_CIRCLE;XIRECS;8720.0;1;3;4
791200;;;MICROCHIP_OVAL;XIRECS;8024.0;1;3;4
791200;;;MICROCHIP_RECTANGLE;XIRECS;7959.0;1;3;4
791200;;;MICROCHIP_SQUARE;XIRECS;16105.0;1;3;4
791200;;;MICROCHIP_TRIANGLE;XIRECS;10659.0;1;3;4
791400;SUBMISSION;;SNACKPACK_STRAWBERRY;XIRECS;10781.0;2;3;4
791400;SUBMISSION;;SNACKPACK_PISTACHIO;XIRECS;9332.0;2;3;4
791400;SUBMISSION;;SNACKPACK_VANILLA;XIRECS;10175.0;2;3;4
791600;;;GALAXY_SOUNDS_BLACK_HOLES;XIRECS;10656.0;1;3;4
791600;;;GALAXY_SOUNDS_DARK_MATTER;XIRECS;10746.0;1;3;4
791600;;;GALAXY_SOUNDS_PLANETARY_RINGS;XIRECS;11986.0;1;3;4
791600;;;GALAXY_SOUNDS_SOLAR_FLAMES;XIRECS;11170.0;1;3;4
791600;;;GALAXY_SOUNDS_SOLAR_WINDS;XIRECS;10837.0;1;3;4
791600;;;OXYGEN_SHAKE_CHOCOLATE;XIRECS;9423.0;1;3;4
791600;;;OXYGEN_SHAKE_EVENING_BREATH;XIRECS;9014.0;1;3;4
791600;;;OXYGEN_SHAKE_GARLIC;XIRECS;12224.0;1;3;4
791600;;;OXYGEN_SHAKE_MINT;XIRECS;10113.0;1;3;4
791600;;;OXYGEN_SHAKE_MORNING_BREATH;XIRECS;8667.0;1;3;4
791600;;;PANEL_1X2;XIRECS;8378.0;1;3;4
791600;;;PANEL_1X4;XIRECS;8610.0;1;3;4
791600;;;PANEL_2X2;XIRECS;10041.0;1;3;4
791600;;;PANEL_2X4;XIRECS;11373.0;1;3;4
791600;;;PANEL_4X4;XIRECS;9727.0;1;3;4
791600;;;ROBOT_DISHES;XIRECS;10159.0;1;3;4
791600;;;ROBOT_IRONING;XIRECS;8317.0;1;3;4
791600;;;ROBOT_LAUNDRY;XIRECS;10046.0;1;3;4
791600;;;ROBOT_MOPPING;XIRECS;12047.0;1;3;4
791600;;;ROBOT_VACUUMING;XIRECS;8918.0;1;3;4
791600;;;SLEEP_POD_COTTON;XIRECS;12110.0;1;3;4
791600;;;SLEEP_POD_LAMB_WOOL;XIRECS;10387.0;1;3;4
791600;;;SLEEP_POD_NYLON;XIRECS;9499.0;1;3;4
791600;;;SLEEP_POD_POLYESTER;XIRECS;12228.0;1;3;4
791600;;;SLEEP_POD_SUEDE;XIRECS;12196.0;1;3;4
791600;;;SNACKPACK_CHOCOLATE;XIRECS;9712.0;1;3;4
791600;;;SNACKPACK_PISTACHIO;XIRECS;9315.0;1;3;4
791600;;;SNACKPACK_RASPBERRY;XIRECS;10167.0;1;3;4
791600;;;SNACKPACK_STRAWBERRY;XIRECS;10754.0;1;3;4
791600;;;SNACKPACK_VANILLA;XIRECS;10164.0;1;3;4
791600;;;TRANSLATOR_ASTRO_BLACK;XIRECS;8634.0;1;3;4
791600;;;TRANSLATOR_ECLIPSE_CHARCOAL;XIRECS;9597.0;1;3;4
791600;;;TRANSLATOR_GRAPHITE_MIST;XIRECS;10147.0;1;3;4
791600;;;TRANSLATOR_SPACE_GRAY;XIRECS;9960.0;1;3;4
791600;;;TRANSLATOR_VOID_BLUE;XIRECS;11372.0;1;3;4
791600;;;UV_VISOR_AMBER;XIRECS;7379.0;1;3;4
791600;;;UV_VISOR_MAGENTA;XIRECS;11624.0;1;3;4
791600;;;UV_VISOR_ORANGE;XIRECS;10344.0;1;3;4
791600;;;UV_VISOR_RED;XIRECS;10238.0;1;3;4
791600;;;UV_VISOR_YELLOW;XIRECS;11180.0;1;3;4
791800;;SUBMISSION;SNACKPACK_STRAWBERRY;XIRECS;10743.0;5;3;4
791800;;SUBMISSION;SNACKPACK_PISTACHIO;XIRECS;9309.0;5;3;4
791800;;SUBMISSION;SNACKPACK_VANILLA;XIRECS;10158.0;5;3;4
792600;;;MICROCHIP_CIRCLE;XIRECS;8702.0;1;3;4
792600;;;MICROCHIP_OVAL;XIRECS;8044.0;1;3;4
792600;;;MICROCHIP_RECTANGLE;XIRECS;7976.0;1;3;4
792600;;;MICROCHIP_SQUARE;XIRECS;16045.0;1;3;4
792600;;;MICROCHIP_TRIANGLE;XIRECS;10595.0;1;3;4
793200;SUBMISSION;;SNACKPACK_STRAWBERRY;XIRECS;10732.0;5;3;4
793200;SUBMISSION;;SNACKPACK_PISTACHIO;XIRECS;9314.0;5;3;4
793200;SUBMISSION;;SNACKPACK_VANILLA;XIRECS;10173.0;5;3;4
793300;;;GALAXY_SOUNDS_BLACK_HOLES;XIRECS;10702.0;2;3;4
793300;;;GALAXY_SOUNDS_DARK_MATTER;XIRECS;10750.0;2;3;4
793300;;;GALAXY_SOUNDS_PLANETARY_RINGS;XIRECS;12031.0;2;3;4
793300;;;GALAXY_SOUNDS_SOLAR_FLAMES;XIRECS;11186.0;2;3;4
793300;;;GALAXY_SOUNDS_SOLAR_WINDS;XIRECS;10842.0;2;3;4
793300;;;OXYGEN_SHAKE_CHOCOLATE;XIRECS;9386.0;2;3;4
793300;;;OXYGEN_SHAKE_EVENING_BREATH;XIRECS;8984.0;2;3;4
793300;;;OXYGEN_SHAKE_GARLIC;XIRECS;12235.0;2;3;4
793300;;;OXYGEN_SHAKE_MINT;XIRECS;10173.0;2;3;4
793300;;;OXYGEN_SHAKE_MORNING_BREATH;XIRECS;8680.0;2;3;4
793300;;;PANEL_1X2;XIRECS;8398.0;2;3;4
793300;;;PANEL_1X4;XIRECS;8563.0;2;3;4
793300;;;PANEL_2X2;XIRECS;10065.0;2;3;4
793300;;;PANEL_2X4;XIRECS;11337.0;2;3;4
793300;;;PANEL_4X4;XIRECS;9743.0;2;3;4
793300;;;ROBOT_DISHES;XIRECS;10148.0;2;3;4
793300;;;ROBOT_IRONING;XIRECS;8347.0;2;3;4
793300;;;ROBOT_LAUNDRY;XIRECS;10052.0;2;3;4
793300;;;ROBOT_MOPPING;XIRECS;12026.0;2;3;4
793300;;;ROBOT_VACUUMING;XIRECS;8869.0;2;3;4
793300;;;SLEEP_POD_COTTON;XIRECS;12099.0;2;3;4
793300;;;SLEEP_POD_LAMB_WOOL;XIRECS;10409.0;2;3;4
793300;;;SLEEP_POD_NYLON;XIRECS;9497.0;2;3;4
793300;;;SLEEP_POD_POLYESTER;XIRECS;12145.0;2;3;4
793300;;;SLEEP_POD_SUEDE;XIRECS;12163.0;2;3;4
793300;;;SNACKPACK_CHOCOLATE;XIRECS;9707.0;2;3;4
793300;;;SNACKPACK_PISTACHIO;XIRECS;9301.0;2;3;4
793300;;;SNACKPACK_RASPBERRY;XIRECS;10206.0;2;3;4
793300;;;SNACKPACK_STRAWBERRY;XIRECS;10713.0;2;3;4
793300;;;SNACKPACK_VANILLA;XIRECS;10172.0;2;3;4
793300;;;TRANSLATOR_ASTRO_BLACK;XIRECS;8642.0;2;3;4
793300;;;TRANSLATOR_ECLIPSE_CHARCOAL;XIRECS;9549.0;2;3;4
793300;;;TRANSLATOR_GRAPHITE_MIST;XIRECS;10181.0;2;3;4
793300;;;TRANSLATOR_SPACE_GRAY;XIRECS;9989.0;2;3;4
793300;;;TRANSLATOR_VOID_BLUE;XIRECS;11366.0;2;3;4
793300;;;UV_VISOR_AMBER;XIRECS;7423.0;2;3;4
793300;;;UV_VISOR_MAGENTA;XIRECS;11512.0;2;3;4
793300;;;UV_VISOR_ORANGE;XIRECS;10325.0;2;3;4
793300;;;UV_VISOR_RED;XIRECS;10265.0;2;3;4
793300;;;UV_VISOR_YELLOW;XIRECS;11218.0;2;3;4
794800;;SUBMISSION;PEBBLES_XL;XIRECS;13213.0;2;3;4
794800;;;PEBBLES_L;XIRECS;10626.0;2;3;4
794800;;;PEBBLES_M;XIRECS;10770.0;2;3;4
794800;;;PEBBLES_S;XIRECS;9494.0;2;3;4
794800;;;PEBBLES_XS;XIRECS;5928.0;2;3;4
794900;;SUBMISSION;SNACKPACK_STRAWBERRY;XIRECS;10741.0;2;3;4
794900;;SUBMISSION;SNACKPACK_PISTACHIO;XIRECS;9327.0;2;3;4
794900;;SUBMISSION;SNACKPACK_VANILLA;XIRECS;10196.0;2;3;4
794900;;;GALAXY_SOUNDS_BLACK_HOLES;XIRECS;10735.0;3;3;4
794900;;;GALAXY_SOUNDS_DARK_MATTER;XIRECS;10794.0;3;3;4
794900;;;GALAXY_SOUNDS_PLANETARY_RINGS;XIRECS;11993.0;3;3;4
794900;;;GALAXY_SOUNDS_SOLAR_FLAMES;XIRECS;11139.0;3;3;4
794900;;;GALAXY_SOUNDS_SOLAR_WINDS;XIRECS;10887.0;3;3;4
794900;;;OXYGEN_SHAKE_CHOCOLATE;XIRECS;9425.0;3;3;4
794900;;;OXYGEN_SHAKE_EVENING_BREATH;XIRECS;8956.0;3;3;4
794900;;;OXYGEN_SHAKE_GARLIC;XIRECS;12217.0;3;3;4
794900;;;OXYGEN_SHAKE_MINT;XIRECS;10229.0;3;3;4
794900;;;OXYGEN_SHAKE_MORNING_BREATH;XIRECS;8675.0;3;3;4
794900;;;PANEL_1X2;XIRECS;8409.0;3;3;4
794900;;;PANEL_1X4;XIRECS;8520.0;3;3;4
794900;;;PANEL_2X2;XIRECS;10093.0;3;3;4
794900;;;PANEL_2X4;XIRECS;11347.0;3;3;4
794900;;;PANEL_4X4;XIRECS;9784.0;3;3;4
794900;;;ROBOT_DISHES;XIRECS;10125.0;3;3;4
794900;;;ROBOT_IRONING;XIRECS;8363.0;3;3;4
794900;;;ROBOT_LAUNDRY;XIRECS;10073.0;3;3;4
794900;;;ROBOT_MOPPING;XIRECS;12041.0;3;3;4
794900;;;ROBOT_VACUUMING;XIRECS;8900.0;3;3;4
794900;;;SLEEP_POD_COTTON;XIRECS;12076.0;3;3;4
794900;;;SLEEP_POD_LAMB_WOOL;XIRECS;10494.0;3;3;4
794900;;;SLEEP_POD_NYLON;XIRECS;9481.0;3;3;4
794900;;;SLEEP_POD_POLYESTER;XIRECS;12168.0;3;3;4
794900;;;SLEEP_POD_SUEDE;XIRECS;12164.0;3;3;4
794900;;;SNACKPACK_CHOCOLATE;XIRECS;9720.0;3;3;4
794900;;;SNACKPACK_RASPBERRY;XIRECS;10224.0;3;3;4
794900;;;TRANSLATOR_ASTRO_BLACK;XIRECS;8614.0;3;3;4
794900;;;TRANSLATOR_ECLIPSE_CHARCOAL;XIRECS;9572.0;3;3;4
794900;;;TRANSLATOR_GRAPHITE_MIST;XIRECS;10179.0;3;3;4
794900;;;TRANSLATOR_SPACE_GRAY;XIRECS;10027.0;3;3;4
794900;;;TRANSLATOR_VOID_BLUE;XIRECS;11326.0;3;3;4
794900;;;UV_VISOR_AMBER;XIRECS;7418.0;3;3;4
794900;;;UV_VISOR_MAGENTA;XIRECS;11475.0;3;3;4
794900;;;UV_VISOR_ORANGE;XIRECS;10303.0;3;3;4
794900;;;UV_VISOR_RED;XIRECS;10303.0;3;3;4
794900;;;UV_VISOR_YELLOW;XIRECS;11221.0;3;3;4
795000;SUBMISSION;;SNACKPACK_STRAWBERRY;XIRECS;10741.0;2;3;4
795000;SUBMISSION;;SNACKPACK_PISTACHIO;XIRECS;9327.0;2;3;4
795000;SUBMISSION;;SNACKPACK_VANILLA;XIRECS;10186.0;2;3;4
796300;;;PEBBLES_L;XIRECS;10450.0;2;3;4
796300;;;PEBBLES_M;XIRECS;10800.0;2;3;4
796300;;;PEBBLES_S;XIRECS;9523.0;2;3;4
796300;;;PEBBLES_XL;XIRECS;13336.0;2;3;4
796300;;;PEBBLES_XS;XIRECS;5859.0;2;3;4
797600;;SUBMISSION;SNACKPACK_STRAWBERRY;XIRECS;10731.0;2;3;4
797600;;SUBMISSION;SNACKPACK_PISTACHIO;XIRECS;9319.0;2;3;4
797600;;SUBMISSION;SNACKPACK_VANILLA;XIRECS;10175.0;2;3;4
798200;;SUBMISSION;PEBBLES_XL;XIRECS;13382.0;5;3;4
799100;;SUBMISSION;PEBBLES_XL;XIRECS;13314.0;8;3;4
800000;SUBMISSION;;PEBBLES_XL;XIRECS;13462.0;3;3;4
800000;SUBMISSION;;PEBBLES_XL;XIRECS;13471.0;12;3;4
800600;;;MICROCHIP_CIRCLE;XIRECS;8637.0;2;3;4
800600;;;MICROCHIP_OVAL;XIRECS;8039.0;2;3;4
800600;;;MICROCHIP_RECTANGLE;XIRECS;8070.0;2;3;4
800600;;;MICROCHIP_SQUARE;XIRECS;16264.0;2;3;4
800600;;;MICROCHIP_TRIANGLE;XIRECS;10536.0;2;3;4
801500;;SUBMISSION;SLEEP_POD_COTTON;XIRECS;11905.0;5;3;4
801700;;SUBMISSION;SNACKPACK_STRAWBERRY;XIRECS;10697.0;2;3;4
801700;;SUBMISSION;SNACKPACK_PISTACHIO;XIRECS;9284.0;2;3;4
801700;;SUBMISSION;SNACKPACK_VANILLA;XIRECS;10176.0;2;3;4
802000;;;MICROCHIP_CIRCLE;XIRECS;8595.0;2;3;4
802000;;;MICROCHIP_OVAL;XIRECS;8015.0;2;3;4
802000;;;MICROCHIP_RECTANGLE;XIRECS;8051.0;2;3;4
802000;;;MICROCHIP_SQUARE;XIRECS;16329.0;2;3;4
802000;;;MICROCHIP_TRIANGLE;XIRECS;10596.0;2;3;4
802100;;SUBMISSION;SNACKPACK_STRAWBERRY;XIRECS;10718.0;4;3;4
802100;;SUBMISSION;SNACKPACK_PISTACHIO;XIRECS;9304.0;4;3;4
802100;;SUBMISSION;SNACKPACK_VANILLA;XIRECS;10165.0;4;3;4
802200;;SUBMISSION;PEBBLES_XL;XIRECS;13677.0;2;3;4
802200;;;PEBBLES_L;XIRECS;10405.0;3;3;4
802200;;;PEBBLES_M;XIRECS;10617.0;3;3;4
802200;;;PEBBLES_S;XIRECS;9377.0;3;3;4
802200;;;PEBBLES_XS;XIRECS;5954.0;3;3;4
803000;SUBMISSION;;SNACKPACK_STRAWBERRY;XIRECS;10656.0;2;3;4
803000;SUBMISSION;;SNACKPACK_PISTACHIO;XIRECS;9267.0;2;3;4
803000;SUBMISSION;;SNACKPACK_VANILLA;XIRECS;10169.0;2;3;4
803000;;SUBMISSION;GALAXY_SOUNDS_PLANETARY_RINGS;XIRECS;11887.0;5;3;4
803000;;;GALAXY_SOUNDS_BLACK_HOLES;XIRECS;10738.0;4;3;4
803000;;;GALAXY_SOUNDS_DARK_MATTER;XIRECS;10798.0;4;3;4
803000;;;GALAXY_SOUNDS_PLANETARY_RINGS;XIRECS;11887.0;4;3;4
803000;;;GALAXY_SOUNDS_SOLAR_FLAMES;XIRECS;11125.0;4;3;4
803000;;;GALAXY_SOUNDS_SOLAR_WINDS;XIRECS;10891.0;4;3;4
803000;;;OXYGEN_SHAKE_CHOCOLATE;XIRECS;9349.0;4;3;4
803000;;;OXYGEN_SHAKE_EVENING_BREATH;XIRECS;9004.0;4;3;4
803000;;;OXYGEN_SHAKE_GARLIC;XIRECS;12045.0;4;3;4
803000;;;OXYGEN_SHAKE_MINT;XIRECS;10231.0;4;3;4
803000;;;OXYGEN_SHAKE_MORNING_BREATH;XIRECS;8695.0;4;3;4
803000;;;PANEL_1X2;XIRECS;8337.0;4;3;4
803000;;;PANEL_1X4;XIRECS;8479.0;4;3;4
803000;;;PANEL_2X2;XIRECS;9908.0;4;3;4
803000;;;PANEL_2X4;XIRECS;11214.0;4;3;4
803000;;;PANEL_4X4;XIRECS;9816.0;4;3;4
803000;;;ROBOT_DISHES;XIRECS;10056.0;4;3;4
803000;;;ROBOT_IRONING;XIRECS;8337.0;4;3;4
803000;;;ROBOT_LAUNDRY;XIRECS;10007.0;4;3;4
803000;;;ROBOT_MOPPING;XIRECS;12114.0;4;3;4
803000;;;ROBOT_VACUUMING;XIRECS;8798.0;4;3;4
803000;;;SLEEP_POD_COTTON;XIRECS;11891.0;4;3;4
803000;;;SLEEP_POD_LAMB_WOOL;XIRECS;10511.0;4;3;4
803000;;;SLEEP_POD_NYLON;XIRECS;9448.0;4;3;4
803000;;;SLEEP_POD_POLYESTER;XIRECS;12023.0;4;3;4
803000;;;SLEEP_POD_SUEDE;XIRECS;11978.0;4;3;4
803000;;;SNACKPACK_CHOCOLATE;XIRECS;9716.0;4;3;4
803000;;;SNACKPACK_RASPBERRY;XIRECS;10299.0;4;3;4
803000;;;TRANSLATOR_ASTRO_BLACK;XIRECS;8683.0;4;3;4
803000;;;TRANSLATOR_ECLIPSE_CHARCOAL;XIRECS;9625.0;4;3;4
803000;;;TRANSLATOR_GRAPHITE_MIST;XIRECS;10159.0;4;3;4
803000;;;TRANSLATOR_SPACE_GRAY;XIRECS;10078.0;4;3;4
803000;;;TRANSLATOR_VOID_BLUE;XIRECS;11166.0;4;3;4
803000;;;UV_VISOR_AMBER;XIRECS;7380.0;4;3;4
803000;;;UV_VISOR_MAGENTA;XIRECS;11465.0;4;3;4
803000;;;UV_VISOR_ORANGE;XIRECS;10272.0;4;3;4
803000;;;UV_VISOR_RED;XIRECS;10421.0;4;3;4
803000;;;UV_VISOR_YELLOW;XIRECS;11261.0;4;3;4
803100;;SUBMISSION;SLEEP_POD_COTTON;XIRECS;11868.0;5;3;4
804000;SUBMISSION;;GALAXY_SOUNDS_PLANETARY_RINGS;XIRECS;11976.0;5;3;4
804100;;SUBMISSION;PEBBLES_XL;XIRECS;13713.0;2;3;4
804100;;;PEBBLES_L;XIRECS;10413.0;4;3;4
804100;;;PEBBLES_M;XIRECS;10650.0;4;3;4
804100;;;PEBBLES_S;XIRECS;9399.0;4;3;4
804100;;;PEBBLES_XS;XIRECS;5856.0;4;3;4
804700;SUBMISSION;;SNACKPACK_STRAWBERRY;XIRECS;10661.0;4;3;4
804700;SUBMISSION;;SNACKPACK_PISTACHIO;XIRECS;9268.0;4;3;4
804700;SUBMISSION;;SNACKPACK_VANILLA;XIRECS;10182.0;4;3;4
805200;;SUBMISSION;SLEEP_POD_COTTON;XIRECS;11847.0;5;3;4
805300;SUBMISSION;;PEBBLES_XL;XIRECS;13613.0;4;3;4
805800;SUBMISSION;;SNACKPACK_STRAWBERRY;XIRECS;10650.0;2;3;4
805800;SUBMISSION;;SNACKPACK_PISTACHIO;XIRECS;9265.0;2;3;4
805800;SUBMISSION;;SNACKPACK_VANILLA;XIRECS;10185.0;2;3;4
805800;;SUBMISSION;PEBBLES_XL;XIRECS;13664.0;2;3;4
805800;;;PEBBLES_L;XIRECS;10434.0;4;3;4
805800;;;PEBBLES_M;XIRECS;10710.0;4;3;4
805800;;;PEBBLES_S;XIRECS;9303.0;4;3;4
805800;;;PEBBLES_XS;XIRECS;5921.0;4;3;4
806000;;;GALAXY_SOUNDS_BLACK_HOLES;XIRECS;10760.0;1;3;4
806000;;;GALAXY_SOUNDS_DARK_MATTER;XIRECS;10840.0;1;3;4
806000;;;GALAXY_SOUNDS_PLANETARY_RINGS;XIRECS;12026.0;1;3;4
806000;;;GALAXY_SOUNDS_SOLAR_FLAMES;XIRECS;11125.0;1;3;4
806000;;;GALAXY_SOUNDS_SOLAR_WINDS;XIRECS;10919.0;1;3;4
806000;;;OXYGEN_SHAKE_CHOCOLATE;XIRECS;9313.0;1;3;4
806000;;;OXYGEN_SHAKE_EVENING_BREATH;XIRECS;8894.0;1;3;4
806000;;;OXYGEN_SHAKE_GARLIC;XIRECS;12027.0;1;3;4
806000;;;OXYGEN_SHAKE_MINT;XIRECS;10089.0;1;3;4
806000;;;OXYGEN_SHAKE_MORNING_BREATH;XIRECS;8795.0;1;3;4
806000;;;PANEL_1X2;XIRECS;8338.0;1;3;4
806000;;;PANEL_1X4;XIRECS;8552.0;1;3;4
806000;;;PANEL_2X2;XIRECS;9929.0;1;3;4
806000;;;PANEL_2X4;XIRECS;11126.0;1;3;4
806000;;;PANEL_4X4;XIRECS;9822.0;1;3;4
806000;;;ROBOT_DISHES;XIRECS;10014.0;1;3;4
806000;;;ROBOT_IRONING;XIRECS;8357.0;1;3;4
806000;;;ROBOT_LAUNDRY;XIRECS;10017.0;1;3;4
806000;;;ROBOT_MOPPING;XIRECS;12139.0;1;3;4
806000;;;ROBOT_VACUUMING;XIRECS;8783.0;1;3;4
806000;;;SLEEP_POD_COTTON;XIRECS;11899.0;1;3;4
806000;;;SLEEP_POD_LAMB_WOOL;XIRECS;10503.0;1;3;4
806000;;;SLEEP_POD_NYLON;XIRECS;9450.0;1;3;4
806000;;;SLEEP_POD_POLYESTER;XIRECS;12057.0;1;3;4
806000;;;SLEEP_POD_SUEDE;XIRECS;12006.0;1;3;4
806000;;;SNACKPACK_CHOCOLATE;XIRECS;9701.0;1;3;4
806000;;;SNACKPACK_PISTACHIO;XIRECS;9262.0;1;3;4
806000;;;SNACKPACK_RASPBERRY;XIRECS;10299.0;1;3;4
806000;;;SNACKPACK_STRAWBERRY;XIRECS;10648.0;1;3;4
806000;;;SNACKPACK_VANILLA;XIRECS;10179.0;1;3;4
806000;;;TRANSLATOR_ASTRO_BLACK;XIRECS;8703.0;1;3;4
806000;;;TRANSLATOR_ECLIPSE_CHARCOAL;XIRECS;9629.0;1;3;4
806000;;;TRANSLATOR_GRAPHITE_MIST;XIRECS;10128.0;1;3;4
806000;;;TRANSLATOR_SPACE_GRAY;XIRECS;10010.0;1;3;4
806000;;;TRANSLATOR_VOID_BLUE;XIRECS;11118.0;1;3;4
806000;;;UV_VISOR_AMBER;XIRECS;7409.0;1;3;4
806000;;;UV_VISOR_MAGENTA;XIRECS;11479.0;1;3;4
806000;;;UV_VISOR_ORANGE;XIRECS;10273.0;1;3;4
806000;;;UV_VISOR_RED;XIRECS;10473.0;1;3;4
806000;;;UV_VISOR_YELLOW;XIRECS;11340.0;1;3;4
806200;;SUBMISSION;PEBBLES_XL;XIRECS;13692.0;8;3;4
807400;SUBMISSION;;PEBBLES_XL;XIRECS;13677.0;2;3;4
807400;;;PEBBLES_L;XIRECS;10478.0;3;3;4
807400;;;PEBBLES_M;XIRECS;10659.0;3;3;4
807400;;;PEBBLES_S;XIRECS;9152.0;3;3;4
807400;;;PEBBLES_XS;XIRECS;6002.0;3;3;4
807600;;SUBMISSION;SLEEP_POD_COTTON;XIRECS;11775.0;5;3;4
807700;;SUBMISSION;SNACKPACK_STRAWBERRY;XIRECS;10702.0;2;3;4
807700;;SUBMISSION;SNACKPACK_PISTACHIO;XIRECS;9282.0;2;3;4
807700;;SUBMISSION;SNACKPACK_VANILLA;XIRECS;10178.0;2;3;4
807700;;;GALAXY_SOUNDS_BLACK_HOLES;XIRECS;10713.0;2;3;4
807700;;;GALAXY_SOUNDS_DARK_MATTER;XIRECS;10786.0;2;3;4
807700;;;GALAXY_SOUNDS_PLANETARY_RINGS;XIRECS;12079.0;2;3;4
807700;;;GALAXY_SOUNDS_SOLAR_FLAMES;XIRECS;11241.0;2;3;4
807700;;;GALAXY_SOUNDS_SOLAR_WINDS;XIRECS;11005.0;2;3;4
807700;;;OXYGEN_SHAKE_CHOCOLATE;XIRECS;9318.0;2;3;4
807700;;;OXYGEN_SHAKE_EVENING_BREATH;XIRECS;8976.0;2;3;4
807700;;;OXYGEN_SHAKE_GARLIC;XIRECS;12076.0;2;3;4
807700;;;OXYGEN_SHAKE_MINT;XIRECS;10113.0;2;3;4
807700;;;OXYGEN_SHAKE_MORNING_BREATH;XIRECS;8811.0;2;3;4
807700;;;PANEL_1X2;XIRECS;8405.0;2;3;4
807700;;;PANEL_1X4;XIRECS;8563.0;2;3;4
807700;;;PANEL_2X2;XIRECS;10008.0;2;3;4
807700;;;PANEL_2X4;XIRECS;11130.0;2;3;4
807700;;;PANEL_4X4;XIRECS;9822.0;2;3;4
807700;;;ROBOT_DISHES;XIRECS;9987.0;2;3;4
807700;;;ROBOT_IRONING;XIRECS;8323.0;2;3;4
807700;;;ROBOT_LAUNDRY;XIRECS;10029.0;2;3;4
807700;;;ROBOT_MOPPING;XIRECS;12133.0;2;3;4
807700;;;ROBOT_VACUUMING;XIRECS;8785.0;2;3;4
807700;;;SLEEP_POD_COTTON;XIRECS;11788.0;2;3;4
807700;;;SLEEP_POD_LAMB_WOOL;XIRECS;10418.0;2;3;4
807700;;;SLEEP_POD_NYLON;XIRECS;9457.0;2;3;4
807700;;;SLEEP_POD_POLYESTER;XIRECS;12099.0;2;3;4
807700;;;SLEEP_POD_SUEDE;XIRECS;12029.0;2;3;4
807700;;;SNACKPACK_CHOCOLATE;XIRECS;9739.0;2;3;4
807700;;;SNACKPACK_RASPBERRY;XIRECS;10256.0;2;3;4
807700;;;TRANSLATOR_ASTRO_BLACK;XIRECS;8668.0;2;3;4
807700;;;TRANSLATOR_ECLIPSE_CHARCOAL;XIRECS;9628.0;2;3;4
807700;;;TRANSLATOR_GRAPHITE_MIST;XIRECS;10191.0;2;3;4
807700;;;TRANSLATOR_SPACE_GRAY;XIRECS;9997.0;2;3;4
807700;;;TRANSLATOR_VOID_BLUE;XIRECS;11067.0;2;3;4
807700;;;UV_VISOR_AMBER;XIRECS;7420.0;2;3;4
807700;;;UV_VISOR_MAGENTA;XIRECS;11502.0;2;3;4
807700;;;UV_VISOR_ORANGE;XIRECS;10265.0;2;3;4
807700;;;UV_VISOR_RED;XIRECS;10415.0;2;3;4
807700;;;UV_VISOR_YELLOW;XIRECS;11296.0;2;3;4
808700;;;MICROCHIP_CIRCLE;XIRECS;8671.0;1;3;4
808700;;;MICROCHIP_OVAL;XIRECS;7921.0;1;3;4
808700;;;MICROCHIP_RECTANGLE;XIRECS;8088.0;1;3;4
808700;;;MICROCHIP_SQUARE;XIRECS;16318.0;1;3;4
808700;;;MICROCHIP_TRIANGLE;XIRECS;10434.0;1;3;4
809100;;;MICROCHIP_CIRCLE;XIRECS;8664.0;3;3;4
809100;;;MICROCHIP_OVAL;XIRECS;7903.0;3;3;4
809100;;;MICROCHIP_RECTANGLE;XIRECS;8092.0;3;3;4
809100;;;MICROCHIP_SQUARE;XIRECS;16308.0;3;3;4
809100;;;MICROCHIP_TRIANGLE;XIRECS;10430.0;3;3;4
809300;;;MICROCHIP_CIRCLE;XIRECS;8660.0;2;3;4
809300;;;MICROCHIP_OVAL;XIRECS;7907.0;2;3;4
809300;;;MICROCHIP_RECTANGLE;XIRECS;8095.0;2;3;4
809300;;;MICROCHIP_SQUARE;XIRECS;16336.0;2;3;4
809300;;;MICROCHIP_TRIANGLE;XIRECS;10447.0;2;3;4
809500;;SUBMISSION;SNACKPACK_STRAWBERRY;XIRECS;10698.0;2;3;4
809500;;SUBMISSION;SNACKPACK_PISTACHIO;XIRECS;9271.0;2;3;4
809500;;SUBMISSION;SNACKPACK_VANILLA;XIRECS;10196.0;2;3;4
809500;;SUBMISSION;PEBBLES_XL;XIRECS;13630.0;4;3;4
809500;;;GALAXY_SOUNDS_BLACK_HOLES;XIRECS;10724.0;3;3;4
809500;;;GALAXY_SOUNDS_DARK_MATTER;XIRECS;10687.0;3;3;4
809500;;;GALAXY_SOUNDS_PLANETARY_RINGS;XIRECS;12006.0;3;3;4
809500;;;GALAXY_SOUNDS_SOLAR_FLAMES;XIRECS;11317.0;3;3;4
809500;;;GALAXY_SOUNDS_SOLAR_WINDS;XIRECS;10968.0;3;3;4
809500;;;OXYGEN_SHAKE_CHOCOLATE;XIRECS;9347.0;3;3;4
809500;;;OXYGEN_SHAKE_EVENING_BREATH;XIRECS;8966.0;3;3;4
809500;;;OXYGEN_SHAKE_GARLIC;XIRECS;12064.0;3;3;4
809500;;;OXYGEN_SHAKE_MINT;XIRECS;10120.0;3;3;4
809500;;;OXYGEN_SHAKE_MORNING_BREATH;XIRECS;8827.0;3;3;4
809500;;;PANEL_1X2;XIRECS;8390.0;3;3;4
809500;;;PANEL_1X4;XIRECS;8596.0;3;3;4
809500;;;PANEL_2X2;XIRECS;10011.0;3;3;4
809500;;;PANEL_2X4;XIRECS;11209.0;3;3;4
809500;;;PANEL_4X4;XIRECS;9819.0;3;3;4
809500;;;ROBOT_DISHES;XIRECS;10045.0;3;3;4
809500;;;ROBOT_IRONING;XIRECS;8333.0;3;3;4
809500;;;ROBOT_LAUNDRY;XIRECS;9960.0;3;3;4
809500;;;ROBOT_MOPPING;XIRECS;12086.0;3;3;4
809500;;;ROBOT_VACUUMING;XIRECS;8797.0;3;3;4
809500;;;SLEEP_POD_COTTON;XIRECS;11763.0;3;3;4
809500;;;SLEEP_POD_LAMB_WOOL;XIRECS;10491.0;3;3;4
809500;;;SLEEP_POD_NYLON;XIRECS;9469.0;3;3;4
809500;;;SLEEP_POD_POLYESTER;XIRECS;12120.0;3;3;4
809500;;;SLEEP_POD_SUEDE;XIRECS;12021.0;3;3;4
809500;;;SNACKPACK_CHOCOLATE;XIRECS;9725.0;3;3;4
809500;;;SNACKPACK_RASPBERRY;XIRECS;10245.0;3;3;4
809500;;;TRANSLATOR_ASTRO_BLACK;XIRECS;8686.0;3;3;4
809500;;;TRANSLATOR_ECLIPSE_CHARCOAL;XIRECS;9663.0;3;3;4
809500;;;TRANSLATOR_GRAPHITE_MIST;XIRECS;10168.0;3;3;4
809500;;;TRANSLATOR_SPACE_GRAY;XIRECS;10003.0;3;3;4
809500;;;TRANSLATOR_VOID_BLUE;XIRECS;10978.0;3;3;4
809500;;;UV_VISOR_AMBER;XIRECS;7375.0;3;3;4
809500;;;UV_VISOR_MAGENTA;XIRECS;11510.0;3;3;4
809500;;;UV_VISOR_ORANGE;XIRECS;10326.0;3;3;4
809500;;;UV_VISOR_RED;XIRECS;10484.0;3;3;4
809500;;;UV_VISOR_YELLOW;XIRECS;11308.0;3;3;4
811600;;;GALAXY_SOUNDS_BLACK_HOLES;XIRECS;10791.0;3;3;4
811600;;;GALAXY_SOUNDS_DARK_MATTER;XIRECS;10680.0;3;3;4
811600;;;GALAXY_SOUNDS_PLANETARY_RINGS;XIRECS;12017.0;3;3;4
811600;;;GALAXY_SOUNDS_SOLAR_FLAMES;XIRECS;11338.0;3;3;4
811600;;;GALAXY_SOUNDS_SOLAR_WINDS;XIRECS;10965.0;3;3;4
811600;;;OXYGEN_SHAKE_CHOCOLATE;XIRECS;9317.0;3;3;4
811600;;;OXYGEN_SHAKE_EVENING_BREATH;XIRECS;8904.0;3;3;4
811600;;;OXYGEN_SHAKE_GARLIC;XIRECS;12113.0;3;3;4
811600;;;OXYGEN_SHAKE_MINT;XIRECS;10217.0;3;3;4
811600;;;OXYGEN_SHAKE_MORNING_BREATH;XIRECS;8815.0;3;3;4
811600;;;PANEL_1X2;XIRECS;8358.0;3;3;4
811600;;;PANEL_1X4;XIRECS;8618.0;3;3;4
811600;;;PANEL_2X2;XIRECS;9973.0;3;3;4
811600;;;PANEL_2X4;XIRECS;11138.0;3;3;4
811600;;;PANEL_4X4;XIRECS;9816.0;3;3;4
811600;;;ROBOT_DISHES;XIRECS;10014.0;3;3;4
811600;;;ROBOT_IRONING;XIRECS;8317.0;3;3;4
811600;;;ROBOT_LAUNDRY;XIRECS;9912.0;3;3;4
811600;;;ROBOT_MOPPING;XIRECS;12125.0;3;3;4
811600;;;ROBOT_VACUUMING;XIRECS;8781.0;3;3;4
811600;;;SLEEP_POD_COTTON;XIRECS;11783.0;3;3;4
811600;;;SLEEP_POD_LAMB_WOOL;XIRECS;10484.0;3;3;4
811600;;;SLEEP_POD_NYLON;XIRECS;9475.0;3;3;4
811600;;;SLEEP_POD_POLYESTER;XIRECS;12177.0;3;3;4
811600;;;SLEEP_POD_SUEDE;XIRECS;12050.0;3;3;4
811600;;;SNACKPACK_CHOCOLATE;XIRECS;9755.0;3;3;4
811600;;;SNACKPACK_PISTACHIO;XIRECS;9255.0;3;3;4
811600;;;SNACKPACK_RASPBERRY;XIRECS;10243.0;3;3;4
811600;;;SNACKPACK_STRAWBERRY;XIRECS;10694.0;3;3;4
811600;;;SNACKPACK_VANILLA;XIRECS;10129.0;3;3;4
811600;;;TRANSLATOR_ASTRO_BLACK;XIRECS;8687.0;3;3;4
811600;;;TRANSLATOR_ECLIPSE_CHARCOAL;XIRECS;9616.0;3;3;4
811600;;;TRANSLATOR_GRAPHITE_MIST;XIRECS;10262.0;3;3;4
811600;;;TRANSLATOR_SPACE_GRAY;XIRECS;9993.0;3;3;4
811600;;;TRANSLATOR_VOID_BLUE;XIRECS;10927.0;3;3;4
811600;;;UV_VISOR_AMBER;XIRECS;7383.0;3;3;4
811600;;;UV_VISOR_MAGENTA;XIRECS;11450.0;3;3;4
811600;;;UV_VISOR_ORANGE;XIRECS;10225.0;3;3;4
811600;;;UV_VISOR_RED;XIRECS;10475.0;3;3;4
811600;;;UV_VISOR_YELLOW;XIRECS;11288.0;3;3;4
812500;;SUBMISSION;PEBBLES_XL;XIRECS;13893.0;2;3;4
812500;;;PEBBLES_L;XIRECS;10500.0;2;3;4
812500;;;PEBBLES_M;XIRECS;10702.0;2;3;4
812500;;;PEBBLES_S;XIRECS;8926.0;2;3;4
812500;;;PEBBLES_XS;XIRECS;6010.0;2;3;4
812800;SUBMISSION;;SNACKPACK_STRAWBERRY;XIRECS;10653.0;2;3;4
812800;SUBMISSION;;SNACKPACK_PISTACHIO;XIRECS;9232.0;2;3;4
812800;SUBMISSION;;SNACKPACK_VANILLA;XIRECS;10119.0;2;3;4
813500;SUBMISSION;;SNACKPACK_STRAWBERRY;XIRECS;10656.0;2;3;4
813500;SUBMISSION;;SNACKPACK_PISTACHIO;XIRECS;9238.0;2;3;4
813500;SUBMISSION;;SNACKPACK_VANILLA;XIRECS;10124.0;2;3;4
813500;;;GALAXY_SOUNDS_BLACK_HOLES;XIRECS;10721.0;1;3;4
813500;;;GALAXY_SOUNDS_DARK_MATTER;XIRECS;10672.0;1;3;4
813500;;;GALAXY_SOUNDS_PLANETARY_RINGS;XIRECS;12044.0;1;3;4
813500;;;GALAXY_SOUNDS_SOLAR_FLAMES;XIRECS;11422.0;1;3;4
813500;;;GALAXY_SOUNDS_SOLAR_WINDS;XIRECS;10980.0;1;3;4
813500;;;OXYGEN_SHAKE_CHOCOLATE;XIRECS;9392.0;1;3;4
813500;;;OXYGEN_SHAKE_EVENING_BREATH;XIRECS;8910.0;1;3;4
813500;;;OXYGEN_SHAKE_GARLIC;XIRECS;12106.0;1;3;4
813500;;;OXYGEN_SHAKE_MINT;XIRECS;10233.0;1;3;4
813500;;;OXYGEN_SHAKE_MORNING_BREATH;XIRECS;8803.0;1;3;4
813500;;;PANEL_1X2;XIRECS;8318.0;1;3;4
813500;;;PANEL_1X4;XIRECS;8655.0;1;3;4
813500;;;PANEL_2X2;XIRECS;9993.0;1;3;4
813500;;;PANEL_2X4;XIRECS;11129.0;1;3;4
813500;;;PANEL_4X4;XIRECS;9850.0;1;3;4
813500;;;ROBOT_DISHES;XIRECS;10082.0;1;3;4
813500;;;ROBOT_IRONING;XIRECS;8300.0;1;3;4
813500;;;ROBOT_LAUNDRY;XIRECS;9984.0;1;3;4
813500;;;ROBOT_MOPPING;XIRECS;12185.0;1;3;4
813500;;;ROBOT_VACUUMING;XIRECS;8727.0;1;3;4
813500;;;SLEEP_POD_COTTON;XIRECS;11831.0;1;3;4
813500;;;SLEEP_POD_LAMB_WOOL;XIRECS;10444.0;1;3;4
813500;;;SLEEP_POD_NYLON;XIRECS;9485.0;1;3;4
813500;;;SLEEP_POD_POLYESTER;XIRECS;12233.0;1;3;4
813500;;;SLEEP_POD_SUEDE;XIRECS;12045.0;1;3;4
813500;;;SNACKPACK_CHOCOLATE;XIRECS;9777.0;1;3;4
813500;;;SNACKPACK_PISTACHIO;XIRECS;9238.0;1;3;4
813500;;;SNACKPACK_RASPBERRY;XIRECS;10288.0;1;3;4
813500;;;SNACKPACK_STRAWBERRY;XIRECS;10656.0;1;3;4
813500;;;SNACKPACK_VANILLA;XIRECS;10124.0;1;3;4
813500;;;TRANSLATOR_ASTRO_BLACK;XIRECS;8662.0;1;3;4
813500;;;TRANSLATOR_ECLIPSE_CHARCOAL;XIRECS;9590.0;1;3;4
813500;;;TRANSLATOR_GRAPHITE_MIST;XIRECS;10247.0;1;3;4
813500;;;TRANSLATOR_SPACE_GRAY;XIRECS;9984.0;1;3;4
813500;;;TRANSLATOR_VOID_BLUE;XIRECS;10933.0;1;3;4
813500;;;UV_VISOR_AMBER;XIRECS;7337.0;1;3;4
813500;;;UV_VISOR_MAGENTA;XIRECS;11479.0;1;3;4
813500;;;UV_VISOR_ORANGE;XIRECS;10248.0;1;3;4
813500;;;UV_VISOR_RED;XIRECS;10533.0;1;3;4
813500;;;UV_VISOR_YELLOW;XIRECS;11255.0;1;3;4
814300;;SUBMISSION;PEBBLES_XL;XIRECS;13851.0;2;3;4
814300;;;PEBBLES_L;XIRECS;10535.0;2;3;4
814300;;;PEBBLES_M;XIRECS;10743.0;2;3;4
814300;;;PEBBLES_S;XIRECS;8917.0;2;3;4
814300;;;PEBBLES_XS;XIRECS;5986.0;2;3;4
815800;;;PEBBLES_L;XIRECS;10507.0;4;3;4
815800;;;PEBBLES_M;XIRECS;10834.0;4;3;4
815800;;;PEBBLES_S;XIRECS;8983.0;4;3;4
815800;;;PEBBLES_XL;XIRECS;13758.0;4;3;4
815800;;;PEBBLES_XS;XIRECS;5950.0;4;3;4
816100;;;MICROCHIP_CIRCLE;XIRECS;8677.0;2;3;4
816100;;;MICROCHIP_OVAL;XIRECS;8042.0;2;3;4
816100;;;MICROCHIP_RECTANGLE;XIRECS;8011.0;2;3;4
816100;;;MICROCHIP_SQUARE;XIRECS;16133.0;2;3;4
816100;;;MICROCHIP_TRIANGLE;XIRECS;10232.0;2;3;4
816300;;SUBMISSION;SNACKPACK_STRAWBERRY;XIRECS;10563.0;2;3;4
816300;;SUBMISSION;SNACKPACK_PISTACHIO;XIRECS;9165.0;2;3;4
816300;;SUBMISSION;SNACKPACK_VANILLA;XIRECS;10093.0;2;3;4
816700;;SUBMISSION;SNACKPACK_STRAWBERRY;XIRECS;10578.0;5;3;4
816700;;SUBMISSION;SNACKPACK_PISTACHIO;XIRECS;9179.0;5;3;4
816700;;SUBMISSION;SNACKPACK_VANILLA;XIRECS;10087.0;5;3;4
818000;SUBMISSION;;MICROCHIP_OVAL;XIRECS;8162.0;5;3;4
818400;;SUBMISSION;PEBBLES_XL;XIRECS;13716.0;4;3;4
820100;SUBMISSION;;MICROCHIP_OVAL;XIRECS;8133.0;5;3;4
820200;;;MICROCHIP_CIRCLE;XIRECS;8670.0;1;3;4
820200;;;MICROCHIP_OVAL;XIRECS;8119.0;1;3;4
820200;;;MICROCHIP_RECTANGLE;XIRECS;8028.0;1;3;4
820200;;;MICROCHIP_SQUARE;XIRECS;16030.0;1;3;4
820200;;;MICROCHIP_TRIANGLE;XIRECS;10250.0;1;3;4
820800;SUBMISSION;;PEBBLES_XL;XIRECS;13483.0;6;3;4
820800;;;MICROCHIP_CIRCLE;XIRECS;8670.0;3;3;4
820800;;;MICROCHIP_OVAL;XIRECS;8133.0;3;3;4
820800;;;MICROCHIP_RECTANGLE;XIRECS;8001.0;3;3;4
820800;;;MICROCHIP_SQUARE;XIRECS;15964.0;3;3;4
820800;;;MICROCHIP_TRIANGLE;XIRECS;10245.0;3;3;4
821300;;SUBMISSION;PEBBLES_XL;XIRECS;13527.0;6;3;4
822000;;;MICROCHIP_CIRCLE;XIRECS;8692.0;2;3;4
822000;;;MICROCHIP_OVAL;XIRECS;8160.0;2;3;4
822000;;;MICROCHIP_RECTANGLE;XIRECS;7842.0;2;3;4
822000;;;MICROCHIP_SQUARE;XIRECS;16097.0;2;3;4
822000;;;MICROCHIP_TRIANGLE;XIRECS;10253.0;2;3;4
822100;SUBMISSION;;PEBBLES_XL;XIRECS;13446.0;2;3;4
822100;;;PEBBLES_L;XIRECS;10520.0;5;3;4
822100;;;PEBBLES_M;XIRECS;10986.0;5;3;4
822100;;;PEBBLES_S;XIRECS;8971.0;5;3;4
822100;;;PEBBLES_XS;XIRECS;6045.0;5;3;4
822400;SUBMISSION;;MICROCHIP_OVAL;XIRECS;8176.0;5;3;4
822600;;;PEBBLES_L;XIRECS;10523.0;3;3;4
822600;;;PEBBLES_M;XIRECS;11016.0;3;3;4
822600;;;PEBBLES_S;XIRECS;8996.0;3;3;4
822600;;;PEBBLES_XL;XIRECS;13433.0;3;3;4
822600;;;PEBBLES_XS;XIRECS;6063.0;3;3;4
822900;SUBMISSION;;SNACKPACK_STRAWBERRY;XIRECS;10578.0;2;3;4
822900;SUBMISSION;;SNACKPACK_PISTACHIO;XIRECS;9198.0;2;3;4
822900;SUBMISSION;;SNACKPACK_VANILLA;XIRECS;10040.0;2;3;4
822900;;;GALAXY_SOUNDS_BLACK_HOLES;XIRECS;10883.0;4;3;4
822900;;;GALAXY_SOUNDS_DARK_MATTER;XIRECS;10746.0;4;3;4
822900;;;GALAXY_SOUNDS_PLANETARY_RINGS;XIRECS;12090.0;4;3;4
822900;;;GALAXY_SOUNDS_SOLAR_FLAMES;XIRECS;11369.0;4;3;4
822900;;;GALAXY_SOUNDS_SOLAR_WINDS;XIRECS;10933.0;4;3;4
822900;;;OXYGEN_SHAKE_CHOCOLATE;XIRECS;9401.0;4;3;4
822900;;;OXYGEN_SHAKE_EVENING_BREATH;XIRECS;8964.0;4;3;4
822900;;;OXYGEN_SHAKE_GARLIC;XIRECS;11959.0;4;3;4
822900;;;OXYGEN_SHAKE_MINT;XIRECS;10221.0;4;3;4
822900;;;OXYGEN_SHAKE_MORNING_BREATH;XIRECS;8794.0;4;3;4
822900;;;PANEL_1X2;XIRECS;8424.0;4;3;4
822900;;;PANEL_1X4;XIRECS;8800.0;4;3;4
822900;;;PANEL_2X2;XIRECS;9968.0;4;3;4
822900;;;PANEL_2X4;XIRECS;11224.0;4;3;4
822900;;;PANEL_4X4;XIRECS;9891.0;4;3;4
822900;;;ROBOT_DISHES;XIRECS;10074.0;4;3;4
822900;;;ROBOT_IRONING;XIRECS;8147.0;4;3;4
822900;;;ROBOT_LAUNDRY;XIRECS;9920.0;4;3;4
822900;;;ROBOT_MOPPING;XIRECS;12068.0;4;3;4
822900;;;ROBOT_VACUUMING;XIRECS;8844.0;4;3;4
822900;;;SLEEP_POD_COTTON;XIRECS;11869.0;4;3;4
822900;;;SLEEP_POD_LAMB_WOOL;XIRECS;10489.0;4;3;4
822900;;;SLEEP_POD_NYLON;XIRECS;9504.0;4;3;4
822900;;;SLEEP_POD_POLYESTER;XIRECS;12305.0;4;3;4
822900;;;SLEEP_POD_SUEDE;XIRECS;12182.0;4;3;4
822900;;;SNACKPACK_CHOCOLATE;XIRECS;9857.0;4;3;4
822900;;;SNACKPACK_RASPBERRY;XIRECS;10366.0;4;3;4
822900;;;TRANSLATOR_ASTRO_BLACK;XIRECS;8672.0;4;3;4
822900;;;TRANSLATOR_ECLIPSE_CHARCOAL;XIRECS;9590.0;4;3;4
822900;;;TRANSLATOR_GRAPHITE_MIST;XIRECS;10302.0;4;3;4
822900;;;TRANSLATOR_SPACE_GRAY;XIRECS;9925.0;4;3;4
822900;;;TRANSLATOR_VOID_BLUE;XIRECS;10872.0;4;3;4
822900;;;UV_VISOR_AMBER;XIRECS;7316.0;4;3;4
822900;;;UV_VISOR_MAGENTA;XIRECS;11488.0;4;3;4
822900;;;UV_VISOR_ORANGE;XIRECS;10219.0;4;3;4
822900;;;UV_VISOR_RED;XIRECS;10471.0;4;3;4
822900;;;UV_VISOR_YELLOW;XIRECS;11332.0;4;3;4
823300;SUBMISSION;;PEBBLES_XL;XIRECS;13320.0;7;3;4
823300;SUBMISSION;;PEBBLES_XL;XIRECS;13329.0;11;3;4
823900;;SUBMISSION;PEBBLES_XL;XIRECS;13420.0;6;3;4
824200;;SUBMISSION;PEBBLES_XL;XIRECS;13405.0;5;3;4
824500;SUBMISSION;;PEBBLES_XL;XIRECS;13360.0;5;3;4
824500;SUBMISSION;;PEBBLES_XL;XIRECS;13369.0;6;3;4
825000;;SUBMISSION;PEBBLES_XL;XIRECS;13291.0;2;3;4
825000;;;PEBBLES_L;XIRECS;10608.0;2;3;4
825000;;;PEBBLES_M;XIRECS;11045.0;2;3;4
825000;;;PEBBLES_S;XIRECS;9050.0;2;3;4
825000;;;PEBBLES_XS;XIRECS;6039.0;2;3;4
826900;SUBMISSION;;PANEL_1X4;XIRECS;8959.0;5;3;4
827000;SUBMISSION;;PANEL_1X4;XIRECS;8953.0;5;3;4
827100;SUBMISSION;;MICROCHIP_OVAL;XIRECS;8205.0;5;3;4
828000;;SUBMISSION;PEBBLES_XL;XIRECS;13525.0;8;3;4
828300;SUBMISSION;;SNACKPACK_STRAWBERRY;XIRECS;10599.0;5;3;4
828300;SUBMISSION;;SNACKPACK_PISTACHIO;XIRECS;9217.0;5;3;4
828300;SUBMISSION;;SNACKPACK_VANILLA;XIRECS;10034.0;5;3;4
828700;;;MICROCHIP_CIRCLE;XIRECS;8634.0;2;3;4
828700;;;MICROCHIP_OVAL;XIRECS;8176.0;2;3;4
828700;;;MICROCHIP_RECTANGLE;XIRECS;7852.0;2;3;4
828700;;;MICROCHIP_SQUARE;XIRECS;15781.0;2;3;4
828700;;;MICROCHIP_TRIANGLE;XIRECS;10195.0;2;3;4
828800;;SUBMISSION;SNACKPACK_STRAWBERRY;XIRECS;10579.0;2;3;4
828800;;SUBMISSION;SNACKPACK_PISTACHIO;XIRECS;9214.0;2;3;4
828800;;SUBMISSION;SNACKPACK_VANILLA;XIRECS;10050.0;2;3;4
828800;;;GALAXY_SOUNDS_BLACK_HOLES;XIRECS;10934.0;2;3;4
828800;;;GALAXY_SOUNDS_DARK_MATTER;XIRECS;10780.0;2;3;4
828800;;;GALAXY_SOUNDS_PLANETARY_RINGS;XIRECS;12109.0;2;3;4
828800;;;GALAXY_SOUNDS_SOLAR_FLAMES;XIRECS;11280.0;2;3;4
828800;;;GALAXY_SOUNDS_SOLAR_WINDS;XIRECS;11020.0;2;3;4
828800;;;OXYGEN_SHAKE_CHOCOLATE;XIRECS;9372.0;2;3;4
828800;;;OXYGEN_SHAKE_EVENING_BREATH;XIRECS;9196.0;2;3;4
828800;;;OXYGEN_SHAKE_GARLIC;XIRECS;11917.0;2;3;4
828800;;;OXYGEN_SHAKE_MINT;XIRECS;10296.0;2;3;4
828800;;;OXYGEN_SHAKE_MORNING_BREATH;XIRECS;8816.0;2;3;4
828800;;;PANEL_1X2;XIRECS;8535.0;2;3;4
828800;;;PANEL_1X4;XIRECS;8948.0;2;3;4
828800;;;PANEL_2X2;XIRECS;9844.0;2;3;4
828800;;;PANEL_2X4;XIRECS;11259.0;2;3;4
828800;;;PANEL_4X4;XIRECS;9891.0;2;3;4
828800;;;ROBOT_DISHES;XIRECS;10027.0;2;3;4
828800;;;ROBOT_IRONING;XIRECS;8263.0;2;3;4
828800;;;ROBOT_LAUNDRY;XIRECS;9895.0;2;3;4
828800;;;ROBOT_MOPPING;XIRECS;12101.0;2;3;4
828800;;;ROBOT_VACUUMING;XIRECS;8862.0;2;3;4
828800;;;SLEEP_POD_COTTON;XIRECS;11873.0;2;3;4
828800;;;SLEEP_POD_LAMB_WOOL;XIRECS;10516.0;2;3;4
828800;;;SLEEP_POD_NYLON;XIRECS;9556.0;2;3;4
828800;;;SLEEP_POD_POLYESTER;XIRECS;12297.0;2;3;4
828800;;;SLEEP_POD_SUEDE;XIRECS;12119.0;2;3;4
828800;;;SNACKPACK_CHOCOLATE;XIRECS;9902.0;2;3;4
828800;;;SNACKPACK_RASPBERRY;XIRECS;10423.0;2;3;4
828800;;;TRANSLATOR_ASTRO_BLACK;XIRECS;8698.0;2;3;4
828800;;;TRANSLATOR_ECLIPSE_CHARCOAL;XIRECS;9749.0;2;3;4
828800;;;TRANSLATOR_GRAPHITE_MIST;XIRECS;10261.0;2;3;4
828800;;;TRANSLATOR_SPACE_GRAY;XIRECS;9935.0;2;3;4
828800;;;TRANSLATOR_VOID_BLUE;XIRECS;10883.0;2;3;4
828800;;;UV_VISOR_AMBER;XIRECS;7276.0;2;3;4
828800;;;UV_VISOR_MAGENTA;XIRECS;11526.0;2;3;4
828800;;;UV_VISOR_ORANGE;XIRECS;10260.0;2;3;4
828800;;;UV_VISOR_RED;XIRECS;10586.0;2;3;4
828800;;;UV_VISOR_YELLOW;XIRECS;11333.0;2;3;4
828900;;SUBMISSION;PANEL_1X4;XIRECS;8932.0;5;3;4
829000;;SUBMISSION;PANEL_1X4;XIRECS;8916.0;5;3;4
829400;SUBMISSION;;GALAXY_SOUNDS_BLACK_HOLES;XIRECS;10945.0;5;3;4
830000;SUBMISSION;;PANEL_1X4;XIRECS;8951.0;5;3;4
831900;;SUBMISSION;PEBBLES_XL;XIRECS;13377.0;2;3;4
831900;;;PEBBLES_L;XIRECS;10577.0;2;3;4
831900;;;PEBBLES_M;XIRECS;11140.0;2;3;4
831900;;;PEBBLES_S;XIRECS;8921.0;2;3;4
831900;;;PEBBLES_XS;XIRECS;6017.0;2;3;4
832000;SUBMISSION;;GALAXY_SOUNDS_BLACK_HOLES;XIRECS;10990.0;5;3;4
832900;SUBMISSION;;PEBBLES_XL;XIRECS;13264.0;2;3;4
832900;;;PEBBLES_L;XIRECS;10545.0;3;3;4
832900;;;PEBBLES_M;XIRECS;11185.0;3;3;4
832900;;;PEBBLES_S;XIRECS;8920.0;3;3;4
832900;;;PEBBLES_XS;XIRECS;6054.0;3;3;4
833200;;SUBMISSION;SNACKPACK_STRAWBERRY;XIRECS;10662.0;2;3;4
833200;;SUBMISSION;SNACKPACK_PISTACHIO;XIRECS;9254.0;2;3;4
833200;;SUBMISSION;SNACKPACK_VANILLA;XIRECS;10010.0;2;3;4
833200;;;GALAXY_SOUNDS_BLACK_HOLES;XIRECS;10990.0;4;3;4
833200;;;GALAXY_SOUNDS_DARK_MATTER;XIRECS;10711.0;4;3;4
833200;;;GALAXY_SOUNDS_PLANETARY_RINGS;XIRECS;12107.0;4;3;4
833200;;;GALAXY_SOUNDS_SOLAR_FLAMES;XIRECS;11114.0;4;3;4
833200;;;GALAXY_SOUNDS_SOLAR_WINDS;XIRECS;11098.0;4;3;4
833200;;;OXYGEN_SHAKE_CHOCOLATE;XIRECS;9400.0;4;3;4
833200;;;OXYGEN_SHAKE_EVENING_BREATH;XIRECS;9226.0;4;3;4
833200;;;OXYGEN_SHAKE_GARLIC;XIRECS;12055.0;4;3;4
833200;;;OXYGEN_SHAKE_MINT;XIRECS;10230.0;4;3;4
833200;;;OXYGEN_SHAKE_MORNING_BREATH;XIRECS;8797.0;4;3;4
833200;;;PANEL_1X2;XIRECS;8547.0;4;3;4
833200;;;PANEL_1X4;XIRECS;8917.0;4;3;4
833200;;;PANEL_2X2;XIRECS;9833.0;4;3;4
833200;;;PANEL_2X4;XIRECS;11259.0;4;3;4
833200;;;PANEL_4X4;XIRECS;9994.0;4;3;4
833200;;;ROBOT_DISHES;XIRECS;9963.0;4;3;4
833200;;;ROBOT_IRONING;XIRECS;8283.0;4;3;4
833200;;;ROBOT_LAUNDRY;XIRECS;9889.0;4;3;4
833200;;;ROBOT_MOPPING;XIRECS;12205.0;4;3;4
833200;;;ROBOT_VACUUMING;XIRECS;8894.0;4;3;4
833200;;;SLEEP_POD_COTTON;XIRECS;11769.0;4;3;4
833200;;;SLEEP_POD_LAMB_WOOL;XIRECS;10499.0;4;3;4
833200;;;SLEEP_POD_NYLON;XIRECS;9473.0;4;3;4
833200;;;SLEEP_POD_POLYESTER;XIRECS;12285.0;4;3;4
833200;;;SLEEP_POD_SUEDE;XIRECS;12092.0;4;3;4
833200;;;SNACKPACK_CHOCOLATE;XIRECS;9922.0;4;3;4
833200;;;SNACKPACK_RASPBERRY;XIRECS;10332.0;4;3;4
833200;;;TRANSLATOR_ASTRO_BLACK;XIRECS;8682.0;4;3;4
833200;;;TRANSLATOR_ECLIPSE_CHARCOAL;XIRECS;9736.0;4;3;4
833200;;;TRANSLATOR_GRAPHITE_MIST;XIRECS;10260.0;4;3;4
833200;;;TRANSLATOR_SPACE_GRAY;XIRECS;9911.0;4;3;4
833200;;;TRANSLATOR_VOID_BLUE;XIRECS;10799.0;4;3;4
833200;;;UV_VISOR_AMBER;XIRECS;7304.0;4;3;4
833200;;;UV_VISOR_MAGENTA;XIRECS;11495.0;4;3;4
833200;;;UV_VISOR_ORANGE;XIRECS;10222.0;4;3;4
833200;;;UV_VISOR_RED;XIRECS;10607.0;4;3;4
833200;;;UV_VISOR_YELLOW;XIRECS;11530.0;4;3;4
834200;;;GALAXY_SOUNDS_BLACK_HOLES;XIRECS;10989.0;4;3;4
834200;;;GALAXY_SOUNDS_DARK_MATTER;XIRECS;10733.0;4;3;4
834200;;;GALAXY_SOUNDS_PLANETARY_RINGS;XIRECS;12111.0;4;3;4
834200;;;GALAXY_SOUNDS_SOLAR_FLAMES;XIRECS;11095.0;4;3;4
834200;;;GALAXY_SOUNDS_SOLAR_WINDS;XIRECS;11106.0;4;3;4
834200;;;OXYGEN_SHAKE_CHOCOLATE;XIRECS;9420.0;4;3;4
834200;;;OXYGEN_SHAKE_EVENING_BREATH;XIRECS;9166.0;4;3;4
834200;;;OXYGEN_SHAKE_GARLIC;XIRECS;12066.0;4;3;4
834200;;;OXYGEN_SHAKE_MINT;XIRECS;10194.0;4;3;4
834200;;;OXYGEN_SHAKE_MORNING_BREATH;XIRECS;8781.0;4;3;4
834200;;;PANEL_1X2;XIRECS;8523.0;4;3;4
834200;;;PANEL_1X4;XIRECS;8902.0;4;3;4
834200;;;PANEL_2X2;XIRECS;9806.0;4;3;4
834200;;;PANEL_2X4;XIRECS;11323.0;4;3;4
834200;;;PANEL_4X4;XIRECS;10078.0;4;3;4
834200;;;ROBOT_DISHES;XIRECS;9959.0;4;3;4
834200;;;ROBOT_IRONING;XIRECS;8303.0;4;3;4
834200;;;ROBOT_LAUNDRY;XIRECS;9894.0;4;3;4
834200;;;ROBOT_MOPPING;XIRECS;12168.0;4;3;4
834200;;;ROBOT_VACUUMING;XIRECS;8953.0;4;3;4
834200;;;SLEEP_POD_COTTON;XIRECS;11716.0;4;3;4
834200;;;SLEEP_POD_LAMB_WOOL;XIRECS;10508.0;4;3;4
834200;;;SLEEP_POD_NYLON;XIRECS;9497.0;4;3;4
834200;;;SLEEP_POD_POLYESTER;XIRECS;12294.0;4;3;4
834200;;;SLEEP_POD_SUEDE;XIRECS;12090.0;4;3;4
834200;;;SNACKPACK_CHOCOLATE;XIRECS;9957.0;4;3;4
834200;;;SNACKPACK_PISTACHIO;XIRECS;9274.0;4;3;4
834200;;;SNACKPACK_RASPBERRY;XIRECS;10305.0;4;3;4
834200;;;SNACKPACK_STRAWBERRY;XIRECS;10690.0;4;3;4
834200;;;SNACKPACK_VANILLA;XIRECS;9978.0;4;3;4
834200;;;TRANSLATOR_ASTRO_BLACK;XIRECS;8636.0;4;3;4
834200;;;TRANSLATOR_ECLIPSE_CHARCOAL;XIRECS;9777.0;4;3;4
834200;;;TRANSLATOR_GRAPHITE_MIST;XIRECS;10221.0;4;3;4
834200;;;TRANSLATOR_SPACE_GRAY;XIRECS;9937.0;4;3;4
834200;;;TRANSLATOR_VOID_BLUE;XIRECS;10900.0;4;3;4
834200;;;UV_VISOR_AMBER;XIRECS;7319.0;4;3;4
834200;;;UV_VISOR_MAGENTA;XIRECS;11472.0;4;3;4
834200;;;UV_VISOR_ORANGE;XIRECS;10186.0;4;3;4
834200;;;UV_VISOR_RED;XIRECS;10661.0;4;3;4
834200;;;UV_VISOR_YELLOW;XIRECS;11520.0;4;3;4
834400;;SUBMISSION;PEBBLES_XL;XIRECS;13344.0;2;3;4
834400;;;PEBBLES_L;XIRECS;10548.0;3;3;4
834400;;;PEBBLES_M;XIRECS;11164.0;3;3;4
834400;;;PEBBLES_S;XIRECS;8914.0;3;3;4
834400;;;PEBBLES_XS;XIRECS;6061.0;3;3;4
836000;SUBMISSION;;SNACKPACK_STRAWBERRY;XIRECS;10705.0;2;3;4
836000;SUBMISSION;;SNACKPACK_PISTACHIO;XIRECS;9279.0;2;3;4
836000;SUBMISSION;;SNACKPACK_VANILLA;XIRECS;9992.0;2;3;4
836300;;SUBMISSION;PEBBLES_XL;XIRECS;13200.0;5;3;4
836900;;SUBMISSION;SNACKPACK_STRAWBERRY;XIRECS;10687.0;2;3;4
836900;;SUBMISSION;SNACKPACK_PISTACHIO;XIRECS;9276.0;2;3;4
836900;;SUBMISSION;SNACKPACK_VANILLA;XIRECS;9986.0;2;3;4
836900;;;GALAXY_SOUNDS_BLACK_HOLES;XIRECS;10948.0;3;3;4
836900;;;GALAXY_SOUNDS_DARK_MATTER;XIRECS;10684.0;3;3;4
836900;;;GALAXY_SOUNDS_PLANETARY_RINGS;XIRECS;12143.0;3;3;4
836900;;;GALAXY_SOUNDS_SOLAR_FLAMES;XIRECS;11024.0;3;3;4
836900;;;GALAXY_SOUNDS_SOLAR_WINDS;XIRECS;11145.0;3;3;4
836900;;;OXYGEN_SHAKE_CHOCOLATE;XIRECS;9403.0;3;3;4
836900;;;OXYGEN_SHAKE_EVENING_BREATH;XIRECS;9226.0;3;3;4
836900;;;OXYGEN_SHAKE_GARLIC;XIRECS;12092.0;3;3;4
836900;;;OXYGEN_SHAKE_MINT;XIRECS;10127.0;3;3;4
836900;;;OXYGEN_SHAKE_MORNING_BREATH;XIRECS;8787.0;3;3;4
836900;;;PANEL_1X2;XIRECS;8599.0;3;3;4
836900;;;PANEL_1X4;XIRECS;8916.0;3;3;4
836900;;;PANEL_2X2;XIRECS;9630.0;3;3;4
836900;;;PANEL_2X4;XIRECS;11264.0;3;3;4
836900;;;PANEL_4X4;XIRECS;10097.0;3;3;4
836900;;;ROBOT_DISHES;XIRECS;9973.0;3;3;4
836900;;;ROBOT_IRONING;XIRECS;8243.0;3;3;4
836900;;;ROBOT_LAUNDRY;XIRECS;9853.0;3;3;4
836900;;;ROBOT_MOPPING;XIRECS;12173.0;3;3;4
836900;;;ROBOT_VACUUMING;XIRECS;8953.0;3;3;4
836900;;;SLEEP_POD_COTTON;XIRECS;11719.0;3;3;4
836900;;;SLEEP_POD_LAMB_WOOL;XIRECS;10470.0;3;3;4
836900;;;SLEEP_POD_NYLON;XIRECS;9477.0;3;3;4
836900;;;SLEEP_POD_POLYESTER;XIRECS;12344.0;3;3;4
836900;;;SLEEP_POD_SUEDE;XIRECS;12127.0;3;3;4
836900;;;SNACKPACK_CHOCOLATE;XIRECS;9950.0;3;3;4
836900;;;SNACKPACK_RASPBERRY;XIRECS;10314.0;3;3;4
836900;;;TRANSLATOR_ASTRO_BLACK;XIRECS;8610.0;3;3;4
836900;;;TRANSLATOR_ECLIPSE_CHARCOAL;XIRECS;9793.0;3;3;4
836900;;;TRANSLATOR_GRAPHITE_MIST;XIRECS;10213.0;3;3;4
836900;;;TRANSLATOR_SPACE_GRAY;XIRECS;9919.0;3;3;4
836900;;;TRANSLATOR_VOID_BLUE;XIRECS;10809.0;3;3;4
836900;;;UV_VISOR_AMBER;XIRECS;7319.0;3;3;4
836900;;;UV_VISOR_MAGENTA;XIRECS;11462.0;3;3;4
836900;;;UV_VISOR_ORANGE;XIRECS;10174.0;3;3;4
836900;;;UV_VISOR_RED;XIRECS;10672.0;3;3;4
836900;;;UV_VISOR_YELLOW;XIRECS;11582.0;3;3;4
837800;SUBMISSION;;SNACKPACK_STRAWBERRY;XIRECS;10645.0;4;3;4
837800;SUBMISSION;;SNACKPACK_PISTACHIO;XIRECS;9251.0;4;3;4
837800;SUBMISSION;;SNACKPACK_VANILLA;XIRECS;9983.0;4;3;4
839100;SUBMISSION;;PANEL_1X4;XIRECS;8945.0;5;3;4
839200;;;GALAXY_SOUNDS_BLACK_HOLES;XIRECS;10951.0;1;3;4
839200;;;GALAXY_SOUNDS_DARK_MATTER;XIRECS;10726.0;1;3;4
839200;;;GALAXY_SOUNDS_PLANETARY_RINGS;XIRECS;12108.0;1;3;4
839200;;;GALAXY_SOUNDS_SOLAR_FLAMES;XIRECS;10932.0;1;3;4
839200;;;GALAXY_SOUNDS_SOLAR_WINDS;XIRECS;11107.0;1;3;4
839200;;;OXYGEN_SHAKE_CHOCOLATE;XIRECS;9386.0;1;3;4
839200;;;OXYGEN_SHAKE_EVENING_BREATH;XIRECS;9254.0;1;3;4
839200;;;OXYGEN_SHAKE_GARLIC;XIRECS;12059.0;1;3;4
839200;;;OXYGEN_SHAKE_MINT;XIRECS;10151.0;1;3;4
839200;;;OXYGEN_SHAKE_MORNING_BREATH;XIRECS;8788.0;1;3;4
839200;;;PANEL_1X2;XIRECS;8607.0;1;3;4
839200;;;PANEL_1X4;XIRECS;8938.0;1;3;4
839200;;;PANEL_2X2;XIRECS;9635.0;1;3;4
839200;;;PANEL_2X4;XIRECS;11227.0;1;3;4
839200;;;PANEL_4X4;XIRECS;10079.0;1;3;4
839200;;;ROBOT_DISHES;XIRECS;9930.0;1;3;4
839200;;;ROBOT_IRONING;XIRECS;8237.0;1;3;4
839200;;;ROBOT_LAUNDRY;XIRECS;9790.0;1;3;4
839200;;;ROBOT_MOPPING;XIRECS;12232.0;1;3;4
839200;;;ROBOT_VACUUMING;XIRECS;8971.0;1;3;4
839200;;;SLEEP_POD_COTTON;XIRECS;11733.0;1;3;4
839200;;;SLEEP_POD_LAMB_WOOL;XIRECS;10471.0;1;3;4
839200;;;SLEEP_POD_NYLON;XIRECS;9500.0;1;3;4
839200;;;SLEEP_POD_POLYESTER;XIRECS;12325.0;1;3;4
839200;;;SLEEP_POD_SUEDE;XIRECS;12138.0;1;3;4
839200;;;SNACKPACK_CHOCOLATE;XIRECS;9905.0;1;3;4
839200;;;SNACKPACK_PISTACHIO;XIRECS;9222.0;1;3;4
839200;;;SNACKPACK_RASPBERRY;XIRECS;10350.0;1;3;4
839200;;;SNACKPACK_STRAWBERRY;XIRECS;10625.0;1;3;4
839200;;;SNACKPACK_VANILLA;XIRECS;9997.0;1;3;4
839200;;;TRANSLATOR_ASTRO_BLACK;XIRECS;8647.0;1;3;4
839200;;;TRANSLATOR_ECLIPSE_CHARCOAL;XIRECS;9764.0;1;3;4
839200;;;TRANSLATOR_GRAPHITE_MIST;XIRECS;10258.0;1;3;4
839200;;;TRANSLATOR_SPACE_GRAY;XIRECS;9983.0;1;3;4
839200;;;TRANSLATOR_VOID_BLUE;XIRECS;10798.0;1;3;4
839200;;;UV_VISOR_AMBER;XIRECS;7309.0;1;3;4
839200;;;UV_VISOR_MAGENTA;XIRECS;11433.0;1;3;4
839200;;;UV_VISOR_ORANGE;XIRECS;10137.0;1;3;4
839200;;;UV_VISOR_RED;XIRECS;10672.0;1;3;4
839200;;;UV_VISOR_YELLOW;XIRECS;11631.0;1;3;4
841100;;SUBMISSION;SNACKPACK_STRAWBERRY;XIRECS;10662.0;2;3;4
841100;;SUBMISSION;SNACKPACK_PISTACHIO;XIRECS;9250.0;2;3;4
841100;;SUBMISSION;SNACKPACK_VANILLA;XIRECS;9997.0;2;3;4
841100;;;GALAXY_SOUNDS_BLACK_HOLES;XIRECS;10954.0;4;3;4
841100;;;GALAXY_SOUNDS_DARK_MATTER;XIRECS;10798.0;4;3;4
841100;;;GALAXY_SOUNDS_PLANETARY_RINGS;XIRECS;12159.0;4;3;4
841100;;;GALAXY_SOUNDS_SOLAR_FLAMES;XIRECS;10952.0;4;3;4
841100;;;GALAXY_SOUNDS_SOLAR_WINDS;XIRECS;11107.0;4;3;4
841100;;;OXYGEN_SHAKE_CHOCOLATE;XIRECS;9441.0;4;3;4
841100;;;OXYGEN_SHAKE_EVENING_BREATH;XIRECS;9256.0;4;3;4
841100;;;OXYGEN_SHAKE_GARLIC;XIRECS;12104.0;4;3;4
841100;;;OXYGEN_SHAKE_MINT;XIRECS;10233.0;4;3;4
841100;;;OXYGEN_SHAKE_MORNING_BREATH;XIRECS;8793.0;4;3;4
841100;;;PANEL_1X2;XIRECS;8611.0;4;3;4
841100;;;PANEL_1X4;XIRECS;8966.0;4;3;4
841100;;;PANEL_2X2;XIRECS;9620.0;4;3;4
841100;;;PANEL_2X4;XIRECS;11199.0;4;3;4
841100;;;PANEL_4X4;XIRECS;10046.0;4;3;4
841100;;;ROBOT_DISHES;XIRECS;9985.0;4;3;4
841100;;;ROBOT_IRONING;XIRECS;8183.0;4;3;4
841100;;;ROBOT_LAUNDRY;XIRECS;9819.0;4;3;4
841100;;;ROBOT_MOPPING;XIRECS;12266.0;4;3;4
841100;;;ROBOT_VACUUMING;XIRECS;8982.0;4;3;4
841100;;;SLEEP_POD_COTTON;XIRECS;11843.0;4;3;4
841100;;;SLEEP_POD_LAMB_WOOL;XIRECS;10480.0;4;3;4
841100;;;SLEEP_POD_NYLON;XIRECS;9511.0;4;3;4
841100;;;SLEEP_POD_POLYESTER;XIRECS;12295.0;4;3;4
841100;;;SLEEP_POD_SUEDE;XIRECS;12192.0;4;3;4
841100;;;SNACKPACK_CHOCOLATE;XIRECS;9933.0;4;3;4
841100;;;SNACKPACK_RASPBERRY;XIRECS;10353.0;4;3;4
841100;;;TRANSLATOR_ASTRO_BLACK;XIRECS;8681.0;4;3;4
841100;;;TRANSLATOR_ECLIPSE_CHARCOAL;XIRECS;9755.0;4;3;4
841100;;;TRANSLATOR_GRAPHITE_MIST;XIRECS;10217.0;4;3;4
841100;;;TRANSLATOR_SPACE_GRAY;XIRECS;9938.0;4;3;4
841100;;;TRANSLATOR_VOID_BLUE;XIRECS;10766.0;4;3;4
841100;;;UV_VISOR_AMBER;XIRECS;7287.0;4;3;4
841100;;;UV_VISOR_MAGENTA;XIRECS;11436.0;4;3;4
841100;;;UV_VISOR_ORANGE;XIRECS;10133.0;4;3;4
841100;;;UV_VISOR_RED;XIRECS;10653.0;4;3;4
841100;;;UV_VISOR_YELLOW;XIRECS;11593.0;4;3;4
842700;SUBMISSION;;PANEL_1X4;XIRECS;9026.0;5;3;4
843300;;;GALAXY_SOUNDS_BLACK_HOLES;XIRECS;10984.0;4;3;4
843300;;;GALAXY_SOUNDS_DARK_MATTER;XIRECS;10828.0;4;3;4
843300;;;GALAXY_SOUNDS_PLANETARY_RINGS;XIRECS;12139.0;4;3;4
843300;;;GALAXY_SOUNDS_SOLAR_FLAMES;XIRECS;10988.0;4;3;4
843300;;;GALAXY_SOUNDS_SOLAR_WINDS;XIRECS;11138.0;4;3;4
843300;;;OXYGEN_SHAKE_CHOCOLATE;XIRECS;9497.0;4;3;4
843300;;;OXYGEN_SHAKE_EVENING_BREATH;XIRECS;9234.0;4;3;4
843300;;;OXYGEN_SHAKE_GARLIC;XIRECS;12076.0;4;3;4
843300;;;OXYGEN_SHAKE_MINT;XIRECS;10188.0;4;3;4
843300;;;OXYGEN_SHAKE_MORNING_BREATH;XIRECS;8750.0;4;3;4
843300;;;PANEL_1X2;XIRECS;8538.0;4;3;4
843300;;;PANEL_1X4;XIRECS;9034.0;4;3;4
843300;;;PANEL_2X2;XIRECS;9570.0;4;3;4
843300;;;PANEL_2X4;XIRECS;11270.0;4;3;4
843300;;;PANEL_4X4;XIRECS;10072.0;4;3;4
843300;;;ROBOT_DISHES;XIRECS;9850.0;4;3;4
843300;;;ROBOT_IRONING;XIRECS;8157.0;4;3;4
843300;;;ROBOT_LAUNDRY;XIRECS;9845.0;4;3;4
843300;;;ROBOT_MOPPING;XIRECS;12218.0;4;3;4
843300;;;ROBOT_VACUUMING;XIRECS;9002.0;4;3;4
843300;;;SLEEP_POD_COTTON;XIRECS;11781.0;4;3;4
843300;;;SLEEP_POD_LAMB_WOOL;XIRECS;10533.0;4;3;4
843300;;;SLEEP_POD_NYLON;XIRECS;9464.0;4;3;4
843300;;;SLEEP_POD_POLYESTER;XIRECS;12286.0;4;3;4
843300;;;SLEEP_POD_SUEDE;XIRECS;12242.0;4;3;4
843300;;;SNACKPACK_CHOCOLATE;XIRECS;9952.0;4;3;4
843300;;;SNACKPACK_PISTACHIO;XIRECS;9240.0;4;3;4
843300;;;SNACKPACK_RASPBERRY;XIRECS;10332.0;4;3;4
843300;;;SNACKPACK_STRAWBERRY;XIRECS;10649.0;4;3;4
843300;;;SNACKPACK_VANILLA;XIRECS;9955.0;4;3;4
843300;;;TRANSLATOR_ASTRO_BLACK;XIRECS;8680.0;4;3;4
843300;;;TRANSLATOR_ECLIPSE_CHARCOAL;XIRECS;9800.0;4;3;4
843300;;;TRANSLATOR_GRAPHITE_MIST;XIRECS;10201.0;4;3;4
843300;;;TRANSLATOR_SPACE_GRAY;XIRECS;9915.0;4;3;4
843300;;;TRANSLATOR_VOID_BLUE;XIRECS;10697.0;4;3;4
843300;;;UV_VISOR_AMBER;XIRECS;7294.0;4;3;4
843300;;;UV_VISOR_MAGENTA;XIRECS;11457.0;4;3;4
843300;;;UV_VISOR_ORANGE;XIRECS;10100.0;4;3;4
843300;;;UV_VISOR_RED;XIRECS;10587.0;4;3;4
843300;;;UV_VISOR_YELLOW;XIRECS;11442.0;4;3;4
844000;;;MICROCHIP_CIRCLE;XIRECS;8695.0;3;3;4
844000;;;MICROCHIP_OVAL;XIRECS;8342.0;3;3;4
844000;;;MICROCHIP_RECTANGLE;XIRECS;7728.0;3;3;4
844000;;;MICROCHIP_SQUARE;XIRECS;15545.0;3;3;4
844000;;;MICROCHIP_TRIANGLE;XIRECS;10228.0;3;3;4
844400;SUBMISSION;;PANEL_1X4;XIRECS;9090.0;5;3;4
844400;SUBMISSION;;PEBBLES_XL;XIRECS;13350.0;4;3;4
844400;SUBMISSION;;PEBBLES_XL;XIRECS;13359.0;13;3;4
844500;SUBMISSION;;GALAXY_SOUNDS_BLACK_HOLES;XIRECS;11076.0;5;3;4
845100;;;MICROCHIP_CIRCLE;XIRECS;8687.0;1;3;4
845100;;;MICROCHIP_OVAL;XIRECS;8426.0;1;3;4
845100;;;MICROCHIP_RECTANGLE;XIRECS;7661.0;1;3;4
845100;;;MICROCHIP_SQUARE;XIRECS;15488.0;1;3;4
845100;;;MICROCHIP_TRIANGLE;XIRECS;10255.0;1;3;4
845400;;SUBMISSION;SNACKPACK_STRAWBERRY;XIRECS;10673.0;2;3;4
845400;;SUBMISSION;SNACKPACK_PISTACHIO;XIRECS;9246.0;2;3;4
845400;;SUBMISSION;SNACKPACK_VANILLA;XIRECS;10001.0;2;3;4
845400;;;GALAXY_SOUNDS_BLACK_HOLES;XIRECS;11113.0;2;3;4
845400;;;GALAXY_SOUNDS_DARK_MATTER;XIRECS;10829.0;2;3;4
845400;;;GALAXY_SOUNDS_PLANETARY_RINGS;XIRECS;12126.0;2;3;4
845400;;;GALAXY_SOUNDS_SOLAR_FLAMES;XIRECS;10932.0;2;3;4
845400;;;GALAXY_SOUNDS_SOLAR_WINDS;XIRECS;11243.0;2;3;4
845400;;;OXYGEN_SHAKE_CHOCOLATE;XIRECS;9530.0;2;3;4
845400;;;OXYGEN_SHAKE_EVENING_BREATH;XIRECS;9236.0;2;3;4
845400;;;OXYGEN_SHAKE_GARLIC;XIRECS;12109.0;2;3;4
845400;;;OXYGEN_SHAKE_MINT;XIRECS;10210.0;2;3;4
845400;;;OXYGEN_SHAKE_MORNING_BREATH;XIRECS;8743.0;2;3;4
845400;;;PANEL_1X2;XIRECS;8574.0;2;3;4
845400;;;PANEL_1X4;XIRECS;9057.0;2;3;4
845400;;;PANEL_2X2;XIRECS;9544.0;2;3;4
845400;;;PANEL_2X4;XIRECS;11298.0;2;3;4
845400;;;PANEL_4X4;XIRECS;10116.0;2;3;4
845400;;;ROBOT_DISHES;XIRECS;9787.0;2;3;4
845400;;;ROBOT_IRONING;XIRECS;8173.0;2;3;4
845400;;;ROBOT_LAUNDRY;XIRECS;9868.0;2;3;4
845400;;;ROBOT_MOPPING;XIRECS;12250.0;2;3;4
845400;;;ROBOT_VACUUMING;XIRECS;9009.0;2;3;4
845400;;;SLEEP_POD_COTTON;XIRECS;11753.0;2;3;4
845400;;;SLEEP_POD_LAMB_WOOL;XIRECS;10655.0;2;3;4
845400;;;SLEEP_POD_NYLON;XIRECS;9505.0;2;3;4
845400;;;SLEEP_POD_POLYESTER;XIRECS;12321.0;2;3;4
845400;;;SLEEP_POD_SUEDE;XIRECS;12268.0;2;3;4
845400;;;SNACKPACK_CHOCOLATE;XIRECS;9936.0;2;3;4
845400;;;SNACKPACK_RASPBERRY;XIRECS;10346.0;2;3;4
845400;;;TRANSLATOR_ASTRO_BLACK;XIRECS;8690.0;2;3;4
845400;;;TRANSLATOR_ECLIPSE_CHARCOAL;XIRECS;9797.0;2;3;4
845400;;;TRANSLATOR_GRAPHITE_MIST;XIRECS;10267.0;2;3;4
845400;;;TRANSLATOR_SPACE_GRAY;XIRECS;9921.0;2;3;4
845400;;;TRANSLATOR_VOID_BLUE;XIRECS;10674.0;2;3;4
845400;;;UV_VISOR_AMBER;XIRECS;7234.0;2;3;4
845400;;;UV_VISOR_MAGENTA;XIRECS;11494.0;2;3;4
845400;;;UV_VISOR_ORANGE;XIRECS;10132.0;2;3;4
845400;;;UV_VISOR_RED;XIRECS;10585.0;2;3;4
845400;;;UV_VISOR_YELLOW;XIRECS;11455.0;2;3;4
846100;SUBMISSION;;GALAXY_SOUNDS_BLACK_HOLES;XIRECS;11122.0;5;3;4
847100;SUBMISSION;;SNACKPACK_STRAWBERRY;XIRECS;10725.0;2;3;4
847100;SUBMISSION;;SNACKPACK_PISTACHIO;XIRECS;9276.0;2;3;4
847100;SUBMISSION;;SNACKPACK_VANILLA;XIRECS;10007.0;2;3;4
847400;;;GALAXY_SOUNDS_BLACK_HOLES;XIRECS;10998.0;3;3;4
847400;;;GALAXY_SOUNDS_DARK_MATTER;XIRECS;10855.0;3;3;4
847400;;;GALAXY_SOUNDS_PLANETARY_RINGS;XIRECS;12061.0;3;3;4
847400;;;GALAXY_SOUNDS_SOLAR_FLAMES;XIRECS;10982.0;3;3;4
847400;;;GALAXY_SOUNDS_SOLAR_WINDS;XIRECS;11255.0;3;3;4
847400;;;OXYGEN_SHAKE_CHOCOLATE;XIRECS;9514.0;3;3;4
847400;;;OXYGEN_SHAKE_EVENING_BREATH;XIRECS;9214.0;3;3;4
847400;;;OXYGEN_SHAKE_GARLIC;XIRECS;12095.0;3;3;4
847400;;;OXYGEN_SHAKE_MINT;XIRECS;10235.0;3;3;4
847400;;;OXYGEN_SHAKE_MORNING_BREATH;XIRECS;8750.0;3;3;4
847400;;;PANEL_1X2;XIRECS;8594.0;3;3;4
847400;;;PANEL_1X4;XIRECS;8977.0;3;3;4
847400;;;PANEL_2X2;XIRECS;9510.0;3;3;4
847400;;;PANEL_2X4;XIRECS;11332.0;3;3;4
847400;;;PANEL_4X4;XIRECS;10145.0;3;3;4
847400;;;ROBOT_DISHES;XIRECS;9844.0;3;3;4
847400;;;ROBOT_IRONING;XIRECS;8077.0;3;3;4
847400;;;ROBOT_LAUNDRY;XIRECS;9844.0;3;3;4
847400;;;ROBOT_MOPPING;XIRECS;12180.0;3;3;4
847400;;;ROBOT_VACUUMING;XIRECS;8989.0;3;3;4
847400;;;SLEEP_POD_COTTON;XIRECS;11757.0;3;3;4
847400;;;SLEEP_POD_LAMB_WOOL;XIRECS;10684.0;3;3;4
847400;;;SLEEP_POD_NYLON;XIRECS;9449.0;3;3;4
847400;;;SLEEP_POD_POLYESTER;XIRECS;12289.0;3;3;4
847400;;;SLEEP_POD_SUEDE;XIRECS;12281.0;3;3;4
847400;;;SNACKPACK_CHOCOLATE;XIRECS;9890.0;3;3;4
847400;;;SNACKPACK_PISTACHIO;XIRECS;9273.0;3;3;4
847400;;;SNACKPACK_RASPBERRY;XIRECS;10248.0;3;3;4
847400;;;SNACKPACK_STRAWBERRY;XIRECS;10728.0;3;3;4
847400;;;SNACKPACK_VANILLA;XIRECS;10013.0;3;3;4
847400;;;TRANSLATOR_ASTRO_BLACK;XIRECS;8645.0;3;3;4
847400;;;TRANSLATOR_ECLIPSE_CHARCOAL;XIRECS;9864.0;3;3;4
847400;;;TRANSLATOR_GRAPHITE_MIST;XIRECS;10260.0;3;3;4
847400;;;TRANSLATOR_SPACE_GRAY;XIRECS;9928.0;3;3;4
847400;;;TRANSLATOR_VOID_BLUE;XIRECS;10630.0;3;3;4
847400;;;UV_VISOR_AMBER;XIRECS;7208.0;3;3;4
847400;;;UV_VISOR_MAGENTA;XIRECS;11495.0;3;3;4
847400;;;UV_VISOR_ORANGE;XIRECS;10143.0;3;3;4
847400;;;UV_VISOR_RED;XIRECS;10562.0;3;3;4
847400;;;UV_VISOR_YELLOW;XIRECS;11529.0;3;3;4
847800;;;GALAXY_SOUNDS_BLACK_HOLES;XIRECS;11001.0;2;3;4
847800;;;GALAXY_SOUNDS_DARK_MATTER;XIRECS;10884.0;2;3;4
847800;;;GALAXY_SOUNDS_PLANETARY_RINGS;XIRECS;12047.0;2;3;4
847800;;;GALAXY_SOUNDS_SOLAR_FLAMES;XIRECS;10957.0;2;3;4
847800;;;GALAXY_SOUNDS_SOLAR_WINDS;XIRECS;11277.0;2;3;4
847800;;;OXYGEN_SHAKE_CHOCOLATE;XIRECS;9525.0;2;3;4
847800;;;OXYGEN_SHAKE_EVENING_BREATH;XIRECS;9184.0;2;3;4
847800;;;OXYGEN_SHAKE_GARLIC;XIRECS;12093.0;2;3;4
847800;;;OXYGEN_SHAKE_MINT;XIRECS;10232.0;2;3;4
847800;;;OXYGEN_SHAKE_MORNING_BREATH;XIRECS;8759.0;2;3;4
847800;;;PANEL_1X2;XIRECS;8579.0;2;3;4
847800;;;PANEL_1X4;XIRECS;8974.0;2;3;4
847800;;;PANEL_2X2;XIRECS;9513.0;2;3;4
847800;;;PANEL_2X4;XIRECS;11303.0;2;3;4
847800;;;PANEL_4X4;XIRECS;10168.0;2;3;4
847800;;;ROBOT_DISHES;XIRECS;9832.0;2;3;4
847800;;;ROBOT_IRONING;XIRECS;8087.0;2;3;4
847800;;;ROBOT_LAUNDRY;XIRECS;9839.0;2;3;4
847800;;;ROBOT_MOPPING;XIRECS;12150.0;2;3;4
847800;;;ROBOT_VACUUMING;XIRECS;8987.0;2;3;4
847800;;;SLEEP_POD_COTTON;XIRECS;11746.0;2;3;4
847800;;;SLEEP_POD_LAMB_WOOL;XIRECS;10673.0;2;3;4
847800;;;SLEEP_POD_NYLON;XIRECS;9458.0;2;3;4
847800;;;SLEEP_POD_POLYESTER;XIRECS;12284.0;2;3;4
847800;;;SLEEP_POD_SUEDE;XIRECS;12308.0;2;3;4
847800;;;SNACKPACK_CHOCOLATE;XIRECS;9877.0;2;3;4
847800;;;SNACKPACK_PISTACHIO;XIRECS;9261.0;2;3;4
847800;;;SNACKPACK_RASPBERRY;XIRECS;10271.0;2;3;4
847800;;;SNACKPACK_STRAWBERRY;XIRECS;10706.0;2;3;4
847800;;;SNACKPACK_VANILLA;XIRECS;10025.0;2;3;4
847800;;;TRANSLATOR_ASTRO_BLACK;XIRECS;8637.0;2;3;4
847800;;;TRANSLATOR_ECLIPSE_CHARCOAL;XIRECS;9876.0;2;3;4
847800;;;TRANSLATOR_GRAPHITE_MIST;XIRECS;10222.0;2;3;4
847800;;;TRANSLATOR_SPACE_GRAY;XIRECS;9937.0;2;3;4
847800;;;TRANSLATOR_VOID_BLUE;XIRECS;10690.0;2;3;4
847800;;;UV_VISOR_AMBER;XIRECS;7196.0;2;3;4
847800;;;UV_VISOR_MAGENTA;XIRECS;11510.0;2;3;4
847800;;;UV_VISOR_ORANGE;XIRECS;10165.0;2;3;4
847800;;;UV_VISOR_RED;XIRECS;10542.0;2;3;4
847800;;;UV_VISOR_YELLOW;XIRECS;11506.0;2;3;4
847900;;SUBMISSION;PEBBLES_XL;XIRECS;13093.0;2;3;4
847900;;;PEBBLES_L;XIRECS;10691.0;3;3;4
847900;;;PEBBLES_M;XIRECS;11086.0;3;3;4
847900;;;PEBBLES_S;XIRECS;8908.0;3;3;4
847900;;;PEBBLES_XS;XIRECS;6253.0;3;3;4
849900;;;GALAXY_SOUNDS_BLACK_HOLES;XIRECS;11010.0;4;3;4
849900;;;GALAXY_SOUNDS_DARK_MATTER;XIRECS;11002.0;4;3;4
849900;;;GALAXY_SOUNDS_PLANETARY_RINGS;XIRECS;12021.0;4;3;4
849900;;;GALAXY_SOUNDS_SOLAR_FLAMES;XIRECS;10916.0;4;3;4
849900;;;GALAXY_SOUNDS_SOLAR_WINDS;XIRECS;11240.0;4;3;4
849900;;;OXYGEN_SHAKE_CHOCOLATE;XIRECS;9471.0;4;3;4
849900;;;OXYGEN_SHAKE_EVENING_BREATH;XIRECS;9214.0;4;3;4
849900;;;OXYGEN_SHAKE_GARLIC;XIRECS;12092.0;4;3;4
849900;;;OXYGEN_SHAKE_MINT;XIRECS;10251.0;4;3;4
849900;;;OXYGEN_SHAKE_MORNING_BREATH;XIRECS;8793.0;4;3;4
849900;;;PANEL_1X2;XIRECS;8602.0;4;3;4
849900;;;PANEL_1X4;XIRECS;9028.0;4;3;4
849900;;;PANEL_2X2;XIRECS;9531.0;4;3;4
849900;;;PANEL_2X4;XIRECS;11196.0;4;3;4
849900;;;PANEL_4X4;XIRECS;10090.0;4;3;4
849900;;;ROBOT_DISHES;XIRECS;9771.0;4;3;4
849900;;;ROBOT_IRONING;XIRECS;8037.0;4;3;4
849900;;;ROBOT_LAUNDRY;XIRECS;9823.0;4;3;4
849900;;;ROBOT_MOPPING;XIRECS;12120.0;4;3;4
849900;;;ROBOT_VACUUMING;XIRECS;9016.0;4;3;4
849900;;;SLEEP_POD_COTTON;XIRECS;11837.0;4;3;4
849900;;;SLEEP_POD_LAMB_WOOL;XIRECS;10738.0;4;3;4
849900;;;SLEEP_POD_NYLON;XIRECS;9464.0;4;3;4
849900;;;SLEEP_POD_POLYESTER;XIRECS;12316.0;4;3;4
849900;;;SLEEP_POD_SUEDE;XIRECS;12312.0;4;3;4
849900;;;SNACKPACK_CHOCOLATE;XIRECS;9813.0;4;3;4
849900;;;SNACKPACK_PISTACHIO;XIRECS;9248.0;4;3;4
849900;;;SNACKPACK_RASPBERRY;XIRECS;10278.0;4;3;4
849900;;;SNACKPACK_STRAWBERRY;XIRECS;10682.0;4;3;4
849900;;;SNACKPACK_VANILLA;XIRECS;10095.0;4;3;4
849900;;;TRANSLATOR_ASTRO_BLACK;XIRECS;8688.0;4;3;4
849900;;;TRANSLATOR_ECLIPSE_CHARCOAL;XIRECS;9859.0;4;3;4
849900;;;TRANSLATOR_GRAPHITE_MIST;XIRECS;10207.0;4;3;4
849900;;;TRANSLATOR_SPACE_GRAY;XIRECS;9956.0;4;3;4
849900;;;TRANSLATOR_VOID_BLUE;XIRECS;10698.0;4;3;4
849900;;;UV_VISOR_AMBER;XIRECS;7185.0;4;3;4
849900;;;UV_VISOR_MAGENTA;XIRECS;11557.0;4;3;4
849900;;;UV_VISOR_ORANGE;XIRECS;10173.0;4;3;4
849900;;;UV_VISOR_RED;XIRECS;10541.0;4;3;4
849900;;;UV_VISOR_YELLOW;XIRECS;11497.0;4;3;4
850800;;SUBMISSION;GALAXY_SOUNDS_BLACK_HOLES;XIRECS;10952.0;5;3;4
852100;;;GALAXY_SOUNDS_BLACK_HOLES;XIRECS;10864.0;2;3;4
852100;;;GALAXY_SOUNDS_DARK_MATTER;XIRECS;11029.0;2;3;4
852100;;;GALAXY_SOUNDS_PLANETARY_RINGS;XIRECS;12007.0;2;3;4
852100;;;GALAXY_SOUNDS_SOLAR_FLAMES;XIRECS;10985.0;2;3;4
852100;;;GALAXY_SOUNDS_SOLAR_WINDS;XIRECS;11263.0;2;3;4
852100;;;OXYGEN_SHAKE_CHOCOLATE;XIRECS;9495.0;2;3;4
852100;;;OXYGEN_SHAKE_EVENING_BREATH;XIRECS;9204.0;2;3;4
852100;;;OXYGEN_SHAKE_GARLIC;XIRECS;12169.0;2;3;4
852100;;;OXYGEN_SHAKE_MINT;XIRECS;10252.0;2;3;4
852100;;;OXYGEN_SHAKE_MORNING_BREATH;XIRECS;8716.0;2;3;4
852100;;;PANEL_1X2;XIRECS;8554.0;2;3;4
852100;;;PANEL_1X4;XIRECS;9071.0;2;3;4
852100;;;PANEL_2X2;XIRECS;9482.0;2;3;4
852100;;;PANEL_2X4;XIRECS;11228.0;2;3;4
852100;;;PANEL_4X4;XIRECS;10049.0;2;3;4
852100;;;ROBOT_DISHES;XIRECS;9820.0;2;3;4
852100;;;ROBOT_IRONING;XIRECS;8087.0;2;3;4
852100;;;ROBOT_LAUNDRY;XIRECS;9767.0;2;3;4
852100;;;ROBOT_MOPPING;XIRECS;12159.0;2;3;4
852100;;;ROBOT_VACUUMING;XIRECS;9011.0;2;3;4
852100;;;SLEEP_POD_COTTON;XIRECS;11836.0;2;3;4
852100;;;SLEEP_POD_LAMB_WOOL;XIRECS;10705.0;2;3;4
852100;;;SLEEP_POD_NYLON;XIRECS;9438.0;2;3;4
852100;;;SLEEP_POD_POLYESTER;XIRECS;12338.0;2;3;4
852100;;;SLEEP_POD_SUEDE;XIRECS;12264.0;2;3;4
852100;;;SNACKPACK_CHOCOLATE;XIRECS;9773.0;2;3;4
852100;;;SNACKPACK_PISTACHIO;XIRECS;9286.0;2;3;4
852100;;;SNACKPACK_RASPBERRY;XIRECS;10212.0;2;3;4
852100;;;SNACKPACK_STRAWBERRY;XIRECS;10753.0;2;3;4
852100;;;SNACKPACK_VANILLA;XIRECS;10140.0;2;3;4
852100;;;TRANSLATOR_ASTRO_BLACK;XIRECS;8688.0;2;3;4
852100;;;TRANSLATOR_ECLIPSE_CHARCOAL;XIRECS;9875.0;2;3;4
852100;;;TRANSLATOR_GRAPHITE_MIST;XIRECS;10243.0;2;3;4
852100;;;TRANSLATOR_SPACE_GRAY;XIRECS;9958.0;2;3;4
852100;;;TRANSLATOR_VOID_BLUE;XIRECS;10705.0;2;3;4
852100;;;UV_VISOR_AMBER;XIRECS;7191.0;2;3;4
852100;;;UV_VISOR_MAGENTA;XIRECS;11501.0;2;3;4
852100;;;UV_VISOR_ORANGE;XIRECS;10188.0;2;3;4
852100;;;UV_VISOR_RED;XIRECS;10547.0;2;3;4
852100;;;UV_VISOR_YELLOW;XIRECS;11450.0;2;3;4
852700;;;MICROCHIP_CIRCLE;XIRECS;8650.0;3;3;4
852700;;;MICROCHIP_OVAL;XIRECS;8306.0;3;3;4
852700;;;MICROCHIP_RECTANGLE;XIRECS;7587.0;3;3;4
852700;;;MICROCHIP_SQUARE;XIRECS;15124.0;3;3;4
852700;;;MICROCHIP_TRIANGLE;XIRECS;10541.0;3;3;4
852900;;SUBMISSION;GALAXY_SOUNDS_BLACK_HOLES;XIRECS;10868.0;5;3;4
852900;SUBMISSION;;PEBBLES_XL;XIRECS;12977.0;2;3;4
853100;SUBMISSION;;SLEEP_POD_COTTON;XIRECS;11829.0;5;3;4
853200;;;MICROCHIP_CIRCLE;XIRECS;8630.0;3;3;4
853200;;;MICROCHIP_OVAL;XIRECS;8280.0;3;3;4
853200;;;MICROCHIP_RECTANGLE;XIRECS;7614.0;3;3;4
853200;;;MICROCHIP_SQUARE;XIRECS;15156.0;3;3;4
853200;;;MICROCHIP_TRIANGLE;XIRECS;10525.0;3;3;4
853500;;SUBMISSION;PEBBLES_XL;XIRECS;13022.0;6;3;4
854500;;;GALAXY_SOUNDS_BLACK_HOLES;XIRECS;10909.0;1;3;4
854500;;;GALAXY_SOUNDS_DARK_MATTER;XIRECS;11031.0;1;3;4
854500;;;GALAXY_SOUNDS_PLANETARY_RINGS;XIRECS;12023.0;1;3;4
854500;;;GALAXY_SOUNDS_SOLAR_FLAMES;XIRECS;10948.0;1;3;4
854500;;;GALAXY_SOUNDS_SOLAR_WINDS;XIRECS;11219.0;1;3;4
854500;;;OXYGEN_SHAKE_CHOCOLATE;XIRECS;9600.0;1;3;4
854500;;;OXYGEN_SHAKE_EVENING_BREATH;XIRECS;9274.0;1;3;4
854500;;;OXYGEN_SHAKE_GARLIC;XIRECS;12145.0;1;3;4
854500;;;OXYGEN_SHAKE_MINT;XIRECS;10178.0;1;3;4
854500;;;OXYGEN_SHAKE_MORNING_BREATH;XIRECS;8719.0;1;3;4
854500;;;PANEL_1X2;XIRECS;8589.0;1;3;4
854500;;;PANEL_1X4;XIRECS;9058.0;1;3;4
854500;;;PANEL_2X2;XIRECS;9447.0;1;3;4
854500;;;PANEL_2X4;XIRECS;11328.0;1;3;4
854500;;;PANEL_4X4;XIRECS;10055.0;1;3;4
854500;;;ROBOT_DISHES;XIRECS;9785.0;1;3;4
854500;;;ROBOT_IRONING;XIRECS;8147.0;1;3;4
854500;;;ROBOT_LAUNDRY;XIRECS;9769.0;1;3;4
854500;;;ROBOT_MOPPING;XIRECS;12267.0;1;3;4
854500;;;ROBOT_VACUUMING;XIRECS;8924.0;1;3;4
854500;;;SLEEP_POD_COTTON;XIRECS;11816.0;1;3;4
854500;;;SLEEP_POD_LAMB_WOOL;XIRECS;10748.0;1;3;4
854500;;;SLEEP_POD_NYLON;XIRECS;9483.0;1;3;4
854500;;;SLEEP_POD_POLYESTER;XIRECS;12441.0;1;3;4
854500;;;SLEEP_POD_SUEDE;XIRECS;12413.0;1;3;4
854500;;;SNACKPACK_CHOCOLATE;XIRECS;9772.0;1;3;4
854500;;;SNACKPACK_PISTACHIO;XIRECS;9259.0;1;3;4
854500;;;SNACKPACK_RASPBERRY;XIRECS;10252.0;1;3;4
854500;;;SNACKPACK_STRAWBERRY;XIRECS;10715.0;1;3;4
854500;;;SNACKPACK_VANILLA;XIRECS;10141.0;1;3;4
854500;;;TRANSLATOR_ASTRO_BLACK;XIRECS;8665.0;1;3;4
854500;;;TRANSLATOR_ECLIPSE_CHARCOAL;XIRECS;9862.0;1;3;4
854500;;;TRANSLATOR_GRAPHITE_MIST;XIRECS;10302.0;1;3;4
854500;;;TRANSLATOR_SPACE_GRAY;XIRECS;9895.0;1;3;4
854500;;;TRANSLATOR_VOID_BLUE;XIRECS;10784.0;1;3;4
854500;;;UV_VISOR_AMBER;XIRECS;7201.0;1;3;4
854500;;;UV_VISOR_MAGENTA;XIRECS;11447.0;1;3;4
854500;;;UV_VISOR_ORANGE;XIRECS;10163.0;1;3;4
854500;;;UV_VISOR_RED;XIRECS;10553.0;1;3;4
854500;;;UV_VISOR_YELLOW;XIRECS;11518.0;1;3;4
854600;;;MICROCHIP_CIRCLE;XIRECS;8600.0;2;3;4
854600;;;MICROCHIP_OVAL;XIRECS;8309.0;2;3;4
854600;;;MICROCHIP_RECTANGLE;XIRECS;7641.0;2;3;4
854600;;;MICROCHIP_SQUARE;XIRECS;15240.0;2;3;4
854600;;;MICROCHIP_TRIANGLE;XIRECS;10500.0;2;3;4
855700;SUBMISSION;;PEBBLES_XL;XIRECS;13061.0;2;3;4
855700;;;MICROCHIP_CIRCLE;XIRECS;8556.0;2;3;4
855700;;;MICROCHIP_OVAL;XIRECS;8237.0;2;3;4
855700;;;MICROCHIP_RECTANGLE;XIRECS;7632.0;2;3;4
855700;;;MICROCHIP_SQUARE;XIRECS;15248.0;2;3;4
855700;;;MICROCHIP_TRIANGLE;XIRECS;10561.0;2;3;4
855700;;;PEBBLES_L;XIRECS;10777.0;5;3;4
855700;;;PEBBLES_M;XIRECS;11116.0;5;3;4
855700;;;PEBBLES_S;XIRECS;8856.0;5;3;4
855700;;;PEBBLES_XS;XIRECS;6159.0;5;3;4
856300;SUBMISSION;;PEBBLES_XL;XIRECS;13024.0;4;3;4
856400;;SUBMISSION;PEBBLES_XL;XIRECS;13071.0;7;3;4
858200;;SUBMISSION;GALAXY_SOUNDS_PLANETARY_RINGS;XIRECS;11854.0;5;3;4
858500;SUBMISSION;;PEBBLES_XL;XIRECS;12871.0;2;3;4
858500;;;PEBBLES_L;XIRECS;10734.0;4;3;4
858500;;;PEBBLES_M;XIRECS;11233.0;4;3;4
858500;;;PEBBLES_S;XIRECS;8964.0;4;3;4
858500;;;PEBBLES_XS;XIRECS;6167.0;4;3;4
858600;;SUBMISSION;SNACKPACK_STRAWBERRY;XIRECS;10684.0;3;3;4
858600;;SUBMISSION;SNACKPACK_PISTACHIO;XIRECS;9252.0;3;3;4
858600;;SUBMISSION;SNACKPACK_VANILLA;XIRECS;10211.0;3;3;4
859400;SUBMISSION;;PEBBLES_XL;XIRECS;12959.0;5;3;4
859600;;SUBMISSION;PEBBLES_XL;XIRECS;12968.0;6;3;4
859800;SUBMISSION;;PEBBLES_XL;XIRECS;12950.0;2;3;4
859800;;;PEBBLES_L;XIRECS;10763.0;5;3;4
859800;;;PEBBLES_M;XIRECS;11155.0;5;3;4
859800;;;PEBBLES_S;XIRECS;8881.0;5;3;4
859800;;;PEBBLES_XS;XIRECS;6221.0;5;3;4
860900;SUBMISSION;;GALAXY_SOUNDS_BLACK_HOLES;XIRECS;11015.0;5;3;4
861200;;SUBMISSION;SLEEP_POD_COTTON;XIRECS;11753.0;5;3;4
861700;;;GALAXY_SOUNDS_BLACK_HOLES;XIRECS;10989.0;1;3;4
861700;;;GALAXY_SOUNDS_DARK_MATTER;XIRECS;10958.0;1;3;4
861700;;;GALAXY_SOUNDS_PLANETARY_RINGS;XIRECS;11947.0;1;3;4
861700;;;GALAXY_SOUNDS_SOLAR_FLAMES;XIRECS;10842.0;1;3;4
861700;;;GALAXY_SOUNDS_SOLAR_WINDS;XIRECS;11149.0;1;3;4
861700;;;OXYGEN_SHAKE_CHOCOLATE;XIRECS;9695.0;1;3;4
861700;;;OXYGEN_SHAKE_EVENING_BREATH;XIRECS;9306.0;1;3;4
861700;;;OXYGEN_SHAKE_GARLIC;XIRECS;12404.0;1;3;4
861700;;;OXYGEN_SHAKE_MINT;XIRECS;10302.0;1;3;4
861700;;;OXYGEN_SHAKE_MORNING_BREATH;XIRECS;8735.0;1;3;4
861700;;;PANEL_1X2;XIRECS;8627.0;1;3;4
861700;;;PANEL_1X4;XIRECS;9143.0;1;3;4
861700;;;PANEL_2X2;XIRECS;9373.0;1;3;4
861700;;;PANEL_2X4;XIRECS;11305.0;1;3;4
861700;;;PANEL_4X4;XIRECS;10112.0;1;3;4
861700;;;ROBOT_DISHES;XIRECS;9765.0;1;3;4
861700;;;ROBOT_IRONING;XIRECS;8043.0;1;3;4
861700;;;ROBOT_LAUNDRY;XIRECS;9848.0;1;3;4
861700;;;ROBOT_MOPPING;XIRECS;12186.0;1;3;4
861700;;;ROBOT_VACUUMING;XIRECS;8868.0;1;3;4
861700;;;SLEEP_POD_COTTON;XIRECS;11756.0;1;3;4
861700;;;SLEEP_POD_LAMB_WOOL;XIRECS;10697.0;1;3;4
861700;;;SLEEP_POD_NYLON;XIRECS;9508.0;1;3;4
861700;;;SLEEP_POD_POLYESTER;XIRECS;12560.0;1;3;4
861700;;;SLEEP_POD_SUEDE;XIRECS;12401.0;1;3;4
861700;;;SNACKPACK_CHOCOLATE;XIRECS;9730.0;1;3;4
861700;;;SNACKPACK_PISTACHIO;XIRECS;9269.0;1;3;4
861700;;;SNACKPACK_RASPBERRY;XIRECS;10314.0;1;3;4
861700;;;SNACKPACK_STRAWBERRY;XIRECS;10694.0;1;3;4
861700;;;SNACKPACK_VANILLA;XIRECS;10219.0;1;3;4
861700;;;TRANSLATOR_ASTRO_BLACK;XIRECS;8650.0;1;3;4
861700;;;TRANSLATOR_ECLIPSE_CHARCOAL;XIRECS;9978.0;1;3;4
861700;;;TRANSLATOR_GRAPHITE_MIST;XIRECS;10169.0;1;3;4
861700;;;TRANSLATOR_SPACE_GRAY;XIRECS;9945.0;1;3;4
861700;;;TRANSLATOR_VOID_BLUE;XIRECS;10752.0;1;3;4
861700;;;UV_VISOR_AMBER;XIRECS;7228.0;1;3;4
861700;;;UV_VISOR_MAGENTA;XIRECS;11477.0;1;3;4
861700;;;UV_VISOR_ORANGE;XIRECS;10472.0;1;3;4
861700;;;UV_VISOR_RED;XIRECS;10639.0;1;3;4
861700;;;UV_VISOR_YELLOW;XIRECS;11511.0;1;3;4
861900;;SUBMISSION;GALAXY_SOUNDS_PLANETARY_RINGS;XIRECS;11911.0;5;3;4
865700;SUBMISSION;;GALAXY_SOUNDS_BLACK_HOLES;XIRECS;11105.0;5;3;4
865800;SUBMISSION;;OXYGEN_SHAKE_MORNING_BREATH;XIRECS;8822.0;5;3;4
866300;;SUBMISSION;GALAXY_SOUNDS_PLANETARY_RINGS;XIRECS;11860.0;5;3;4
866600;SUBMISSION;;SNACKPACK_STRAWBERRY;XIRECS;10711.0;5;3;4
866600;SUBMISSION;;SNACKPACK_PISTACHIO;XIRECS;9262.0;5;3;4
866600;SUBMISSION;;SNACKPACK_VANILLA;XIRECS;10134.0;5;3;4
867600;;;MICROCHIP_CIRCLE;XIRECS;8410.0;2;3;4
867600;;;MICROCHIP_OVAL;XIRECS;8252.0;2;3;4
867600;;;MICROCHIP_RECTANGLE;XIRECS;7784.0;2;3;4
867600;;;MICROCHIP_SQUARE;XIRECS;15433.0;2;3;4
867600;;;MICROCHIP_TRIANGLE;XIRECS;10582.0;2;3;4
868500;;;PEBBLES_L;XIRECS;10589.0;2;3;4
868500;;;PEBBLES_M;XIRECS;11092.0;2;3;4
868500;;;PEBBLES_S;XIRECS;8932.0;2;3;4
868500;;;PEBBLES_XL;XIRECS;12914.0;2;3;4
868500;;;PEBBLES_XS;XIRECS;6440.0;2;3;4
868800;SUBMISSION;;OXYGEN_SHAKE_MORNING_BREATH;XIRECS;8898.0;5;3;4
869700;;SUBMISSION;GALAXY_SOUNDS_PLANETARY_RINGS;XIRECS;11771.0;5;3;4
870900;;SUBMISSION;PEBBLES_XL;XIRECS;12724.0;4;3;4
871600;;SUBMISSION;PEBBLES_XL;XIRECS;12583.0;2;3;4
871600;;;PEBBLES_L;XIRECS;10782.0;3;3;4
871600;;;PEBBLES_M;XIRECS;11217.0;3;3;4
871600;;;PEBBLES_S;XIRECS;8907.0;3;3;4
871600;;;PEBBLES_XS;XIRECS;6542.0;3;3;4
871900;;;GALAXY_SOUNDS_BLACK_HOLES;XIRECS;11259.0;4;3;4
871900;;;GALAXY_SOUNDS_DARK_MATTER;XIRECS;10886.0;4;3;4
871900;;;GALAXY_SOUNDS_PLANETARY_RINGS;XIRECS;11751.0;4;3;4
871900;;;GALAXY_SOUNDS_SOLAR_FLAMES;XIRECS;10844.0;4;3;4
871900;;;GALAXY_SOUNDS_SOLAR_WINDS;XIRECS;11112.0;4;3;4
871900;;;OXYGEN_SHAKE_CHOCOLATE;XIRECS;9694.0;4;3;4
871900;;;OXYGEN_SHAKE_EVENING_BREATH;XIRECS;9494.0;4;3;4
871900;;;OXYGEN_SHAKE_GARLIC;XIRECS;12275.0;4;3;4
871900;;;OXYGEN_SHAKE_MINT;XIRECS;10340.0;4;3;4
871900;;;OXYGEN_SHAKE_MORNING_BREATH;XIRECS;8868.0;4;3;4
871900;;;PANEL_1X2;XIRECS;8691.0;4;3;4
871900;;;PANEL_1X4;XIRECS;9076.0;4;3;4
871900;;;PANEL_2X2;XIRECS;9398.0;4;3;4
871900;;;PANEL_2X4;XIRECS;11245.0;4;3;4
871900;;;PANEL_4X4;XIRECS;9916.0;4;3;4
871900;;;ROBOT_DISHES;XIRECS;9812.0;4;3;4
871900;;;ROBOT_IRONING;XIRECS;8077.0;4;3;4
871900;;;ROBOT_LAUNDRY;XIRECS;9844.0;4;3;4
871900;;;ROBOT_MOPPING;XIRECS;12253.0;4;3;4
871900;;;ROBOT_VACUUMING;XIRECS;8902.0;4;3;4
871900;;;SLEEP_POD_COTTON;XIRECS;11762.0;4;3;4
871900;;;SLEEP_POD_LAMB_WOOL;XIRECS;10793.0;4;3;4
871900;;;SLEEP_POD_NYLON;XIRECS;9574.0;4;3;4
871900;;;SLEEP_POD_POLYESTER;XIRECS;12607.0;4;3;4
871900;;;SLEEP_POD_SUEDE;XIRECS;12467.0;4;3;4
871900;;;SNACKPACK_CHOCOLATE;XIRECS;9752.0;4;3;4
871900;;;SNACKPACK_PISTACHIO;XIRECS;9301.0;4;3;4
871900;;;SNACKPACK_RASPBERRY;XIRECS;10231.0;4;3;4
871900;;;SNACKPACK_STRAWBERRY;XIRECS;10741.0;4;3;4
871900;;;SNACKPACK_VANILLA;XIRECS;10157.0;4;3;4
871900;;;TRANSLATOR_ASTRO_BLACK;XIRECS;8716.0;4;3;4
871900;;;TRANSLATOR_ECLIPSE_CHARCOAL;XIRECS;9910.0;4;3;4
871900;;;TRANSLATOR_GRAPHITE_MIST;XIRECS;10351.0;4;3;4
871900;;;TRANSLATOR_SPACE_GRAY;XIRECS;9935.0;4;3;4
871900;;;TRANSLATOR_VOID_BLUE;XIRECS;10656.0;4;3;4
871900;;;UV_VISOR_AMBER;XIRECS;7206.0;4;3;4
871900;;;UV_VISOR_MAGENTA;XIRECS;11430.0;4;3;4
871900;;;UV_VISOR_ORANGE;XIRECS;10471.0;4;3;4
871900;;;UV_VISOR_RED;XIRECS;10477.0;4;3;4
871900;;;UV_VISOR_YELLOW;XIRECS;11666.0;4;3;4
872100;;SUBMISSION;SNACKPACK_STRAWBERRY;XIRECS;10766.0;2;3;4
872100;;SUBMISSION;SNACKPACK_PISTACHIO;XIRECS;9323.0;2;3;4
872100;;SUBMISSION;SNACKPACK_VANILLA;XIRECS;10173.0;2;3;4
872100;;;GALAXY_SOUNDS_BLACK_HOLES;XIRECS;11261.0;2;3;4
872100;;;GALAXY_SOUNDS_DARK_MATTER;XIRECS;10891.0;2;3;4
872100;;;GALAXY_SOUNDS_PLANETARY_RINGS;XIRECS;11745.0;2;3;4
872100;;;GALAXY_SOUNDS_SOLAR_FLAMES;XIRECS;10883.0;2;3;4
872100;;;GALAXY_SOUNDS_SOLAR_WINDS;XIRECS;11125.0;2;3;4
872100;;;OXYGEN_SHAKE_CHOCOLATE;XIRECS;9702.0;2;3;4
872100;;;OXYGEN_SHAKE_EVENING_BREATH;XIRECS;9506.0;2;3;4
872100;;;OXYGEN_SHAKE_GARLIC;XIRECS;12281.0;2;3;4
872100;;;OXYGEN_SHAKE_MINT;XIRECS;10359.0;2;3;4
872100;;;OXYGEN_SHAKE_MORNING_BREATH;XIRECS;8876.0;2;3;4
872100;;;PANEL_1X2;XIRECS;8703.0;2;3;4
872100;;;PANEL_1X4;XIRECS;9089.0;2;3;4
872100;;;PANEL_2X2;XIRECS;9391.0;2;3;4
872100;;;PANEL_2X4;XIRECS;11247.0;2;3;4
872100;;;PANEL_4X4;XIRECS;9920.0;2;3;4
872100;;;ROBOT_DISHES;XIRECS;9832.0;2;3;4
872100;;;ROBOT_IRONING;XIRECS;8103.0;2;3;4
872100;;;ROBOT_LAUNDRY;XIRECS;9834.0;2;3;4
872100;;;ROBOT_MOPPING;XIRECS;12259.0;2;3;4
872100;;;ROBOT_VACUUMING;XIRECS;8910.0;2;3;4
872100;;;SLEEP_POD_COTTON;XIRECS;11740.0;2;3;4
872100;;;SLEEP_POD_LAMB_WOOL;XIRECS;10791.0;2;3;4
872100;;;SLEEP_POD_NYLON;XIRECS;9583.0;2;3;4
872100;;;SLEEP_POD_POLYESTER;XIRECS;12596.0;2;3;4
872100;;;SLEEP_POD_SUEDE;XIRECS;12486.0;2;3;4
872100;;;SNACKPACK_CHOCOLATE;XIRECS;9770.0;2;3;4
872100;;;SNACKPACK_RASPBERRY;XIRECS;10241.0;2;3;4
872100;;;TRANSLATOR_ASTRO_BLACK;XIRECS;8708.0;2;3;4
872100;;;TRANSLATOR_ECLIPSE_CHARCOAL;XIRECS;9918.0;2;3;4
872100;;;TRANSLATOR_GRAPHITE_MIST;XIRECS;10344.0;2;3;4
872100;;;TRANSLATOR_SPACE_GRAY;XIRECS;9952.0;2;3;4
872100;;;TRANSLATOR_VOID_BLUE;XIRECS;10643.0;2;3;4
872100;;;UV_VISOR_AMBER;XIRECS;7218.0;2;3;4
872100;;;UV_VISOR_MAGENTA;XIRECS;11445.0;2;3;4
872100;;;UV_VISOR_ORANGE;XIRECS;10466.0;2;3;4
872100;;;UV_VISOR_RED;XIRECS;10514.0;2;3;4
872100;;;UV_VISOR_YELLOW;XIRECS;11681.0;2;3;4
872200;;SUBMISSION;SNACKPACK_STRAWBERRY;XIRECS;10756.0;3;3;4
872200;;SUBMISSION;SNACKPACK_PISTACHIO;XIRECS;9316.0;3;3;4
872200;;SUBMISSION;SNACKPACK_VANILLA;XIRECS;10160.0;3;3;4
872200;SUBMISSION;;OXYGEN_SHAKE_MORNING_BREATH;XIRECS;8863.0;5;3;4
872700;;;GALAXY_SOUNDS_BLACK_HOLES;XIRECS;11230.0;4;3;4
872700;;;GALAXY_SOUNDS_DARK_MATTER;XIRECS;10908.0;4;3;4
872700;;;GALAXY_SOUNDS_PLANETARY_RINGS;XIRECS;11739.0;4;3;4
872700;;;GALAXY_SOUNDS_SOLAR_FLAMES;XIRECS;10915.0;4;3;4
872700;;;GALAXY_SOUNDS_SOLAR_WINDS;XIRECS;11125.0;4;3;4
872700;;;OXYGEN_SHAKE_CHOCOLATE;XIRECS;9703.0;4;3;4
872700;;;OXYGEN_SHAKE_EVENING_BREATH;XIRECS;9526.0;4;3;4
872700;;;OXYGEN_SHAKE_GARLIC;XIRECS;12257.0;4;3;4
872700;;;OXYGEN_SHAKE_MINT;XIRECS;10325.0;4;3;4
872700;;;OXYGEN_SHAKE_MORNING_BREATH;XIRECS;8864.0;4;3;4
872700;;;PANEL_1X2;XIRECS;8705.0;4;3;4
872700;;;PANEL_1X4;XIRECS;9076.0;4;3;4
872700;;;PANEL_2X2;XIRECS;9375.0;4;3;4
872700;;;PANEL_2X4;XIRECS;11229.0;4;3;4
872700;;;PANEL_4X4;XIRECS;9913.0;4;3;4
872700;;;ROBOT_DISHES;XIRECS;9824.0;4;3;4
872700;;;ROBOT_IRONING;XIRECS;8133.0;4;3;4
872700;;;ROBOT_LAUNDRY;XIRECS;9864.0;4;3;4
872700;;;ROBOT_MOPPING;XIRECS;12277.0;4;3;4
872700;;;ROBOT_VACUUMING;XIRECS;8919.0;4;3;4
872700;;;SLEEP_POD_COTTON;XIRECS;11732.0;4;3;4
872700;;;SLEEP_POD_LAMB_WOOL;XIRECS;10839.0;4;3;4
872700;;;SLEEP_POD_NYLON;XIRECS;9573.0;4;3;4
872700;;;SLEEP_POD_POLYESTER;XIRECS;12595.0;4;3;4
872700;;;SLEEP_POD_SUEDE;XIRECS;12471.0;4;3;4
872700;;;SNACKPACK_CHOCOLATE;XIRECS;9768.0;4;3;4
872700;;;SNACKPACK_PISTACHIO;XIRECS;9300.0;4;3;4
872700;;;SNACKPACK_RASPBERRY;XIRECS;10287.0;4;3;4
872700;;;SNACKPACK_STRAWBERRY;XIRECS;10723.0;4;3;4
872700;;;SNACKPACK_VANILLA;XIRECS;10175.0;4;3;4
872700;;;TRANSLATOR_ASTRO_BLACK;XIRECS;8724.0;4;3;4
872700;;;TRANSLATOR_ECLIPSE_CHARCOAL;XIRECS;9914.0;4;3;4
872700;;;TRANSLATOR_GRAPHITE_MIST;XIRECS;10381.0;4;3;4
872700;;;TRANSLATOR_SPACE_GRAY;XIRECS;9951.0;4;3;4
872700;;;TRANSLATOR_VOID_BLUE;XIRECS;10683.0;4;3;4
872700;;;UV_VISOR_AMBER;XIRECS;7209.0;4;3;4
872700;;;UV_VISOR_MAGENTA;XIRECS;11438.0;4;3;4
872700;;;UV_VISOR_ORANGE;XIRECS;10433.0;4;3;4
872700;;;UV_VISOR_RED;XIRECS;10512.0;4;3;4
872700;;;UV_VISOR_YELLOW;XIRECS;11664.0;4;3;4
875100;;SUBMISSION;PEBBLES_XL;XIRECS;12796.0;6;3;4
875200;;SUBMISSION;SNACKPACK_STRAWBERRY;XIRECS;10737.0;3;3;4
875200;;SUBMISSION;SNACKPACK_PISTACHIO;XIRECS;9301.0;3;3;4
875200;;SUBMISSION;SNACKPACK_VANILLA;XIRECS;10147.0;3;3;4
876700;SUBMISSION;;PEBBLES_XL;XIRECS;12819.0;2;3;4
876700;;;PEBBLES_L;XIRECS;10620.0;5;3;4
876700;;;PEBBLES_M;XIRECS;11040.0;5;3;4
876700;;;PEBBLES_S;XIRECS;8839.0;5;3;4
876700;;;PEBBLES_XS;XIRECS;6650.0;5;3;4
877100;;SUBMISSION;PEBBLES_XL;XIRECS;12811.0;2;3;4
877100;;;PEBBLES_L;XIRECS;10659.0;5;3;4
877100;;;PEBBLES_M;XIRECS;11065.0;5;3;4
877100;;;PEBBLES_S;XIRECS;8840.0;5;3;4
877100;;;PEBBLES_XS;XIRECS;6657.0;5;3;4
878100;;SUBMISSION;MICROCHIP_OVAL;XIRECS;8155.0;4;3;4
878200;;SUBMISSION;MICROCHIP_OVAL;XIRECS;8144.0;1;3;4
878200;;;MICROCHIP_CIRCLE;XIRECS;8562.0;3;3;4
878200;;;MICROCHIP_OVAL;XIRECS;8144.0;3;3;4
878200;;;MICROCHIP_RECTANGLE;XIRECS;7627.0;3;3;4
878200;;;MICROCHIP_SQUARE;XIRECS;15229.0;3;3;4
878200;;;MICROCHIP_TRIANGLE;XIRECS;10814.0;3;3;4
879500;;SUBMISSION;OXYGEN_SHAKE_MORNING_BREATH;XIRECS;8810.0;5;3;4
879900;;SUBMISSION;MICROCHIP_OVAL;XIRECS;8015.0;5;3;4
880200;SUBMISSION;;PEBBLES_XL;XIRECS;12810.0;7;3;4
880200;SUBMISSION;;PEBBLES_XL;XIRECS;12819.0;9;3;4
880600;SUBMISSION;;SNACKPACK_STRAWBERRY;XIRECS;10792.0;3;3;4
880600;SUBMISSION;;SNACKPACK_PISTACHIO;XIRECS;9349.0;3;3;4
880600;SUBMISSION;;SNACKPACK_VANILLA;XIRECS;10156.0;3;3;4
881200;;;GALAXY_SOUNDS_BLACK_HOLES;XIRECS;11341.0;3;3;4
881200;;;GALAXY_SOUNDS_DARK_MATTER;XIRECS;11047.0;3;3;4
881200;;;GALAXY_SOUNDS_PLANETARY_RINGS;XIRECS;11827.0;3;3;4
881200;;;GALAXY_SOUNDS_SOLAR_FLAMES;XIRECS;10920.0;3;3;4
881200;;;GALAXY_SOUNDS_SOLAR_WINDS;XIRECS;11162.0;3;3;4
881200;;;OXYGEN_SHAKE_CHOCOLATE;XIRECS;9626.0;3;3;4
881200;;;OXYGEN_SHAKE_EVENING_BREATH;XIRECS;9586.0;3;3;4
881200;;;OXYGEN_SHAKE_GARLIC;XIRECS;12048.0;3;3;4
881200;;;OXYGEN_SHAKE_MINT;XIRECS;10249.0;3;3;4
881200;;;OXYGEN_SHAKE_MORNING_BREATH;XIRECS;8859.0;3;3;4
881200;;;PANEL_1X2;XIRECS;8740.0;3;3;4
881200;;;PANEL_1X4;XIRECS;9143.0;3;3;4
881200;;;PANEL_2X2;XIRECS;9355.0;3;3;4
881200;;;PANEL_2X4;XIRECS;11280.0;3;3;4
881200;;;PANEL_4X4;XIRECS;10003.0;3;3;4
881200;;;ROBOT_DISHES;XIRECS;9759.0;3;3;4
881200;;;ROBOT_IRONING;XIRECS;8003.0;3;3;4
881200;;;ROBOT_LAUNDRY;XIRECS;9740.0;3;3;4
881200;;;ROBOT_MOPPING;XIRECS;12030.0;3;3;4
881200;;;ROBOT_VACUUMING;XIRECS;8963.0;3;3;4
881200;;;SLEEP_POD_COTTON;XIRECS;11707.0;3;3;4
881200;;;SLEEP_POD_LAMB_WOOL;XIRECS;10796.0;3;3;4
881200;;;SLEEP_POD_NYLON;XIRECS;9530.0;3;3;4
881200;;;SLEEP_POD_POLYESTER;XIRECS;12763.0;3;3;4
881200;;;SLEEP_POD_SUEDE;XIRECS;12433.0;3;3;4
881200;;;SNACKPACK_CHOCOLATE;XIRECS;9819.0;3;3;4
881200;;;SNACKPACK_PISTACHIO;XIRECS;9361.0;3;3;4
881200;;;SNACKPACK_RASPBERRY;XIRECS;10192.0;3;3;4
881200;;;SNACKPACK_STRAWBERRY;XIRECS;10796.0;3;3;4
881200;;;SNACKPACK_VANILLA;XIRECS;10154.0;3;3;4
881200;;;TRANSLATOR_ASTRO_BLACK;XIRECS;8822.0;3;3;4
881200;;;TRANSLATOR_ECLIPSE_CHARCOAL;XIRECS;9906.0;3;3;4
881200;;;TRANSLATOR_GRAPHITE_MIST;XIRECS;10440.0;3;3;4
881200;;;TRANSLATOR_SPACE_GRAY;XIRECS;9817.0;3;3;4
881200;;;TRANSLATOR_VOID_BLUE;XIRECS;10746.0;3;3;4
881200;;;UV_VISOR_AMBER;XIRECS;7214.0;3;3;4
881200;;;UV_VISOR_MAGENTA;XIRECS;11548.0;3;3;4
881200;;;UV_VISOR_ORANGE;XIRECS;10194.0;3;3;4
881200;;;UV_VISOR_RED;XIRECS;10609.0;3;3;4
881200;;;UV_VISOR_YELLOW;XIRECS;11758.0;3;3;4
882300;;SUBMISSION;PEBBLES_XL;XIRECS;12789.0;5;3;4
882400;SUBMISSION;;SNACKPACK_STRAWBERRY;XIRECS;10769.0;5;3;4
882400;SUBMISSION;;SNACKPACK_PISTACHIO;XIRECS;9339.0;5;3;4
882400;SUBMISSION;;SNACKPACK_VANILLA;XIRECS;10143.0;5;3;4
882800;;SUBMISSION;MICROCHIP_OVAL;XIRECS;8057.0;5;3;4
883500;;SUBMISSION;PEBBLES_XL;XIRECS;12935.0;2;3;4
883500;;;PEBBLES_L;XIRECS;10620.0;2;3;4
883500;;;PEBBLES_M;XIRECS;10913.0;2;3;4
883500;;;PEBBLES_S;XIRECS;8816.0;2;3;4
883500;;;PEBBLES_XS;XIRECS;6747.0;2;3;4
884900;SUBMISSION;;PEBBLES_XL;XIRECS;12852.0;7;3;4
885100;SUBMISSION;;SLEEP_POD_COTTON;XIRECS;11806.0;5;3;4
885200;;SUBMISSION;PEBBLES_XL;XIRECS;12903.0;8;3;4
886200;;;MICROCHIP_CIRCLE;XIRECS;8558.0;1;3;4
886200;;;MICROCHIP_OVAL;XIRECS;8062.0;1;3;4
886200;;;MICROCHIP_RECTANGLE;XIRECS;7831.0;1;3;4
886200;;;MICROCHIP_SQUARE;XIRECS;15428.0;1;3;4
886200;;;MICROCHIP_TRIANGLE;XIRECS;10547.0;1;3;4
886300;;SUBMISSION;SNACKPACK_STRAWBERRY;XIRECS;10716.0;5;3;4
886300;;SUBMISSION;SNACKPACK_PISTACHIO;XIRECS;9286.0;5;3;4
886300;;SUBMISSION;SNACKPACK_VANILLA;XIRECS;10148.0;5;3;4
886600;SUBMISSION;;SNACKPACK_STRAWBERRY;XIRECS;10727.0;3;3;4
886600;SUBMISSION;;SNACKPACK_PISTACHIO;XIRECS;9292.0;3;3;4
886600;SUBMISSION;;SNACKPACK_VANILLA;XIRECS;10162.0;3;3;4
887200;;SUBMISSION;SLEEP_POD_COTTON;XIRECS;11712.0;5;3;4
887200;SUBMISSION;;PEBBLES_XL;XIRECS;12764.0;6;3;4
887200;SUBMISSION;;PEBBLES_XL;XIRECS;12773.0;2;3;4
887300;;SUBMISSION;OXYGEN_SHAKE_MORNING_BREATH;XIRECS;8734.0;5;3;4
887400;;SUBMISSION;MICROCHIP_OVAL;XIRECS;8018.0;5;3;4
887700;SUBMISSION;;SLEEP_POD_COTTON;XIRECS;11766.0;5;3;4
888200;;;MICROCHIP_CIRCLE;XIRECS;8530.0;3;3;4
888200;;;MICROCHIP_OVAL;XIRECS;8012.0;3;3;4
888200;;;MICROCHIP_RECTANGLE;XIRECS;7804.0;3;3;4
888200;;;MICROCHIP_SQUARE;XIRECS;15448.0;3;3;4
888200;;;MICROCHIP_TRIANGLE;XIRECS;10422.0;3;3;4
888600;;SUBMISSION;SLEEP_POD_COTTON;XIRECS;11704.0;5;3;4
889300;;SUBMISSION;PEBBLES_XL;XIRECS;12823.0;6;3;4
889500;;SUBMISSION;SNACKPACK_STRAWBERRY;XIRECS;10840.0;2;3;4
889500;;SUBMISSION;SNACKPACK_PISTACHIO;XIRECS;9375.0;2;3;4
889500;;SUBMISSION;SNACKPACK_VANILLA;XIRECS;10147.0;2;3;4
889500;;;GALAXY_SOUNDS_BLACK_HOLES;XIRECS;11251.0;2;3;4
889500;;;GALAXY_SOUNDS_DARK_MATTER;XIRECS;11101.0;2;3;4
889500;;;GALAXY_SOUNDS_PLANETARY_RINGS;XIRECS;11802.0;2;3;4
889500;;;GALAXY_SOUNDS_SOLAR_FLAMES;XIRECS;11044.0;2;3;4
889500;;;GALAXY_SOUNDS_SOLAR_WINDS;XIRECS;11021.0;2;3;4
889500;;;MICROCHIP_CIRCLE;XIRECS;8436.0;3;3;4
889500;;;MICROCHIP_OVAL;XIRECS;8026.0;3;3;4
889500;;;MICROCHIP_RECTANGLE;XIRECS;7847.0;3;3;4
889500;;;MICROCHIP_SQUARE;XIRECS;15352.0;3;3;4
889500;;;MICROCHIP_TRIANGLE;XIRECS;10390.0;3;3;4
889500;;;OXYGEN_SHAKE_CHOCOLATE;XIRECS;9604.0;2;3;4
889500;;;OXYGEN_SHAKE_EVENING_BREATH;XIRECS;9576.0;2;3;4
889500;;;OXYGEN_SHAKE_GARLIC;XIRECS;12184.0;2;3;4
889500;;;OXYGEN_SHAKE_MINT;XIRECS;10142.0;2;3;4
889500;;;OXYGEN_SHAKE_MORNING_BREATH;XIRECS;8805.0;2;3;4
889500;;;PANEL_1X2;XIRECS;8829.0;2;3;4
889500;;;PANEL_1X4;XIRECS;9038.0;2;3;4
889500;;;PANEL_2X2;XIRECS;9291.0;2;3;4
889500;;;PANEL_2X4;XIRECS;11232.0;2;3;4
889500;;;PANEL_4X4;XIRECS;9968.0;2;3;4
889500;;;ROBOT_DISHES;XIRECS;9737.0;2;3;4
889500;;;ROBOT_IRONING;XIRECS;8093.0;2;3;4
889500;;;ROBOT_LAUNDRY;XIRECS;9590.0;2;3;4
889500;;;ROBOT_MOPPING;XIRECS;12141.0;2;3;4
889500;;;ROBOT_VACUUMING;XIRECS;8973.0;2;3;4
889500;;;SLEEP_POD_COTTON;XIRECS;11706.0;2;3;4
889500;;;SLEEP_POD_LAMB_WOOL;XIRECS;10942.0;2;3;4
889500;;;SLEEP_POD_NYLON;XIRECS;9597.0;2;3;4
889500;;;SLEEP_POD_POLYESTER;XIRECS;12844.0;2;3;4
889500;;;SLEEP_POD_SUEDE;XIRECS;12470.0;2;3;4
889500;;;SNACKPACK_CHOCOLATE;XIRECS;9826.0;2;3;4
889500;;;SNACKPACK_RASPBERRY;XIRECS;10151.0;2;3;4
889500;;;TRANSLATOR_ASTRO_BLACK;XIRECS;8821.0;2;3;4
889500;;;TRANSLATOR_ECLIPSE_CHARCOAL;XIRECS;9941.0;2;3;4
889500;;;TRANSLATOR_GRAPHITE_MIST;XIRECS;10378.0;2;3;4
889500;;;TRANSLATOR_SPACE_GRAY;XIRECS;9833.0;2;3;4
889500;;;TRANSLATOR_VOID_BLUE;XIRECS;10608.0;2;3;4
889500;;;UV_VISOR_AMBER;XIRECS;7328.0;2;3;4
889500;;;UV_VISOR_MAGENTA;XIRECS;11712.0;2;3;4
889500;;;UV_VISOR_ORANGE;XIRECS;10346.0;2;3;4
889500;;;UV_VISOR_RED;XIRECS;10908.0;2;3;4
889500;;;UV_VISOR_YELLOW;XIRECS;11834.0;2;3;4
889800;SUBMISSION;;PEBBLES_XL;XIRECS;12729.0;6;3;4
890100;;;GALAXY_SOUNDS_BLACK_HOLES;XIRECS;11276.0;3;3;4
890100;;;GALAXY_SOUNDS_DARK_MATTER;XIRECS;11117.0;3;3;4
890100;;;GALAXY_SOUNDS_PLANETARY_RINGS;XIRECS;11819.0;3;3;4
890100;;;GALAXY_SOUNDS_SOLAR_FLAMES;XIRECS;11041.0;3;3;4
890100;;;GALAXY_SOUNDS_SOLAR_WINDS;XIRECS;11011.0;3;3;4
890100;;;OXYGEN_SHAKE_CHOCOLATE;XIRECS;9607.0;3;3;4
890100;;;OXYGEN_SHAKE_EVENING_BREATH;XIRECS;9566.0;3;3;4
890100;;;OXYGEN_SHAKE_GARLIC;XIRECS;12159.0;3;3;4
890100;;;OXYGEN_SHAKE_MINT;XIRECS;10122.0;3;3;4
890100;;;OXYGEN_SHAKE_MORNING_BREATH;XIRECS;8792.0;3;3;4
890100;;;PANEL_1X2;XIRECS;8825.0;3;3;4
890100;;;PANEL_1X4;XIRECS;9061.0;3;3;4
890100;;;PANEL_2X2;XIRECS;9240.0;3;3;4
890100;;;PANEL_2X4;XIRECS;11171.0;3;3;4
890100;;;PANEL_4X4;XIRECS;9960.0;3;3;4
890100;;;ROBOT_DISHES;XIRECS;9755.0;3;3;4
890100;;;ROBOT_IRONING;XIRECS;8053.0;3;3;4
890100;;;ROBOT_LAUNDRY;XIRECS;9587.0;3;3;4
890100;;;ROBOT_MOPPING;XIRECS;12169.0;3;3;4
890100;;;ROBOT_VACUUMING;XIRECS;8963.0;3;3;4
890100;;;SLEEP_POD_COTTON;XIRECS;11686.0;3;3;4
890100;;;SLEEP_POD_LAMB_WOOL;XIRECS;10906.0;3;3;4
890100;;;SLEEP_POD_NYLON;XIRECS;9573.0;3;3;4
890100;;;SLEEP_POD_POLYESTER;XIRECS;12810.0;3;3;4
890100;;;SLEEP_POD_SUEDE;XIRECS;12475.0;3;3;4
890100;;;SNACKPACK_CHOCOLATE;XIRECS;9816.0;3;3;4
890100;;;SNACKPACK_PISTACHIO;XIRECS;9360.0;3;3;4
890100;;;SNACKPACK_RASPBERRY;XIRECS;10169.0;3;3;4
890100;;;SNACKPACK_STRAWBERRY;XIRECS;10820.0;3;3;4
890100;;;SNACKPACK_VANILLA;XIRECS;10157.0;3;3;4
890100;;;TRANSLATOR_ASTRO_BLACK;XIRECS;8831.0;3;3;4
890100;;;TRANSLATOR_ECLIPSE_CHARCOAL;XIRECS;9933.0;3;3;4
890100;;;TRANSLATOR_GRAPHITE_MIST;XIRECS;10400.0;3;3;4
890100;;;TRANSLATOR_SPACE_GRAY;XIRECS;9807.0;3;3;4
890100;;;TRANSLATOR_VOID_BLUE;XIRECS;10625.0;3;3;4
890100;;;UV_VISOR_AMBER;XIRECS;7315.0;3;3;4
890100;;;UV_VISOR_MAGENTA;XIRECS;11723.0;3;3;4
890100;;;UV_VISOR_ORANGE;XIRECS;10323.0;3;3;4
890100;;;UV_VISOR_RED;XIRECS;10953.0;3;3;4
890100;;;UV_VISOR_YELLOW;XIRECS;11855.0;3;3;4
890600;;;GALAXY_SOUNDS_BLACK_HOLES;XIRECS;11322.0;4;3;4
890600;;;GALAXY_SOUNDS_DARK_MATTER;XIRECS;11101.0;4;3;4
890600;;;GALAXY_SOUNDS_PLANETARY_RINGS;XIRECS;11812.0;4;3;4
890600;;;GALAXY_SOUNDS_SOLAR_FLAMES;XIRECS;11018.0;4;3;4
890600;;;GALAXY_SOUNDS_SOLAR_WINDS;XIRECS;10996.0;4;3;4
890600;;;OXYGEN_SHAKE_CHOCOLATE;XIRECS;9587.0;4;3;4
890600;;;OXYGEN_SHAKE_EVENING_BREATH;XIRECS;9544.0;4;3;4
890600;;;OXYGEN_SHAKE_GARLIC;XIRECS;12158.0;4;3;4
890600;;;OXYGEN_SHAKE_MINT;XIRECS;10114.0;4;3;4
890600;;;OXYGEN_SHAKE_MORNING_BREATH;XIRECS;8815.0;4;3;4
890600;;;PANEL_1X2;XIRECS;8834.0;4;3;4
890600;;;PANEL_1X4;XIRECS;9033.0;4;3;4
890600;;;PANEL_2X2;XIRECS;9239.0;4;3;4
890600;;;PANEL_2X4;XIRECS;11124.0;4;3;4
890600;;;PANEL_4X4;XIRECS;9963.0;4;3;4
890600;;;ROBOT_DISHES;XIRECS;9719.0;4;3;4
890600;;;ROBOT_IRONING;XIRECS;8067.0;4;3;4
890600;;;ROBOT_LAUNDRY;XIRECS;9551.0;4;3;4
890600;;;ROBOT_MOPPING;XIRECS;12112.0;4;3;4
890600;;;ROBOT_VACUUMING;XIRECS;8963.0;4;3;4
890600;;;SLEEP_POD_COTTON;XIRECS;11680.0;4;3;4
890600;;;SLEEP_POD_LAMB_WOOL;XIRECS;10896.0;4;3;4
890600;;;SLEEP_POD_NYLON;XIRECS;9569.0;4;3;4
890600;;;SLEEP_POD_POLYESTER;XIRECS;12798.0;4;3;4
890600;;;SLEEP_POD_SUEDE;XIRECS;12470.0;4;3;4
890600;;;SNACKPACK_CHOCOLATE;XIRECS;9783.0;4;3;4
890600;;;SNACKPACK_PISTACHIO;XIRECS;9331.0;4;3;4
890600;;;SNACKPACK_RASPBERRY;XIRECS;10166.0;4;3;4
890600;;;SNACKPACK_STRAWBERRY;XIRECS;10783.0;4;3;4
890600;;;SNACKPACK_VANILLA;XIRECS;10154.0;4;3;4
890600;;;TRANSLATOR_ASTRO_BLACK;XIRECS;8833.0;4;3;4
890600;;;TRANSLATOR_ECLIPSE_CHARCOAL;XIRECS;9929.0;4;3;4
890600;;;TRANSLATOR_GRAPHITE_MIST;XIRECS;10408.0;4;3;4
890600;;;TRANSLATOR_SPACE_GRAY;XIRECS;9816.0;4;3;4
890600;;;TRANSLATOR_VOID_BLUE;XIRECS;10642.0;4;3;4
890600;;;UV_VISOR_AMBER;XIRECS;7312.0;4;3;4
890600;;;UV_VISOR_MAGENTA;XIRECS;11666.0;4;3;4
890600;;;UV_VISOR_ORANGE;XIRECS;10271.0;4;3;4
890600;;;UV_VISOR_RED;XIRECS;10921.0;4;3;4
890600;;;UV_VISOR_YELLOW;XIRECS;11824.0;4;3;4
891200;;SUBMISSION;SNACKPACK_STRAWBERRY;XIRECS;10772.0;4;3;4
891200;;SUBMISSION;SNACKPACK_PISTACHIO;XIRECS;9323.0;4;3;4
891200;;SUBMISSION;SNACKPACK_VANILLA;XIRECS;10154.0;4;3;4
892400;;SUBMISSION;PEBBLES_XL;XIRECS;12864.0;6;3;4
893300;SUBMISSION;;PEBBLES_XL;XIRECS;12758.0;6;3;4
893900;;;MICROCHIP_CIRCLE;XIRECS;8560.0;2;3;4
893900;;;MICROCHIP_OVAL;XIRECS;7846.0;2;3;4
893900;;;MICROCHIP_RECTANGLE;XIRECS;7809.0;2;3;4
893900;;;MICROCHIP_SQUARE;XIRECS;15305.0;2;3;4
893900;;;MICROCHIP_TRIANGLE;XIRECS;10362.0;2;3;4
894600;SUBMISSION;;SNACKPACK_STRAWBERRY;XIRECS;10795.0;2;3;4
894600;SUBMISSION;;SNACKPACK_PISTACHIO;XIRECS;9366.0;2;3;4
894600;SUBMISSION;;SNACKPACK_VANILLA;XIRECS;10175.0;2;3;4
894600;;;GALAXY_SOUNDS_BLACK_HOLES;XIRECS;11267.0;2;3;4
894600;;;GALAXY_SOUNDS_DARK_MATTER;XIRECS;11068.0;2;3;4
894600;;;GALAXY_SOUNDS_PLANETARY_RINGS;XIRECS;11720.0;2;3;4
894600;;;GALAXY_SOUNDS_SOLAR_FLAMES;XIRECS;11029.0;2;3;4
894600;;;GALAXY_SOUNDS_SOLAR_WINDS;XIRECS;11063.0;2;3;4
894600;;;OXYGEN_SHAKE_CHOCOLATE;XIRECS;9591.0;2;3;4
894600;;;OXYGEN_SHAKE_EVENING_BREATH;XIRECS;9544.0;2;3;4
894600;;;OXYGEN_SHAKE_GARLIC;XIRECS;12185.0;2;3;4
894600;;;OXYGEN_SHAKE_MINT;XIRECS;10006.0;2;3;4
894600;;;OXYGEN_SHAKE_MORNING_BREATH;XIRECS;8812.0;2;3;4
894600;;;PANEL_1X2;XIRECS;8756.0;2;3;4
894600;;;PANEL_1X4;XIRECS;9115.0;2;3;4
894600;;;PANEL_2X2;XIRECS;9325.0;2;3;4
894600;;;PANEL_2X4;XIRECS;11252.0;2;3;4
894600;;;PANEL_4X4;XIRECS;10000.0;2;3;4
894600;;;ROBOT_DISHES;XIRECS;9690.0;2;3;4
894600;;;ROBOT_IRONING;XIRECS;8037.0;2;3;4
894600;;;ROBOT_LAUNDRY;XIRECS;9542.0;2;3;4
894600;;;ROBOT_MOPPING;XIRECS;12131.0;2;3;4
894600;;;ROBOT_VACUUMING;XIRECS;8935.0;2;3;4
894600;;;SLEEP_POD_COTTON;XIRECS;11693.0;2;3;4
894600;;;SLEEP_POD_LAMB_WOOL;XIRECS;10885.0;2;3;4
894600;;;SLEEP_POD_NYLON;XIRECS;9592.0;2;3;4
894600;;;SLEEP_POD_POLYESTER;XIRECS;12834.0;2;3;4
894600;;;SLEEP_POD_SUEDE;XIRECS;12360.0;2;3;4
894600;;;SNACKPACK_CHOCOLATE;XIRECS;9762.0;2;3;4
894600;;;SNACKPACK_RASPBERRY;XIRECS;10160.0;2;3;4
894600;;;TRANSLATOR_ASTRO_BLACK;XIRECS;8909.0;2;3;4
894600;;;TRANSLATOR_ECLIPSE_CHARCOAL;XIRECS;9907.0;2;3;4
894600;;;TRANSLATOR_GRAPHITE_MIST;XIRECS;10407.0;2;3;4
894600;;;TRANSLATOR_SPACE_GRAY;XIRECS;9805.0;2;3;4
894600;;;TRANSLATOR_VOID_BLUE;XIRECS;10603.0;2;3;4
894600;;;UV_VISOR_AMBER;XIRECS;7326.0;2;3;4
894600;;;UV_VISOR_MAGENTA;XIRECS;11627.0;2;3;4
894600;;;UV_VISOR_ORANGE;XIRECS;10244.0;2;3;4
894600;;;UV_VISOR_RED;XIRECS;11042.0;2;3;4
894600;;;UV_VISOR_YELLOW;XIRECS;11876.0;2;3;4
895200;SUBMISSION;;SNACKPACK_STRAWBERRY;XIRECS;10789.0;2;3;4
895200;SUBMISSION;;SNACKPACK_PISTACHIO;XIRECS;9360.0;2;3;4
895200;SUBMISSION;;SNACKPACK_VANILLA;XIRECS;10188.0;2;3;4
895200;;;GALAXY_SOUNDS_BLACK_HOLES;XIRECS;11309.0;4;3;4
895200;;;GALAXY_SOUNDS_DARK_MATTER;XIRECS;11052.0;4;3;4
895200;;;GALAXY_SOUNDS_PLANETARY_RINGS;XIRECS;11657.0;4;3;4
895200;;;GALAXY_SOUNDS_SOLAR_FLAMES;XIRECS;11045.0;4;3;4
895200;;;GALAXY_SOUNDS_SOLAR_WINDS;XIRECS;11024.0;4;3;4
895200;;;OXYGEN_SHAKE_CHOCOLATE;XIRECS;9571.0;4;3;4
895200;;;OXYGEN_SHAKE_EVENING_BREATH;XIRECS;9604.0;4;3;4
895200;;;OXYGEN_SHAKE_GARLIC;XIRECS;12179.0;4;3;4
895200;;;OXYGEN_SHAKE_MINT;XIRECS;10039.0;4;3;4
895200;;;OXYGEN_SHAKE_MORNING_BREATH;XIRECS;8831.0;4;3;4
895200;;;PANEL_1X2;XIRECS;8778.0;4;3;4
895200;;;PANEL_1X4;XIRECS;9093.0;4;3;4
895200;;;PANEL_2X2;XIRECS;9327.0;4;3;4
895200;;;PANEL_2X4;XIRECS;11244.0;4;3;4
895200;;;PANEL_4X4;XIRECS;9973.0;4;3;4
895200;;;ROBOT_DISHES;XIRECS;9703.0;4;3;4
895200;;;ROBOT_IRONING;XIRECS;8037.0;4;3;4
895200;;;ROBOT_LAUNDRY;XIRECS;9532.0;4;3;4
895200;;;ROBOT_MOPPING;XIRECS;12150.0;4;3;4
895200;;;ROBOT_VACUUMING;XIRECS;8898.0;4;3;4
895200;;;SLEEP_POD_COTTON;XIRECS;11674.0;4;3;4
895200;;;SLEEP_POD_LAMB_WOOL;XIRECS;10922.0;4;3;4
895200;;;SLEEP_POD_NYLON;XIRECS;9594.0;4;3;4
895200;;;SLEEP_POD_POLYESTER;XIRECS;12874.0;4;3;4
895200;;;SLEEP_POD_SUEDE;XIRECS;12306.0;4;3;4
895200;;;SNACKPACK_CHOCOLATE;XIRECS;9744.0;4;3;4
895200;;;SNACKPACK_RASPBERRY;XIRECS;10169.0;4;3;4
895200;;;TRANSLATOR_ASTRO_BLACK;XIRECS;8913.0;4;3;4
895200;;;TRANSLATOR_ECLIPSE_CHARCOAL;XIRECS;9881.0;4;3;4
895200;;;TRANSLATOR_GRAPHITE_MIST;XIRECS;10387.0;4;3;4
895200;;;TRANSLATOR_SPACE_GRAY;XIRECS;9793.0;4;3;4
895200;;;TRANSLATOR_VOID_BLUE;XIRECS;10632.0;4;3;4
895200;;;UV_VISOR_AMBER;XIRECS;7311.0;4;3;4
895200;;;UV_VISOR_MAGENTA;XIRECS;11559.0;4;3;4
895200;;;UV_VISOR_ORANGE;XIRECS;10266.0;4;3;4
895200;;;UV_VISOR_RED;XIRECS;11023.0;4;3;4
895200;;;UV_VISOR_YELLOW;XIRECS;11865.0;4;3;4
895400;SUBMISSION;;OXYGEN_SHAKE_MORNING_BREATH;XIRECS;8858.0;5;3;4
895500;;;GALAXY_SOUNDS_BLACK_HOLES;XIRECS;11297.0;4;3;4
895500;;;GALAXY_SOUNDS_DARK_MATTER;XIRECS;11054.0;4;3;4
895500;;;GALAXY_SOUNDS_PLANETARY_RINGS;XIRECS;11686.0;4;3;4
895500;;;GALAXY_SOUNDS_SOLAR_FLAMES;XIRECS;11037.0;4;3;4
895500;;;GALAXY_SOUNDS_SOLAR_WINDS;XIRECS;11037.0;4;3;4
895500;;;OXYGEN_SHAKE_CHOCOLATE;XIRECS;9580.0;4;3;4
895500;;;OXYGEN_SHAKE_EVENING_BREATH;XIRECS;9626.0;4;3;4
895500;;;OXYGEN_SHAKE_GARLIC;XIRECS;12203.0;4;3;4
895500;;;OXYGEN_SHAKE_MINT;XIRECS;10054.0;4;3;4
895500;;;OXYGEN_SHAKE_MORNING_BREATH;XIRECS;8867.0;4;3;4
895500;;;PANEL_1X2;XIRECS;8787.0;4;3;4
895500;;;PANEL_1X4;XIRECS;9094.0;4;3;4
895500;;;PANEL_2X2;XIRECS;9325.0;4;3;4
895500;;;PANEL_2X4;XIRECS;11254.0;4;3;4
895500;;;PANEL_4X4;XIRECS;9976.0;4;3;4
895500;;;ROBOT_DISHES;XIRECS;9698.0;4;3;4
895500;;;ROBOT_IRONING;XIRECS;8053.0;4;3;4
895500;;;ROBOT_LAUNDRY;XIRECS;9587.0;4;3;4
895500;;;ROBOT_MOPPING;XIRECS;12163.0;4;3;4
895500;;;ROBOT_VACUUMING;XIRECS;8892.0;4;3;4
895500;;;SLEEP_POD_COTTON;XIRECS;11673.0;4;3;4
895500;;;SLEEP_POD_LAMB_WOOL;XIRECS;10950.0;4;3;4
895500;;;SLEEP_POD_NYLON;XIRECS;9603.0;4;3;4
895500;;;SLEEP_POD_POLYESTER;XIRECS;12881.0;4;3;4
895500;;;SLEEP_POD_SUEDE;XIRECS;12305.0;4;3;4
895500;;;SNACKPACK_CHOCOLATE;XIRECS;9752.0;4;3;4
895500;;;SNACKPACK_PISTACHIO;XIRECS;9375.0;4;3;4
895500;;;SNACKPACK_RASPBERRY;XIRECS;10187.0;4;3;4
895500;;;SNACKPACK_STRAWBERRY;XIRECS;10804.0;4;3;4
895500;;;SNACKPACK_VANILLA;XIRECS;10214.0;4;3;4
895500;;;TRANSLATOR_ASTRO_BLACK;XIRECS;8941.0;4;3;4
895500;;;TRANSLATOR_ECLIPSE_CHARCOAL;XIRECS;9896.0;4;3;4
895500;;;TRANSLATOR_GRAPHITE_MIST;XIRECS;10426.0;4;3;4
895500;;;TRANSLATOR_SPACE_GRAY;XIRECS;9827.0;4;3;4
895500;;;TRANSLATOR_VOID_BLUE;XIRECS;10665.0;4;3;4
895500;;;UV_VISOR_AMBER;XIRECS;7320.0;4;3;4
895500;;;UV_VISOR_MAGENTA;XIRECS;11579.0;4;3;4
895500;;;UV_VISOR_ORANGE;XIRECS;10296.0;4;3;4
895500;;;UV_VISOR_RED;XIRECS;11026.0;4;3;4
895500;;;UV_VISOR_YELLOW;XIRECS;11873.0;4;3;4
896300;;;GALAXY_SOUNDS_BLACK_HOLES;XIRECS;11309.0;1;3;4
896300;;;GALAXY_SOUNDS_DARK_MATTER;XIRECS;11007.0;1;3;4
896300;;;GALAXY_SOUNDS_PLANETARY_RINGS;XIRECS;11648.0;1;3;4
896300;;;GALAXY_SOUNDS_SOLAR_FLAMES;XIRECS;11006.0;1;3;4
896300;;;GALAXY_SOUNDS_SOLAR_WINDS;XIRECS;11043.0;1;3;4
896300;;;OXYGEN_SHAKE_CHOCOLATE;XIRECS;9550.0;1;3;4
896300;;;OXYGEN_SHAKE_EVENING_BREATH;XIRECS;9644.0;1;3;4
896300;;;OXYGEN_SHAKE_GARLIC;XIRECS;12125.0;1;3;4
896300;;;OXYGEN_SHAKE_MINT;XIRECS;10012.0;1;3;4
896300;;;OXYGEN_SHAKE_MORNING_BREATH;XIRECS;8867.0;1;3;4
896300;;;PANEL_1X2;XIRECS;8775.0;1;3;4
896300;;;PANEL_1X4;XIRECS;9102.0;1;3;4
896300;;;PANEL_2X2;XIRECS;9290.0;1;3;4
896300;;;PANEL_2X4;XIRECS;11212.0;1;3;4
896300;;;PANEL_4X4;XIRECS;9957.0;1;3;4
896300;;;ROBOT_DISHES;XIRECS;9713.0;1;3;4
896300;;;ROBOT_IRONING;XIRECS;8037.0;1;3;4
896300;;;ROBOT_LAUNDRY;XIRECS;9563.0;1;3;4
896300;;;ROBOT_MOPPING;XIRECS;12114.0;1;3;4
896300;;;ROBOT_VACUUMING;XIRECS;8874.0;1;3;4
896300;;;SLEEP_POD_COTTON;XIRECS;11711.0;1;3;4
896300;;;SLEEP_POD_LAMB_WOOL;XIRECS;10917.0;1;3;4
896300;;;SLEEP_POD_NYLON;XIRECS;9592.0;1;3;4
896300;;;SLEEP_POD_POLYESTER;XIRECS;12818.0;1;3;4
896300;;;SLEEP_POD_SUEDE;XIRECS;12316.0;1;3;4
896300;;;SNACKPACK_CHOCOLATE;XIRECS;9751.0;1;3;4
896300;;;SNACKPACK_PISTACHIO;XIRECS;9358.0;1;3;4
896300;;;SNACKPACK_RASPBERRY;XIRECS;10171.0;1;3;4
896300;;;SNACKPACK_STRAWBERRY;XIRECS;10786.0;1;3;4
896300;;;SNACKPACK_VANILLA;XIRECS;10187.0;1;3;4
896300;;;TRANSLATOR_ASTRO_BLACK;XIRECS;8921.0;1;3;4
896300;;;TRANSLATOR_ECLIPSE_CHARCOAL;XIRECS;9878.0;1;3;4
896300;;;TRANSLATOR_GRAPHITE_MIST;XIRECS;10426.0;1;3;4
896300;;;TRANSLATOR_SPACE_GRAY;XIRECS;9854.0;1;3;4
896300;;;TRANSLATOR_VOID_BLUE;XIRECS;10676.0;1;3;4
896300;;;UV_VISOR_AMBER;XIRECS;7311.0;1;3;4
896300;;;UV_VISOR_MAGENTA;XIRECS;11596.0;1;3;4
896300;;;UV_VISOR_ORANGE;XIRECS;10337.0;1;3;4
896300;;;UV_VISOR_RED;XIRECS;11041.0;1;3;4
896300;;;UV_VISOR_YELLOW;XIRECS;11865.0;1;3;4
896900;;SUBMISSION;SNACKPACK_STRAWBERRY;XIRECS;10793.0;3;3;4
896900;;SUBMISSION;SNACKPACK_PISTACHIO;XIRECS;9364.0;3;3;4
896900;;SUBMISSION;SNACKPACK_VANILLA;XIRECS;10191.0;3;3;4
898000;;;MICROCHIP_CIRCLE;XIRECS;8470.0;2;3;4
898000;;;MICROCHIP_OVAL;XIRECS;7848.0;2;3;4
898000;;;MICROCHIP_RECTANGLE;XIRECS;7804.0;2;3;4
898000;;;MICROCHIP_SQUARE;XIRECS;15097.0;2;3;4
898000;;;MICROCHIP_TRIANGLE;XIRECS;10254.0;2;3;4
898600;SUBMISSION;;SNACKPACK_STRAWBERRY;XIRECS;10865.0;4;3;4
898600;SUBMISSION;;SNACKPACK_PISTACHIO;XIRECS;9413.0;4;3;4
898600;SUBMISSION;;SNACKPACK_VANILLA;XIRECS;10198.0;4;3;4
899300;SUBMISSION;;SLEEP_POD_COTTON;XIRECS;11840.0;5;3;4
901000;;SUBMISSION;PEBBLES_XL;XIRECS;12620.0;2;3;4
901000;;;PEBBLES_L;XIRECS;10803.0;3;3;4
901000;;;PEBBLES_M;XIRECS;11239.0;3;3;4
901000;;;PEBBLES_S;XIRECS;9002.0;3;3;4
901000;;;PEBBLES_XS;XIRECS;6367.0;3;3;4
901200;SUBMISSION;;PEBBLES_XL;XIRECS;12605.0;2;3;4
901400;SUBMISSION;;SLEEP_POD_COTTON;XIRECS;11872.0;5;3;4
902100;;;GALAXY_SOUNDS_BLACK_HOLES;XIRECS;11385.0;2;3;4
902100;;;GALAXY_SOUNDS_DARK_MATTER;XIRECS;11052.0;2;3;4
902100;;;GALAXY_SOUNDS_PLANETARY_RINGS;XIRECS;11721.0;2;3;4
902100;;;GALAXY_SOUNDS_SOLAR_FLAMES;XIRECS;11056.0;2;3;4
902100;;;GALAXY_SOUNDS_SOLAR_WINDS;XIRECS;10931.0;2;3;4
902100;;;OXYGEN_SHAKE_CHOCOLATE;XIRECS;9508.0;2;3;4
902100;;;OXYGEN_SHAKE_EVENING_BREATH;XIRECS;9554.0;2;3;4
902100;;;OXYGEN_SHAKE_GARLIC;XIRECS;12046.0;2;3;4
902100;;;OXYGEN_SHAKE_MINT;XIRECS;10034.0;2;3;4
902100;;;OXYGEN_SHAKE_MORNING_BREATH;XIRECS;8904.0;2;3;4
902100;;;PANEL_1X2;XIRECS;8850.0;2;3;4
902100;;;PANEL_1X4;XIRECS;9091.0;2;3;4
902100;;;PANEL_2X2;XIRECS;9286.0;2;3;4
902100;;;PANEL_2X4;XIRECS;11288.0;2;3;4
902100;;;PANEL_4X4;XIRECS;9939.0;2;3;4
902100;;;ROBOT_DISHES;XIRECS;9726.0;2;3;4
902100;;;ROBOT_IRONING;XIRECS;7987.0;2;3;4
902100;;;ROBOT_LAUNDRY;XIRECS;9657.0;2;3;4
902100;;;ROBOT_MOPPING;XIRECS;11999.0;2;3;4
902100;;;ROBOT_VACUUMING;XIRECS;8761.0;2;3;4
902100;;;SLEEP_POD_COTTON;XIRECS;11835.0;2;3;4
902100;;;SLEEP_POD_LAMB_WOOL;XIRECS;10920.0;2;3;4
902100;;;SLEEP_POD_NYLON;XIRECS;9553.0;2;3;4
902100;;;SLEEP_POD_POLYESTER;XIRECS;12714.0;2;3;4
902100;;;SLEEP_POD_SUEDE;XIRECS;12350.0;2;3;4
902100;;;SNACKPACK_CHOCOLATE;XIRECS;9769.0;2;3;4
902100;;;SNACKPACK_PISTACHIO;XIRECS;9400.0;2;3;4
902100;;;SNACKPACK_RASPBERRY;XIRECS;10123.0;2;3;4
902100;;;SNACKPACK_STRAWBERRY;XIRECS;10849.0;2;3;4
902100;;;SNACKPACK_VANILLA;XIRECS;10154.0;2;3;4
902100;;;TRANSLATOR_ASTRO_BLACK;XIRECS;8929.0;2;3;4
902100;;;TRANSLATOR_ECLIPSE_CHARCOAL;XIRECS;9784.0;2;3;4
902100;;;TRANSLATOR_GRAPHITE_MIST;XIRECS;10601.0;2;3;4
902100;;;TRANSLATOR_SPACE_GRAY;XIRECS;9726.0;2;3;4
902100;;;TRANSLATOR_VOID_BLUE;XIRECS;10676.0;2;3;4
902100;;;UV_VISOR_AMBER;XIRECS;7232.0;2;3;4
902100;;;UV_VISOR_MAGENTA;XIRECS;11529.0;2;3;4
902100;;;UV_VISOR_ORANGE;XIRECS;10288.0;2;3;4
902100;;;UV_VISOR_RED;XIRECS;11087.0;2;3;4
902100;;;UV_VISOR_YELLOW;XIRECS;11765.0;2;3;4
902300;SUBMISSION;;OXYGEN_SHAKE_MORNING_BREATH;XIRECS;8917.0;5;3;4
902400;;;MICROCHIP_CIRCLE;XIRECS;8569.0;3;3;4
902400;;;MICROCHIP_OVAL;XIRECS;7808.0;3;3;4
902400;;;MICROCHIP_RECTANGLE;XIRECS;7833.0;3;3;4
902400;;;MICROCHIP_SQUARE;XIRECS;15122.0;3;3;4
902400;;;MICROCHIP_TRIANGLE;XIRECS;10219.0;3;3;4
902900;;;MICROCHIP_CIRCLE;XIRECS;8555.0;2;3;4
902900;;;MICROCHIP_OVAL;XIRECS;7823.0;2;3;4
902900;;;MICROCHIP_RECTANGLE;XIRECS;7821.0;2;3;4
902900;;;MICROCHIP_SQUARE;XIRECS;14999.0;2;3;4
902900;;;MICROCHIP_TRIANGLE;XIRECS;10204.0;2;3;4
903300;SUBMISSION;;SNACKPACK_STRAWBERRY;XIRECS;10831.0;3;3;4
903300;SUBMISSION;;SNACKPACK_PISTACHIO;XIRECS;9395.0;3;3;4
903300;SUBMISSION;;SNACKPACK_VANILLA;XIRECS;10152.0;3;3;4
903800;;SUBMISSION;SNACKPACK_STRAWBERRY;XIRECS;10841.0;2;3;4
903800;;SUBMISSION;SNACKPACK_PISTACHIO;XIRECS;9399.0;2;3;4
903800;;SUBMISSION;SNACKPACK_VANILLA;XIRECS;10158.0;2;3;4
903800;;;GALAXY_SOUNDS_BLACK_HOLES;XIRECS;11326.0;2;3;4
903800;;;GALAXY_SOUNDS_DARK_MATTER;XIRECS;11116.0;2;3;4
903800;;;GALAXY_SOUNDS_PLANETARY_RINGS;XIRECS;11759.0;2;3;4
903800;;;GALAXY_SOUNDS_SOLAR_FLAMES;XIRECS;11027.0;2;3;4
903800;;;GALAXY_SOUNDS_SOLAR_WINDS;XIRECS;10982.0;2;3;4
903800;;;OXYGEN_SHAKE_CHOCOLATE;XIRECS;9492.0;2;3;4
903800;;;OXYGEN_SHAKE_EVENING_BREATH;XIRECS;9616.0;2;3;4
903800;;;OXYGEN_SHAKE_GARLIC;XIRECS;12000.0;2;3;4
903800;;;OXYGEN_SHAKE_MINT;XIRECS;10045.0;2;3;4
903800;;;OXYGEN_SHAKE_MORNING_BREATH;XIRECS;8911.0;2;3;4
903800;;;PANEL_1X2;XIRECS;8853.0;2;3;4
903800;;;PANEL_1X4;XIRECS;9139.0;2;3;4
903800;;;PANEL_2X2;XIRECS;9302.0;2;3;4
903800;;;PANEL_2X4;XIRECS;11308.0;2;3;4
903800;;;PANEL_4X4;XIRECS;9856.0;2;3;4
903800;;;ROBOT_DISHES;XIRECS;9667.0;2;3;4
903800;;;ROBOT_IRONING;XIRECS;7943.0;2;3;4
903800;;;ROBOT_LAUNDRY;XIRECS;9659.0;2;3;4
903800;;;ROBOT_MOPPING;XIRECS;12018.0;2;3;4
903800;;;ROBOT_VACUUMING;XIRECS;8833.0;2;3;4
903800;;;SLEEP_POD_COTTON;XIRECS;11859.0;2;3;4
903800;;;SLEEP_POD_LAMB_WOOL;XIRECS;11010.0;2;3;4
903800;;;SLEEP_POD_NYLON;XIRECS;9550.0;2;3;4
903800;;;SLEEP_POD_POLYESTER;XIRECS;12765.0;2;3;4
903800;;;SLEEP_POD_SUEDE;XIRECS;12391.0;2;3;4
903800;;;SNACKPACK_CHOCOLATE;XIRECS;9792.0;2;3;4
903800;;;SNACKPACK_RASPBERRY;XIRECS;10164.0;2;3;4
903800;;;TRANSLATOR_ASTRO_BLACK;XIRECS;8957.0;2;3;4
903800;;;TRANSLATOR_ECLIPSE_CHARCOAL;XIRECS;9729.0;2;3;4
903800;;;TRANSLATOR_GRAPHITE_MIST;XIRECS;10635.0;2;3;4
903800;;;TRANSLATOR_SPACE_GRAY;XIRECS;9746.0;2;3;4
903800;;;TRANSLATOR_VOID_BLUE;XIRECS;10702.0;2;3;4
903800;;;UV_VISOR_AMBER;XIRECS;7210.0;2;3;4
903800;;;UV_VISOR_MAGENTA;XIRECS;11531.0;2;3;4
903800;;;UV_VISOR_ORANGE;XIRECS;10309.0;2;3;4
903800;;;UV_VISOR_RED;XIRECS;11094.0;2;3;4
903800;;;UV_VISOR_YELLOW;XIRECS;11799.0;2;3;4
904400;;SUBMISSION;PEBBLES_XL;XIRECS;12994.0;8;3;4
904700;;SUBMISSION;SNACKPACK_STRAWBERRY;XIRECS;10823.0;4;3;4
904700;;SUBMISSION;SNACKPACK_STRAWBERRY;XIRECS;10832.0;2;3;4
904700;;SUBMISSION;SNACKPACK_PISTACHIO;XIRECS;9385.0;4;3;4
904700;;SUBMISSION;SNACKPACK_PISTACHIO;XIRECS;9392.0;2;3;4
904700;;SUBMISSION;SNACKPACK_VANILLA;XIRECS;10174.0;4;3;4
904700;;SUBMISSION;SNACKPACK_VANILLA;XIRECS;10182.0;2;3;4
904700;;;GALAXY_SOUNDS_BLACK_HOLES;XIRECS;11354.0;4;3;4
904700;;;GALAXY_SOUNDS_DARK_MATTER;XIRECS;11137.0;4;3;4
904700;;;GALAXY_SOUNDS_PLANETARY_RINGS;XIRECS;11755.0;4;3;4
904700;;;GALAXY_SOUNDS_SOLAR_FLAMES;XIRECS;11052.0;4;3;4
904700;;;GALAXY_SOUNDS_SOLAR_WINDS;XIRECS;10977.0;4;3;4
904700;;;OXYGEN_SHAKE_CHOCOLATE;XIRECS;9443.0;4;3;4
904700;;;OXYGEN_SHAKE_EVENING_BREATH;XIRECS;9666.0;4;3;4
904700;;;OXYGEN_SHAKE_GARLIC;XIRECS;12076.0;4;3;4
904700;;;OXYGEN_SHAKE_MINT;XIRECS;10035.0;4;3;4
904700;;;OXYGEN_SHAKE_MORNING_BREATH;XIRECS;8941.0;4;3;4
904700;;;PANEL_1X2;XIRECS;8844.0;4;3;4
904700;;;PANEL_1X4;XIRECS;9157.0;4;3;4
904700;;;PANEL_2X2;XIRECS;9330.0;4;3;4
904700;;;PANEL_2X4;XIRECS;11315.0;4;3;4
904700;;;PANEL_4X4;XIRECS;9871.0;4;3;4
904700;;;ROBOT_DISHES;XIRECS;9703.0;4;3;4
904700;;;ROBOT_IRONING;XIRECS;7973.0;4;3;4
904700;;;ROBOT_LAUNDRY;XIRECS;9644.0;4;3;4
904700;;;ROBOT_MOPPING;XIRECS;11995.0;4;3;4
904700;;;ROBOT_VACUUMING;XIRECS;8790.0;4;3;4
904700;;;SLEEP_POD_COTTON;XIRECS;11835.0;4;3;4
904700;;;SLEEP_POD_LAMB_WOOL;XIRECS;11038.0;4;3;4
904700;;;SLEEP_POD_NYLON;XIRECS;9532.0;4;3;4
904700;;;SLEEP_POD_POLYESTER;XIRECS;12810.0;4;3;4
904700;;;SLEEP_POD_SUEDE;XIRECS;12304.0;4;3;4
904700;;;SNACKPACK_CHOCOLATE;XIRECS;9776.0;4;3;4
904700;;;SNACKPACK_RASPBERRY;XIRECS;10181.0;4;3;4
904700;;;TRANSLATOR_ASTRO_BLACK;XIRECS;8980.0;4;3;4
904700;;;TRANSLATOR_ECLIPSE_CHARCOAL;XIRECS;9711.0;4;3;4
904700;;;TRANSLATOR_GRAPHITE_MIST;XIRECS;10638.0;4;3;4
904700;;;TRANSLATOR_SPACE_GRAY;XIRECS;9764.0;4;3;4
904700;;;TRANSLATOR_VOID_BLUE;XIRECS;10713.0;4;3;4
904700;;;UV_VISOR_AMBER;XIRECS;7204.0;4;3;4
904700;;;UV_VISOR_MAGENTA;XIRECS;11549.0;4;3;4
904700;;;UV_VISOR_ORANGE;XIRECS;10330.0;4;3;4
904700;;;UV_VISOR_RED;XIRECS;11070.0;4;3;4
904700;;;UV_VISOR_YELLOW;XIRECS;11847.0;4;3;4
905300;SUBMISSION;;SLEEP_POD_COTTON;XIRECS;11868.0;5;3;4
905400;SUBMISSION;;PEBBLES_XL;XIRECS;13050.0;3;3;4
905400;SUBMISSION;;PEBBLES_XL;XIRECS;13059.0;5;3;4
906000;SUBMISSION;;OXYGEN_SHAKE_MORNING_BREATH;XIRECS;8957.0;5;3;4
907800;;SUBMISSION;PEBBLES_XL;XIRECS;13103.0;2;3;4
907800;;;PEBBLES_L;XIRECS;10713.0;2;3;4
907800;;;PEBBLES_M;XIRECS;11098.0;2;3;4
907800;;;PEBBLES_S;XIRECS;8789.0;2;3;4
907800;;;PEBBLES_XS;XIRECS;6328.0;2;3;4
909000;SUBMISSION;;SNACKPACK_STRAWBERRY;XIRECS;10849.0;2;3;4
909000;SUBMISSION;;SNACKPACK_PISTACHIO;XIRECS;9410.0;2;3;4
909000;SUBMISSION;;SNACKPACK_VANILLA;XIRECS;10197.0;2;3;4
909000;;;GALAXY_SOUNDS_BLACK_HOLES;XIRECS;11260.0;2;3;4
909000;;;GALAXY_SOUNDS_DARK_MATTER;XIRECS;11167.0;2;3;4
909000;;;GALAXY_SOUNDS_PLANETARY_RINGS;XIRECS;11814.0;2;3;4
909000;;;GALAXY_SOUNDS_SOLAR_FLAMES;XIRECS;11117.0;2;3;4
909000;;;GALAXY_SOUNDS_SOLAR_WINDS;XIRECS;10914.0;2;3;4
909000;;;OXYGEN_SHAKE_CHOCOLATE;XIRECS;9444.0;2;3;4
909000;;;OXYGEN_SHAKE_EVENING_BREATH;XIRECS;9594.0;2;3;4
909000;;;OXYGEN_SHAKE_GARLIC;XIRECS;12044.0;2;3;4
909000;;;OXYGEN_SHAKE_MINT;XIRECS;10018.0;2;3;4
909000;;;OXYGEN_SHAKE_MORNING_BREATH;XIRECS;9054.0;2;3;4
909000;;;PANEL_1X2;XIRECS;8899.0;2;3;4
909000;;;PANEL_1X4;XIRECS;9034.0;2;3;4
909000;;;PANEL_2X2;XIRECS;9320.0;2;3;4
909000;;;PANEL_2X4;XIRECS;11387.0;2;3;4
909000;;;PANEL_4X4;XIRECS;9929.0;2;3;4
909000;;;ROBOT_DISHES;XIRECS;9799.0;2;3;4
909000;;;ROBOT_IRONING;XIRECS;7927.0;2;3;4
909000;;;ROBOT_LAUNDRY;XIRECS;9635.0;2;3;4
909000;;;ROBOT_MOPPING;XIRECS;11963.0;2;3;4
909000;;;ROBOT_VACUUMING;XIRECS;8792.0;2;3;4
909000;;;SLEEP_POD_COTTON;XIRECS;11850.0;2;3;4
909000;;;SLEEP_POD_LAMB_WOOL;XIRECS;11093.0;2;3;4
909000;;;SLEEP_POD_NYLON;XIRECS;9526.0;2;3;4
909000;;;SLEEP_POD_POLYESTER;XIRECS;12751.0;2;3;4
909000;;;SLEEP_POD_SUEDE;XIRECS;12157.0;2;3;4
909000;;;SNACKPACK_CHOCOLATE;XIRECS;9736.0;2;3;4
909000;;;SNACKPACK_RASPBERRY;XIRECS;10132.0;2;3;4
909000;;;TRANSLATOR_ASTRO_BLACK;XIRECS;9028.0;2;3;4
909000;;;TRANSLATOR_ECLIPSE_CHARCOAL;XIRECS;9636.0;2;3;4
909000;;;TRANSLATOR_GRAPHITE_MIST;XIRECS;10670.0;2;3;4
909000;;;TRANSLATOR_SPACE_GRAY;XIRECS;9687.0;2;3;4
909000;;;TRANSLATOR_VOID_BLUE;XIRECS;10838.0;2;3;4
909000;;;UV_VISOR_AMBER;XIRECS;7209.0;2;3;4
909000;;;UV_VISOR_MAGENTA;XIRECS;11486.0;2;3;4
909000;;;UV_VISOR_ORANGE;XIRECS;10300.0;2;3;4
909000;;;UV_VISOR_RED;XIRECS;11043.0;2;3;4
909000;;;UV_VISOR_YELLOW;XIRECS;11939.0;2;3;4
910900;;SUBMISSION;SNACKPACK_STRAWBERRY;XIRECS;10906.0;2;3;4
910900;;SUBMISSION;SNACKPACK_PISTACHIO;XIRECS;9454.0;2;3;4
910900;;SUBMISSION;SNACKPACK_VANILLA;XIRECS;10191.0;2;3;4
911800;;SUBMISSION;SLEEP_POD_COTTON;XIRECS;11724.0;5;3;4
912400;SUBMISSION;;SNACKPACK_STRAWBERRY;XIRECS;10925.0;5;3;4
912400;SUBMISSION;;SNACKPACK_PISTACHIO;XIRECS;9482.0;5;3;4
912400;SUBMISSION;;SNACKPACK_VANILLA;XIRECS;10171.0;5;3;4
912900;;;PEBBLES_L;XIRECS;10748.0;4;3;4
912900;;;PEBBLES_M;XIRECS;11033.0;4;3;4
912900;;;PEBBLES_S;XIRECS;8751.0;4;3;4
912900;;;PEBBLES_XL;XIRECS;13143.0;4;3;4
912900;;;PEBBLES_XS;XIRECS;6292.0;4;3;4
913000;;SUBMISSION;PEBBLES_XL;XIRECS;13135.0;6;3;4
913300;;SUBMISSION;SNACKPACK_STRAWBERRY;XIRECS;10921.0;1;3;4
913300;;SUBMISSION;SNACKPACK_PISTACHIO;XIRECS;9479.0;1;3;4
913300;;SUBMISSION;SNACKPACK_VANILLA;XIRECS;10177.0;1;3;4
913300;;;GALAXY_SOUNDS_BLACK_HOLES;XIRECS;11452.0;2;3;4
913300;;;GALAXY_SOUNDS_DARK_MATTER;XIRECS;11031.0;2;3;4
913300;;;GALAXY_SOUNDS_PLANETARY_RINGS;XIRECS;11850.0;2;3;4
913300;;;GALAXY_SOUNDS_SOLAR_FLAMES;XIRECS;11078.0;2;3;4
913300;;;GALAXY_SOUNDS_SOLAR_WINDS;XIRECS;10925.0;2;3;4
913300;;;OXYGEN_SHAKE_CHOCOLATE;XIRECS;9432.0;2;3;4
913300;;;OXYGEN_SHAKE_EVENING_BREATH;XIRECS;9616.0;2;3;4
913300;;;OXYGEN_SHAKE_GARLIC;XIRECS;11915.0;2;3;4
913300;;;OXYGEN_SHAKE_MINT;XIRECS;10051.0;2;3;4
913300;;;OXYGEN_SHAKE_MORNING_BREATH;XIRECS;8986.0;2;3;4
913300;;;PANEL_1X2;XIRECS;8868.0;2;3;4
913300;;;PANEL_1X4;XIRECS;9029.0;2;3;4
913300;;;PANEL_2X2;XIRECS;9290.0;2;3;4
913300;;;PANEL_2X4;XIRECS;11352.0;2;3;4
913300;;;PANEL_4X4;XIRECS;9929.0;2;3;4
913300;;;ROBOT_DISHES;XIRECS;9704.0;2;3;4
913300;;;ROBOT_IRONING;XIRECS;7933.0;2;3;4
913300;;;ROBOT_LAUNDRY;XIRECS;9733.0;2;3;4
913300;;;ROBOT_MOPPING;XIRECS;11980.0;2;3;4
913300;;;ROBOT_VACUUMING;XIRECS;8890.0;2;3;4
913300;;;SLEEP_POD_COTTON;XIRECS;11775.0;2;3;4
913300;;;SLEEP_POD_LAMB_WOOL;XIRECS;11193.0;2;3;4
913300;;;SLEEP_POD_NYLON;XIRECS;9459.0;2;3;4
913300;;;SLEEP_POD_POLYESTER;XIRECS;12783.0;2;3;4
913300;;;SLEEP_POD_SUEDE;XIRECS;12223.0;2;3;4
913300;;;SNACKPACK_CHOCOLATE;XIRECS;9779.0;2;3;4
913300;;;SNACKPACK_RASPBERRY;XIRECS;10085.0;2;3;4
913300;;;TRANSLATOR_ASTRO_BLACK;XIRECS;9103.0;2;3;4
913300;;;TRANSLATOR_ECLIPSE_CHARCOAL;XIRECS;9667.0;2;3;4
913300;;;TRANSLATOR_GRAPHITE_MIST;XIRECS;10639.0;2;3;4
913300;;;TRANSLATOR_SPACE_GRAY;XIRECS;9858.0;2;3;4
913300;;;TRANSLATOR_VOID_BLUE;XIRECS;10869.0;2;3;4
913300;;;UV_VISOR_AMBER;XIRECS;7355.0;2;3;4
913300;;;UV_VISOR_MAGENTA;XIRECS;11455.0;2;3;4
913300;;;UV_VISOR_ORANGE;XIRECS;10385.0;2;3;4
913300;;;UV_VISOR_RED;XIRECS;11119.0;2;3;4
913300;;;UV_VISOR_YELLOW;XIRECS;11975.0;2;3;4
915500;SUBMISSION;;SLEEP_POD_COTTON;XIRECS;11875.0;5;3;4
915600;;SUBMISSION;PANEL_1X4;XIRECS;8994.0;5;3;4
915800;;;MICROCHIP_CIRCLE;XIRECS;8561.0;3;3;4
915800;;;MICROCHIP_OVAL;XIRECS;8065.0;3;3;4
915800;;;MICROCHIP_RECTANGLE;XIRECS;8019.0;3;3;4
915800;;;MICROCHIP_SQUARE;XIRECS;15135.0;3;3;4
915800;;;MICROCHIP_TRIANGLE;XIRECS;9962.0;3;3;4
916000;;;GALAXY_SOUNDS_BLACK_HOLES;XIRECS;11511.0;2;3;4
916000;;;GALAXY_SOUNDS_DARK_MATTER;XIRECS;11073.0;2;3;4
916000;;;GALAXY_SOUNDS_PLANETARY_RINGS;XIRECS;11856.0;2;3;4
916000;;;GALAXY_SOUNDS_SOLAR_FLAMES;XIRECS;11125.0;2;3;4
916000;;;GALAXY_SOUNDS_SOLAR_WINDS;XIRECS;11015.0;2;3;4
916000;;;OXYGEN_SHAKE_CHOCOLATE;XIRECS;9469.0;2;3;4
916000;;;OXYGEN_SHAKE_EVENING_BREATH;XIRECS;9616.0;2;3;4
916000;;;OXYGEN_SHAKE_GARLIC;XIRECS;11889.0;2;3;4
916000;;;OXYGEN_SHAKE_MINT;XIRECS;9994.0;2;3;4
916000;;;OXYGEN_SHAKE_MORNING_BREATH;XIRECS;9090.0;2;3;4
916000;;;PANEL_1X2;XIRECS;8847.0;2;3;4
916000;;;PANEL_1X4;XIRECS;9004.0;2;3;4
916000;;;PANEL_2X2;XIRECS;9289.0;2;3;4
916000;;;PANEL_2X4;XIRECS;11420.0;2;3;4
916000;;;PANEL_4X4;XIRECS;9940.0;2;3;4
916000;;;ROBOT_DISHES;XIRECS;9653.0;2;3;4
916000;;;ROBOT_IRONING;XIRECS;7883.0;2;3;4
916000;;;ROBOT_LAUNDRY;XIRECS;9758.0;2;3;4
916000;;;ROBOT_MOPPING;XIRECS;12057.0;2;3;4
916000;;;ROBOT_VACUUMING;XIRECS;8776.0;2;3;4
916000;;;SLEEP_POD_COTTON;XIRECS;11880.0;2;3;4
916000;;;SLEEP_POD_LAMB_WOOL;XIRECS;11144.0;2;3;4
916000;;;SLEEP_POD_NYLON;XIRECS;9415.0;2;3;4
916000;;;SLEEP_POD_POLYESTER;XIRECS;12854.0;2;3;4
916000;;;SLEEP_POD_SUEDE;XIRECS;12198.0;2;3;4
916000;;;SNACKPACK_CHOCOLATE;XIRECS;9718.0;2;3;4
916000;;;SNACKPACK_PISTACHIO;XIRECS;9509.0;2;3;4
916000;;;SNACKPACK_RASPBERRY;XIRECS;9996.0;2;3;4
916000;;;SNACKPACK_STRAWBERRY;XIRECS;10999.0;2;3;4
916000;;;SNACKPACK_VANILLA;XIRECS;10241.0;2;3;4
916000;;;TRANSLATOR_ASTRO_BLACK;XIRECS;9134.0;2;3;4
916000;;;TRANSLATOR_ECLIPSE_CHARCOAL;XIRECS;9639.0;2;3;4
916000;;;TRANSLATOR_GRAPHITE_MIST;XIRECS;10618.0;2;3;4
916000;;;TRANSLATOR_SPACE_GRAY;XIRECS;9888.0;2;3;4
916000;;;TRANSLATOR_VOID_BLUE;XIRECS;10789.0;2;3;4
916000;;;UV_VISOR_AMBER;XIRECS;7349.0;2;3;4
916000;;;UV_VISOR_MAGENTA;XIRECS;11396.0;2;3;4
916000;;;UV_VISOR_ORANGE;XIRECS;10472.0;2;3;4
916000;;;UV_VISOR_RED;XIRECS;11073.0;2;3;4
916000;;;UV_VISOR_YELLOW;XIRECS;11943.0;2;3;4
916300;SUBMISSION;;GALAXY_SOUNDS_PLANETARY_RINGS;XIRECS;11860.0;5;3;4
916400;;SUBMISSION;PEBBLES_XL;XIRECS;12962.0;2;3;4
916400;;;PEBBLES_L;XIRECS;10764.0;4;3;4
916400;;;PEBBLES_M;XIRECS;11067.0;4;3;4
916400;;;PEBBLES_S;XIRECS;8960.0;4;3;4
916400;;;PEBBLES_XS;XIRECS;6278.0;4;3;4
918000;;;MICROCHIP_CIRCLE;XIRECS;8491.0;3;3;4
918000;;;MICROCHIP_OVAL;XIRECS;7999.0;3;3;4
918000;;;MICROCHIP_RECTANGLE;XIRECS;8034.0;3;3;4
918000;;;MICROCHIP_SQUARE;XIRECS;15117.0;3;3;4
918000;;;MICROCHIP_TRIANGLE;XIRECS;9901.0;3;3;4
918200;;SUBMISSION;SNACKPACK_STRAWBERRY;XIRECS;10980.0;2;3;4
918200;;SUBMISSION;SNACKPACK_PISTACHIO;XIRECS;9491.0;2;3;4
918200;;SUBMISSION;SNACKPACK_VANILLA;XIRECS;10256.0;2;3;4
918500;;;GALAXY_SOUNDS_BLACK_HOLES;XIRECS;11427.0;2;3;4
918500;;;GALAXY_SOUNDS_DARK_MATTER;XIRECS;11027.0;2;3;4
918500;;;GALAXY_SOUNDS_PLANETARY_RINGS;XIRECS;11903.0;2;3;4
918500;;;GALAXY_SOUNDS_SOLAR_FLAMES;XIRECS;11046.0;2;3;4
918500;;;GALAXY_SOUNDS_SOLAR_WINDS;XIRECS;10978.0;2;3;4
918500;;;OXYGEN_SHAKE_CHOCOLATE;XIRECS;9482.0;2;3;4
918500;;;OXYGEN_SHAKE_EVENING_BREATH;XIRECS;9576.0;2;3;4
918500;;;OXYGEN_SHAKE_GARLIC;XIRECS;11827.0;2;3;4
918500;;;OXYGEN_SHAKE_MINT;XIRECS;9989.0;2;3;4
918500;;;OXYGEN_SHAKE_MORNING_BREATH;XIRECS;9182.0;2;3;4
918500;;;PANEL_1X2;XIRECS;8807.0;2;3;4
918500;;;PANEL_1X4;XIRECS;8980.0;2;3;4
918500;;;PANEL_2X2;XIRECS;9244.0;2;3;4
918500;;;PANEL_2X4;XIRECS;11451.0;2;3;4
918500;;;PANEL_4X4;XIRECS;9978.0;2;3;4
918500;;;ROBOT_DISHES;XIRECS;9726.0;2;3;4
918500;;;ROBOT_IRONING;XIRECS;7903.0;2;3;4
918500;;;ROBOT_LAUNDRY;XIRECS;9788.0;2;3;4
918500;;;ROBOT_MOPPING;XIRECS;12044.0;2;3;4
918500;;;ROBOT_VACUUMING;XIRECS;8756.0;2;3;4
918500;;;SLEEP_POD_COTTON;XIRECS;11876.0;2;3;4
918500;;;SLEEP_POD_LAMB_WOOL;XIRECS;11232.0;2;3;4
918500;;;SLEEP_POD_NYLON;XIRECS;9421.0;2;3;4
918500;;;SLEEP_POD_POLYESTER;XIRECS;12918.0;2;3;4
918500;;;SLEEP_POD_SUEDE;XIRECS;12154.0;2;3;4
918500;;;SNACKPACK_CHOCOLATE;XIRECS;9714.0;2;3;4
918500;;;SNACKPACK_PISTACHIO;XIRECS;9513.0;2;3;4
918500;;;SNACKPACK_RASPBERRY;XIRECS;9989.0;2;3;4
918500;;;SNACKPACK_STRAWBERRY;XIRECS;11006.0;2;3;4
918500;;;SNACKPACK_VANILLA;XIRECS;10255.0;2;3;4
918500;;;TRANSLATOR_ASTRO_BLACK;XIRECS;9194.0;2;3;4
918500;;;TRANSLATOR_ECLIPSE_CHARCOAL;XIRECS;9646.0;2;3;4
918500;;;TRANSLATOR_GRAPHITE_MIST;XIRECS;10659.0;2;3;4
918500;;;TRANSLATOR_SPACE_GRAY;XIRECS;9851.0;2;3;4
918500;;;TRANSLATOR_VOID_BLUE;XIRECS;10800.0;2;3;4
918500;;;UV_VISOR_AMBER;XIRECS;7356.0;2;3;4
918500;;;UV_VISOR_MAGENTA;XIRECS;11465.0;2;3;4
918500;;;UV_VISOR_ORANGE;XIRECS;10539.0;2;3;4
918500;;;UV_VISOR_RED;XIRECS;11044.0;2;3;4
918500;;;UV_VISOR_YELLOW;XIRECS;11970.0;2;3;4
918700;SUBMISSION;;PEBBLES_XL;XIRECS;13019.0;2;3;4
918700;;;PEBBLES_L;XIRECS;10664.0;5;3;4
918700;;;PEBBLES_M;XIRECS;11052.0;5;3;4
918700;;;PEBBLES_S;XIRECS;8989.0;5;3;4
918700;;;PEBBLES_XS;XIRECS;6245.0;5;3;4
919200;;SUBMISSION;PEBBLES_XL;XIRECS;13055.0;6;3;4
919400;SUBMISSION;;SNACKPACK_STRAWBERRY;XIRECS;10979.0;2;3;4
919400;SUBMISSION;;SNACKPACK_PISTACHIO;XIRECS;9484.0;2;3;4
919400;SUBMISSION;;SNACKPACK_VANILLA;XIRECS;10221.0;2;3;4
919400;;;GALAXY_SOUNDS_BLACK_HOLES;XIRECS;11401.0;3;3;4
919400;;;GALAXY_SOUNDS_DARK_MATTER;XIRECS;11034.0;3;3;4
919400;;;GALAXY_SOUNDS_PLANETARY_RINGS;XIRECS;11904.0;3;3;4
919400;;;GALAXY_SOUNDS_SOLAR_FLAMES;XIRECS;11050.0;3;3;4
919400;;;GALAXY_SOUNDS_SOLAR_WINDS;XIRECS;10967.0;3;3;4
919400;;;OXYGEN_SHAKE_CHOCOLATE;XIRECS;9431.0;3;3;4
919400;;;OXYGEN_SHAKE_EVENING_BREATH;XIRECS;9574.0;3;3;4
919400;;;OXYGEN_SHAKE_GARLIC;XIRECS;11824.0;3;3;4
919400;;;OXYGEN_SHAKE_MINT;XIRECS;9933.0;3;3;4
919400;;;OXYGEN_SHAKE_MORNING_BREATH;XIRECS;9181.0;3;3;4
919400;;;PANEL_1X2;XIRECS;8824.0;3;3;4
919400;;;PANEL_1X4;XIRECS;8938.0;3;3;4
919400;;;PANEL_2X2;XIRECS;9232.0;3;3;4
919400;;;PANEL_2X4;XIRECS;11462.0;3;3;4
919400;;;PANEL_4X4;XIRECS;9969.0;3;3;4
919400;;;ROBOT_DISHES;XIRECS;9739.0;3;3;4
919400;;;ROBOT_IRONING;XIRECS;7907.0;3;3;4
919400;;;ROBOT_LAUNDRY;XIRECS;9797.0;3;3;4
919400;;;ROBOT_MOPPING;XIRECS;12033.0;3;3;4
919400;;;ROBOT_VACUUMING;XIRECS;8731.0;3;3;4
919400;;;SLEEP_POD_COTTON;XIRECS;11868.0;3;3;4
919400;;;SLEEP_POD_LAMB_WOOL;XIRECS;11217.0;3;3;4
919400;;;SLEEP_POD_NYLON;XIRECS;9458.0;3;3;4
919400;;;SLEEP_POD_POLYESTER;XIRECS;12844.0;3;3;4
919400;;;SLEEP_POD_SUEDE;XIRECS;12122.0;3;3;4
919400;;;SNACKPACK_CHOCOLATE;XIRECS;9713.0;3;3;4
919400;;;SNACKPACK_RASPBERRY;XIRECS;9985.0;3;3;4
919400;;;TRANSLATOR_ASTRO_BLACK;XIRECS;9161.0;3;3;4
919400;;;TRANSLATOR_ECLIPSE_CHARCOAL;XIRECS;9649.0;3;3;4
919400;;;TRANSLATOR_GRAPHITE_MIST;XIRECS;10659.0;3;3;4
919400;;;TRANSLATOR_SPACE_GRAY;XIRECS;9889.0;3;3;4
919400;;;TRANSLATOR_VOID_BLUE;XIRECS;10721.0;3;3;4
919400;;;UV_VISOR_AMBER;XIRECS;7315.0;3;3;4
919400;;;UV_VISOR_MAGENTA;XIRECS;11454.0;3;3;4
919400;;;UV_VISOR_ORANGE;XIRECS;10527.0;3;3;4
919400;;;UV_VISOR_RED;XIRECS;11003.0;3;3;4
919400;;;UV_VISOR_YELLOW;XIRECS;11964.0;3;3;4
919500;;SUBMISSION;PANEL_1X4;XIRECS;8953.0;5;3;4
921000;;;GALAXY_SOUNDS_BLACK_HOLES;XIRECS;11354.0;1;3;4
921000;;;GALAXY_SOUNDS_DARK_MATTER;XIRECS;11038.0;1;3;4
921000;;;GALAXY_SOUNDS_PLANETARY_RINGS;XIRECS;11892.0;1;3;4
921000;;;GALAXY_SOUNDS_SOLAR_FLAMES;XIRECS;11049.0;1;3;4
921000;;;GALAXY_SOUNDS_SOLAR_WINDS;XIRECS;10962.0;1;3;4
921000;;;OXYGEN_SHAKE_CHOCOLATE;XIRECS;9419.0;1;3;4
921000;;;OXYGEN_SHAKE_EVENING_BREATH;XIRECS;9596.0;1;3;4
921000;;;OXYGEN_SHAKE_GARLIC;XIRECS;11800.0;1;3;4
921000;;;OXYGEN_SHAKE_MINT;XIRECS;9936.0;1;3;4
921000;;;OXYGEN_SHAKE_MORNING_BREATH;XIRECS;9157.0;1;3;4
921000;;;PANEL_1X2;XIRECS;8852.0;1;3;4
921000;;;PANEL_1X4;XIRECS;8970.0;1;3;4
921000;;;PANEL_2X2;XIRECS;9224.0;1;3;4
921000;;;PANEL_2X4;XIRECS;11450.0;1;3;4
921000;;;PANEL_4X4;XIRECS;9999.0;1;3;4
921000;;;ROBOT_DISHES;XIRECS;9753.0;1;3;4
921000;;;ROBOT_IRONING;XIRECS;7903.0;1;3;4
921000;;;ROBOT_LAUNDRY;XIRECS;9849.0;1;3;4
921000;;;ROBOT_MOPPING;XIRECS;12064.0;1;3;4
921000;;;ROBOT_VACUUMING;XIRECS;8695.0;1;3;4
921000;;;SLEEP_POD_COTTON;XIRECS;11884.0;1;3;4
921000;;;SLEEP_POD_LAMB_WOOL;XIRECS;11156.0;1;3;4
921000;;;SLEEP_POD_NYLON;XIRECS;9472.0;1;3;4
921000;;;SLEEP_POD_POLYESTER;XIRECS;12902.0;1;3;4
921000;;;SLEEP_POD_SUEDE;XIRECS;12166.0;1;3;4
921000;;;SNACKPACK_CHOCOLATE;XIRECS;9739.0;1;3;4
921000;;;SNACKPACK_PISTACHIO;XIRECS;9517.0;1;3;4
921000;;;SNACKPACK_RASPBERRY;XIRECS;9992.0;1;3;4
921000;;;SNACKPACK_STRAWBERRY;XIRECS;11005.0;1;3;4
921000;;;SNACKPACK_VANILLA;XIRECS;10225.0;1;3;4
921000;;;TRANSLATOR_ASTRO_BLACK;XIRECS;9186.0;1;3;4
921000;;;TRANSLATOR_ECLIPSE_CHARCOAL;XIRECS;9619.0;1;3;4
921000;;;TRANSLATOR_GRAPHITE_MIST;XIRECS;10665.0;1;3;4
921000;;;TRANSLATOR_SPACE_GRAY;XIRECS;9957.0;1;3;4
921000;;;TRANSLATOR_VOID_BLUE;XIRECS;10793.0;1;3;4
921000;;;UV_VISOR_AMBER;XIRECS;7332.0;1;3;4
921000;;;UV_VISOR_MAGENTA;XIRECS;11514.0;1;3;4
921000;;;UV_VISOR_ORANGE;XIRECS;10586.0;1;3;4
921000;;;UV_VISOR_RED;XIRECS;10980.0;1;3;4
921000;;;UV_VISOR_YELLOW;XIRECS;11942.0;1;3;4
922200;;;MICROCHIP_CIRCLE;XIRECS;8595.0;1;3;4
922200;;;MICROCHIP_OVAL;XIRECS;7905.0;1;3;4
922200;;;MICROCHIP_RECTANGLE;XIRECS;8122.0;1;3;4
922200;;;MICROCHIP_SQUARE;XIRECS;15441.0;1;3;4
922200;;;MICROCHIP_TRIANGLE;XIRECS;9810.0;1;3;4
922400;;SUBMISSION;SNACKPACK_STRAWBERRY;XIRECS;10966.0;2;3;4
922400;;SUBMISSION;SNACKPACK_PISTACHIO;XIRECS;9495.0;2;3;4
922400;;SUBMISSION;SNACKPACK_VANILLA;XIRECS;10217.0;2;3;4
922600;SUBMISSION;;GALAXY_SOUNDS_PLANETARY_RINGS;XIRECS;11902.0;5;3;4
922900;SUBMISSION;;SLEEP_POD_COTTON;XIRECS;11911.0;5;3;4
922900;;SUBMISSION;PEBBLES_XL;XIRECS;13053.0;6;3;4
923200;;;PEBBLES_L;XIRECS;10848.0;4;3;4
923200;;;PEBBLES_M;XIRECS;11112.0;4;3;4
923200;;;PEBBLES_S;XIRECS;8917.0;4;3;4
923200;;;PEBBLES_XL;XIRECS;12961.0;4;3;4
923200;;;PEBBLES_XS;XIRECS;6195.0;4;3;4
923600;;;PEBBLES_L;XIRECS;10855.0;3;3;4
923600;;;PEBBLES_M;XIRECS;11150.0;3;3;4
923600;;;PEBBLES_S;XIRECS;8879.0;3;3;4
923600;;;PEBBLES_XL;XIRECS;12944.0;3;3;4
923600;;;PEBBLES_XS;XIRECS;6204.0;3;3;4
924600;;SUBMISSION;GALAXY_SOUNDS_PLANETARY_RINGS;XIRECS;11828.0;5;3;4
925800;SUBMISSION;;PEBBLES_XL;XIRECS;12909.0;2;3;4
925800;;;PEBBLES_L;XIRECS;10809.0;5;3;4
925800;;;PEBBLES_M;XIRECS;11158.0;5;3;4
925800;;;PEBBLES_S;XIRECS;8903.0;5;3;4
925800;;;PEBBLES_XS;XIRECS;6190.0;5;3;4
926100;SUBMISSION;;GALAXY_SOUNDS_PLANETARY_RINGS;XIRECS;11934.0;5;3;4
926200;;SUBMISSION;PANEL_1X4;XIRECS;8930.0;5;3;4
926200;;SUBMISSION;PEBBLES_XL;XIRECS;12970.0;2;3;4
926200;;;PEBBLES_L;XIRECS;10821.0;5;3;4
926200;;;PEBBLES_M;XIRECS;11171.0;5;3;4
926200;;;PEBBLES_S;XIRECS;8881.0;5;3;4
926200;;;PEBBLES_XS;XIRECS;6189.0;5;3;4
927000;;SUBMISSION;SNACKPACK_STRAWBERRY;XIRECS;10980.0;2;3;4
927000;;SUBMISSION;SNACKPACK_PISTACHIO;XIRECS;9512.0;2;3;4
927000;;SUBMISSION;SNACKPACK_VANILLA;XIRECS;10169.0;2;3;4
927000;SUBMISSION;;PANEL_1X4;XIRECS;9006.0;5;3;4
927400;;SUBMISSION;SLEEP_POD_COTTON;XIRECS;11784.0;5;3;4
927500;SUBMISSION;;SNACKPACK_STRAWBERRY;XIRECS;10978.0;5;3;4
927500;SUBMISSION;;SNACKPACK_PISTACHIO;XIRECS;9507.0;5;3;4
927500;SUBMISSION;;SNACKPACK_VANILLA;XIRECS;10176.0;5;3;4
927800;;;GALAXY_SOUNDS_BLACK_HOLES;XIRECS;11446.0;3;3;4
927800;;;GALAXY_SOUNDS_DARK_MATTER;XIRECS;10847.0;3;3;4
927800;;;GALAXY_SOUNDS_PLANETARY_RINGS;XIRECS;11874.0;3;3;4
927800;;;GALAXY_SOUNDS_SOLAR_FLAMES;XIRECS;11010.0;3;3;4
927800;;;GALAXY_SOUNDS_SOLAR_WINDS;XIRECS;10951.0;3;3;4
927800;;;OXYGEN_SHAKE_CHOCOLATE;XIRECS;9280.0;3;3;4
927800;;;OXYGEN_SHAKE_EVENING_BREATH;XIRECS;9524.0;3;3;4
927800;;;OXYGEN_SHAKE_GARLIC;XIRECS;11761.0;3;3;4
927800;;;OXYGEN_SHAKE_MINT;XIRECS;9932.0;3;3;4
927800;;;OXYGEN_SHAKE_MORNING_BREATH;XIRECS;9090.0;3;3;4
927800;;;PANEL_1X2;XIRECS;8797.0;3;3;4
927800;;;PANEL_1X4;XIRECS;8976.0;3;3;4
927800;;;PANEL_2X2;XIRECS;9174.0;3;3;4
927800;;;PANEL_2X4;XIRECS;11298.0;3;3;4
927800;;;PANEL_4X4;XIRECS;10029.0;3;3;4
927800;;;ROBOT_DISHES;XIRECS;9659.0;3;3;4
927800;;;ROBOT_IRONING;XIRECS;7917.0;3;3;4
927800;;;ROBOT_LAUNDRY;XIRECS;9745.0;3;3;4
927800;;;ROBOT_MOPPING;XIRECS;12045.0;3;3;4
927800;;;ROBOT_VACUUMING;XIRECS;8660.0;3;3;4
927800;;;SLEEP_POD_COTTON;XIRECS;11818.0;3;3;4
927800;;;SLEEP_POD_LAMB_WOOL;XIRECS;10941.0;3;3;4
927800;;;SLEEP_POD_NYLON;XIRECS;9361.0;3;3;4
927800;;;SLEEP_POD_POLYESTER;XIRECS;13019.0;3;3;4
927800;;;SLEEP_POD_SUEDE;XIRECS;12173.0;3;3;4
927800;;;SNACKPACK_CHOCOLATE;XIRECS;9745.0;3;3;4
927800;;;SNACKPACK_PISTACHIO;XIRECS;9496.0;3;3;4
927800;;;SNACKPACK_RASPBERRY;XIRECS;9977.0;3;3;4
927800;;;SNACKPACK_STRAWBERRY;XIRECS;10970.0;3;3;4
927800;;;SNACKPACK_VANILLA;XIRECS;10170.0;3;3;4
927800;;;TRANSLATOR_ASTRO_BLACK;XIRECS;9166.0;3;3;4
927800;;;TRANSLATOR_ECLIPSE_CHARCOAL;XIRECS;9687.0;3;3;4
927800;;;TRANSLATOR_GRAPHITE_MIST;XIRECS;10806.0;3;3;4
927800;;;TRANSLATOR_SPACE_GRAY;XIRECS;9931.0;3;3;4
927800;;;TRANSLATOR_VOID_BLUE;XIRECS;10821.0;3;3;4
927800;;;UV_VISOR_AMBER;XIRECS;7430.0;3;3;4
927800;;;UV_VISOR_MAGENTA;XIRECS;11407.0;3;3;4
927800;;;UV_VISOR_ORANGE;XIRECS;10509.0;3;3;4
927800;;;UV_VISOR_RED;XIRECS;10993.0;3;3;4
927800;;;UV_VISOR_YELLOW;XIRECS;11880.0;3;3;4
928000;SUBMISSION;;SNACKPACK_STRAWBERRY;XIRECS;11004.0;3;3;4
928000;SUBMISSION;;SNACKPACK_PISTACHIO;XIRECS;9520.0;3;3;4
928000;SUBMISSION;;SNACKPACK_VANILLA;XIRECS;10197.0;3;3;4
928200;;;MICROCHIP_CIRCLE;XIRECS;8613.0;1;3;4
928200;;;MICROCHIP_OVAL;XIRECS;7786.0;1;3;4
928200;;;MICROCHIP_RECTANGLE;XIRECS;8256.0;1;3;4
928200;;;MICROCHIP_SQUARE;XIRECS;15076.0;1;3;4
928200;;;MICROCHIP_TRIANGLE;XIRECS;9650.0;1;3;4
928800;SUBMISSION;;PEBBLES_XL;XIRECS;12663.0;8;3;4
928800;SUBMISSION;;PEBBLES_XL;XIRECS;12671.0;12;3;4
930500;;;MICROCHIP_CIRCLE;XIRECS;8623.0;1;3;4
930500;;;MICROCHIP_OVAL;XIRECS;7677.0;1;3;4
930500;;;MICROCHIP_RECTANGLE;XIRECS;8203.0;1;3;4
930500;;;MICROCHIP_SQUARE;XIRECS;15074.0;1;3;4
930500;;;MICROCHIP_TRIANGLE;XIRECS;9468.0;1;3;4
930800;SUBMISSION;;GALAXY_SOUNDS_PLANETARY_RINGS;XIRECS;12013.0;5;3;4
931000;;SUBMISSION;SNACKPACK_STRAWBERRY;XIRECS;11000.0;2;3;4
931000;;SUBMISSION;SNACKPACK_PISTACHIO;XIRECS;9499.0;2;3;4
931000;;SUBMISSION;SNACKPACK_VANILLA;XIRECS;10217.0;2;3;4
932500;;;MICROCHIP_CIRCLE;XIRECS;8577.0;3;3;4
932500;;;MICROCHIP_OVAL;XIRECS;7738.0;3;3;4
932500;;;MICROCHIP_RECTANGLE;XIRECS;8265.0;3;3;4
932500;;;MICROCHIP_SQUARE;XIRECS;15138.0;3;3;4
932500;;;MICROCHIP_TRIANGLE;XIRECS;9450.0;3;3;4
933300;;SUBMISSION;SNACKPACK_STRAWBERRY;XIRECS;10993.0;4;3;4
933300;;SUBMISSION;SNACKPACK_PISTACHIO;XIRECS;9498.0;4;3;4
933300;;SUBMISSION;SNACKPACK_VANILLA;XIRECS;10165.0;4;3;4
933300;;;MICROCHIP_CIRCLE;XIRECS;8588.0;1;3;4
933300;;;MICROCHIP_OVAL;XIRECS;7698.0;1;3;4
933300;;;MICROCHIP_RECTANGLE;XIRECS;8305.0;1;3;4
933300;;;MICROCHIP_SQUARE;XIRECS;15161.0;1;3;4
933300;;;MICROCHIP_TRIANGLE;XIRECS;9447.0;1;3;4
933600;;SUBMISSION;PEBBLES_XL;XIRECS;12508.0;2;3;4
933600;;;PEBBLES_L;XIRECS;11073.0;2;3;4
933600;;;PEBBLES_M;XIRECS;11174.0;2;3;4
933600;;;PEBBLES_S;XIRECS;8965.0;2;3;4
933600;;;PEBBLES_XS;XIRECS;6312.0;2;3;4
934300;;;MICROCHIP_CIRCLE;XIRECS;8587.0;3;3;4
934300;;;MICROCHIP_OVAL;XIRECS;7587.0;3;3;4
934300;;;MICROCHIP_RECTANGLE;XIRECS;8318.0;3;3;4
934300;;;MICROCHIP_SQUARE;XIRECS;15163.0;3;3;4
934300;;;MICROCHIP_TRIANGLE;XIRECS;9443.0;3;3;4
934600;;;MICROCHIP_CIRCLE;XIRECS;8564.0;3;3;4
934600;;;MICROCHIP_OVAL;XIRECS;7548.0;3;3;4
934600;;;MICROCHIP_RECTANGLE;XIRECS;8338.0;3;3;4
934600;;;MICROCHIP_SQUARE;XIRECS;15219.0;3;3;4
934600;;;MICROCHIP_TRIANGLE;XIRECS;9456.0;3;3;4
935300;;SUBMISSION;SNACKPACK_STRAWBERRY;XIRECS;11002.0;2;3;4
935300;;SUBMISSION;SNACKPACK_PISTACHIO;XIRECS;9519.0;2;3;4
935300;;SUBMISSION;SNACKPACK_VANILLA;XIRECS;10138.0;2;3;4
936200;SUBMISSION;;SNACKPACK_STRAWBERRY;XIRECS;11011.0;1;3;4
936200;SUBMISSION;;SNACKPACK_PISTACHIO;XIRECS;9517.0;1;3;4
936200;SUBMISSION;;SNACKPACK_VANILLA;XIRECS;10158.0;1;3;4
936200;;;GALAXY_SOUNDS_BLACK_HOLES;XIRECS;11497.0;1;3;4
936200;;;GALAXY_SOUNDS_DARK_MATTER;XIRECS;10863.0;1;3;4
936200;;;GALAXY_SOUNDS_PLANETARY_RINGS;XIRECS;11868.0;1;3;4
936200;;;GALAXY_SOUNDS_SOLAR_FLAMES;XIRECS;10919.0;1;3;4
936200;;;GALAXY_SOUNDS_SOLAR_WINDS;XIRECS;10826.0;1;3;4
936200;;;OXYGEN_SHAKE_CHOCOLATE;XIRECS;9278.0;1;3;4
936200;;;OXYGEN_SHAKE_EVENING_BREATH;XIRECS;9554.0;1;3;4
936200;;;OXYGEN_SHAKE_GARLIC;XIRECS;11900.0;1;3;4
936200;;;OXYGEN_SHAKE_MINT;XIRECS;9854.0;1;3;4
936200;;;OXYGEN_SHAKE_MORNING_BREATH;XIRECS;9211.0;1;3;4
936200;;;PANEL_1X2;XIRECS;8718.0;1;3;4
936200;;;PANEL_1X4;XIRECS;8922.0;1;3;4
936200;;;PANEL_2X2;XIRECS;9298.0;1;3;4
936200;;;PANEL_2X4;XIRECS;11380.0;1;3;4
936200;;;PANEL_4X4;XIRECS;10133.0;1;3;4
936200;;;ROBOT_DISHES;XIRECS;9694.0;1;3;4
936200;;;ROBOT_IRONING;XIRECS;7887.0;1;3;4
936200;;;ROBOT_LAUNDRY;XIRECS;9801.0;1;3;4
936200;;;ROBOT_MOPPING;XIRECS;12083.0;1;3;4
936200;;;ROBOT_VACUUMING;XIRECS;8604.0;1;3;4
936200;;;SLEEP_POD_COTTON;XIRECS;11796.0;1;3;4
936200;;;SLEEP_POD_LAMB_WOOL;XIRECS;10824.0;1;3;4
936200;;;SLEEP_POD_NYLON;XIRECS;9441.0;1;3;4
936200;;;SLEEP_POD_POLYESTER;XIRECS;13073.0;1;3;4
936200;;;SLEEP_POD_SUEDE;XIRECS;12307.0;1;3;4
936200;;;SNACKPACK_CHOCOLATE;XIRECS;9754.0;1;3;4
936200;;;SNACKPACK_RASPBERRY;XIRECS;9955.0;1;3;4
936200;;;TRANSLATOR_ASTRO_BLACK;XIRECS;9149.0;1;3;4
936200;;;TRANSLATOR_ECLIPSE_CHARCOAL;XIRECS;9697.0;1;3;4
936200;;;TRANSLATOR_GRAPHITE_MIST;XIRECS;11007.0;1;3;4
936200;;;TRANSLATOR_SPACE_GRAY;XIRECS;10084.0;1;3;4
936200;;;TRANSLATOR_VOID_BLUE;XIRECS;10876.0;1;3;4
936200;;;UV_VISOR_AMBER;XIRECS;7316.0;1;3;4
936200;;;UV_VISOR_MAGENTA;XIRECS;11493.0;1;3;4
936200;;;UV_VISOR_ORANGE;XIRECS;10466.0;1;3;4
936200;;;UV_VISOR_RED;XIRECS;10968.0;1;3;4
936200;;;UV_VISOR_YELLOW;XIRECS;11882.0;1;3;4
937000;;SUBMISSION;PANEL_1X4;XIRECS;8914.0;5;3;4
937200;;SUBMISSION;SLEEP_POD_COTTON;XIRECS;11786.0;5;3;4
938700;;SUBMISSION;GALAXY_SOUNDS_PLANETARY_RINGS;XIRECS;11855.0;5;3;4
938800;;;MICROCHIP_CIRCLE;XIRECS;8567.0;2;3;4
938800;;;MICROCHIP_OVAL;XIRECS;7487.0;2;3;4
938800;;;MICROCHIP_RECTANGLE;XIRECS;8177.0;2;3;4
938800;;;MICROCHIP_SQUARE;XIRECS;15404.0;2;3;4
938800;;;MICROCHIP_TRIANGLE;XIRECS;9610.0;2;3;4
939400;SUBMISSION;;PEBBLES_XL;XIRECS;12499.0;2;3;4
939900;;SUBMISSION;SLEEP_POD_COTTON;XIRECS;11687.0;5;3;4
941500;;SUBMISSION;GALAXY_SOUNDS_PLANETARY_RINGS;XIRECS;11750.0;5;3;4
941900;;SUBMISSION;PANEL_1X4;XIRECS;8824.0;5;3;4
943200;;SUBMISSION;GALAXY_SOUNDS_PLANETARY_RINGS;XIRECS;11706.0;5;3;4
943700;;SUBMISSION;SLEEP_POD_COTTON;XIRECS;11698.0;5;3;4
944800;;;MICROCHIP_CIRCLE;XIRECS;8482.0;1;3;4
944800;;;MICROCHIP_OVAL;XIRECS;7406.0;1;3;4
944800;;;MICROCHIP_RECTANGLE;XIRECS;8058.0;1;3;4
944800;;;MICROCHIP_SQUARE;XIRECS;15831.0;1;3;4
944800;;;MICROCHIP_TRIANGLE;XIRECS;9586.0;1;3;4
946000;;SUBMISSION;PEBBLES_XL;XIRECS;12519.0;4;3;4
946300;SUBMISSION;;SNACKPACK_STRAWBERRY;XIRECS;11058.0;2;3;4
946300;SUBMISSION;;SNACKPACK_PISTACHIO;XIRECS;9557.0;2;3;4
946300;SUBMISSION;;SNACKPACK_VANILLA;XIRECS;10256.0;2;3;4
946300;;;GALAXY_SOUNDS_BLACK_HOLES;XIRECS;11717.0;4;3;4
946300;;;GALAXY_SOUNDS_DARK_MATTER;XIRECS;10910.0;4;3;4
946300;;;GALAXY_SOUNDS_PLANETARY_RINGS;XIRECS;11741.0;4;3;4
946300;;;GALAXY_SOUNDS_SOLAR_FLAMES;XIRECS;11026.0;4;3;4
946300;;;GALAXY_SOUNDS_SOLAR_WINDS;XIRECS;10771.0;4;3;4
946300;;;OXYGEN_SHAKE_CHOCOLATE;XIRECS;9152.0;4;3;4
946300;;;OXYGEN_SHAKE_EVENING_BREATH;XIRECS;9564.0;4;3;4
946300;;;OXYGEN_SHAKE_GARLIC;XIRECS;12193.0;4;3;4
946300;;;OXYGEN_SHAKE_MINT;XIRECS;9848.0;4;3;4
946300;;;OXYGEN_SHAKE_MORNING_BREATH;XIRECS;9244.0;4;3;4
946300;;;PANEL_1X2;XIRECS;8700.0;4;3;4
946300;;;PANEL_1X4;XIRECS;8731.0;4;3;4
946300;;;PANEL_2X2;XIRECS;9182.0;4;3;4
946300;;;PANEL_2X4;XIRECS;11415.0;4;3;4
946300;;;PANEL_4X4;XIRECS;10118.0;4;3;4
946300;;;ROBOT_DISHES;XIRECS;9644.0;4;3;4
946300;;;ROBOT_IRONING;XIRECS;7877.0;4;3;4
946300;;;ROBOT_LAUNDRY;XIRECS;9750.0;4;3;4
946300;;;ROBOT_MOPPING;XIRECS;12046.0;4;3;4
946300;;;ROBOT_VACUUMING;XIRECS;8473.0;4;3;4
946300;;;SLEEP_POD_COTTON;XIRECS;11729.0;4;3;4
946300;;;SLEEP_POD_LAMB_WOOL;XIRECS;10752.0;4;3;4
946300;;;SLEEP_POD_NYLON;XIRECS;9505.0;4;3;4
946300;;;SLEEP_POD_POLYESTER;XIRECS;12984.0;4;3;4
946300;;;SLEEP_POD_SUEDE;XIRECS;12268.0;4;3;4
946300;;;SNACKPACK_CHOCOLATE;XIRECS;9667.0;4;3;4
946300;;;SNACKPACK_RASPBERRY;XIRECS;9898.0;4;3;4
946300;;;TRANSLATOR_ASTRO_BLACK;XIRECS;9127.0;4;3;4
946300;;;TRANSLATOR_ECLIPSE_CHARCOAL;XIRECS;9797.0;4;3;4
946300;;;TRANSLATOR_GRAPHITE_MIST;XIRECS;11045.0;4;3;4
946300;;;TRANSLATOR_SPACE_GRAY;XIRECS;10157.0;4;3;4
946300;;;TRANSLATOR_VOID_BLUE;XIRECS;10964.0;4;3;4
946300;;;UV_VISOR_AMBER;XIRECS;7413.0;4;3;4
946300;;;UV_VISOR_MAGENTA;XIRECS;11456.0;4;3;4
946300;;;UV_VISOR_ORANGE;XIRECS;10503.0;4;3;4
946300;;;UV_VISOR_RED;XIRECS;10971.0;4;3;4
946300;;;UV_VISOR_YELLOW;XIRECS;11750.0;4;3;4
946800;;;PEBBLES_L;XIRECS;11166.0;3;3;4
946800;;;PEBBLES_M;XIRECS;11000.0;3;3;4
946800;;;PEBBLES_S;XIRECS;8726.0;3;3;4
946800;;;PEBBLES_XL;XIRECS;12554.0;3;3;4
946800;;;PEBBLES_XS;XIRECS;6522.0;3;3;4
946900;;;MICROCHIP_CIRCLE;XIRECS;8437.0;2;3;4
946900;;;MICROCHIP_OVAL;XIRECS;7388.0;2;3;4
946900;;;MICROCHIP_RECTANGLE;XIRECS;7964.0;2;3;4
946900;;;MICROCHIP_SQUARE;XIRECS;15668.0;2;3;4
946900;;;MICROCHIP_TRIANGLE;XIRECS;9512.0;2;3;4
948200;SUBMISSION;;SLEEP_POD_COTTON;XIRECS;11777.0;5;3;4
950100;;SUBMISSION;SNACKPACK_STRAWBERRY;XIRECS;11042.0;3;3;4
950100;;SUBMISSION;SNACKPACK_PISTACHIO;XIRECS;9533.0;3;3;4
950100;;SUBMISSION;SNACKPACK_VANILLA;XIRECS;10181.0;3;3;4
950700;SUBMISSION;;GALAXY_SOUNDS_PLANETARY_RINGS;XIRECS;11910.0;5;3;4
951200;SUBMISSION;;SNACKPACK_STRAWBERRY;XIRECS;11046.0;5;3;4
951200;SUBMISSION;;SNACKPACK_PISTACHIO;XIRECS;9534.0;5;3;4
951200;SUBMISSION;;SNACKPACK_VANILLA;XIRECS;10167.0;5;3;4
951700;;SUBMISSION;PEBBLES_XL;XIRECS;12638.0;2;3;4
951700;;;PEBBLES_L;XIRECS;11165.0;2;3;4
951700;;;PEBBLES_M;XIRECS;10988.0;2;3;4
951700;;;PEBBLES_S;XIRECS;8750.0;2;3;4
951700;;;PEBBLES_XS;XIRECS;6490.0;2;3;4
951800;SUBMISSION;;UV_VISOR_AMBER;XIRECS;7529.0;5;3;4
953100;SUBMISSION;;GALAXY_SOUNDS_PLANETARY_RINGS;XIRECS;11975.0;5;3;4
953800;SUBMISSION;;UV_VISOR_AMBER;XIRECS;7572.0;5;3;4
954300;;;GALAXY_SOUNDS_BLACK_HOLES;XIRECS;11649.0;4;3;4
954300;;;GALAXY_SOUNDS_DARK_MATTER;XIRECS;10889.0;4;3;4
954300;;;GALAXY_SOUNDS_PLANETARY_RINGS;XIRECS;11927.0;4;3;4
954300;;;GALAXY_SOUNDS_SOLAR_FLAMES;XIRECS;10971.0;4;3;4
954300;;;GALAXY_SOUNDS_SOLAR_WINDS;XIRECS;10664.0;4;3;4
954300;;;OXYGEN_SHAKE_CHOCOLATE;XIRECS;9257.0;4;3;4
954300;;;OXYGEN_SHAKE_EVENING_BREATH;XIRECS;9494.0;4;3;4
954300;;;OXYGEN_SHAKE_GARLIC;XIRECS;12207.0;4;3;4
954300;;;OXYGEN_SHAKE_MINT;XIRECS;9902.0;4;3;4
954300;;;OXYGEN_SHAKE_MORNING_BREATH;XIRECS;9322.0;4;3;4
954300;;;PANEL_1X2;XIRECS;8685.0;4;3;4
954300;;;PANEL_1X4;XIRECS;8655.0;4;3;4
954300;;;PANEL_2X2;XIRECS;9201.0;4;3;4
954300;;;PANEL_2X4;XIRECS;11451.0;4;3;4
954300;;;PANEL_4X4;XIRECS;10302.0;4;3;4
954300;;;ROBOT_DISHES;XIRECS;9767.0;4;3;4
954300;;;ROBOT_IRONING;XIRECS;7867.0;4;3;4
954300;;;ROBOT_LAUNDRY;XIRECS;9721.0;4;3;4
954300;;;ROBOT_MOPPING;XIRECS;11939.0;4;3;4
954300;;;ROBOT_VACUUMING;XIRECS;8584.0;4;3;4
954300;;;SLEEP_POD_COTTON;XIRECS;11800.0;4;3;4
954300;;;SLEEP_POD_LAMB_WOOL;XIRECS;10901.0;4;3;4
954300;;;SLEEP_POD_NYLON;XIRECS;9426.0;4;3;4
954300;;;SLEEP_POD_POLYESTER;XIRECS;13057.0;4;3;4
954300;;;SLEEP_POD_SUEDE;XIRECS;12069.0;4;3;4
954300;;;SNACKPACK_CHOCOLATE;XIRECS;9791.0;4;3;4
954300;;;SNACKPACK_PISTACHIO;XIRECS;9554.0;4;3;4
954300;;;SNACKPACK_RASPBERRY;XIRECS;9891.0;4;3;4
954300;;;SNACKPACK_STRAWBERRY;XIRECS;11061.0;4;3;4
954300;;;SNACKPACK_VANILLA;XIRECS;10120.0;4;3;4
954300;;;TRANSLATOR_ASTRO_BLACK;XIRECS;9108.0;4;3;4
954300;;;TRANSLATOR_ECLIPSE_CHARCOAL;XIRECS;9756.0;4;3;4
954300;;;TRANSLATOR_GRAPHITE_MIST;XIRECS;11225.0;4;3;4
954300;;;TRANSLATOR_SPACE_GRAY;XIRECS;10075.0;4;3;4
954300;;;TRANSLATOR_VOID_BLUE;XIRECS;10867.0;4;3;4
954300;;;UV_VISOR_AMBER;XIRECS;7548.0;4;3;4
954300;;;UV_VISOR_MAGENTA;XIRECS;11417.0;4;3;4
954300;;;UV_VISOR_ORANGE;XIRECS;10540.0;4;3;4
954300;;;UV_VISOR_RED;XIRECS;10951.0;4;3;4
954300;;;UV_VISOR_YELLOW;XIRECS;11836.0;4;3;4
954500;;SUBMISSION;PEBBLES_XL;XIRECS;12616.0;2;3;4
954500;;;PEBBLES_L;XIRECS;11122.0;5;3;4
954500;;;PEBBLES_M;XIRECS;10959.0;5;3;4
954500;;;PEBBLES_S;XIRECS;8760.0;5;3;4
954500;;;PEBBLES_XS;XIRECS;6575.0;5;3;4
955300;;SUBMISSION;PEBBLES_XL;XIRECS;12684.0;2;3;4
955300;;;PEBBLES_L;XIRECS;11092.0;4;3;4
955300;;;PEBBLES_M;XIRECS;11012.0;4;3;4
955300;;;PEBBLES_S;XIRECS;8705.0;4;3;4
955300;;;PEBBLES_XS;XIRECS;6538.0;4;3;4
955500;;SUBMISSION;PEBBLES_XL;XIRECS;12696.0;2;3;4
955500;;;PEBBLES_L;XIRECS;11052.0;2;3;4
955500;;;PEBBLES_M;XIRECS;11033.0;2;3;4
955500;;;PEBBLES_S;XIRECS;8716.0;2;3;4
955500;;;PEBBLES_XS;XIRECS;6534.0;2;3;4
955600;SUBMISSION;;SNACKPACK_STRAWBERRY;XIRECS;11077.0;3;3;4
955600;SUBMISSION;;SLEEP_POD_COTTON;XIRECS;11837.0;4;3;4
955600;SUBMISSION;;SNACKPACK_PISTACHIO;XIRECS;9556.0;3;3;4
955600;SUBMISSION;;SNACKPACK_VANILLA;XIRECS;10090.0;3;3;4
955600;;;GALAXY_SOUNDS_BLACK_HOLES;XIRECS;11696.0;4;3;4
955600;;;GALAXY_SOUNDS_DARK_MATTER;XIRECS;10919.0;4;3;4
955600;;;GALAXY_SOUNDS_PLANETARY_RINGS;XIRECS;11918.0;4;3;4
955600;;;GALAXY_SOUNDS_SOLAR_FLAMES;XIRECS;10954.0;4;3;4
955600;;;GALAXY_SOUNDS_SOLAR_WINDS;XIRECS;10705.0;4;3;4
955600;;;OXYGEN_SHAKE_CHOCOLATE;XIRECS;9333.0;4;3;4
955600;;;OXYGEN_SHAKE_EVENING_BREATH;XIRECS;9460.0;4;3;4
955600;;;OXYGEN_SHAKE_GARLIC;XIRECS;12141.0;4;3;4
955600;;;OXYGEN_SHAKE_MINT;XIRECS;9932.0;4;3;4
955600;;;OXYGEN_SHAKE_MORNING_BREATH;XIRECS;9275.0;4;3;4
955600;;;PANEL_1X2;XIRECS;8673.0;4;3;4
955600;;;PANEL_1X4;XIRECS;8679.0;4;3;4
955600;;;PANEL_2X2;XIRECS;9235.0;4;3;4
955600;;;PANEL_2X4;XIRECS;11441.0;4;3;4
955600;;;PANEL_4X4;XIRECS;10365.0;4;3;4
955600;;;ROBOT_DISHES;XIRECS;9773.0;4;3;4
955600;;;ROBOT_IRONING;XIRECS;7820.0;4;3;4
955600;;;ROBOT_LAUNDRY;XIRECS;9729.0;4;3;4
955600;;;ROBOT_MOPPING;XIRECS;11931.0;4;3;4
955600;;;ROBOT_VACUUMING;XIRECS;8568.0;4;3;4
955600;;;SLEEP_POD_COTTON;XIRECS;11837.0;4;3;4
955600;;;SLEEP_POD_LAMB_WOOL;XIRECS;10891.0;4;3;4
955600;;;SLEEP_POD_NYLON;XIRECS;9418.0;4;3;4
955600;;;SLEEP_POD_POLYESTER;XIRECS;13053.0;4;3;4
955600;;;SLEEP_POD_SUEDE;XIRECS;12036.0;4;3;4
955600;;;SNACKPACK_CHOCOLATE;XIRECS;9839.0;4;3;4
955600;;;SNACKPACK_PISTACHIO;XIRECS;9556.0;4;3;4
955600;;;SNACKPACK_RASPBERRY;XIRECS;9892.0;4;3;4
955600;;;SNACKPACK_STRAWBERRY;XIRECS;11077.0;4;3;4
955600;;;SNACKPACK_VANILLA;XIRECS;10090.0;4;3;4
955600;;;TRANSLATOR_ASTRO_BLACK;XIRECS;9140.0;4;3;4
955600;;;TRANSLATOR_ECLIPSE_CHARCOAL;XIRECS;9766.0;4;3;4
955600;;;TRANSLATOR_GRAPHITE_MIST;XIRECS;11225.0;4;3;4
955600;;;TRANSLATOR_SPACE_GRAY;XIRECS;10109.0;4;3;4
955600;;;TRANSLATOR_VOID_BLUE;XIRECS;10923.0;4;3;4
955600;;;UV_VISOR_AMBER;XIRECS;7555.0;4;3;4
955600;;;UV_VISOR_MAGENTA;XIRECS;11434.0;4;3;4
955600;;;UV_VISOR_ORANGE;XIRECS;10524.0;4;3;4
955600;;;UV_VISOR_RED;XIRECS;10998.0;4;3;4
955600;;;UV_VISOR_YELLOW;XIRECS;11869.0;4;3;4
955700;SUBMISSION;;SLEEP_POD_COTTON;XIRECS;11860.0;1;3;4
956600;;SUBMISSION;PEBBLES_XL;XIRECS;12638.0;2;3;4
956600;;;PEBBLES_L;XIRECS;11057.0;3;3;4
956600;;;PEBBLES_M;XIRECS;11082.0;3;3;4
956600;;;PEBBLES_S;XIRECS;8681.0;3;3;4
956600;;;PEBBLES_XS;XIRECS;6573.0;3;3;4
957400;SUBMISSION;;SLEEP_POD_COTTON;XIRECS;11981.0;5;3;4
957400;;SUBMISSION;ROBOT_MOPPING;XIRECS;11929.0;5;3;4
957900;SUBMISSION;;UV_VISOR_AMBER;XIRECS;7558.0;5;3;4
958000;;;GALAXY_SOUNDS_BLACK_HOLES;XIRECS;11828.0;4;3;4
958000;;;GALAXY_SOUNDS_DARK_MATTER;XIRECS;10984.0;4;3;4
958000;;;GALAXY_SOUNDS_PLANETARY_RINGS;XIRECS;11776.0;4;3;4
958000;;;GALAXY_SOUNDS_SOLAR_FLAMES;XIRECS;10998.0;4;3;4
958000;;;GALAXY_SOUNDS_SOLAR_WINDS;XIRECS;10650.0;4;3;4
958000;;;OXYGEN_SHAKE_CHOCOLATE;XIRECS;9379.0;4;3;4
958000;;;OXYGEN_SHAKE_EVENING_BREATH;XIRECS;9454.0;4;3;4
958000;;;OXYGEN_SHAKE_GARLIC;XIRECS;12247.0;4;3;4
958000;;;OXYGEN_SHAKE_MINT;XIRECS;9971.0;4;3;4
958000;;;OXYGEN_SHAKE_MORNING_BREATH;XIRECS;9306.0;4;3;4
958000;;;PANEL_1X2;XIRECS;8705.0;4;3;4
958000;;;PANEL_1X4;XIRECS;8644.0;4;3;4
958000;;;PANEL_2X2;XIRECS;9231.0;4;3;4
958000;;;PANEL_2X4;XIRECS;11379.0;4;3;4
958000;;;PANEL_4X4;XIRECS;10466.0;4;3;4
958000;;;ROBOT_DISHES;XIRECS;9752.0;4;3;4
958000;;;ROBOT_IRONING;XIRECS;7777.0;4;3;4
958000;;;ROBOT_LAUNDRY;XIRECS;9653.0;4;3;4
958000;;;ROBOT_MOPPING;XIRECS;11976.0;4;3;4
958000;;;ROBOT_VACUUMING;XIRECS;8604.0;4;3;4
958000;;;SLEEP_POD_COTTON;XIRECS;11959.0;4;3;4
958000;;;SLEEP_POD_LAMB_WOOL;XIRECS;10868.0;4;3;4
958000;;;SLEEP_POD_NYLON;XIRECS;9366.0;4;3;4
958000;;;SLEEP_POD_POLYESTER;XIRECS;13057.0;4;3;4
958000;;;SLEEP_POD_SUEDE;XIRECS;12069.0;4;3;4
958000;;;SNACKPACK_CHOCOLATE;XIRECS;9806.0;4;3;4
958000;;;SNACKPACK_PISTACHIO;XIRECS;9539.0;4;3;4
958000;;;SNACKPACK_RASPBERRY;XIRECS;9873.0;4;3;4
958000;;;SNACKPACK_STRAWBERRY;XIRECS;11073.0;4;3;4
958000;;;SNACKPACK_VANILLA;XIRECS;10110.0;4;3;4
958000;;;TRANSLATOR_ASTRO_BLACK;XIRECS;9170.0;4;3;4
958000;;;TRANSLATOR_ECLIPSE_CHARCOAL;XIRECS;9748.0;4;3;4
958000;;;TRANSLATOR_GRAPHITE_MIST;XIRECS;11205.0;4;3;4
958000;;;TRANSLATOR_SPACE_GRAY;XIRECS;10101.0;4;3;4
958000;;;TRANSLATOR_VOID_BLUE;XIRECS;10856.0;4;3;4
958000;;;UV_VISOR_AMBER;XIRECS;7543.0;4;3;4
958000;;;UV_VISOR_MAGENTA;XIRECS;11462.0;4;3;4
958000;;;UV_VISOR_ORANGE;XIRECS;10424.0;4;3;4
958000;;;UV_VISOR_RED;XIRECS;11015.0;4;3;4
958000;;;UV_VISOR_YELLOW;XIRECS;11786.0;4;3;4
958300;SUBMISSION;;ROBOT_MOPPING;XIRECS;12010.0;5;3;4
958500;;;MICROCHIP_CIRCLE;XIRECS;8372.0;3;3;4
958500;;;MICROCHIP_OVAL;XIRECS;7468.0;3;3;4
958500;;;MICROCHIP_RECTANGLE;XIRECS;7733.0;3;3;4
958500;;;MICROCHIP_SQUARE;XIRECS;15269.0;3;3;4
958500;;;MICROCHIP_TRIANGLE;XIRECS;9294.0;3;3;4
958700;;SUBMISSION;GALAXY_SOUNDS_PLANETARY_RINGS;XIRECS;11809.0;5;3;4
958800;SUBMISSION;;SLEEP_POD_COTTON;XIRECS;12009.0;5;3;4
959500;;;MICROCHIP_CIRCLE;XIRECS;8363.0;2;3;4
959500;;;MICROCHIP_OVAL;XIRECS;7446.0;2;3;4
959500;;;MICROCHIP_RECTANGLE;XIRECS;7801.0;2;3;4
959500;;;MICROCHIP_SQUARE;XIRECS;15370.0;2;3;4
959500;;;MICROCHIP_TRIANGLE;XIRECS;9276.0;2;3;4
959600;;;MICROCHIP_CIRCLE;XIRECS;8362.0;3;3;4
959600;;;MICROCHIP_OVAL;XIRECS;7427.0;3;3;4
959600;;;MICROCHIP_RECTANGLE;XIRECS;7797.0;3;3;4
959600;;;MICROCHIP_SQUARE;XIRECS;15301.0;3;3;4
959600;;;MICROCHIP_TRIANGLE;XIRECS;9269.0;3;3;4
960300;;SUBMISSION;SNACKPACK_STRAWBERRY;XIRECS;11058.0;3;3;4
960300;;SUBMISSION;SNACKPACK_PISTACHIO;XIRECS;9522.0;3;3;4
960300;;SUBMISSION;SNACKPACK_VANILLA;XIRECS;10168.0;3;3;4
960700;SUBMISSION;;PEBBLES_XL;XIRECS;12611.0;2;3;4
960700;;;PEBBLES_L;XIRECS;10994.0;3;3;4
960700;;;PEBBLES_M;XIRECS;11119.0;3;3;4
960700;;;PEBBLES_S;XIRECS;8613.0;3;3;4
960700;;;PEBBLES_XS;XIRECS;6631.0;3;3;4
962600;SUBMISSION;;SNACKPACK_STRAWBERRY;XIRECS;11012.0;3;3;4
962600;SUBMISSION;;SNACKPACK_PISTACHIO;XIRECS;9505.0;3;3;4
962600;SUBMISSION;;SNACKPACK_VANILLA;XIRECS;10172.0;3;3;4
962600;;;MICROCHIP_CIRCLE;XIRECS;8339.0;2;3;4
962600;;;MICROCHIP_OVAL;XIRECS;7524.0;2;3;4
962600;;;MICROCHIP_RECTANGLE;XIRECS;7815.0;2;3;4
962600;;;MICROCHIP_SQUARE;XIRECS;15466.0;2;3;4
962600;;;MICROCHIP_TRIANGLE;XIRECS;9213.0;2;3;4
963100;SUBMISSION;;PEBBLES_XL;XIRECS;12354.0;2;3;4
963100;;;PEBBLES_L;XIRECS;11010.0;3;3;4
963100;;;PEBBLES_M;XIRECS;11149.0;3;3;4
963100;;;PEBBLES_S;XIRECS;8662.0;3;3;4
963100;;;PEBBLES_XS;XIRECS;6793.0;3;3;4
963300;SUBMISSION;;PEBBLES_XL;XIRECS;12388.0;2;3;4
963300;;;PEBBLES_L;XIRECS;11014.0;5;3;4
963300;;;PEBBLES_M;XIRECS;11153.0;5;3;4
963300;;;PEBBLES_S;XIRECS;8644.0;5;3;4
963300;;;PEBBLES_XS;XIRECS;6769.0;5;3;4
963600;;SUBMISSION;SNACKPACK_STRAWBERRY;XIRECS;11039.0;5;3;4
963600;;SUBMISSION;SNACKPACK_PISTACHIO;XIRECS;9515.0;5;3;4
963600;;SUBMISSION;SNACKPACK_VANILLA;XIRECS;10131.0;5;3;4
963700;SUBMISSION;;SNACKPACK_STRAWBERRY;XIRECS;11039.0;5;3;4
963700;SUBMISSION;;SNACKPACK_PISTACHIO;XIRECS;9518.0;5;3;4
963700;SUBMISSION;;SNACKPACK_VANILLA;XIRECS;10138.0;5;3;4
964200;;SUBMISSION;SNACKPACK_STRAWBERRY;XIRECS;11029.0;1;3;4
964200;;SUBMISSION;SNACKPACK_PISTACHIO;XIRECS;9520.0;1;3;4
964200;;SUBMISSION;SNACKPACK_VANILLA;XIRECS;10122.0;1;3;4
964200;;;GALAXY_SOUNDS_BLACK_HOLES;XIRECS;11826.0;1;3;4
964200;;;GALAXY_SOUNDS_DARK_MATTER;XIRECS;11040.0;1;3;4
964200;;;GALAXY_SOUNDS_PLANETARY_RINGS;XIRECS;11772.0;1;3;4
964200;;;GALAXY_SOUNDS_SOLAR_FLAMES;XIRECS;10902.0;1;3;4
964200;;;GALAXY_SOUNDS_SOLAR_WINDS;XIRECS;10653.0;1;3;4
964200;;;OXYGEN_SHAKE_CHOCOLATE;XIRECS;9387.0;1;3;4
964200;;;OXYGEN_SHAKE_EVENING_BREATH;XIRECS;9536.0;1;3;4
964200;;;OXYGEN_SHAKE_GARLIC;XIRECS;12159.0;1;3;4
964200;;;OXYGEN_SHAKE_MINT;XIRECS;9873.0;1;3;4
964200;;;OXYGEN_SHAKE_MORNING_BREATH;XIRECS;9310.0;1;3;4
964200;;;PANEL_1X2;XIRECS;8716.0;1;3;4
964200;;;PANEL_1X4;XIRECS;8651.0;1;3;4
964200;;;PANEL_2X2;XIRECS;9226.0;1;3;4
964200;;;PANEL_2X4;XIRECS;11284.0;1;3;4
964200;;;PANEL_4X4;XIRECS;10415.0;1;3;4
964200;;;ROBOT_DISHES;XIRECS;9798.0;1;3;4
964200;;;ROBOT_IRONING;XIRECS;7833.0;1;3;4
964200;;;ROBOT_LAUNDRY;XIRECS;9636.0;1;3;4
964200;;;ROBOT_MOPPING;XIRECS;12216.0;1;3;4
964200;;;ROBOT_VACUUMING;XIRECS;8627.0;1;3;4
964200;;;SLEEP_POD_COTTON;XIRECS;12060.0;1;3;4
964200;;;SLEEP_POD_LAMB_WOOL;XIRECS;10776.0;1;3;4
964200;;;SLEEP_POD_NYLON;XIRECS;9356.0;1;3;4
964200;;;SLEEP_POD_POLYESTER;XIRECS;13149.0;1;3;4
964200;;;SLEEP_POD_SUEDE;XIRECS;11981.0;1;3;4
964200;;;SNACKPACK_CHOCOLATE;XIRECS;9823.0;1;3;4
964200;;;SNACKPACK_RASPBERRY;XIRECS;9970.0;1;3;4
964200;;;TRANSLATOR_ASTRO_BLACK;XIRECS;9183.0;1;3;4
964200;;;TRANSLATOR_ECLIPSE_CHARCOAL;XIRECS;9726.0;1;3;4
964200;;;TRANSLATOR_GRAPHITE_MIST;XIRECS;11121.0;1;3;4
964200;;;TRANSLATOR_SPACE_GRAY;XIRECS;10211.0;1;3;4
964200;;;TRANSLATOR_VOID_BLUE;XIRECS;10870.0;1;3;4
964200;;;UV_VISOR_AMBER;XIRECS;7572.0;1;3;4
964200;;;UV_VISOR_MAGENTA;XIRECS;11417.0;1;3;4
964200;;;UV_VISOR_ORANGE;XIRECS;10425.0;1;3;4
964200;;;UV_VISOR_RED;XIRECS;11159.0;1;3;4
964200;;;UV_VISOR_YELLOW;XIRECS;11854.0;1;3;4
964600;;SUBMISSION;SNACKPACK_STRAWBERRY;XIRECS;11006.0;2;3;4
964600;;SUBMISSION;SNACKPACK_PISTACHIO;XIRECS;9501.0;2;3;4
964600;;SUBMISSION;SNACKPACK_VANILLA;XIRECS;10144.0;2;3;4
964600;;;GALAXY_SOUNDS_BLACK_HOLES;XIRECS;11795.0;2;3;4
964600;;;GALAXY_SOUNDS_DARK_MATTER;XIRECS;11004.0;2;3;4
964600;;;GALAXY_SOUNDS_PLANETARY_RINGS;XIRECS;11733.0;2;3;4
964600;;;GALAXY_SOUNDS_SOLAR_FLAMES;XIRECS;10900.0;2;3;4
964600;;;GALAXY_SOUNDS_SOLAR_WINDS;XIRECS;10635.0;2;3;4
964600;;;OXYGEN_SHAKE_CHOCOLATE;XIRECS;9368.0;2;3;4
964600;;;OXYGEN_SHAKE_EVENING_BREATH;XIRECS;9546.0;2;3;4
964600;;;OXYGEN_SHAKE_GARLIC;XIRECS;12156.0;2;3;4
964600;;;OXYGEN_SHAKE_MINT;XIRECS;9875.0;2;3;4
964600;;;OXYGEN_SHAKE_MORNING_BREATH;XIRECS;9317.0;2;3;4
964600;;;PANEL_1X2;XIRECS;8714.0;2;3;4
964600;;;PANEL_1X4;XIRECS;8664.0;2;3;4
964600;;;PANEL_2X2;XIRECS;9261.0;2;3;4
964600;;;PANEL_2X4;XIRECS;11257.0;2;3;4
964600;;;PANEL_4X4;XIRECS;10409.0;2;3;4
964600;;;ROBOT_DISHES;XIRECS;9806.0;2;3;4
964600;;;ROBOT_IRONING;XIRECS;7823.0;2;3;4
964600;;;ROBOT_LAUNDRY;XIRECS;9604.0;2;3;4
964600;;;ROBOT_MOPPING;XIRECS;12194.0;2;3;4
964600;;;ROBOT_VACUUMING;XIRECS;8625.0;2;3;4
964600;;;SLEEP_POD_COTTON;XIRECS;12051.0;2;3;4
964600;;;SLEEP_POD_LAMB_WOOL;XIRECS;10749.0;2;3;4
964600;;;SLEEP_POD_NYLON;XIRECS;9338.0;2;3;4
964600;;;SLEEP_POD_POLYESTER;XIRECS;13147.0;2;3;4
964600;;;SLEEP_POD_SUEDE;XIRECS;11963.0;2;3;4
964600;;;SNACKPACK_CHOCOLATE;XIRECS;9795.0;2;3;4
964600;;;SNACKPACK_RASPBERRY;XIRECS;9989.0;2;3;4
964600;;;TRANSLATOR_ASTRO_BLACK;XIRECS;9188.0;2;3;4
964600;;;TRANSLATOR_ECLIPSE_CHARCOAL;XIRECS;9699.0;2;3;4
964600;;;TRANSLATOR_GRAPHITE_MIST;XIRECS;11110.0;2;3;4
964600;;;TRANSLATOR_SPACE_GRAY;XIRECS;10211.0;2;3;4
964600;;;TRANSLATOR_VOID_BLUE;XIRECS;10891.0;2;3;4
964600;;;UV_VISOR_AMBER;XIRECS;7559.0;2;3;4
964600;;;UV_VISOR_MAGENTA;XIRECS;11372.0;2;3;4
964600;;;UV_VISOR_ORANGE;XIRECS;10438.0;2;3;4
964600;;;UV_VISOR_RED;XIRECS;11139.0;2;3;4
964600;;;UV_VISOR_YELLOW;XIRECS;11863.0;2;3;4
964800;;;MICROCHIP_CIRCLE;XIRECS;8334.0;1;3;4
964800;;;MICROCHIP_OVAL;XIRECS;7613.0;1;3;4
964800;;;MICROCHIP_RECTANGLE;XIRECS;7911.0;1;3;4
964800;;;MICROCHIP_SQUARE;XIRECS;15527.0;1;3;4
964800;;;MICROCHIP_TRIANGLE;XIRECS;9201.0;1;3;4
965300;;SUBMISSION;GALAXY_SOUNDS_PLANETARY_RINGS;XIRECS;11729.0;5;3;4
965500;;SUBMISSION;PEBBLES_XL;XIRECS;12350.0;5;3;4
965500;;SUBMISSION;PEBBLES_XL;XIRECS;12357.0;2;3;4
965500;;;PEBBLES_L;XIRECS;11077.0;2;3;4
965500;;;PEBBLES_M;XIRECS;11165.0;2;3;4
965500;;;PEBBLES_S;XIRECS;8625.0;2;3;4
965500;;;PEBBLES_XS;XIRECS;6808.0;2;3;4
965600;SUBMISSION;;SNACKPACK_STRAWBERRY;XIRECS;10977.0;3;3;4
965600;SUBMISSION;;SNACKPACK_PISTACHIO;XIRECS;9484.0;3;3;4
965600;SUBMISSION;;SNACKPACK_VANILLA;XIRECS;10134.0;3;3;4
965900;SUBMISSION;;PEBBLES_XL;XIRECS;12339.0;2;3;4
965900;;;PEBBLES_L;XIRECS;11076.0;3;3;4
965900;;;PEBBLES_M;XIRECS;11163.0;3;3;4
965900;;;PEBBLES_S;XIRECS;8577.0;3;3;4
965900;;;PEBBLES_XS;XIRECS;6814.0;3;3;4
968400;;;MICROCHIP_CIRCLE;XIRECS;8335.0;2;3;4
968400;;;MICROCHIP_OVAL;XIRECS;7400.0;2;3;4
968400;;;MICROCHIP_RECTANGLE;XIRECS;7851.0;2;3;4
968400;;;MICROCHIP_SQUARE;XIRECS;15747.0;2;3;4
968400;;;MICROCHIP_TRIANGLE;XIRECS;9292.0;2;3;4
969100;;SUBMISSION;SNACKPACK_STRAWBERRY;XIRECS;10882.0;2;3;4
969100;;SUBMISSION;SNACKPACK_PISTACHIO;XIRECS;9430.0;2;3;4
969100;;SUBMISSION;SNACKPACK_VANILLA;XIRECS;10174.0;2;3;4
969100;;;GALAXY_SOUNDS_BLACK_HOLES;XIRECS;11827.0;2;3;4
969100;;;GALAXY_SOUNDS_DARK_MATTER;XIRECS;10951.0;2;3;4
969100;;;GALAXY_SOUNDS_PLANETARY_RINGS;XIRECS;11640.0;2;3;4
969100;;;GALAXY_SOUNDS_SOLAR_FLAMES;XIRECS;10842.0;2;3;4
969100;;;GALAXY_SOUNDS_SOLAR_WINDS;XIRECS;10741.0;2;3;4
969100;;;OXYGEN_SHAKE_CHOCOLATE;XIRECS;9316.0;2;3;4
969100;;;OXYGEN_SHAKE_EVENING_BREATH;XIRECS;9566.0;2;3;4
969100;;;OXYGEN_SHAKE_GARLIC;XIRECS;12187.0;2;3;4
969100;;;OXYGEN_SHAKE_MINT;XIRECS;9856.0;2;3;4
969100;;;OXYGEN_SHAKE_MORNING_BREATH;XIRECS;9361.0;2;3;4
969100;;;PANEL_1X2;XIRECS;8745.0;2;3;4
969100;;;PANEL_1X4;XIRECS;8748.0;2;3;4
969100;;;PANEL_2X2;XIRECS;9304.0;2;3;4
969100;;;PANEL_2X4;XIRECS;11259.0;2;3;4
969100;;;PANEL_4X4;XIRECS;10356.0;2;3;4
969100;;;ROBOT_DISHES;XIRECS;9918.0;2;3;4
969100;;;ROBOT_IRONING;XIRECS;7883.0;2;3;4
969100;;;ROBOT_LAUNDRY;XIRECS;9577.0;2;3;4
969100;;;ROBOT_MOPPING;XIRECS;12287.0;2;3;4
969100;;;ROBOT_VACUUMING;XIRECS;8743.0;2;3;4
969100;;;SLEEP_POD_COTTON;XIRECS;12117.0;2;3;4
969100;;;SLEEP_POD_LAMB_WOOL;XIRECS;10824.0;2;3;4
969100;;;SLEEP_POD_NYLON;XIRECS;9332.0;2;3;4
969100;;;SLEEP_POD_POLYESTER;XIRECS;13107.0;2;3;4
969100;;;SLEEP_POD_SUEDE;XIRECS;12004.0;2;3;4
969100;;;SNACKPACK_CHOCOLATE;XIRECS;9751.0;2;3;4
969100;;;SNACKPACK_RASPBERRY;XIRECS;10093.0;2;3;4
969100;;;TRANSLATOR_ASTRO_BLACK;XIRECS;9221.0;2;3;4
969100;;;TRANSLATOR_ECLIPSE_CHARCOAL;XIRECS;9629.0;2;3;4
969100;;;TRANSLATOR_GRAPHITE_MIST;XIRECS;11082.0;2;3;4
969100;;;TRANSLATOR_SPACE_GRAY;XIRECS;10059.0;2;3;4
969100;;;TRANSLATOR_VOID_BLUE;XIRECS;10776.0;2;3;4
969100;;;UV_VISOR_AMBER;XIRECS;7585.0;2;3;4
969100;;;UV_VISOR_MAGENTA;XIRECS;11317.0;2;3;4
969100;;;UV_VISOR_ORANGE;XIRECS;10374.0;2;3;4
969100;;;UV_VISOR_RED;XIRECS;11209.0;2;3;4
969100;;;UV_VISOR_YELLOW;XIRECS;11878.0;2;3;4
969500;SUBMISSION;;PEBBLES_XL;XIRECS;12191.0;2;3;4
969500;;;PEBBLES_L;XIRECS;11021.0;5;3;4
969500;;;PEBBLES_M;XIRECS;11319.0;5;3;4
969500;;;PEBBLES_S;XIRECS;8611.0;5;3;4
969500;;;PEBBLES_XS;XIRECS;6825.0;5;3;4
971100;;SUBMISSION;PEBBLES_XL;XIRECS;12340.0;5;3;4
971400;SUBMISSION;;PEBBLES_XL;XIRECS;12332.0;2;3;4
971400;;;PEBBLES_L;XIRECS;10973.0;4;3;4
971400;;;PEBBLES_M;XIRECS;11272.0;4;3;4
971400;;;PEBBLES_S;XIRECS;8550.0;4;3;4
971400;;;PEBBLES_XS;XIRECS;6842.0;4;3;4
972100;SUBMISSION;;SNACKPACK_STRAWBERRY;XIRECS;10949.0;2;3;4
972100;SUBMISSION;;SNACKPACK_PISTACHIO;XIRECS;9441.0;2;3;4
972100;SUBMISSION;;SNACKPACK_VANILLA;XIRECS;10156.0;2;3;4
973400;;SUBMISSION;PEBBLES_XL;XIRECS;12186.0;2;3;4
973400;;;PEBBLES_L;XIRECS;11012.0;4;3;4
973400;;;PEBBLES_M;XIRECS;11319.0;4;3;4
973400;;;PEBBLES_S;XIRECS;8570.0;4;3;4
973400;;;PEBBLES_XS;XIRECS;6944.0;4;3;4
973500;;SUBMISSION;PEBBLES_XL;XIRECS;12218.0;4;3;4
975300;;SUBMISSION;SNACKPACK_STRAWBERRY;XIRECS;10889.0;5;3;4
975300;;SUBMISSION;SNACKPACK_PISTACHIO;XIRECS;9420.0;5;3;4
975300;;SUBMISSION;SNACKPACK_VANILLA;XIRECS;10089.0;5;3;4
975900;SUBMISSION;;SNACKPACK_STRAWBERRY;XIRECS;10900.0;5;3;4
975900;SUBMISSION;;SNACKPACK_PISTACHIO;XIRECS;9420.0;5;3;4
975900;SUBMISSION;;SNACKPACK_VANILLA;XIRECS;10075.0;5;3;4
976000;;;PEBBLES_L;XIRECS;11017.0;2;3;4
976000;;;PEBBLES_M;XIRECS;11325.0;2;3;4
976000;;;PEBBLES_S;XIRECS;8684.0;2;3;4
976000;;;PEBBLES_XL;XIRECS;12061.0;2;3;4
976000;;;PEBBLES_XS;XIRECS;6946.0;2;3;4
977700;;SUBMISSION;SNACKPACK_STRAWBERRY;XIRECS;10941.0;2;3;4
977700;;SUBMISSION;SNACKPACK_PISTACHIO;XIRECS;9461.0;2;3;4
977700;;SUBMISSION;SNACKPACK_VANILLA;XIRECS;10108.0;2;3;4
977700;;;GALAXY_SOUNDS_BLACK_HOLES;XIRECS;11997.0;4;3;4
977700;;;GALAXY_SOUNDS_DARK_MATTER;XIRECS;10848.0;4;3;4
977700;;;GALAXY_SOUNDS_PLANETARY_RINGS;XIRECS;11578.0;4;3;4
977700;;;GALAXY_SOUNDS_SOLAR_FLAMES;XIRECS;10714.0;4;3;4
977700;;;GALAXY_SOUNDS_SOLAR_WINDS;XIRECS;10624.0;4;3;4
977700;;;OXYGEN_SHAKE_CHOCOLATE;XIRECS;9243.0;4;3;4
977700;;;OXYGEN_SHAKE_EVENING_BREATH;XIRECS;9486.0;4;3;4
977700;;;OXYGEN_SHAKE_GARLIC;XIRECS;12061.0;4;3;4
977700;;;OXYGEN_SHAKE_MINT;XIRECS;9831.0;4;3;4
977700;;;OXYGEN_SHAKE_MORNING_BREATH;XIRECS;9404.0;4;3;4
977700;;;PANEL_1X2;XIRECS;8736.0;4;3;4
977700;;;PANEL_1X4;XIRECS;8688.0;4;3;4
977700;;;PANEL_2X2;XIRECS;9275.0;4;3;4
977700;;;PANEL_2X4;XIRECS;11334.0;4;3;4
977700;;;PANEL_4X4;XIRECS;10264.0;4;3;4
977700;;;ROBOT_DISHES;XIRECS;10126.0;4;3;4
977700;;;ROBOT_IRONING;XIRECS;7683.0;4;3;4
977700;;;ROBOT_LAUNDRY;XIRECS;9517.0;4;3;4
977700;;;ROBOT_MOPPING;XIRECS;12258.0;4;3;4
977700;;;ROBOT_VACUUMING;XIRECS;8686.0;4;3;4
977700;;;SLEEP_POD_COTTON;XIRECS;12186.0;4;3;4
977700;;;SLEEP_POD_LAMB_WOOL;XIRECS;10913.0;4;3;4
977700;;;SLEEP_POD_NYLON;XIRECS;9374.0;4;3;4
977700;;;SLEEP_POD_POLYESTER;XIRECS;13106.0;4;3;4
977700;;;SLEEP_POD_SUEDE;XIRECS;12115.0;4;3;4
977700;;;SNACKPACK_CHOCOLATE;XIRECS;9793.0;4;3;4
977700;;;SNACKPACK_RASPBERRY;XIRECS;10030.0;4;3;4
977700;;;TRANSLATOR_ASTRO_BLACK;XIRECS;9328.0;4;3;4
977700;;;TRANSLATOR_ECLIPSE_CHARCOAL;XIRECS;9657.0;4;3;4
977700;;;TRANSLATOR_GRAPHITE_MIST;XIRECS;10926.0;4;3;4
977700;;;TRANSLATOR_SPACE_GRAY;XIRECS;10271.0;4;3;4
977700;;;TRANSLATOR_VOID_BLUE;XIRECS;10818.0;4;3;4
977700;;;UV_VISOR_AMBER;XIRECS;7557.0;4;3;4
977700;;;UV_VISOR_MAGENTA;XIRECS;11281.0;4;3;4
977700;;;UV_VISOR_ORANGE;XIRECS;10398.0;4;3;4
977700;;;UV_VISOR_RED;XIRECS;11200.0;4;3;4
977700;;;UV_VISOR_YELLOW;XIRECS;11933.0;4;3;4
979400;SUBMISSION;;PEBBLES_XL;XIRECS;12311.0;4;3;4
979400;SUBMISSION;;PEBBLES_XL;XIRECS;12319.0;11;3;4
980000;SUBMISSION;;PEBBLES_XL;XIRECS;12321.0;5;3;4
980000;;;GALAXY_SOUNDS_BLACK_HOLES;XIRECS;11918.0;3;3;4
980000;;;GALAXY_SOUNDS_DARK_MATTER;XIRECS;10824.0;3;3;4
980000;;;GALAXY_SOUNDS_PLANETARY_RINGS;XIRECS;11480.0;3;3;4
980000;;;GALAXY_SOUNDS_SOLAR_FLAMES;XIRECS;10765.0;3;3;4
980000;;;GALAXY_SOUNDS_SOLAR_WINDS;XIRECS;10621.0;3;3;4
980000;;;OXYGEN_SHAKE_CHOCOLATE;XIRECS;9187.0;3;3;4
980000;;;OXYGEN_SHAKE_EVENING_BREATH;XIRECS;9484.0;3;3;4
980000;;;OXYGEN_SHAKE_GARLIC;XIRECS;11995.0;3;3;4
980000;;;OXYGEN_SHAKE_MINT;XIRECS;9852.0;3;3;4
980000;;;OXYGEN_SHAKE_MORNING_BREATH;XIRECS;9384.0;3;3;4
980000;;;PANEL_1X2;XIRECS;8737.0;3;3;4
980000;;;PANEL_1X4;XIRECS;8733.0;3;3;4
980000;;;PANEL_2X2;XIRECS;9297.0;3;3;4
980000;;;PANEL_2X4;XIRECS;11299.0;3;3;4
980000;;;PANEL_4X4;XIRECS;10179.0;3;3;4
980000;;;ROBOT_DISHES;XIRECS;10114.0;3;3;4
980000;;;ROBOT_IRONING;XIRECS;7667.0;3;3;4
980000;;;ROBOT_LAUNDRY;XIRECS;9544.0;3;3;4
980000;;;ROBOT_MOPPING;XIRECS;12313.0;3;3;4
980000;;;ROBOT_VACUUMING;XIRECS;8616.0;3;3;4
980000;;;SLEEP_POD_COTTON;XIRECS;12131.0;3;3;4
980000;;;SLEEP_POD_LAMB_WOOL;XIRECS;10996.0;3;3;4
980000;;;SLEEP_POD_NYLON;XIRECS;9303.0;3;3;4
980000;;;SLEEP_POD_POLYESTER;XIRECS;13036.0;3;3;4
980000;;;SLEEP_POD_SUEDE;XIRECS;12222.0;3;3;4
980000;;;SNACKPACK_CHOCOLATE;XIRECS;9792.0;3;3;4
980000;;;SNACKPACK_PISTACHIO;XIRECS;9400.0;3;3;4
980000;;;SNACKPACK_RASPBERRY;XIRECS;10048.0;3;3;4
980000;;;SNACKPACK_STRAWBERRY;XIRECS;10886.0;3;3;4
980000;;;SNACKPACK_VANILLA;XIRECS;10071.0;3;3;4
980000;;;TRANSLATOR_ASTRO_BLACK;XIRECS;9362.0;3;3;4
980000;;;TRANSLATOR_ECLIPSE_CHARCOAL;XIRECS;9599.0;3;3;4
980000;;;TRANSLATOR_GRAPHITE_MIST;XIRECS;10948.0;3;3;4
980000;;;TRANSLATOR_SPACE_GRAY;XIRECS;10214.0;3;3;4
980000;;;TRANSLATOR_VOID_BLUE;XIRECS;10863.0;3;3;4
980000;;;UV_VISOR_AMBER;XIRECS;7542.0;3;3;4
980000;;;UV_VISOR_MAGENTA;XIRECS;11326.0;3;3;4
980000;;;UV_VISOR_ORANGE;XIRECS;10412.0;3;3;4
980000;;;UV_VISOR_RED;XIRECS;11145.0;3;3;4
980000;;;UV_VISOR_YELLOW;XIRECS;11944.0;3;3;4
980200;SUBMISSION;;SNACKPACK_STRAWBERRY;XIRECS;10911.0;2;3;4
980200;SUBMISSION;;SNACKPACK_PISTACHIO;XIRECS;9415.0;2;3;4
980200;SUBMISSION;;SNACKPACK_VANILLA;XIRECS;10078.0;2;3;4
980900;;SUBMISSION;SNACKPACK_STRAWBERRY;XIRECS;10909.0;2;3;4
980900;;SUBMISSION;SNACKPACK_PISTACHIO;XIRECS;9410.0;2;3;4
980900;;SUBMISSION;SNACKPACK_VANILLA;XIRECS;10075.0;2;3;4
981100;;;MICROCHIP_CIRCLE;XIRECS;8460.0;3;3;4
981100;;;MICROCHIP_OVAL;XIRECS;7525.0;3;3;4
981100;;;MICROCHIP_RECTANGLE;XIRECS;7885.0;3;3;4
981100;;;MICROCHIP_SQUARE;XIRECS;15958.0;3;3;4
981100;;;MICROCHIP_TRIANGLE;XIRECS;9316.0;3;3;4
981300;;;PEBBLES_L;XIRECS;10901.0;5;3;4
981300;;;PEBBLES_M;XIRECS;10991.0;5;3;4
981300;;;PEBBLES_S;XIRECS;8765.0;5;3;4
981300;;;PEBBLES_XL;XIRECS;12335.0;5;3;4
981300;;;PEBBLES_XS;XIRECS;6975.0;5;3;4
982800;SUBMISSION;;SNACKPACK_STRAWBERRY;XIRECS;10892.0;2;3;4
982800;SUBMISSION;;SNACKPACK_PISTACHIO;XIRECS;9416.0;2;3;4
982800;SUBMISSION;;SNACKPACK_VANILLA;XIRECS;10065.0;2;3;4
982800;;;MICROCHIP_CIRCLE;XIRECS;8486.0;2;3;4
982800;;;MICROCHIP_OVAL;XIRECS;7464.0;2;3;4
982800;;;MICROCHIP_RECTANGLE;XIRECS;7870.0;2;3;4
982800;;;MICROCHIP_SQUARE;XIRECS;15915.0;2;3;4
982800;;;MICROCHIP_TRIANGLE;XIRECS;9237.0;2;3;4
984400;;;MICROCHIP_CIRCLE;XIRECS;8536.0;3;3;4
984400;;;MICROCHIP_OVAL;XIRECS;7515.0;3;3;4
984400;;;MICROCHIP_RECTANGLE;XIRECS;7857.0;3;3;4
984400;;;MICROCHIP_SQUARE;XIRECS;15814.0;3;3;4
984400;;;MICROCHIP_TRIANGLE;XIRECS;9285.0;3;3;4
985500;;;MICROCHIP_CIRCLE;XIRECS;8527.0;3;3;4
985500;;;MICROCHIP_OVAL;XIRECS;7506.0;3;3;4
985500;;;MICROCHIP_RECTANGLE;XIRECS;7808.0;3;3;4
985500;;;MICROCHIP_SQUARE;XIRECS;15820.0;3;3;4
985500;;;MICROCHIP_TRIANGLE;XIRECS;9283.0;3;3;4
986200;;SUBMISSION;SNACKPACK_STRAWBERRY;XIRECS;10873.0;3;3;4
986200;;SUBMISSION;SNACKPACK_PISTACHIO;XIRECS;9417.0;3;3;4
986200;;SUBMISSION;SNACKPACK_VANILLA;XIRECS;10090.0;3;3;4
986200;;SUBMISSION;UV_VISOR_AMBER;XIRECS;7478.0;3;3;4
986200;;;MICROCHIP_CIRCLE;XIRECS;8495.0;1;3;4
986200;;;MICROCHIP_OVAL;XIRECS;7484.0;1;3;4
986200;;;MICROCHIP_RECTANGLE;XIRECS;7814.0;1;3;4
986200;;;MICROCHIP_SQUARE;XIRECS;15726.0;1;3;4
986200;;;MICROCHIP_TRIANGLE;XIRECS;9221.0;1;3;4
986300;;SUBMISSION;UV_VISOR_AMBER;XIRECS;7483.0;2;3;4
986400;;SUBMISSION;PEBBLES_XL;XIRECS;12454.0;5;3;4
987100;;;GALAXY_SOUNDS_BLACK_HOLES;XIRECS;11914.0;2;3;4
987100;;;GALAXY_SOUNDS_DARK_MATTER;XIRECS;10792.0;2;3;4
987100;;;GALAXY_SOUNDS_PLANETARY_RINGS;XIRECS;11353.0;2;3;4
987100;;;GALAXY_SOUNDS_SOLAR_FLAMES;XIRECS;10832.0;2;3;4
987100;;;GALAXY_SOUNDS_SOLAR_WINDS;XIRECS;10623.0;2;3;4
987100;;;OXYGEN_SHAKE_CHOCOLATE;XIRECS;9230.0;2;3;4
987100;;;OXYGEN_SHAKE_EVENING_BREATH;XIRECS;9324.0;2;3;4
987100;;;OXYGEN_SHAKE_GARLIC;XIRECS;11951.0;2;3;4
987100;;;OXYGEN_SHAKE_MINT;XIRECS;9903.0;2;3;4
987100;;;OXYGEN_SHAKE_MORNING_BREATH;XIRECS;9282.0;2;3;4
987100;;;PANEL_1X2;XIRECS;8791.0;2;3;4
987100;;;PANEL_1X4;XIRECS;8802.0;2;3;4
987100;;;PANEL_2X2;XIRECS;9214.0;2;3;4
987100;;;PANEL_2X4;XIRECS;11508.0;2;3;4
987100;;;PANEL_4X4;XIRECS;10314.0;2;3;4
987100;;;ROBOT_DISHES;XIRECS;10054.0;2;3;4
987100;;;ROBOT_IRONING;XIRECS;7687.0;2;3;4
987100;;;ROBOT_LAUNDRY;XIRECS;9546.0;2;3;4
987100;;;ROBOT_MOPPING;XIRECS;12309.0;2;3;4
987100;;;ROBOT_VACUUMING;XIRECS;8613.0;2;3;4
987100;;;SLEEP_POD_COTTON;XIRECS;12111.0;2;3;4
987100;;;SLEEP_POD_LAMB_WOOL;XIRECS;10964.0;2;3;4
987100;;;SLEEP_POD_NYLON;XIRECS;9398.0;2;3;4
987100;;;SLEEP_POD_POLYESTER;XIRECS;12970.0;2;3;4
987100;;;SLEEP_POD_SUEDE;XIRECS;12029.0;2;3;4
987100;;;SNACKPACK_CHOCOLATE;XIRECS;9776.0;2;3;4
987100;;;SNACKPACK_PISTACHIO;XIRECS;9422.0;2;3;4
987100;;;SNACKPACK_RASPBERRY;XIRECS;10034.0;2;3;4
987100;;;SNACKPACK_STRAWBERRY;XIRECS;10880.0;2;3;4
987100;;;SNACKPACK_VANILLA;XIRECS;10075.0;2;3;4
987100;;;TRANSLATOR_ASTRO_BLACK;XIRECS;9262.0;2;3;4
987100;;;TRANSLATOR_ECLIPSE_CHARCOAL;XIRECS;9630.0;2;3;4
987100;;;TRANSLATOR_GRAPHITE_MIST;XIRECS;10950.0;2;3;4
987100;;;TRANSLATOR_SPACE_GRAY;XIRECS;10148.0;2;3;4
987100;;;TRANSLATOR_VOID_BLUE;XIRECS;10754.0;2;3;4
987100;;;UV_VISOR_AMBER;XIRECS;7472.0;2;3;4
987100;;;UV_VISOR_MAGENTA;XIRECS;11338.0;2;3;4
987100;;;UV_VISOR_ORANGE;XIRECS;10273.0;2;3;4
987100;;;UV_VISOR_RED;XIRECS;11054.0;2;3;4
987100;;;UV_VISOR_YELLOW;XIRECS;11920.0;2;3;4
988500;;SUBMISSION;PEBBLES_XL;XIRECS;12505.0;7;3;4
989600;;SUBMISSION;UV_VISOR_AMBER;XIRECS;7426.0;5;3;4
989800;;SUBMISSION;SNACKPACK_STRAWBERRY;XIRECS;10840.0;5;3;4
989800;;SUBMISSION;SNACKPACK_PISTACHIO;XIRECS;9402.0;5;3;4
989800;;SUBMISSION;SNACKPACK_VANILLA;XIRECS;10113.0;5;3;4
992100;SUBMISSION;;PEBBLES_XL;XIRECS;12341.0;2;3;4
992100;;;PEBBLES_L;XIRECS;10948.0;5;3;4
992100;;;PEBBLES_M;XIRECS;10997.0;5;3;4
992100;;;PEBBLES_S;XIRECS;8781.0;5;3;4
992100;;;PEBBLES_XS;XIRECS;6902.0;5;3;4
992200;;;GALAXY_SOUNDS_BLACK_HOLES;XIRECS;12090.0;1;3;4
992200;;;GALAXY_SOUNDS_DARK_MATTER;XIRECS;10966.0;1;3;4
992200;;;GALAXY_SOUNDS_PLANETARY_RINGS;XIRECS;11376.0;1;3;4
992200;;;GALAXY_SOUNDS_SOLAR_FLAMES;XIRECS;10765.0;1;3;4
992200;;;GALAXY_SOUNDS_SOLAR_WINDS;XIRECS;10752.0;1;3;4
992200;;;MICROCHIP_CIRCLE;XIRECS;8500.0;1;3;4
992200;;;MICROCHIP_OVAL;XIRECS;7496.0;1;3;4
992200;;;MICROCHIP_RECTANGLE;XIRECS;7909.0;1;3;4
992200;;;MICROCHIP_SQUARE;XIRECS;15799.0;1;3;4
992200;;;MICROCHIP_TRIANGLE;XIRECS;9052.0;1;3;4
992200;;;OXYGEN_SHAKE_CHOCOLATE;XIRECS;9287.0;1;3;4
992200;;;OXYGEN_SHAKE_EVENING_BREATH;XIRECS;9416.0;1;3;4
992200;;;OXYGEN_SHAKE_GARLIC;XIRECS;11985.0;1;3;4
992200;;;OXYGEN_SHAKE_MINT;XIRECS;9750.0;1;3;4
992200;;;OXYGEN_SHAKE_MORNING_BREATH;XIRECS;9329.0;1;3;4
992200;;;PANEL_1X2;XIRECS;8881.0;1;3;4
992200;;;PANEL_1X4;XIRECS;8796.0;1;3;4
992200;;;PANEL_2X2;XIRECS;9139.0;1;3;4
992200;;;PANEL_2X4;XIRECS;11436.0;1;3;4
992200;;;PANEL_4X4;XIRECS;10379.0;1;3;4
992200;;;ROBOT_DISHES;XIRECS;10083.0;1;3;4
992200;;;ROBOT_IRONING;XIRECS;7603.0;1;3;4
992200;;;ROBOT_LAUNDRY;XIRECS;9488.0;1;3;4
992200;;;ROBOT_MOPPING;XIRECS;12283.0;1;3;4
992200;;;ROBOT_VACUUMING;XIRECS;8638.0;1;3;4
992200;;;SLEEP_POD_COTTON;XIRECS;12306.0;1;3;4
992200;;;SLEEP_POD_LAMB_WOOL;XIRECS;10896.0;1;3;4
992200;;;SLEEP_POD_NYLON;XIRECS;9581.0;1;3;4
992200;;;SLEEP_POD_POLYESTER;XIRECS;12895.0;1;3;4
992200;;;SLEEP_POD_SUEDE;XIRECS;12096.0;1;3;4
992200;;;SNACKPACK_CHOCOLATE;XIRECS;9816.0;1;3;4
992200;;;SNACKPACK_PISTACHIO;XIRECS;9426.0;1;3;4
992200;;;SNACKPACK_RASPBERRY;XIRECS;10083.0;1;3;4
992200;;;SNACKPACK_STRAWBERRY;XIRECS;10852.0;1;3;4
992200;;;SNACKPACK_VANILLA;XIRECS;10073.0;1;3;4
992200;;;TRANSLATOR_ASTRO_BLACK;XIRECS;9243.0;1;3;4
992200;;;TRANSLATOR_ECLIPSE_CHARCOAL;XIRECS;9722.0;1;3;4
992200;;;TRANSLATOR_GRAPHITE_MIST;XIRECS;11008.0;1;3;4
992200;;;TRANSLATOR_SPACE_GRAY;XIRECS;10157.0;1;3;4
992200;;;TRANSLATOR_VOID_BLUE;XIRECS;10764.0;1;3;4
992200;;;UV_VISOR_AMBER;XIRECS;7409.0;1;3;4
992200;;;UV_VISOR_MAGENTA;XIRECS;11335.0;1;3;4
992200;;;UV_VISOR_ORANGE;XIRECS;10288.0;1;3;4
992200;;;UV_VISOR_RED;XIRECS;11026.0;1;3;4
992200;;;UV_VISOR_YELLOW;XIRECS;11834.0;1;3;4
992500;;SUBMISSION;PEBBLES_XL;XIRECS;12357.0;2;3;4
992500;;;PEBBLES_L;XIRECS;10922.0;3;3;4
992500;;;PEBBLES_M;XIRECS;11024.0;3;3;4
992500;;;PEBBLES_S;XIRECS;8823.0;3;3;4
992500;;;PEBBLES_XS;XIRECS;6906.0;3;3;4
992900;;SUBMISSION;UV_VISOR_AMBER;XIRECS;7381.0;5;3;4
994100;;SUBMISSION;PEBBLES_XL;XIRECS;12212.0;2;3;4
994100;;;PEBBLES_L;XIRECS;10943.0;3;3;4
994100;;;PEBBLES_M;XIRECS;11123.0;3;3;4
994100;;;PEBBLES_S;XIRECS;8805.0;3;3;4
994100;;;PEBBLES_XS;XIRECS;6947.0;3;3;4
995900;;;GALAXY_SOUNDS_BLACK_HOLES;XIRECS;12165.0;4;3;4
995900;;;GALAXY_SOUNDS_DARK_MATTER;XIRECS;10990.0;4;3;4
995900;;;GALAXY_SOUNDS_PLANETARY_RINGS;XIRECS;11389.0;4;3;4
995900;;;GALAXY_SOUNDS_SOLAR_FLAMES;XIRECS;10672.0;4;3;4
995900;;;GALAXY_SOUNDS_SOLAR_WINDS;XIRECS;10722.0;4;3;4
995900;;;OXYGEN_SHAKE_CHOCOLATE;XIRECS;9278.0;4;3;4
995900;;;OXYGEN_SHAKE_EVENING_BREATH;XIRECS;9416.0;4;3;4
995900;;;OXYGEN_SHAKE_GARLIC;XIRECS;11920.0;4;3;4
995900;;;OXYGEN_SHAKE_MINT;XIRECS;9781.0;4;3;4
995900;;;OXYGEN_SHAKE_MORNING_BREATH;XIRECS;9466.0;4;3;4
995900;;;PANEL_1X2;XIRECS;8887.0;4;3;4
995900;;;PANEL_1X4;XIRECS;8768.0;4;3;4
995900;;;PANEL_2X2;XIRECS;9233.0;4;3;4
995900;;;PANEL_2X4;XIRECS;11421.0;4;3;4
995900;;;PANEL_4X4;XIRECS;10277.0;4;3;4
995900;;;ROBOT_DISHES;XIRECS;10159.0;4;3;4
995900;;;ROBOT_IRONING;XIRECS;7523.0;4;3;4
995900;;;ROBOT_LAUNDRY;XIRECS;9513.0;4;3;4
995900;;;ROBOT_MOPPING;XIRECS;12230.0;4;3;4
995900;;;ROBOT_VACUUMING;XIRECS;8636.0;4;3;4
995900;;;SLEEP_POD_COTTON;XIRECS;12224.0;4;3;4
995900;;;SLEEP_POD_LAMB_WOOL;XIRECS;10820.0;4;3;4
995900;;;SLEEP_POD_NYLON;XIRECS;9693.0;4;3;4
995900;;;SLEEP_POD_POLYESTER;XIRECS;12897.0;4;3;4
995900;;;SLEEP_POD_SUEDE;XIRECS;12164.0;4;3;4
995900;;;SNACKPACK_CHOCOLATE;XIRECS;9843.0;4;3;4
995900;;;SNACKPACK_PISTACHIO;XIRECS;9411.0;4;3;4
995900;;;SNACKPACK_RASPBERRY;XIRECS;10101.0;4;3;4
995900;;;SNACKPACK_STRAWBERRY;XIRECS;10825.0;4;3;4
995900;;;SNACKPACK_VANILLA;XIRECS;10039.0;4;3;4
995900;;;TRANSLATOR_ASTRO_BLACK;XIRECS;9168.0;4;3;4
995900;;;TRANSLATOR_ECLIPSE_CHARCOAL;XIRECS;9660.0;4;3;4
995900;;;TRANSLATOR_GRAPHITE_MIST;XIRECS;11035.0;4;3;4
995900;;;TRANSLATOR_SPACE_GRAY;XIRECS;10156.0;4;3;4
995900;;;TRANSLATOR_VOID_BLUE;XIRECS;10733.0;4;3;4
995900;;;UV_VISOR_AMBER;XIRECS;7415.0;4;3;4
995900;;;UV_VISOR_MAGENTA;XIRECS;11393.0;4;3;4
995900;;;UV_VISOR_ORANGE;XIRECS;10253.0;4;3;4
995900;;;UV_VISOR_RED;XIRECS;11010.0;4;3;4
995900;;;UV_VISOR_YELLOW;XIRECS;11880.0;4;3;4
996300;;;MICROCHIP_CIRCLE;XIRECS;8511.0;1;3;4
996300;;;MICROCHIP_OVAL;XIRECS;7543.0;1;3;4
996300;;;MICROCHIP_RECTANGLE;XIRECS;7883.0;1;3;4
996300;;;MICROCHIP_SQUARE;XIRECS;15837.0;1;3;4
996300;;;MICROCHIP_TRIANGLE;XIRECS;8964.0;1;3;4
996500;SUBMISSION;;PEBBLES_XL;XIRECS;12121.0;5;3;4
996500;SUBMISSION;;PEBBLES_XL;XIRECS;12130.0;9;3;4
997200;;SUBMISSION;PEBBLES_XL;XIRECS;12171.0;2;3;4
997200;;;PEBBLES_L;XIRECS;11063.0;5;3;4
997200;;;PEBBLES_M;XIRECS;10998.0;5;3;4
997200;;;PEBBLES_S;XIRECS;8899.0;5;3;4
997200;;;PEBBLES_XS;XIRECS;6900.0;5;3;4
999500;SUBMISSION;;SNACKPACK_STRAWBERRY;XIRECS;10787.0;2;3;4
999500;SUBMISSION;;SNACKPACK_PISTACHIO;XIRECS;9374.0;2;3;4
999500;SUBMISSION;;SNACKPACK_VANILLA;XIRECS;10028.0;2;3;4
999500;;;GALAXY_SOUNDS_BLACK_HOLES;XIRECS;12205.0;4;3;4
999500;;;GALAXY_SOUNDS_DARK_MATTER;XIRECS;10884.0;4;3;4
999500;;;GALAXY_SOUNDS_PLANETARY_RINGS;XIRECS;11357.0;4;3;4
999500;;;GALAXY_SOUNDS_SOLAR_FLAMES;XIRECS;10632.0;4;3;4
999500;;;GALAXY_SOUNDS_SOLAR_WINDS;XIRECS;10766.0;4;3;4
999500;;;OXYGEN_SHAKE_CHOCOLATE;XIRECS;9325.0;4;3;4
999500;;;OXYGEN_SHAKE_EVENING_BREATH;XIRECS;9424.0;4;3;4
999500;;;OXYGEN_SHAKE_GARLIC;XIRECS;11919.0;4;3;4
999500;;;OXYGEN_SHAKE_MINT;XIRECS;9720.0;4;3;4
999500;;;OXYGEN_SHAKE_MORNING_BREATH;XIRECS;9525.0;4;3;4
999500;;;PANEL_1X2;XIRECS;8872.0;4;3;4
999500;;;PANEL_1X4;XIRECS;8712.0;4;3;4
999500;;;PANEL_2X2;XIRECS;9219.0;4;3;4
999500;;;PANEL_2X4;XIRECS;11459.0;4;3;4
999500;;;PANEL_4X4;XIRECS;10230.0;4;3;4
999500;;;ROBOT_DISHES;XIRECS;10141.0;4;3;4
999500;;;ROBOT_IRONING;XIRECS;7527.0;4;3;4
999500;;;ROBOT_LAUNDRY;XIRECS;9478.0;4;3;4
999500;;;ROBOT_MOPPING;XIRECS;12177.0;4;3;4
999500;;;ROBOT_VACUUMING;XIRECS;8615.0;4;3;4
999500;;;SLEEP_POD_COTTON;XIRECS;12138.0;4;3;4
999500;;;SLEEP_POD_LAMB_WOOL;XIRECS;10821.0;4;3;4
999500;;;SLEEP_POD_NYLON;XIRECS;9717.0;4;3;4
999500;;;SLEEP_POD_POLYESTER;XIRECS;12862.0;4;3;4
999500;;;SLEEP_POD_SUEDE;XIRECS;12104.0;4;3;4
999500;;;SNACKPACK_CHOCOLATE;XIRECS;9823.0;4;3;4
999500;;;SNACKPACK_RASPBERRY;XIRECS;10121.0;4;3;4
999500;;;TRANSLATOR_ASTRO_BLACK;XIRECS;9132.0;4;3;4
999500;;;TRANSLATOR_ECLIPSE_CHARCOAL;XIRECS;9635.0;4;3;4
999500;;;TRANSLATOR_GRAPHITE_MIST;XIRECS;11095.0;4;3;4
999500;;;TRANSLATOR_SPACE_GRAY;XIRECS;10129.0;4;3;4
999500;;;TRANSLATOR_VOID_BLUE;XIRECS;10662.0;4;3;4
999500;;;UV_VISOR_AMBER;XIRECS;7390.0;4;3;4
999500;;;UV_VISOR_MAGENTA;XIRECS;11568.0;4;3;4
999500;;;UV_VISOR_ORANGE;XIRECS;10300.0;4;3;4
999500;;;UV_VISOR_RED;XIRECS;11046.0;4;3;4
999500;;;UV_VISOR_YELLOW;XIRECS;12003.0;4;3;4
