experiment_type,lane,symbol,timestamp,window_left,window_right,dominant_archetype,priority,score_primary,score_secondary,days_present,event_count,drift_score_mean_z,drift_score_max_z,notes,job_id,parent_job_id,search_profile,feature_profile,threshold_profile,max_depth
timestamp_window_search,p3_seeded,INTARIAN_PEPPER_ROOT,35700,34900,36500,1,high,0.9999641968554878,0.9998010936415992,3,6,0.3700421676904084,0.9538311326327537,time_bucket=early; side_regime=mixed; confidence_bucket=high,0,32,ts_core_d3,core,sparse,3
timestamp_window_search,p3_seeded,INTARIAN_PEPPER_ROOT,35700,34500,36900,1,high,0.9999641968554878,0.9998010936415992,3,6,0.3700421676904084,0.9538311326327537,time_bucket=early; side_regime=mixed; confidence_bucket=high,5,32,ts_dense_d4,structure,dense,4
timestamp_window_search,p3_seeded,INTARIAN_PEPPER_ROOT,35700,34900,36500,1,high,0.9999641968554878,0.9998010936415992,3,6,0.3700421676904084,0.9538311326327537,time_bucket=early; side_regime=mixed; confidence_bucket=high,1,32,ts_full_d4,full,medium,4
timestamp_window_search,p3_seeded,INTARIAN_PEPPER_ROOT,35700,34100,35700,1,high,0.9999641968554878,0.9998010936415992,3,6,0.3700421676904084,0.9538311326327537,time_bucket=early; side_regime=mixed; confidence_bucket=high,3,32,ts_left_d3,flow,sparse,3
timestamp_window_search,p3_seeded,INTARIAN_PEPPER_ROOT,35700,35700,37300,1,high,0.9999641968554878,0.9998010936415992,3,6,0.3700421676904084,0.9538311326327537,time_bucket=early; side_regime=mixed; confidence_bucket=high,4,32,ts_right_d3,flow,sparse,3
timestamp_window_search,p3_seeded,INTARIAN_PEPPER_ROOT,35700,34100,37300,1,high,0.9999641968554878,0.9998010936415992,3,6,0.3700421676904084,0.9538311326327537,time_bucket=early; side_regime=mixed; confidence_bucket=high,2,32,ts_wide_d4,full,medium,4
timestamp_window_search,p3_seeded,ASH_COATED_OSMIUM,15100,14300,15900,1,high,0.9921499531475424,0.9563886285974584,3,6,0.3132709113073568,0.9370858193261928,time_bucket=early; side_regime=buy; confidence_bucket=high,6,0,ts_core_d3,core,sparse,3
timestamp_window_search,p3_seeded,ASH_COATED_OSMIUM,15100,13900,16300,1,high,0.9921499531475424,0.9563886285974584,3,6,0.3132709113073568,0.9370858193261928,time_bucket=early; side_regime=buy; confidence_bucket=high,11,0,ts_dense_d4,structure,dense,4
timestamp_window_search,p3_seeded,ASH_COATED_OSMIUM,15100,14300,15900,1,high,0.9921499531475424,0.9563886285974584,3,6,0.3132709113073568,0.9370858193261928,time_bucket=early; side_regime=buy; confidence_bucket=high,7,0,ts_full_d4,full,medium,4
timestamp_window_search,p3_seeded,ASH_COATED_OSMIUM,15100,13500,15100,1,high,0.9921499531475424,0.9563886285974584,3,6,0.3132709113073568,0.9370858193261928,time_bucket=early; side_regime=buy; confidence_bucket=high,9,0,ts_left_d3,flow,sparse,3
timestamp_window_search,p3_seeded,ASH_COATED_OSMIUM,15100,15100,16700,1,high,0.9921499531475424,0.9563886285974584,3,6,0.3132709113073568,0.9370858193261928,time_bucket=early; side_regime=buy; confidence_bucket=high,10,0,ts_right_d3,flow,sparse,3
timestamp_window_search,p3_seeded,ASH_COATED_OSMIUM,15100,13500,16700,1,high,0.9921499531475424,0.9563886285974584,3,6,0.3132709113073568,0.9370858193261928,time_bucket=early; side_regime=buy; confidence_bucket=high,8,0,ts_wide_d4,full,medium,4
timestamp_window_search,p3_seeded,INTARIAN_PEPPER_ROOT,775500,774700,776300,1,high,0.9519999763027914,0.999999868348841,3,3,0.3700421676904084,0.9538311326327537,time_bucket=late; side_regime=sell; confidence_bucket=high,12,33,ts_core_d3,core,sparse,3
timestamp_window_search,p3_seeded,INTARIAN_PEPPER_ROOT,775500,774300,776700,1,high,0.9519999763027914,0.999999868348841,3,3,0.3700421676904084,0.9538311326327537,time_bucket=late; side_regime=sell; confidence_bucket=high,17,33,ts_dense_d4,structure,dense,4
timestamp_window_search,p3_seeded,INTARIAN_PEPPER_ROOT,775500,774700,776300,1,high,0.9519999763027914,0.999999868348841,3,3,0.3700421676904084,0.9538311326327537,time_bucket=late; side_regime=sell; confidence_bucket=high,13,33,ts_full_d4,full,medium,4
timestamp_window_search,p3_seeded,INTARIAN_PEPPER_ROOT,775500,773900,775500,1,high,0.9519999763027914,0.999999868348841,3,3,0.3700421676904084,0.9538311326327537,time_bucket=late; side_regime=sell; confidence_bucket=high,15,33,ts_left_d3,flow,sparse,3
timestamp_window_search,p3_seeded,INTARIAN_PEPPER_ROOT,775500,775500,777100,1,high,0.9519999763027914,0.999999868348841,3,3,0.3700421676904084,0.9538311326327537,time_bucket=late; side_regime=sell; confidence_bucket=high,16,33,ts_right_d3,flow,sparse,3
timestamp_window_search,p3_seeded,INTARIAN_PEPPER_ROOT,775500,773900,777100,1,high,0.9519999763027914,0.999999868348841,3,3,0.3700421676904084,0.9538311326327537,time_bucket=late; side_regime=sell; confidence_bucket=high,14,33,ts_wide_d4,full,medium,4
timestamp_window_search,p3_seeded,ASH_COATED_OSMIUM,923800,923000,924600,1,high,0.9519999058130312,0.999999476739062,3,3,0.3132709113073568,0.9370858193261928,time_bucket=late; side_regime=sell; confidence_bucket=high,18,1,ts_core_d3,core,sparse,3
timestamp_window_search,p3_seeded,ASH_COATED_OSMIUM,923800,922600,925000,1,high,0.9519999058130312,0.999999476739062,3,3,0.3132709113073568,0.9370858193261928,time_bucket=late; side_regime=sell; confidence_bucket=high,23,1,ts_dense_d4,structure,dense,4
timestamp_window_search,p3_seeded,ASH_COATED_OSMIUM,923800,923000,924600,1,high,0.9519999058130312,0.999999476739062,3,3,0.3132709113073568,0.9370858193261928,time_bucket=late; side_regime=sell; confidence_bucket=high,19,1,ts_full_d4,full,medium,4
timestamp_window_search,p3_seeded,ASH_COATED_OSMIUM,923800,922200,923800,1,high,0.9519999058130312,0.999999476739062,3,3,0.3132709113073568,0.9370858193261928,time_bucket=late; side_regime=sell; confidence_bucket=high,21,1,ts_left_d3,flow,sparse,3
timestamp_window_search,p3_seeded,ASH_COATED_OSMIUM,923800,923800,925400,1,high,0.9519999058130312,0.999999476739062,3,3,0.3132709113073568,0.9370858193261928,time_bucket=late; side_regime=sell; confidence_bucket=high,22,1,ts_right_d3,flow,sparse,3
timestamp_window_search,p3_seeded,ASH_COATED_OSMIUM,923800,922200,925400,1,high,0.9519999058130312,0.999999476739062,3,3,0.3132709113073568,0.9370858193261928,time_bucket=late; side_regime=sell; confidence_bucket=high,20,1,ts_wide_d4,full,medium,4
timestamp_window_search,p3_seeded,INTARIAN_PEPPER_ROOT,561300,560500,562100,1,high,0.951999878854995,0.9999993269721944,3,3,0.3700421676904084,0.9538311326327537,time_bucket=mid; side_regime=buy; confidence_bucket=high,24,34,ts_core_d3,core,sparse,3
timestamp_window_search,p3_seeded,INTARIAN_PEPPER_ROOT,561300,560100,562500,1,high,0.951999878854995,0.9999993269721944,3,3,0.3700421676904084,0.9538311326327537,time_bucket=mid; side_regime=buy; confidence_bucket=high,29,34,ts_dense_d4,structure,dense,4
timestamp_window_search,p3_seeded,INTARIAN_PEPPER_ROOT,561300,560500,562100,1,high,0.951999878854995,0.9999993269721944,3,3,0.3700421676904084,0.9538311326327537,time_bucket=mid; side_regime=buy; confidence_bucket=high,25,34,ts_full_d4,full,medium,4
timestamp_window_search,p3_seeded,INTARIAN_PEPPER_ROOT,561300,559700,561300,1,high,0.951999878854995,0.9999993269721944,3,3,0.3700421676904084,0.9538311326327537,time_bucket=mid; side_regime=buy; confidence_bucket=high,27,34,ts_left_d3,flow,sparse,3
timestamp_window_search,p3_seeded,INTARIAN_PEPPER_ROOT,561300,561300,562900,1,high,0.951999878854995,0.9999993269721944,3,3,0.3700421676904084,0.9538311326327537,time_bucket=mid; side_regime=buy; confidence_bucket=high,28,34,ts_right_d3,flow,sparse,3
timestamp_window_search,p3_seeded,INTARIAN_PEPPER_ROOT,561300,559700,562900,1,high,0.951999878854995,0.9999993269721944,3,3,0.3700421676904084,0.9538311326327537,time_bucket=mid; side_regime=buy; confidence_bucket=high,26,34,ts_wide_d4,full,medium,4
timestamp_window_search,p3_seeded,INTARIAN_PEPPER_ROOT,376700,375900,377500,1,high,0.9519998753636796,0.9999993075759978,3,3,0.3700421676904084,0.9538311326327537,time_bucket=mid; side_regime=buy; confidence_bucket=high,30,35,ts_core_d3,core,sparse,3
timestamp_window_search,p3_seeded,INTARIAN_PEPPER_ROOT,376700,375500,377900,1,high,0.9519998753636796,0.9999993075759978,3,3,0.3700421676904084,0.9538311326327537,time_bucket=mid; side_regime=buy; confidence_bucket=high,35,35,ts_dense_d4,structure,dense,4
timestamp_window_search,p3_seeded,INTARIAN_PEPPER_ROOT,376700,375900,377500,1,high,0.9519998753636796,0.9999993075759978,3,3,0.3700421676904084,0.9538311326327537,time_bucket=mid; side_regime=buy; confidence_bucket=high,31,35,ts_full_d4,full,medium,4
timestamp_window_search,p3_seeded,INTARIAN_PEPPER_ROOT,376700,375100,376700,1,high,0.9519998753636796,0.9999993075759978,3,3,0.3700421676904084,0.9538311326327537,time_bucket=mid; side_regime=buy; confidence_bucket=high,33,35,ts_left_d3,flow,sparse,3
timestamp_window_search,p3_seeded,INTARIAN_PEPPER_ROOT,376700,376700,378300,1,high,0.9519998753636796,0.9999993075759978,3,3,0.3700421676904084,0.9538311326327537,time_bucket=mid; side_regime=buy; confidence_bucket=high,34,35,ts_right_d3,flow,sparse,3
timestamp_window_search,p3_seeded,INTARIAN_PEPPER_ROOT,376700,375100,378300,1,high,0.9519998753636796,0.9999993075759978,3,3,0.3700421676904084,0.9538311326327537,time_bucket=mid; side_regime=buy; confidence_bucket=high,32,35,ts_wide_d4,full,medium,4
timestamp_window_search,p3_seeded,INTARIAN_PEPPER_ROOT,466000,465200,466800,1,high,0.9519998602336506,0.9999992235202808,3,3,0.3700421676904084,0.9538311326327537,time_bucket=mid; side_regime=buy; confidence_bucket=high,36,36,ts_core_d3,core,sparse,3
timestamp_window_search,p3_seeded,INTARIAN_PEPPER_ROOT,466000,464800,467200,1,high,0.9519998602336506,0.9999992235202808,3,3,0.3700421676904084,0.9538311326327537,time_bucket=mid; side_regime=buy; confidence_bucket=high,41,36,ts_dense_d4,structure,dense,4
timestamp_window_search,p3_seeded,INTARIAN_PEPPER_ROOT,466000,465200,466800,1,high,0.9519998602336506,0.9999992235202808,3,3,0.3700421676904084,0.9538311326327537,time_bucket=mid; side_regime=buy; confidence_bucket=high,37,36,ts_full_d4,full,medium,4
timestamp_window_search,p3_seeded,INTARIAN_PEPPER_ROOT,466000,464400,466000,1,high,0.9519998602336506,0.9999992235202808,3,3,0.3700421676904084,0.9538311326327537,time_bucket=mid; side_regime=buy; confidence_bucket=high,39,36,ts_left_d3,flow,sparse,3
timestamp_window_search,p3_seeded,INTARIAN_PEPPER_ROOT,466000,466000,467600,1,high,0.9519998602336506,0.9999992235202808,3,3,0.3700421676904084,0.9538311326327537,time_bucket=mid; side_regime=buy; confidence_bucket=high,40,36,ts_right_d3,flow,sparse,3
timestamp_window_search,p3_seeded,INTARIAN_PEPPER_ROOT,466000,464400,467600,1,high,0.9519998602336506,0.9999992235202808,3,3,0.3700421676904084,0.9538311326327537,time_bucket=mid; side_regime=buy; confidence_bucket=high,38,36,ts_wide_d4,full,medium,4
timestamp_window_search,p3_seeded,INTARIAN_PEPPER_ROOT,344000,343200,344800,1,high,0.9519998349552706,0.999999083084837,3,3,0.3700421676904084,0.9538311326327537,time_bucket=mid; side_regime=buy; confidence_bucket=high,42,37,ts_core_d3,core,sparse,3
timestamp_window_search,p3_seeded,INTARIAN_PEPPER_ROOT,344000,342800,345200,1,high,0.9519998349552706,0.999999083084837,3,3,0.3700421676904084,0.9538311326327537,time_bucket=mid; side_regime=buy; confidence_bucket=high,47,37,ts_dense_d4,structure,dense,4
timestamp_window_search,p3_seeded,INTARIAN_PEPPER_ROOT,344000,343200,344800,1,high,0.9519998349552706,0.999999083084837,3,3,0.3700421676904084,0.9538311326327537,time_bucket=mid; side_regime=buy; confidence_bucket=high,43,37,ts_full_d4,full,medium,4
timestamp_window_search,p3_seeded,INTARIAN_PEPPER_ROOT,344000,342400,344000,1,high,0.9519998349552706,0.999999083084837,3,3,0.3700421676904084,0.9538311326327537,time_bucket=mid; side_regime=buy; confidence_bucket=high,45,37,ts_left_d3,flow,sparse,3
timestamp_window_search,p3_seeded,INTARIAN_PEPPER_ROOT,344000,344000,345600,1,high,0.9519998349552706,0.999999083084837,3,3,0.3700421676904084,0.9538311326327537,time_bucket=mid; side_regime=buy; confidence_bucket=high,46,37,ts_right_d3,flow,sparse,3
timestamp_window_search,p3_seeded,INTARIAN_PEPPER_ROOT,344000,342400,345600,1,high,0.9519998349552706,0.999999083084837,3,3,0.3700421676904084,0.9538311326327537,time_bucket=mid; side_regime=buy; confidence_bucket=high,44,37,ts_wide_d4,full,medium,4
timestamp_window_search,p3_seeded,INTARIAN_PEPPER_ROOT,942700,941900,943500,1,high,0.9519998165630936,0.9999989809060748,3,3,0.3700421676904084,0.9538311326327537,time_bucket=late; side_regime=buy; confidence_bucket=high,48,38,ts_core_d3,core,sparse,3
timestamp_window_search,p3_seeded,INTARIAN_PEPPER_ROOT,942700,941500,943900,1,high,0.9519998165630936,0.9999989809060748,3,3,0.3700421676904084,0.9538311326327537,time_bucket=late; side_regime=buy; confidence_bucket=high,53,38,ts_dense_d4,structure,dense,4
timestamp_window_search,p3_seeded,INTARIAN_PEPPER_ROOT,942700,941900,943500,1,high,0.9519998165630936,0.9999989809060748,3,3,0.3700421676904084,0.9538311326327537,time_bucket=late; side_regime=buy; confidence_bucket=high,49,38,ts_full_d4,full,medium,4
timestamp_window_search,p3_seeded,INTARIAN_PEPPER_ROOT,942700,941100,942700,1,high,0.9519998165630936,0.9999989809060748,3,3,0.3700421676904084,0.9538311326327537,time_bucket=late; side_regime=buy; confidence_bucket=high,51,38,ts_left_d3,flow,sparse,3
timestamp_window_search,p3_seeded,INTARIAN_PEPPER_ROOT,942700,942700,944300,1,high,0.9519998165630936,0.9999989809060748,3,3,0.3700421676904084,0.9538311326327537,time_bucket=late; side_regime=buy; confidence_bucket=high,52,38,ts_right_d3,flow,sparse,3
timestamp_window_search,p3_seeded,INTARIAN_PEPPER_ROOT,942700,941100,944300,1,high,0.9519998165630936,0.9999989809060748,3,3,0.3700421676904084,0.9538311326327537,time_bucket=late; side_regime=buy; confidence_bucket=high,50,38,ts_wide_d4,full,medium,4
timestamp_window_search,p3_seeded,INTARIAN_PEPPER_ROOT,977200,976400,978000,1,high,0.9519997954784712,0.9999988637692844,3,3,0.3700421676904084,0.9538311326327537,time_bucket=late; side_regime=buy; confidence_bucket=high,54,39,ts_core_d3,core,sparse,3
timestamp_window_search,p3_seeded,INTARIAN_PEPPER_ROOT,977200,976000,978400,1,high,0.9519997954784712,0.9999988637692844,3,3,0.3700421676904084,0.9538311326327537,time_bucket=late; side_regime=buy; confidence_bucket=high,59,39,ts_dense_d4,structure,dense,4
timestamp_window_search,p3_seeded,INTARIAN_PEPPER_ROOT,977200,976400,978000,1,high,0.9519997954784712,0.9999988637692844,3,3,0.3700421676904084,0.9538311326327537,time_bucket=late; side_regime=buy; confidence_bucket=high,55,39,ts_full_d4,full,medium,4
timestamp_window_search,p3_seeded,INTARIAN_PEPPER_ROOT,977200,975600,977200,1,high,0.9519997954784712,0.9999988637692844,3,3,0.3700421676904084,0.9538311326327537,time_bucket=late; side_regime=buy; confidence_bucket=high,57,39,ts_left_d3,flow,sparse,3
timestamp_window_search,p3_seeded,INTARIAN_PEPPER_ROOT,977200,977200,978800,1,high,0.9519997954784712,0.9999988637692844,3,3,0.3700421676904084,0.9538311326327537,time_bucket=late; side_regime=buy; confidence_bucket=high,58,39,ts_right_d3,flow,sparse,3
timestamp_window_search,p3_seeded,INTARIAN_PEPPER_ROOT,977200,975600,978800,1,high,0.9519997954784712,0.9999988637692844,3,3,0.3700421676904084,0.9538311326327537,time_bucket=late; side_regime=buy; confidence_bucket=high,56,39,ts_wide_d4,full,medium,4
timestamp_window_search,p3_seeded,INTARIAN_PEPPER_ROOT,927200,926400,928000,1,high,0.951999768575552,0.9999987143086214,3,3,0.3700421676904084,0.9538311326327537,time_bucket=late; side_regime=sell; confidence_bucket=high,60,40,ts_core_d3,core,sparse,3
timestamp_window_search,p3_seeded,INTARIAN_PEPPER_ROOT,927200,926000,928400,1,high,0.951999768575552,0.9999987143086214,3,3,0.3700421676904084,0.9538311326327537,time_bucket=late; side_regime=sell; confidence_bucket=high,65,40,ts_dense_d4,structure,dense,4
timestamp_window_search,p3_seeded,INTARIAN_PEPPER_ROOT,927200,926400,928000,1,high,0.951999768575552,0.9999987143086214,3,3,0.3700421676904084,0.9538311326327537,time_bucket=late; side_regime=sell; confidence_bucket=high,61,40,ts_full_d4,full,medium,4
timestamp_window_search,p3_seeded,INTARIAN_PEPPER_ROOT,927200,925600,927200,1,high,0.951999768575552,0.9999987143086214,3,3,0.3700421676904084,0.9538311326327537,time_bucket=late; side_regime=sell; confidence_bucket=high,63,40,ts_left_d3,flow,sparse,3
timestamp_window_search,p3_seeded,INTARIAN_PEPPER_ROOT,927200,927200,928800,1,high,0.951999768575552,0.9999987143086214,3,3,0.3700421676904084,0.9538311326327537,time_bucket=late; side_regime=sell; confidence_bucket=high,64,40,ts_right_d3,flow,sparse,3
timestamp_window_search,p3_seeded,INTARIAN_PEPPER_ROOT,927200,925600,928800,1,high,0.951999768575552,0.9999987143086214,3,3,0.3700421676904084,0.9538311326327537,time_bucket=late; side_regime=sell; confidence_bucket=high,62,40,ts_wide_d4,full,medium,4
timestamp_window_search,p3_seeded,INTARIAN_PEPPER_ROOT,566100,565300,566900,1,high,0.951999759807593,0.9999986655977388,3,3,0.3700421676904084,0.9538311326327537,time_bucket=mid; side_regime=buy; confidence_bucket=high,66,41,ts_core_d3,core,sparse,3
timestamp_window_search,p3_seeded,INTARIAN_PEPPER_ROOT,566100,564900,567300,1,high,0.951999759807593,0.9999986655977388,3,3,0.3700421676904084,0.9538311326327537,time_bucket=mid; side_regime=buy; confidence_bucket=high,71,41,ts_dense_d4,structure,dense,4
timestamp_window_search,p3_seeded,INTARIAN_PEPPER_ROOT,566100,565300,566900,1,high,0.951999759807593,0.9999986655977388,3,3,0.3700421676904084,0.9538311326327537,time_bucket=mid; side_regime=buy; confidence_bucket=high,67,41,ts_full_d4,full,medium,4
timestamp_window_search,p3_seeded,INTARIAN_PEPPER_ROOT,566100,564500,566100,1,high,0.951999759807593,0.9999986655977388,3,3,0.3700421676904084,0.9538311326327537,time_bucket=mid; side_regime=buy; confidence_bucket=high,69,41,ts_left_d3,flow,sparse,3
timestamp_window_search,p3_seeded,INTARIAN_PEPPER_ROOT,566100,566100,567700,1,high,0.951999759807593,0.9999986655977388,3,3,0.3700421676904084,0.9538311326327537,time_bucket=mid; side_regime=buy; confidence_bucket=high,70,41,ts_right_d3,flow,sparse,3
timestamp_window_search,p3_seeded,INTARIAN_PEPPER_ROOT,566100,564500,567700,1,high,0.951999759807593,0.9999986655977388,3,3,0.3700421676904084,0.9538311326327537,time_bucket=mid; side_regime=buy; confidence_bucket=high,68,41,ts_wide_d4,full,medium,4
timestamp_window_search,p3_seeded,INTARIAN_PEPPER_ROOT,64300,63500,65100,1,high,0.951999716077732,0.9999984226540674,3,3,0.3700421676904084,0.9538311326327537,time_bucket=early; side_regime=buy; confidence_bucket=high,72,42,ts_core_d3,core,sparse,3
timestamp_window_search,p3_seeded,INTARIAN_PEPPER_ROOT,64300,63100,65500,1,high,0.951999716077732,0.9999984226540674,3,3,0.3700421676904084,0.9538311326327537,time_bucket=early; side_regime=buy; confidence_bucket=high,77,42,ts_dense_d4,structure,dense,4
timestamp_window_search,p3_seeded,INTARIAN_PEPPER_ROOT,64300,63500,65100,1,high,0.951999716077732,0.9999984226540674,3,3,0.3700421676904084,0.9538311326327537,time_bucket=early; side_regime=buy; confidence_bucket=high,73,42,ts_full_d4,full,medium,4
timestamp_window_search,p3_seeded,INTARIAN_PEPPER_ROOT,64300,62700,64300,1,high,0.951999716077732,0.9999984226540674,3,3,0.3700421676904084,0.9538311326327537,time_bucket=early; side_regime=buy; confidence_bucket=high,75,42,ts_left_d3,flow,sparse,3
timestamp_window_search,p3_seeded,INTARIAN_PEPPER_ROOT,64300,64300,65900,1,high,0.951999716077732,0.9999984226540674,3,3,0.3700421676904084,0.9538311326327537,time_bucket=early; side_regime=buy; confidence_bucket=high,76,42,ts_right_d3,flow,sparse,3
timestamp_window_search,p3_seeded,INTARIAN_PEPPER_ROOT,64300,62700,65900,1,high,0.951999716077732,0.9999984226540674,3,3,0.3700421676904084,0.9538311326327537,time_bucket=early; side_regime=buy; confidence_bucket=high,74,42,ts_wide_d4,full,medium,4
timestamp_window_search,p3_seeded,INTARIAN_PEPPER_ROOT,372300,371500,373100,1,high,0.9519996908587436,0.9999982825485764,3,3,0.3700421676904084,0.9538311326327537,time_bucket=mid; side_regime=buy; confidence_bucket=high,78,43,ts_core_d3,core,sparse,3
timestamp_window_search,p3_seeded,INTARIAN_PEPPER_ROOT,372300,371100,373500,1,high,0.9519996908587436,0.9999982825485764,3,3,0.3700421676904084,0.9538311326327537,time_bucket=mid; side_regime=buy; confidence_bucket=high,83,43,ts_dense_d4,structure,dense,4
timestamp_window_search,p3_seeded,INTARIAN_PEPPER_ROOT,372300,371500,373100,1,high,0.9519996908587436,0.9999982825485764,3,3,0.3700421676904084,0.9538311326327537,time_bucket=mid; side_regime=buy; confidence_bucket=high,79,43,ts_full_d4,full,medium,4
timestamp_window_search,p3_seeded,INTARIAN_PEPPER_ROOT,372300,370700,372300,1,high,0.9519996908587436,0.9999982825485764,3,3,0.3700421676904084,0.9538311326327537,time_bucket=mid; side_regime=buy; confidence_bucket=high,81,43,ts_left_d3,flow,sparse,3
timestamp_window_search,p3_seeded,INTARIAN_PEPPER_ROOT,372300,372300,373900,1,high,0.9519996908587436,0.9999982825485764,3,3,0.3700421676904084,0.9538311326327537,time_bucket=mid; side_regime=buy; confidence_bucket=high,82,43,ts_right_d3,flow,sparse,3
timestamp_window_search,p3_seeded,INTARIAN_PEPPER_ROOT,372300,370700,373900,1,high,0.9519996908587436,0.9999982825485764,3,3,0.3700421676904084,0.9538311326327537,time_bucket=mid; side_regime=buy; confidence_bucket=high,80,43,ts_wide_d4,full,medium,4
timestamp_window_search,p3_seeded,INTARIAN_PEPPER_ROOT,564900,564100,565700,1,high,0.9519996642707484,0.9999981348374908,3,3,0.3700421676904084,0.9538311326327537,time_bucket=mid; side_regime=buy; confidence_bucket=high,84,44,ts_core_d3,core,sparse,3
timestamp_window_search,p3_seeded,INTARIAN_PEPPER_ROOT,564900,563700,566100,1,high,0.9519996642707484,0.9999981348374908,3,3,0.3700421676904084,0.9538311326327537,time_bucket=mid; side_regime=buy; confidence_bucket=high,89,44,ts_dense_d4,structure,dense,4
timestamp_window_search,p3_seeded,INTARIAN_PEPPER_ROOT,564900,564100,565700,1,high,0.9519996642707484,0.9999981348374908,3,3,0.3700421676904084,0.9538311326327537,time_bucket=mid; side_regime=buy; confidence_bucket=high,85,44,ts_full_d4,full,medium,4
timestamp_window_search,p3_seeded,INTARIAN_PEPPER_ROOT,564900,563300,564900,1,high,0.9519996642707484,0.9999981348374908,3,3,0.3700421676904084,0.9538311326327537,time_bucket=mid; side_regime=buy; confidence_bucket=high,87,44,ts_left_d3,flow,sparse,3
timestamp_window_search,p3_seeded,INTARIAN_PEPPER_ROOT,564900,564900,566500,1,high,0.9519996642707484,0.9999981348374908,3,3,0.3700421676904084,0.9538311326327537,time_bucket=mid; side_regime=buy; confidence_bucket=high,88,44,ts_right_d3,flow,sparse,3
timestamp_window_search,p3_seeded,INTARIAN_PEPPER_ROOT,564900,563300,566500,1,high,0.9519996642707484,0.9999981348374908,3,3,0.3700421676904084,0.9538311326327537,time_bucket=mid; side_regime=buy; confidence_bucket=high,86,44,ts_wide_d4,full,medium,4
timestamp_window_search,p3_seeded,ASH_COATED_OSMIUM,802000,801200,802800,1,high,0.9519996379724606,0.999997988735892,3,3,0.3132709113073568,0.9370858193261928,time_bucket=late; side_regime=buy; confidence_bucket=high,90,2,ts_core_d3,core,sparse,3
timestamp_window_search,p3_seeded,ASH_COATED_OSMIUM,802000,800800,803200,1,high,0.9519996379724606,0.999997988735892,3,3,0.3132709113073568,0.9370858193261928,time_bucket=late; side_regime=buy; confidence_bucket=high,95,2,ts_dense_d4,structure,dense,4
timestamp_window_search,p3_seeded,ASH_COATED_OSMIUM,802000,801200,802800,1,high,0.9519996379724606,0.999997988735892,3,3,0.3132709113073568,0.9370858193261928,time_bucket=late; side_regime=buy; confidence_bucket=high,91,2,ts_full_d4,full,medium,4
timestamp_window_search,p3_seeded,ASH_COATED_OSMIUM,802000,800400,802000,1,high,0.9519996379724606,0.999997988735892,3,3,0.3132709113073568,0.9370858193261928,time_bucket=late; side_regime=buy; confidence_bucket=high,93,2,ts_left_d3,flow,sparse,3
timestamp_window_search,p3_seeded,ASH_COATED_OSMIUM,802000,802000,803600,1,high,0.9519996379724606,0.999997988735892,3,3,0.3132709113073568,0.9370858193261928,time_bucket=late; side_regime=buy; confidence_bucket=high,94,2,ts_right_d3,flow,sparse,3
timestamp_window_search,p3_seeded,ASH_COATED_OSMIUM,802000,800400,803600,1,high,0.9519996379724606,0.999997988735892,3,3,0.3132709113073568,0.9370858193261928,time_bucket=late; side_regime=buy; confidence_bucket=high,92,2,ts_wide_d4,full,medium,4
timestamp_window_search,p3_seeded,INTARIAN_PEPPER_ROOT,194900,194100,195700,1,high,0.9519995975393292,0.9999977641073848,3,3,0.3700421676904084,0.9538311326327537,time_bucket=early; side_regime=buy; confidence_bucket=high,96,45,ts_core_d3,core,sparse,3
timestamp_window_search,p3_seeded,INTARIAN_PEPPER_ROOT,194900,193700,196100,1,high,0.9519995975393292,0.9999977641073848,3,3,0.3700421676904084,0.9538311326327537,time_bucket=early; side_regime=buy; confidence_bucket=high,101,45,ts_dense_d4,structure,dense,4
timestamp_window_search,p3_seeded,INTARIAN_PEPPER_ROOT,194900,194100,195700,1,high,0.9519995975393292,0.9999977641073848,3,3,0.3700421676904084,0.9538311326327537,time_bucket=early; side_regime=buy; confidence_bucket=high,97,45,ts_full_d4,full,medium,4
timestamp_window_search,p3_seeded,INTARIAN_PEPPER_ROOT,194900,193300,194900,1,high,0.9519995975393292,0.9999977641073848,3,3,0.3700421676904084,0.9538311326327537,time_bucket=early; side_regime=buy; confidence_bucket=high,99,45,ts_left_d3,flow,sparse,3
timestamp_window_search,p3_seeded,INTARIAN_PEPPER_ROOT,194900,194900,196500,1,high,0.9519995975393292,0.9999977641073848,3,3,0.3700421676904084,0.9538311326327537,time_bucket=early; side_regime=buy; confidence_bucket=high,100,45,ts_right_d3,flow,sparse,3
timestamp_window_search,p3_seeded,INTARIAN_PEPPER_ROOT,194900,193300,196500,1,high,0.9519995975393292,0.9999977641073848,3,3,0.3700421676904084,0.9538311326327537,time_bucket=early; side_regime=buy; confidence_bucket=high,98,45,ts_wide_d4,full,medium,4
timestamp_window_search,p3_seeded,INTARIAN_PEPPER_ROOT,71500,70700,72300,1,high,0.9519995789829292,0.9999976610162742,3,3,0.3700421676904084,0.9538311326327537,time_bucket=early; side_regime=buy; confidence_bucket=high,102,46,ts_core_d3,core,sparse,3
timestamp_window_search,p3_seeded,INTARIAN_PEPPER_ROOT,71500,70300,72700,1,high,0.9519995789829292,0.9999976610162742,3,3,0.3700421676904084,0.9538311326327537,time_bucket=early; side_regime=buy; confidence_bucket=high,107,46,ts_dense_d4,structure,dense,4
timestamp_window_search,p3_seeded,INTARIAN_PEPPER_ROOT,71500,70700,72300,1,high,0.9519995789829292,0.9999976610162742,3,3,0.3700421676904084,0.9538311326327537,time_bucket=early; side_regime=buy; confidence_bucket=high,103,46,ts_full_d4,full,medium,4
timestamp_window_search,p3_seeded,INTARIAN_PEPPER_ROOT,71500,69900,71500,1,high,0.9519995789829292,0.9999976610162742,3,3,0.3700421676904084,0.9538311326327537,time_bucket=early; side_regime=buy; confidence_bucket=high,105,46,ts_left_d3,flow,sparse,3
timestamp_window_search,p3_seeded,INTARIAN_PEPPER_ROOT,71500,71500,73100,1,high,0.9519995789829292,0.9999976610162742,3,3,0.3700421676904084,0.9538311326327537,time_bucket=early; side_regime=buy; confidence_bucket=high,106,46,ts_right_d3,flow,sparse,3
timestamp_window_search,p3_seeded,INTARIAN_PEPPER_ROOT,71500,69900,73100,1,high,0.9519995789829292,0.9999976610162742,3,3,0.3700421676904084,0.9538311326327537,time_bucket=early; side_regime=buy; confidence_bucket=high,104,46,ts_wide_d4,full,medium,4
timestamp_window_search,p3_seeded,INTARIAN_PEPPER_ROOT,556700,555900,557500,1,high,0.9519995484203816,0.9999974912243416,3,3,0.3700421676904084,0.9538311326327537,time_bucket=mid; side_regime=buy; confidence_bucket=high,108,47,ts_core_d3,core,sparse,3
timestamp_window_search,p3_seeded,INTARIAN_PEPPER_ROOT,556700,555500,557900,1,high,0.9519995484203816,0.9999974912243416,3,3,0.3700421676904084,0.9538311326327537,time_bucket=mid; side_regime=buy; confidence_bucket=high,113,47,ts_dense_d4,structure,dense,4
timestamp_window_search,p3_seeded,INTARIAN_PEPPER_ROOT,556700,555900,557500,1,high,0.9519995484203816,0.9999974912243416,3,3,0.3700421676904084,0.9538311326327537,time_bucket=mid; side_regime=buy; confidence_bucket=high,109,47,ts_full_d4,full,medium,4
timestamp_window_search,p3_seeded,INTARIAN_PEPPER_ROOT,556700,555100,556700,1,high,0.9519995484203816,0.9999974912243416,3,3,0.3700421676904084,0.9538311326327537,time_bucket=mid; side_regime=buy; confidence_bucket=high,111,47,ts_left_d3,flow,sparse,3
timestamp_window_search,p3_seeded,INTARIAN_PEPPER_ROOT,556700,556700,558300,1,high,0.9519995484203816,0.9999974912243416,3,3,0.3700421676904084,0.9538311326327537,time_bucket=mid; side_regime=buy; confidence_bucket=high,112,47,ts_right_d3,flow,sparse,3
timestamp_window_search,p3_seeded,INTARIAN_PEPPER_ROOT,556700,555100,558300,1,high,0.9519995484203816,0.9999974912243416,3,3,0.3700421676904084,0.9538311326327537,time_bucket=mid; side_regime=buy; confidence_bucket=high,110,47,ts_wide_d4,full,medium,4
timestamp_window_search,p3_seeded,INTARIAN_PEPPER_ROOT,361600,360800,362400,1,high,0.9519995091441136,0.9999972730228536,3,3,0.3700421676904084,0.9538311326327537,time_bucket=mid; side_regime=buy; confidence_bucket=high,114,48,ts_core_d3,core,sparse,3
timestamp_window_search,p3_seeded,INTARIAN_PEPPER_ROOT,361600,360400,362800,1,high,0.9519995091441136,0.9999972730228536,3,3,0.3700421676904084,0.9538311326327537,time_bucket=mid; side_regime=buy; confidence_bucket=high,119,48,ts_dense_d4,structure,dense,4
timestamp_window_search,p3_seeded,INTARIAN_PEPPER_ROOT,361600,360800,362400,1,high,0.9519995091441136,0.9999972730228536,3,3,0.3700421676904084,0.9538311326327537,time_bucket=mid; side_regime=buy; confidence_bucket=high,115,48,ts_full_d4,full,medium,4
timestamp_window_search,p3_seeded,INTARIAN_PEPPER_ROOT,361600,360000,361600,1,high,0.9519995091441136,0.9999972730228536,3,3,0.3700421676904084,0.9538311326327537,time_bucket=mid; side_regime=buy; confidence_bucket=high,117,48,ts_left_d3,flow,sparse,3
timestamp_window_search,p3_seeded,INTARIAN_PEPPER_ROOT,361600,361600,363200,1,high,0.9519995091441136,0.9999972730228536,3,3,0.3700421676904084,0.9538311326327537,time_bucket=mid; side_regime=buy; confidence_bucket=high,118,48,ts_right_d3,flow,sparse,3
timestamp_window_search,p3_seeded,INTARIAN_PEPPER_ROOT,361600,360000,363200,1,high,0.9519995091441136,0.9999972730228536,3,3,0.3700421676904084,0.9538311326327537,time_bucket=mid; side_regime=buy; confidence_bucket=high,116,48,ts_wide_d4,full,medium,4
timestamp_window_search,p3_seeded,INTARIAN_PEPPER_ROOT,365400,364600,366200,1,high,0.951999503788469,0.999997243269272,3,3,0.3700421676904084,0.9538311326327537,time_bucket=mid; side_regime=buy; confidence_bucket=high,120,49,ts_core_d3,core,sparse,3
timestamp_window_search,p3_seeded,INTARIAN_PEPPER_ROOT,365400,364200,366600,1,high,0.951999503788469,0.999997243269272,3,3,0.3700421676904084,0.9538311326327537,time_bucket=mid; side_regime=buy; confidence_bucket=high,125,49,ts_dense_d4,structure,dense,4
timestamp_window_search,p3_seeded,INTARIAN_PEPPER_ROOT,365400,364600,366200,1,high,0.951999503788469,0.999997243269272,3,3,0.3700421676904084,0.9538311326327537,time_bucket=mid; side_regime=buy; confidence_bucket=high,121,49,ts_full_d4,full,medium,4
timestamp_window_search,p3_seeded,INTARIAN_PEPPER_ROOT,365400,363800,365400,1,high,0.951999503788469,0.999997243269272,3,3,0.3700421676904084,0.9538311326327537,time_bucket=mid; side_regime=buy; confidence_bucket=high,123,49,ts_left_d3,flow,sparse,3
timestamp_window_search,p3_seeded,INTARIAN_PEPPER_ROOT,365400,365400,367000,1,high,0.951999503788469,0.999997243269272,3,3,0.3700421676904084,0.9538311326327537,time_bucket=mid; side_regime=buy; confidence_bucket=high,124,49,ts_right_d3,flow,sparse,3
timestamp_window_search,p3_seeded,INTARIAN_PEPPER_ROOT,365400,363800,367000,1,high,0.951999503788469,0.999997243269272,3,3,0.3700421676904084,0.9538311326327537,time_bucket=mid; side_regime=buy; confidence_bucket=high,122,49,ts_wide_d4,full,medium,4
timestamp_window_search,p3_seeded,INTARIAN_PEPPER_ROOT,164200,163400,165000,1,high,0.9519994544569048,0.9999969692050268,3,3,0.3700421676904084,0.9538311326327537,time_bucket=early; side_regime=buy; confidence_bucket=high,126,50,ts_core_d3,core,sparse,3
timestamp_window_search,p3_seeded,INTARIAN_PEPPER_ROOT,164200,163000,165400,1,high,0.9519994544569048,0.9999969692050268,3,3,0.3700421676904084,0.9538311326327537,time_bucket=early; side_regime=buy; confidence_bucket=high,131,50,ts_dense_d4,structure,dense,4
timestamp_window_search,p3_seeded,INTARIAN_PEPPER_ROOT,164200,163400,165000,1,high,0.9519994544569048,0.9999969692050268,3,3,0.3700421676904084,0.9538311326327537,time_bucket=early; side_regime=buy; confidence_bucket=high,127,50,ts_full_d4,full,medium,4
timestamp_window_search,p3_seeded,INTARIAN_PEPPER_ROOT,164200,162600,164200,1,high,0.9519994544569048,0.9999969692050268,3,3,0.3700421676904084,0.9538311326327537,time_bucket=early; side_regime=buy; confidence_bucket=high,129,50,ts_left_d3,flow,sparse,3
timestamp_window_search,p3_seeded,INTARIAN_PEPPER_ROOT,164200,164200,165800,1,high,0.9519994544569048,0.9999969692050268,3,3,0.3700421676904084,0.9538311326327537,time_bucket=early; side_regime=buy; confidence_bucket=high,130,50,ts_right_d3,flow,sparse,3
timestamp_window_search,p3_seeded,INTARIAN_PEPPER_ROOT,164200,162600,165800,1,high,0.9519994544569048,0.9999969692050268,3,3,0.3700421676904084,0.9538311326327537,time_bucket=early; side_regime=buy; confidence_bucket=high,128,50,ts_wide_d4,full,medium,4
timestamp_window_search,p3_seeded,INTARIAN_PEPPER_ROOT,936600,935800,937400,1,high,0.9519994266160776,0.9999968145337652,3,3,0.3700421676904084,0.9538311326327537,time_bucket=late; side_regime=buy; confidence_bucket=high,132,51,ts_core_d3,core,sparse,3
timestamp_window_search,p3_seeded,INTARIAN_PEPPER_ROOT,936600,935400,937800,1,high,0.9519994266160776,0.9999968145337652,3,3,0.3700421676904084,0.9538311326327537,time_bucket=late; side_regime=buy; confidence_bucket=high,137,51,ts_dense_d4,structure,dense,4
timestamp_window_search,p3_seeded,INTARIAN_PEPPER_ROOT,936600,935800,937400,1,high,0.9519994266160776,0.9999968145337652,3,3,0.3700421676904084,0.9538311326327537,time_bucket=late; side_regime=buy; confidence_bucket=high,133,51,ts_full_d4,full,medium,4
timestamp_window_search,p3_seeded,INTARIAN_PEPPER_ROOT,936600,935000,936600,1,high,0.9519994266160776,0.9999968145337652,3,3,0.3700421676904084,0.9538311326327537,time_bucket=late; side_regime=buy; confidence_bucket=high,135,51,ts_left_d3,flow,sparse,3
timestamp_window_search,p3_seeded,INTARIAN_PEPPER_ROOT,936600,936600,938200,1,high,0.9519994266160776,0.9999968145337652,3,3,0.3700421676904084,0.9538311326327537,time_bucket=late; side_regime=buy; confidence_bucket=high,136,51,ts_right_d3,flow,sparse,3
timestamp_window_search,p3_seeded,INTARIAN_PEPPER_ROOT,936600,935000,938200,1,high,0.9519994266160776,0.9999968145337652,3,3,0.3700421676904084,0.9538311326327537,time_bucket=late; side_regime=buy; confidence_bucket=high,134,51,ts_wide_d4,full,medium,4
timestamp_window_search,p3_seeded,ASH_COATED_OSMIUM,85700,84900,86500,1,high,0.9519982206685638,0.9999901148253542,3,3,0.3132709113073568,0.9370858193261928,time_bucket=early; side_regime=buy; confidence_bucket=high,138,3,ts_core_d3,core,sparse,3
timestamp_window_search,p3_seeded,ASH_COATED_OSMIUM,85700,84500,86900,1,high,0.9519982206685638,0.9999901148253542,3,3,0.3132709113073568,0.9370858193261928,time_bucket=early; side_regime=buy; confidence_bucket=high,143,3,ts_dense_d4,structure,dense,4
timestamp_window_search,p3_seeded,ASH_COATED_OSMIUM,85700,84900,86500,1,high,0.9519982206685638,0.9999901148253542,3,3,0.3132709113073568,0.9370858193261928,time_bucket=early; side_regime=buy; confidence_bucket=high,139,3,ts_full_d4,full,medium,4
timestamp_window_search,p3_seeded,ASH_COATED_OSMIUM,85700,84100,85700,1,high,0.9519982206685638,0.9999901148253542,3,3,0.3132709113073568,0.9370858193261928,time_bucket=early; side_regime=buy; confidence_bucket=high,141,3,ts_left_d3,flow,sparse,3
timestamp_window_search,p3_seeded,ASH_COATED_OSMIUM,85700,85700,87300,1,high,0.9519982206685638,0.9999901148253542,3,3,0.3132709113073568,0.9370858193261928,time_bucket=early; side_regime=buy; confidence_bucket=high,142,3,ts_right_d3,flow,sparse,3
timestamp_window_search,p3_seeded,ASH_COATED_OSMIUM,85700,84100,87300,1,high,0.9519982206685638,0.9999901148253542,3,3,0.3132709113073568,0.9370858193261928,time_bucket=early; side_regime=buy; confidence_bucket=high,140,3,ts_wide_d4,full,medium,4
timestamp_window_search,p3_seeded,ASH_COATED_OSMIUM,32800,32000,33600,1,high,0.9519980319302548,0.9999890662791924,3,3,0.3132709113073568,0.9370858193261928,time_bucket=early; side_regime=sell; confidence_bucket=high,144,4,ts_core_d3,core,sparse,3
timestamp_window_search,p3_seeded,ASH_COATED_OSMIUM,32800,31600,34000,1,high,0.9519980319302548,0.9999890662791924,3,3,0.3132709113073568,0.9370858193261928,time_bucket=early; side_regime=sell; confidence_bucket=high,149,4,ts_dense_d4,structure,dense,4
timestamp_window_search,p3_seeded,ASH_COATED_OSMIUM,32800,32000,33600,1,high,0.9519980319302548,0.9999890662791924,3,3,0.3132709113073568,0.9370858193261928,time_bucket=early; side_regime=sell; confidence_bucket=high,145,4,ts_full_d4,full,medium,4
timestamp_window_search,p3_seeded,ASH_COATED_OSMIUM,32800,31200,32800,1,high,0.9519980319302548,0.9999890662791924,3,3,0.3132709113073568,0.9370858193261928,time_bucket=early; side_regime=sell; confidence_bucket=high,147,4,ts_left_d3,flow,sparse,3
timestamp_window_search,p3_seeded,ASH_COATED_OSMIUM,32800,32800,34400,1,high,0.9519980319302548,0.9999890662791924,3,3,0.3132709113073568,0.9370858193261928,time_bucket=early; side_regime=sell; confidence_bucket=high,148,4,ts_right_d3,flow,sparse,3
timestamp_window_search,p3_seeded,ASH_COATED_OSMIUM,32800,31200,34400,1,high,0.9519980319302548,0.9999890662791924,3,3,0.3132709113073568,0.9370858193261928,time_bucket=early; side_regime=sell; confidence_bucket=high,146,4,ts_wide_d4,full,medium,4
timestamp_window_search,p3_seeded,ASH_COATED_OSMIUM,552900,552100,553700,1,high,0.9519970328141446,0.9999835156341368,3,3,0.3132709113073568,0.9370858193261928,time_bucket=mid; side_regime=sell; confidence_bucket=high,150,5,ts_core_d3,core,sparse,3
timestamp_window_search,p3_seeded,ASH_COATED_OSMIUM,552900,551700,554100,1,high,0.9519970328141446,0.9999835156341368,3,3,0.3132709113073568,0.9370858193261928,time_bucket=mid; side_regime=sell; confidence_bucket=high,155,5,ts_dense_d4,structure,dense,4
timestamp_window_search,p3_seeded,ASH_COATED_OSMIUM,552900,552100,553700,1,high,0.9519970328141446,0.9999835156341368,3,3,0.3132709113073568,0.9370858193261928,time_bucket=mid; side_regime=sell; confidence_bucket=high,151,5,ts_full_d4,full,medium,4
timestamp_window_search,p3_seeded,ASH_COATED_OSMIUM,552900,551300,552900,1,high,0.9519970328141446,0.9999835156341368,3,3,0.3132709113073568,0.9370858193261928,time_bucket=mid; side_regime=sell; confidence_bucket=high,153,5,ts_left_d3,flow,sparse,3
timestamp_window_search,p3_seeded,ASH_COATED_OSMIUM,552900,552900,554500,1,high,0.9519970328141446,0.9999835156341368,3,3,0.3132709113073568,0.9370858193261928,time_bucket=mid; side_regime=sell; confidence_bucket=high,154,5,ts_right_d3,flow,sparse,3
timestamp_window_search,p3_seeded,ASH_COATED_OSMIUM,552900,551300,554500,1,high,0.9519970328141446,0.9999835156341368,3,3,0.3132709113073568,0.9370858193261928,time_bucket=mid; side_regime=sell; confidence_bucket=high,152,5,ts_wide_d4,full,medium,4
timestamp_window_search,p3_seeded,ASH_COATED_OSMIUM,444200,443400,445000,1,high,0.9519970129056272,0.9999834050312618,3,3,0.3132709113073568,0.9370858193261928,time_bucket=mid; side_regime=buy; confidence_bucket=high,156,6,ts_core_d3,core,sparse,3
timestamp_window_search,p3_seeded,ASH_COATED_OSMIUM,444200,443000,445400,1,high,0.9519970129056272,0.9999834050312618,3,3,0.3132709113073568,0.9370858193261928,time_bucket=mid; side_regime=buy; confidence_bucket=high,161,6,ts_dense_d4,structure,dense,4
timestamp_window_search,p3_seeded,ASH_COATED_OSMIUM,444200,443400,445000,1,high,0.9519970129056272,0.9999834050312618,3,3,0.3132709113073568,0.9370858193261928,time_bucket=mid; side_regime=buy; confidence_bucket=high,157,6,ts_full_d4,full,medium,4
timestamp_window_search,p3_seeded,ASH_COATED_OSMIUM,444200,442600,444200,1,high,0.9519970129056272,0.9999834050312618,3,3,0.3132709113073568,0.9370858193261928,time_bucket=mid; side_regime=buy; confidence_bucket=high,159,6,ts_left_d3,flow,sparse,3
timestamp_window_search,p3_seeded,ASH_COATED_OSMIUM,444200,444200,445800,1,high,0.9519970129056272,0.9999834050312618,3,3,0.3132709113073568,0.9370858193261928,time_bucket=mid; side_regime=buy; confidence_bucket=high,160,6,ts_right_d3,flow,sparse,3
timestamp_window_search,p3_seeded,ASH_COATED_OSMIUM,444200,442600,445800,1,high,0.9519970129056272,0.9999834050312618,3,3,0.3132709113073568,0.9370858193261928,time_bucket=mid; side_regime=buy; confidence_bucket=high,158,6,ts_wide_d4,full,medium,4
timestamp_window_search,p3_seeded,ASH_COATED_OSMIUM,185900,185100,186700,1,high,0.9519969650691636,0.9999831392731312,3,3,0.3132709113073568,0.9370858193261928,time_bucket=early; side_regime=sell; confidence_bucket=high,162,7,ts_core_d3,core,sparse,3
timestamp_window_search,p3_seeded,ASH_COATED_OSMIUM,185900,184700,187100,1,high,0.9519969650691636,0.9999831392731312,3,3,0.3132709113073568,0.9370858193261928,time_bucket=early; side_regime=sell; confidence_bucket=high,167,7,ts_dense_d4,structure,dense,4
timestamp_window_search,p3_seeded,ASH_COATED_OSMIUM,185900,185100,186700,1,high,0.9519969650691636,0.9999831392731312,3,3,0.3132709113073568,0.9370858193261928,time_bucket=early; side_regime=sell; confidence_bucket=high,163,7,ts_full_d4,full,medium,4
timestamp_window_search,p3_seeded,ASH_COATED_OSMIUM,185900,184300,185900,1,high,0.9519969650691636,0.9999831392731312,3,3,0.3132709113073568,0.9370858193261928,time_bucket=early; side_regime=sell; confidence_bucket=high,165,7,ts_left_d3,flow,sparse,3
timestamp_window_search,p3_seeded,ASH_COATED_OSMIUM,185900,185900,187500,1,high,0.9519969650691636,0.9999831392731312,3,3,0.3132709113073568,0.9370858193261928,time_bucket=early; side_regime=sell; confidence_bucket=high,166,7,ts_right_d3,flow,sparse,3
timestamp_window_search,p3_seeded,ASH_COATED_OSMIUM,185900,184300,187500,1,high,0.9519969650691636,0.9999831392731312,3,3,0.3132709113073568,0.9370858193261928,time_bucket=early; side_regime=sell; confidence_bucket=high,164,7,ts_wide_d4,full,medium,4
timestamp_window_search,p3_seeded,ASH_COATED_OSMIUM,90200,89400,91000,1,high,0.9519969471118612,0.9999830395103396,3,3,0.3132709113073568,0.9370858193261928,time_bucket=early; side_regime=buy; confidence_bucket=high,168,8,ts_core_d3,core,sparse,3
timestamp_window_search,p3_seeded,ASH_COATED_OSMIUM,90200,89000,91400,1,high,0.9519969471118612,0.9999830395103396,3,3,0.3132709113073568,0.9370858193261928,time_bucket=early; side_regime=buy; confidence_bucket=high,173,8,ts_dense_d4,structure,dense,4
timestamp_window_search,p3_seeded,ASH_COATED_OSMIUM,90200,89400,91000,1,high,0.9519969471118612,0.9999830395103396,3,3,0.3132709113073568,0.9370858193261928,time_bucket=early; side_regime=buy; confidence_bucket=high,169,8,ts_full_d4,full,medium,4
timestamp_window_search,p3_seeded,ASH_COATED_OSMIUM,90200,88600,90200,1,high,0.9519969471118612,0.9999830395103396,3,3,0.3132709113073568,0.9370858193261928,time_bucket=early; side_regime=buy; confidence_bucket=high,171,8,ts_left_d3,flow,sparse,3
timestamp_window_search,p3_seeded,ASH_COATED_OSMIUM,90200,90200,91800,1,high,0.9519969471118612,0.9999830395103396,3,3,0.3132709113073568,0.9370858193261928,time_bucket=early; side_regime=buy; confidence_bucket=high,172,8,ts_right_d3,flow,sparse,3
timestamp_window_search,p3_seeded,ASH_COATED_OSMIUM,90200,88600,91800,1,high,0.9519969471118612,0.9999830395103396,3,3,0.3132709113073568,0.9370858193261928,time_bucket=early; side_regime=buy; confidence_bucket=high,170,8,ts_wide_d4,full,medium,4
timestamp_window_search,p3_seeded,ASH_COATED_OSMIUM,401700,400900,402500,1,high,0.9519969246923788,0.9999829149576596,3,3,0.3132709113073568,0.9370858193261928,time_bucket=mid; side_regime=buy; confidence_bucket=high,174,9,ts_core_d3,core,sparse,3
timestamp_window_search,p3_seeded,ASH_COATED_OSMIUM,401700,400500,402900,1,high,0.9519969246923788,0.9999829149576596,3,3,0.3132709113073568,0.9370858193261928,time_bucket=mid; side_regime=buy; confidence_bucket=high,179,9,ts_dense_d4,structure,dense,4
timestamp_window_search,p3_seeded,ASH_COATED_OSMIUM,401700,400900,402500,1,high,0.9519969246923788,0.9999829149576596,3,3,0.3132709113073568,0.9370858193261928,time_bucket=mid; side_regime=buy; confidence_bucket=high,175,9,ts_full_d4,full,medium,4
timestamp_window_search,p3_seeded,ASH_COATED_OSMIUM,401700,400100,401700,1,high,0.9519969246923788,0.9999829149576596,3,3,0.3132709113073568,0.9370858193261928,time_bucket=mid; side_regime=buy; confidence_bucket=high,177,9,ts_left_d3,flow,sparse,3
timestamp_window_search,p3_seeded,ASH_COATED_OSMIUM,401700,401700,403300,1,high,0.9519969246923788,0.9999829149576596,3,3,0.3132709113073568,0.9370858193261928,time_bucket=mid; side_regime=buy; confidence_bucket=high,178,9,ts_right_d3,flow,sparse,3
timestamp_window_search,p3_seeded,ASH_COATED_OSMIUM,401700,400100,403300,1,high,0.9519969246923788,0.9999829149576596,3,3,0.3132709113073568,0.9370858193261928,time_bucket=mid; side_regime=buy; confidence_bucket=high,176,9,ts_wide_d4,full,medium,4
timestamp_window_search,p3_seeded,ASH_COATED_OSMIUM,336400,335600,337200,1,high,0.9519969123066896,0.9999828461482746,3,3,0.3132709113073568,0.9370858193261928,time_bucket=mid; side_regime=buy; confidence_bucket=high,180,10,ts_core_d3,core,sparse,3
timestamp_window_search,p3_seeded,ASH_COATED_OSMIUM,336400,335200,337600,1,high,0.9519969123066896,0.9999828461482746,3,3,0.3132709113073568,0.9370858193261928,time_bucket=mid; side_regime=buy; confidence_bucket=high,185,10,ts_dense_d4,structure,dense,4
timestamp_window_search,p3_seeded,ASH_COATED_OSMIUM,336400,335600,337200,1,high,0.9519969123066896,0.9999828461482746,3,3,0.3132709113073568,0.9370858193261928,time_bucket=mid; side_regime=buy; confidence_bucket=high,181,10,ts_full_d4,full,medium,4
timestamp_window_search,p3_seeded,ASH_COATED_OSMIUM,336400,334800,336400,1,high,0.9519969123066896,0.9999828461482746,3,3,0.3132709113073568,0.9370858193261928,time_bucket=mid; side_regime=buy; confidence_bucket=high,183,10,ts_left_d3,flow,sparse,3
timestamp_window_search,p3_seeded,ASH_COATED_OSMIUM,336400,336400,338000,1,high,0.9519969123066896,0.9999828461482746,3,3,0.3132709113073568,0.9370858193261928,time_bucket=mid; side_regime=buy; confidence_bucket=high,184,10,ts_right_d3,flow,sparse,3
timestamp_window_search,p3_seeded,ASH_COATED_OSMIUM,336400,334800,338000,1,high,0.9519969123066896,0.9999828461482746,3,3,0.3132709113073568,0.9370858193261928,time_bucket=mid; side_regime=buy; confidence_bucket=high,182,10,ts_wide_d4,full,medium,4
timestamp_window_search,p3_seeded,ASH_COATED_OSMIUM,301600,300800,302400,1,high,0.9519969071423524,0.9999828174575134,3,3,0.3132709113073568,0.9370858193261928,time_bucket=early; side_regime=sell; confidence_bucket=high,186,11,ts_core_d3,core,sparse,3
timestamp_window_search,p3_seeded,ASH_COATED_OSMIUM,301600,300400,302800,1,high,0.9519969071423524,0.9999828174575134,3,3,0.3132709113073568,0.9370858193261928,time_bucket=early; side_regime=sell; confidence_bucket=high,191,11,ts_dense_d4,structure,dense,4
timestamp_window_search,p3_seeded,ASH_COATED_OSMIUM,301600,300800,302400,1,high,0.9519969071423524,0.9999828174575134,3,3,0.3132709113073568,0.9370858193261928,time_bucket=early; side_regime=sell; confidence_bucket=high,187,11,ts_full_d4,full,medium,4
timestamp_window_search,p3_seeded,ASH_COATED_OSMIUM,301600,300000,301600,1,high,0.9519969071423524,0.9999828174575134,3,3,0.3132709113073568,0.9370858193261928,time_bucket=early; side_regime=sell; confidence_bucket=high,189,11,ts_left_d3,flow,sparse,3
timestamp_window_search,p3_seeded,ASH_COATED_OSMIUM,301600,301600,303200,1,high,0.9519969071423524,0.9999828174575134,3,3,0.3132709113073568,0.9370858193261928,time_bucket=early; side_regime=sell; confidence_bucket=high,190,11,ts_right_d3,flow,sparse,3
timestamp_window_search,p3_seeded,ASH_COATED_OSMIUM,301600,300000,303200,1,high,0.9519969071423524,0.9999828174575134,3,3,0.3132709113073568,0.9370858193261928,time_bucket=early; side_regime=sell; confidence_bucket=high,188,11,ts_wide_d4,full,medium,4
timestamp_window_search,p3_seeded,ASH_COATED_OSMIUM,258300,257500,259100,1,high,0.95199689739947,0.9999827633303884,3,3,0.3132709113073568,0.9370858193261928,time_bucket=early; side_regime=buy; confidence_bucket=high,192,12,ts_core_d3,core,sparse,3
timestamp_window_search,p3_seeded,ASH_COATED_OSMIUM,258300,257100,259500,1,high,0.95199689739947,0.9999827633303884,3,3,0.3132709113073568,0.9370858193261928,time_bucket=early; side_regime=buy; confidence_bucket=high,197,12,ts_dense_d4,structure,dense,4
timestamp_window_search,p3_seeded,ASH_COATED_OSMIUM,258300,257500,259100,1,high,0.95199689739947,0.9999827633303884,3,3,0.3132709113073568,0.9370858193261928,time_bucket=early; side_regime=buy; confidence_bucket=high,193,12,ts_full_d4,full,medium,4
timestamp_window_search,p3_seeded,ASH_COATED_OSMIUM,258300,256700,258300,1,high,0.95199689739947,0.9999827633303884,3,3,0.3132709113073568,0.9370858193261928,time_bucket=early; side_regime=buy; confidence_bucket=high,195,12,ts_left_d3,flow,sparse,3
timestamp_window_search,p3_seeded,ASH_COATED_OSMIUM,258300,258300,259900,1,high,0.95199689739947,0.9999827633303884,3,3,0.3132709113073568,0.9370858193261928,time_bucket=early; side_regime=buy; confidence_bucket=high,196,12,ts_right_d3,flow,sparse,3
timestamp_window_search,p3_seeded,ASH_COATED_OSMIUM,258300,256700,259900,1,high,0.95199689739947,0.9999827633303884,3,3,0.3132709113073568,0.9370858193261928,time_bucket=early; side_regime=buy; confidence_bucket=high,194,12,ts_wide_d4,full,medium,4
timestamp_window_search,p3_seeded,ASH_COATED_OSMIUM,407400,406600,408200,1,high,0.9519968343894428,0.9999824132746826,3,3,0.3132709113073568,0.9370858193261928,time_bucket=mid; side_regime=buy; confidence_bucket=high,198,13,ts_core_d3,core,sparse,3
timestamp_window_search,p3_seeded,ASH_COATED_OSMIUM,407400,406200,408600,1,high,0.9519968343894428,0.9999824132746826,3,3,0.3132709113073568,0.9370858193261928,time_bucket=mid; side_regime=buy; confidence_bucket=high,203,13,ts_dense_d4,structure,dense,4
timestamp_window_search,p3_seeded,ASH_COATED_OSMIUM,407400,406600,408200,1,high,0.9519968343894428,0.9999824132746826,3,3,0.3132709113073568,0.9370858193261928,time_bucket=mid; side_regime=buy; confidence_bucket=high,199,13,ts_full_d4,full,medium,4
timestamp_window_search,p3_seeded,ASH_COATED_OSMIUM,407400,405800,407400,1,high,0.9519968343894428,0.9999824132746826,3,3,0.3132709113073568,0.9370858193261928,time_bucket=mid; side_regime=buy; confidence_bucket=high,201,13,ts_left_d3,flow,sparse,3
timestamp_window_search,p3_seeded,ASH_COATED_OSMIUM,407400,407400,409000,1,high,0.9519968343894428,0.9999824132746826,3,3,0.3132709113073568,0.9370858193261928,time_bucket=mid; side_regime=buy; confidence_bucket=high,202,13,ts_right_d3,flow,sparse,3
timestamp_window_search,p3_seeded,ASH_COATED_OSMIUM,407400,405800,409000,1,high,0.9519968343894428,0.9999824132746826,3,3,0.3132709113073568,0.9370858193261928,time_bucket=mid; side_regime=buy; confidence_bucket=high,200,13,ts_wide_d4,full,medium,4
timestamp_window_search,p3_seeded,ASH_COATED_OSMIUM,566600,565800,567400,1,high,0.9519967609296116,0.9999820051645096,3,3,0.3132709113073568,0.9370858193261928,time_bucket=mid; side_regime=buy; confidence_bucket=high,204,14,ts_core_d3,core,sparse,3
timestamp_window_search,p3_seeded,ASH_COATED_OSMIUM,566600,565400,567800,1,high,0.9519967609296116,0.9999820051645096,3,3,0.3132709113073568,0.9370858193261928,time_bucket=mid; side_regime=buy; confidence_bucket=high,209,14,ts_dense_d4,structure,dense,4
timestamp_window_search,p3_seeded,ASH_COATED_OSMIUM,566600,565800,567400,1,high,0.9519967609296116,0.9999820051645096,3,3,0.3132709113073568,0.9370858193261928,time_bucket=mid; side_regime=buy; confidence_bucket=high,205,14,ts_full_d4,full,medium,4
timestamp_window_search,p3_seeded,ASH_COATED_OSMIUM,566600,565000,566600,1,high,0.9519967609296116,0.9999820051645096,3,3,0.3132709113073568,0.9370858193261928,time_bucket=mid; side_regime=buy; confidence_bucket=high,207,14,ts_left_d3,flow,sparse,3
timestamp_window_search,p3_seeded,ASH_COATED_OSMIUM,566600,566600,568200,1,high,0.9519967609296116,0.9999820051645096,3,3,0.3132709113073568,0.9370858193261928,time_bucket=mid; side_regime=buy; confidence_bucket=high,208,14,ts_right_d3,flow,sparse,3
timestamp_window_search,p3_seeded,ASH_COATED_OSMIUM,566600,565000,568200,1,high,0.9519967609296116,0.9999820051645096,3,3,0.3132709113073568,0.9370858193261928,time_bucket=mid; side_regime=buy; confidence_bucket=high,206,14,ts_wide_d4,full,medium,4
timestamp_window_search,p3_seeded,ASH_COATED_OSMIUM,383000,382200,383800,1,high,0.9519966002665268,0.9999811125918148,3,3,0.3132709113073568,0.9370858193261928,time_bucket=mid; side_regime=buy; confidence_bucket=high,210,15,ts_core_d3,core,sparse,3
timestamp_window_search,p3_seeded,ASH_COATED_OSMIUM,383000,381800,384200,1,high,0.9519966002665268,0.9999811125918148,3,3,0.3132709113073568,0.9370858193261928,time_bucket=mid; side_regime=buy; confidence_bucket=high,215,15,ts_dense_d4,structure,dense,4
timestamp_window_search,p3_seeded,ASH_COATED_OSMIUM,383000,382200,383800,1,high,0.9519966002665268,0.9999811125918148,3,3,0.3132709113073568,0.9370858193261928,time_bucket=mid; side_regime=buy; confidence_bucket=high,211,15,ts_full_d4,full,medium,4
timestamp_window_search,p3_seeded,ASH_COATED_OSMIUM,383000,381400,383000,1,high,0.9519966002665268,0.9999811125918148,3,3,0.3132709113073568,0.9370858193261928,time_bucket=mid; side_regime=buy; confidence_bucket=high,213,15,ts_left_d3,flow,sparse,3
timestamp_window_search,p3_seeded,ASH_COATED_OSMIUM,383000,383000,384600,1,high,0.9519966002665268,0.9999811125918148,3,3,0.3132709113073568,0.9370858193261928,time_bucket=mid; side_regime=buy; confidence_bucket=high,214,15,ts_right_d3,flow,sparse,3
timestamp_window_search,p3_seeded,ASH_COATED_OSMIUM,383000,381400,384600,1,high,0.9519966002665268,0.9999811125918148,3,3,0.3132709113073568,0.9370858193261928,time_bucket=mid; side_regime=buy; confidence_bucket=high,212,15,ts_wide_d4,full,medium,4
timestamp_window_search,p3_seeded,ASH_COATED_OSMIUM,917900,917100,918700,1,high,0.9519965663460344,0.999980924144636,3,3,0.3132709113073568,0.9370858193261928,time_bucket=late; side_regime=buy; confidence_bucket=high,216,16,ts_core_d3,core,sparse,3
timestamp_window_search,p3_seeded,ASH_COATED_OSMIUM,917900,916700,919100,1,high,0.9519965663460344,0.999980924144636,3,3,0.3132709113073568,0.9370858193261928,time_bucket=late; side_regime=buy; confidence_bucket=high,221,16,ts_dense_d4,structure,dense,4
timestamp_window_search,p3_seeded,ASH_COATED_OSMIUM,917900,917100,918700,1,high,0.9519965663460344,0.999980924144636,3,3,0.3132709113073568,0.9370858193261928,time_bucket=late; side_regime=buy; confidence_bucket=high,217,16,ts_full_d4,full,medium,4
timestamp_window_search,p3_seeded,ASH_COATED_OSMIUM,917900,916300,917900,1,high,0.9519965663460344,0.999980924144636,3,3,0.3132709113073568,0.9370858193261928,time_bucket=late; side_regime=buy; confidence_bucket=high,219,16,ts_left_d3,flow,sparse,3
timestamp_window_search,p3_seeded,ASH_COATED_OSMIUM,917900,917900,919500,1,high,0.9519965663460344,0.999980924144636,3,3,0.3132709113073568,0.9370858193261928,time_bucket=late; side_regime=buy; confidence_bucket=high,220,16,ts_right_d3,flow,sparse,3
timestamp_window_search,p3_seeded,ASH_COATED_OSMIUM,917900,916300,919500,1,high,0.9519965663460344,0.999980924144636,3,3,0.3132709113073568,0.9370858193261928,time_bucket=late; side_regime=buy; confidence_bucket=high,218,16,ts_wide_d4,full,medium,4
timestamp_window_search,p3_seeded,ASH_COATED_OSMIUM,62000,61200,62800,1,high,0.9519965324226825,0.9999807356815688,3,3,0.3132709113073568,0.9370858193261928,time_bucket=early; side_regime=buy; confidence_bucket=high,222,17,ts_core_d3,core,sparse,3
timestamp_window_search,p3_seeded,ASH_COATED_OSMIUM,62000,60800,63200,1,high,0.9519965324226825,0.9999807356815688,3,3,0.3132709113073568,0.9370858193261928,time_bucket=early; side_regime=buy; confidence_bucket=high,227,17,ts_dense_d4,structure,dense,4
timestamp_window_search,p3_seeded,ASH_COATED_OSMIUM,62000,61200,62800,1,high,0.9519965324226825,0.9999807356815688,3,3,0.3132709113073568,0.9370858193261928,time_bucket=early; side_regime=buy; confidence_bucket=high,223,17,ts_full_d4,full,medium,4
timestamp_window_search,p3_seeded,ASH_COATED_OSMIUM,62000,60400,62000,1,high,0.9519965324226825,0.9999807356815688,3,3,0.3132709113073568,0.9370858193261928,time_bucket=early; side_regime=buy; confidence_bucket=high,225,17,ts_left_d3,flow,sparse,3
timestamp_window_search,p3_seeded,ASH_COATED_OSMIUM,62000,62000,63600,1,high,0.9519965324226825,0.9999807356815688,3,3,0.3132709113073568,0.9370858193261928,time_bucket=early; side_regime=buy; confidence_bucket=high,226,17,ts_right_d3,flow,sparse,3
timestamp_window_search,p3_seeded,ASH_COATED_OSMIUM,62000,60400,63600,1,high,0.9519965324226825,0.9999807356815688,3,3,0.3132709113073568,0.9370858193261928,time_bucket=early; side_regime=buy; confidence_bucket=high,224,17,ts_wide_d4,full,medium,4
timestamp_window_search,p3_seeded,ASH_COATED_OSMIUM,9600,8800,10400,1,high,0.9519965212280062,0.999980673488923,3,3,0.3132709113073568,0.9370858193261928,time_bucket=early; side_regime=sell; confidence_bucket=high,228,18,ts_core_d3,core,sparse,3
timestamp_window_search,p3_seeded,ASH_COATED_OSMIUM,9600,8400,10800,1,high,0.9519965212280062,0.999980673488923,3,3,0.3132709113073568,0.9370858193261928,time_bucket=early; side_regime=sell; confidence_bucket=high,233,18,ts_dense_d4,structure,dense,4
timestamp_window_search,p3_seeded,ASH_COATED_OSMIUM,9600,8800,10400,1,high,0.9519965212280062,0.999980673488923,3,3,0.3132709113073568,0.9370858193261928,time_bucket=early; side_regime=sell; confidence_bucket=high,229,18,ts_full_d4,full,medium,4
timestamp_window_search,p3_seeded,ASH_COATED_OSMIUM,9600,8000,9600,1,high,0.9519965212280062,0.999980673488923,3,3,0.3132709113073568,0.9370858193261928,time_bucket=early; side_regime=sell; confidence_bucket=high,231,18,ts_left_d3,flow,sparse,3
timestamp_window_search,p3_seeded,ASH_COATED_OSMIUM,9600,9600,11200,1,high,0.9519965212280062,0.999980673488923,3,3,0.3132709113073568,0.9370858193261928,time_bucket=early; side_regime=sell; confidence_bucket=high,232,18,ts_right_d3,flow,sparse,3
timestamp_window_search,p3_seeded,ASH_COATED_OSMIUM,9600,8000,11200,1,high,0.9519965212280062,0.999980673488923,3,3,0.3132709113073568,0.9370858193261928,time_bucket=early; side_regime=sell; confidence_bucket=high,230,18,ts_wide_d4,full,medium,4
timestamp_window_search,p3_seeded,ASH_COATED_OSMIUM,24600,23800,25400,1,high,0.9519959395136685,0.9999774417426028,3,3,0.3132709113073568,0.9370858193261928,time_bucket=early; side_regime=sell; confidence_bucket=high,234,19,ts_core_d3,core,sparse,3
timestamp_window_search,p3_seeded,ASH_COATED_OSMIUM,24600,23400,25800,1,high,0.9519959395136685,0.9999774417426028,3,3,0.3132709113073568,0.9370858193261928,time_bucket=early; side_regime=sell; confidence_bucket=high,239,19,ts_dense_d4,structure,dense,4
timestamp_window_search,p3_seeded,ASH_COATED_OSMIUM,24600,23800,25400,1,high,0.9519959395136685,0.9999774417426028,3,3,0.3132709113073568,0.9370858193261928,time_bucket=early; side_regime=sell; confidence_bucket=high,235,19,ts_full_d4,full,medium,4
timestamp_window_search,p3_seeded,ASH_COATED_OSMIUM,24600,23000,24600,1,high,0.9519959395136685,0.9999774417426028,3,3,0.3132709113073568,0.9370858193261928,time_bucket=early; side_regime=sell; confidence_bucket=high,237,19,ts_left_d3,flow,sparse,3
timestamp_window_search,p3_seeded,ASH_COATED_OSMIUM,24600,24600,26200,1,high,0.9519959395136685,0.9999774417426028,3,3,0.3132709113073568,0.9370858193261928,time_bucket=early; side_regime=sell; confidence_bucket=high,238,19,ts_right_d3,flow,sparse,3
timestamp_window_search,p3_seeded,ASH_COATED_OSMIUM,24600,23000,26200,1,high,0.9519959395136685,0.9999774417426028,3,3,0.3132709113073568,0.9370858193261928,time_bucket=early; side_regime=sell; confidence_bucket=high,236,19,ts_wide_d4,full,medium,4
regime_rule_search,p3_seeded,INTARIAN_PEPPER_ROOT,-1,-1,-1,1,high,0.7499838885849696,0.9999641968554878,3,6,0.3700421676904084,0.9538311326327537,time_bucket=early; side_regime=mixed; confidence_bucket=high; timestamps=1,240,78,reg_core_d3,core,sparse,3
regime_rule_search,p3_seeded,INTARIAN_PEPPER_ROOT,-1,-1,-1,1,high,0.7499838885849696,0.9999641968554878,3,6,0.3700421676904084,0.9538311326327537,time_bucket=early; side_regime=mixed; confidence_bucket=high; timestamps=1,245,78,reg_core_d4,core,medium,4
regime_rule_search,p3_seeded,INTARIAN_PEPPER_ROOT,-1,-1,-1,1,high,0.7499838885849696,0.9999641968554878,3,6,0.3700421676904084,0.9538311326327537,time_bucket=early; side_regime=mixed; confidence_bucket=high; timestamps=1,242,78,reg_dense_d4,full,dense,4
regime_rule_search,p3_seeded,INTARIAN_PEPPER_ROOT,-1,-1,-1,1,high,0.7499838885849696,0.9999641968554878,3,6,0.3700421676904084,0.9538311326327537,time_bucket=early; side_regime=mixed; confidence_bucket=high; timestamps=1,243,78,reg_flow_d4,flow,medium,4
regime_rule_search,p3_seeded,INTARIAN_PEPPER_ROOT,-1,-1,-1,1,high,0.7499838885849696,0.9999641968554878,3,6,0.3700421676904084,0.9538311326327537,time_bucket=early; side_regime=mixed; confidence_bucket=high; timestamps=1,241,78,reg_full_d4,full,medium,4
regime_rule_search,p3_seeded,INTARIAN_PEPPER_ROOT,-1,-1,-1,1,high,0.7499838885849696,0.9999641968554878,3,6,0.3700421676904084,0.9538311326327537,time_bucket=early; side_regime=mixed; confidence_bucket=high; timestamps=1,244,78,reg_structure_d4,structure,medium,4
regime_rule_search,p3_seeded,INTARIAN_PEPPER_ROOT,-1,-1,-1,1,high,0.7032194170116859,0.8779272068858718,3,3,0.3700421676904084,0.9538311326327537,time_bucket=early; side_regime=buy; confidence_bucket=high; timestamps=46,246,79,reg_core_d3,core,sparse,3
regime_rule_search,p3_seeded,INTARIAN_PEPPER_ROOT,-1,-1,-1,1,high,0.7032194170116859,0.8779272068858718,3,3,0.3700421676904084,0.9538311326327537,time_bucket=early; side_regime=buy; confidence_bucket=high; timestamps=46,251,79,reg_core_d4,core,medium,4
regime_rule_search,p3_seeded,INTARIAN_PEPPER_ROOT,-1,-1,-1,1,high,0.7032194170116859,0.8779272068858718,3,3,0.3700421676904084,0.9538311326327537,time_bucket=early; side_regime=buy; confidence_bucket=high; timestamps=46,248,79,reg_dense_d4,full,dense,4
regime_rule_search,p3_seeded,INTARIAN_PEPPER_ROOT,-1,-1,-1,1,high,0.7032194170116859,0.8779272068858718,3,3,0.3700421676904084,0.9538311326327537,time_bucket=early; side_regime=buy; confidence_bucket=high; timestamps=46,249,79,reg_flow_d4,flow,medium,4
regime_rule_search,p3_seeded,INTARIAN_PEPPER_ROOT,-1,-1,-1,1,high,0.7032194170116859,0.8779272068858718,3,3,0.3700421676904084,0.9538311326327537,time_bucket=early; side_regime=buy; confidence_bucket=high; timestamps=46,247,79,reg_full_d4,full,medium,4
regime_rule_search,p3_seeded,INTARIAN_PEPPER_ROOT,-1,-1,-1,1,high,0.7032194170116859,0.8779272068858718,3,3,0.3700421676904084,0.9538311326327537,time_bucket=early; side_regime=buy; confidence_bucket=high; timestamps=46,250,79,reg_structure_d4,structure,medium,4
regime_rule_search,p3_seeded,INTARIAN_PEPPER_ROOT,-1,-1,-1,1,high,0.6683099305622686,0.9240220679161524,3,3,0.3700421676904084,0.9538311326327537,time_bucket=early; side_regime=buy; confidence_bucket=medium; timestamps=6,252,80,reg_core_d3,core,sparse,3
regime_rule_search,p3_seeded,INTARIAN_PEPPER_ROOT,-1,-1,-1,1,high,0.6683099305622686,0.9240220679161524,3,3,0.3700421676904084,0.9538311326327537,time_bucket=early; side_regime=buy; confidence_bucket=medium; timestamps=6,257,80,reg_core_d4,core,medium,4
regime_rule_search,p3_seeded,INTARIAN_PEPPER_ROOT,-1,-1,-1,1,high,0.6683099305622686,0.9240220679161524,3,3,0.3700421676904084,0.9538311326327537,time_bucket=early; side_regime=buy; confidence_bucket=medium; timestamps=6,254,80,reg_dense_d4,full,dense,4
regime_rule_search,p3_seeded,INTARIAN_PEPPER_ROOT,-1,-1,-1,1,high,0.6683099305622686,0.9240220679161524,3,3,0.3700421676904084,0.9538311326327537,time_bucket=early; side_regime=buy; confidence_bucket=medium; timestamps=6,255,80,reg_flow_d4,flow,medium,4
regime_rule_search,p3_seeded,INTARIAN_PEPPER_ROOT,-1,-1,-1,1,high,0.6683099305622686,0.9240220679161524,3,3,0.3700421676904084,0.9538311326327537,time_bucket=early; side_regime=buy; confidence_bucket=medium; timestamps=6,253,80,reg_full_d4,full,medium,4
regime_rule_search,p3_seeded,INTARIAN_PEPPER_ROOT,-1,-1,-1,1,high,0.6683099305622686,0.9240220679161524,3,3,0.3700421676904084,0.9538311326327537,time_bucket=early; side_regime=buy; confidence_bucket=medium; timestamps=6,256,80,reg_structure_d4,structure,medium,4
regime_rule_search,p3_seeded,INTARIAN_PEPPER_ROOT,-1,-1,-1,1,high,0.6569290758764751,0.8296098326970767,2,2,0.3700421676904084,0.9538311326327537,time_bucket=early; side_regime=sell; confidence_bucket=high; timestamps=43,258,81,reg_core_d3,core,sparse,3
regime_rule_search,p3_seeded,INTARIAN_PEPPER_ROOT,-1,-1,-1,1,high,0.6569290758764751,0.8296098326970767,2,2,0.3700421676904084,0.9538311326327537,time_bucket=early; side_regime=sell; confidence_bucket=high; timestamps=43,263,81,reg_core_d4,core,medium,4
regime_rule_search,p3_seeded,INTARIAN_PEPPER_ROOT,-1,-1,-1,1,high,0.6569290758764751,0.8296098326970767,2,2,0.3700421676904084,0.9538311326327537,time_bucket=early; side_regime=sell; confidence_bucket=high; timestamps=43,260,81,reg_dense_d4,full,dense,4
regime_rule_search,p3_seeded,INTARIAN_PEPPER_ROOT,-1,-1,-1,1,high,0.6569290758764751,0.8296098326970767,2,2,0.3700421676904084,0.9538311326327537,time_bucket=early; side_regime=sell; confidence_bucket=high; timestamps=43,261,81,reg_flow_d4,flow,medium,4
regime_rule_search,p3_seeded,INTARIAN_PEPPER_ROOT,-1,-1,-1,1,high,0.6569290758764751,0.8296098326970767,2,2,0.3700421676904084,0.9538311326327537,time_bucket=early; side_regime=sell; confidence_bucket=high; timestamps=43,259,81,reg_full_d4,full,medium,4
regime_rule_search,p3_seeded,INTARIAN_PEPPER_ROOT,-1,-1,-1,1,high,0.6569290758764751,0.8296098326970767,2,2,0.3700421676904084,0.9538311326327537,time_bucket=early; side_regime=sell; confidence_bucket=high; timestamps=43,262,81,reg_structure_d4,structure,medium,4
regime_rule_search,p3_seeded,INTARIAN_PEPPER_ROOT,-1,-1,-1,1,high,0.6369194775097223,0.8764877277993829,3,3,0.3700421676904084,0.9538311326327537,time_bucket=early; side_regime=sell; confidence_bucket=low; timestamps=2,264,82,reg_core_d3,core,sparse,3
regime_rule_search,p3_seeded,INTARIAN_PEPPER_ROOT,-1,-1,-1,1,high,0.6369194775097223,0.8764877277993829,3,3,0.3700421676904084,0.9538311326327537,time_bucket=early; side_regime=sell; confidence_bucket=low; timestamps=2,269,82,reg_core_d4,core,medium,4
regime_rule_search,p3_seeded,INTARIAN_PEPPER_ROOT,-1,-1,-1,1,high,0.6369194775097223,0.8764877277993829,3,3,0.3700421676904084,0.9538311326327537,time_bucket=early; side_regime=sell; confidence_bucket=low; timestamps=2,266,82,reg_dense_d4,full,dense,4
regime_rule_search,p3_seeded,INTARIAN_PEPPER_ROOT,-1,-1,-1,1,high,0.6369194775097223,0.8764877277993829,3,3,0.3700421676904084,0.9538311326327537,time_bucket=early; side_regime=sell; confidence_bucket=low; timestamps=2,267,82,reg_flow_d4,flow,medium,4
regime_rule_search,p3_seeded,INTARIAN_PEPPER_ROOT,-1,-1,-1,1,high,0.6369194775097223,0.8764877277993829,3,3,0.3700421676904084,0.9538311326327537,time_bucket=early; side_regime=sell; confidence_bucket=low; timestamps=2,265,82,reg_full_d4,full,medium,4
regime_rule_search,p3_seeded,INTARIAN_PEPPER_ROOT,-1,-1,-1,1,high,0.6369194775097223,0.8764877277993829,3,3,0.3700421676904084,0.9538311326327537,time_bucket=early; side_regime=sell; confidence_bucket=low; timestamps=2,268,82,reg_structure_d4,structure,medium,4
regime_rule_search,p3_seeded,INTARIAN_PEPPER_ROOT,-1,-1,-1,1,high,0.6367369944430116,0.6640360052528972,2,2,0.3700421676904084,0.9538311326327537,time_bucket=late; side_regime=sell; confidence_bucket=high; timestamps=101,270,83,reg_core_d3,core,sparse,3
regime_rule_search,p3_seeded,INTARIAN_PEPPER_ROOT,-1,-1,-1,1,high,0.6367369944430116,0.6640360052528972,2,2,0.3700421676904084,0.9538311326327537,time_bucket=late; side_regime=sell; confidence_bucket=high; timestamps=101,275,83,reg_core_d4,core,medium,4
regime_rule_search,p3_seeded,INTARIAN_PEPPER_ROOT,-1,-1,-1,1,high,0.6367369944430116,0.6640360052528972,2,2,0.3700421676904084,0.9538311326327537,time_bucket=late; side_regime=sell; confidence_bucket=high; timestamps=101,272,83,reg_dense_d4,full,dense,4
regime_rule_search,p3_seeded,INTARIAN_PEPPER_ROOT,-1,-1,-1,1,high,0.6367369944430116,0.6640360052528972,2,2,0.3700421676904084,0.9538311326327537,time_bucket=late; side_regime=sell; confidence_bucket=high; timestamps=101,273,83,reg_flow_d4,flow,medium,4
regime_rule_search,p3_seeded,INTARIAN_PEPPER_ROOT,-1,-1,-1,1,high,0.6367369944430116,0.6640360052528972,2,2,0.3700421676904084,0.9538311326327537,time_bucket=late; side_regime=sell; confidence_bucket=high; timestamps=101,271,83,reg_full_d4,full,medium,4
regime_rule_search,p3_seeded,INTARIAN_PEPPER_ROOT,-1,-1,-1,1,high,0.6367369944430116,0.6640360052528972,2,2,0.3700421676904084,0.9538311326327537,time_bucket=late; side_regime=sell; confidence_bucket=high; timestamps=101,274,83,reg_structure_d4,structure,medium,4
regime_rule_search,p3_seeded,ASH_COATED_OSMIUM,-1,-1,-1,1,high,0.6351662457881699,0.7448138795292665,3,5,0.3132709113073568,0.9370858193261928,time_bucket=mid; side_regime=mixed; confidence_bucket=high; timestamps=1,276,64,reg_core_d3,core,sparse,3
regime_rule_search,p3_seeded,ASH_COATED_OSMIUM,-1,-1,-1,1,high,0.6351662457881699,0.7448138795292665,3,5,0.3132709113073568,0.9370858193261928,time_bucket=mid; side_regime=mixed; confidence_bucket=high; timestamps=1,281,64,reg_core_d4,core,medium,4
regime_rule_search,p3_seeded,ASH_COATED_OSMIUM,-1,-1,-1,1,high,0.6351662457881699,0.7448138795292665,3,5,0.3132709113073568,0.9370858193261928,time_bucket=mid; side_regime=mixed; confidence_bucket=high; timestamps=1,278,64,reg_dense_d4,full,dense,4
regime_rule_search,p3_seeded,ASH_COATED_OSMIUM,-1,-1,-1,1,high,0.6351662457881699,0.7448138795292665,3,5,0.3132709113073568,0.9370858193261928,time_bucket=mid; side_regime=mixed; confidence_bucket=high; timestamps=1,279,64,reg_flow_d4,flow,medium,4
regime_rule_search,p3_seeded,ASH_COATED_OSMIUM,-1,-1,-1,1,high,0.6351662457881699,0.7448138795292665,3,5,0.3132709113073568,0.9370858193261928,time_bucket=mid; side_regime=mixed; confidence_bucket=high; timestamps=1,277,64,reg_full_d4,full,medium,4
regime_rule_search,p3_seeded,ASH_COATED_OSMIUM,-1,-1,-1,1,high,0.6351662457881699,0.7448138795292665,3,5,0.3132709113073568,0.9370858193261928,time_bucket=mid; side_regime=mixed; confidence_bucket=high; timestamps=1,280,64,reg_structure_d4,structure,medium,4
regime_rule_search,p3_seeded,ASH_COATED_OSMIUM,-1,-1,-1,1,high,0.6004125770185783,0.7259867353027535,2,2,0.3132709113073568,0.9370858193261928,time_bucket=early; side_regime=sell; confidence_bucket=high; timestamps=87,282,65,reg_core_d3,core,sparse,3
regime_rule_search,p3_seeded,ASH_COATED_OSMIUM,-1,-1,-1,1,high,0.6004125770185783,0.7259867353027535,2,2,0.3132709113073568,0.9370858193261928,time_bucket=early; side_regime=sell; confidence_bucket=high; timestamps=87,287,65,reg_core_d4,core,medium,4
regime_rule_search,p3_seeded,ASH_COATED_OSMIUM,-1,-1,-1,1,high,0.6004125770185783,0.7259867353027535,2,2,0.3132709113073568,0.9370858193261928,time_bucket=early; side_regime=sell; confidence_bucket=high; timestamps=87,284,65,reg_dense_d4,full,dense,4
regime_rule_search,p3_seeded,ASH_COATED_OSMIUM,-1,-1,-1,1,high,0.6004125770185783,0.7259867353027535,2,2,0.3132709113073568,0.9370858193261928,time_bucket=early; side_regime=sell; confidence_bucket=high; timestamps=87,285,65,reg_flow_d4,flow,medium,4
regime_rule_search,p3_seeded,ASH_COATED_OSMIUM,-1,-1,-1,1,high,0.6004125770185783,0.7259867353027535,2,2,0.3132709113073568,0.9370858193261928,time_bucket=early; side_regime=sell; confidence_bucket=high; timestamps=87,283,65,reg_full_d4,full,medium,4
regime_rule_search,p3_seeded,ASH_COATED_OSMIUM,-1,-1,-1,1,high,0.6004125770185783,0.7259867353027535,2,2,0.3132709113073568,0.9370858193261928,time_bucket=early; side_regime=sell; confidence_bucket=high; timestamps=87,286,65,reg_structure_d4,structure,medium,4
regime_rule_search,p3_seeded,INTARIAN_PEPPER_ROOT,-1,-1,-1,1,high,0.5988878101612282,0.6439823677341712,2,2,0.3700421676904084,0.9538311326327537,time_bucket=late; side_regime=buy; confidence_bucket=high; timestamps=94,288,84,reg_core_d3,core,sparse,3
regime_rule_search,p3_seeded,INTARIAN_PEPPER_ROOT,-1,-1,-1,1,high,0.5988878101612282,0.6439823677341712,2,2,0.3700421676904084,0.9538311326327537,time_bucket=late; side_regime=buy; confidence_bucket=high; timestamps=94,293,84,reg_core_d4,core,medium,4
regime_rule_search,p3_seeded,INTARIAN_PEPPER_ROOT,-1,-1,-1,1,high,0.5988878101612282,0.6439823677341712,2,2,0.3700421676904084,0.9538311326327537,time_bucket=late; side_regime=buy; confidence_bucket=high; timestamps=94,290,84,reg_dense_d4,full,dense,4
regime_rule_search,p3_seeded,INTARIAN_PEPPER_ROOT,-1,-1,-1,1,high,0.5988878101612282,0.6439823677341712,2,2,0.3700421676904084,0.9538311326327537,time_bucket=late; side_regime=buy; confidence_bucket=high; timestamps=94,291,84,reg_flow_d4,flow,medium,4
regime_rule_search,p3_seeded,INTARIAN_PEPPER_ROOT,-1,-1,-1,1,high,0.5988878101612282,0.6439823677341712,2,2,0.3700421676904084,0.9538311326327537,time_bucket=late; side_regime=buy; confidence_bucket=high; timestamps=94,289,84,reg_full_d4,full,medium,4
regime_rule_search,p3_seeded,INTARIAN_PEPPER_ROOT,-1,-1,-1,1,high,0.5988878101612282,0.6439823677341712,2,2,0.3700421676904084,0.9538311326327537,time_bucket=late; side_regime=buy; confidence_bucket=high; timestamps=94,292,84,reg_structure_d4,structure,medium,4
regime_rule_search,p3_seeded,ASH_COATED_OSMIUM,-1,-1,-1,1,high,0.5969077138171675,0.7225087962610703,2,2,0.3132709113073568,0.9370858193261928,time_bucket=early; side_regime=buy; confidence_bucket=high; timestamps=86,294,66,reg_core_d3,core,sparse,3
regime_rule_search,p3_seeded,ASH_COATED_OSMIUM,-1,-1,-1,1,high,0.5969077138171675,0.7225087962610703,2,2,0.3132709113073568,0.9370858193261928,time_bucket=early; side_regime=buy; confidence_bucket=high; timestamps=86,299,66,reg_core_d4,core,medium,4
regime_rule_search,p3_seeded,ASH_COATED_OSMIUM,-1,-1,-1,1,high,0.5969077138171675,0.7225087962610703,2,2,0.3132709113073568,0.9370858193261928,time_bucket=early; side_regime=buy; confidence_bucket=high; timestamps=86,296,66,reg_dense_d4,full,dense,4
regime_rule_search,p3_seeded,ASH_COATED_OSMIUM,-1,-1,-1,1,high,0.5969077138171675,0.7225087962610703,2,2,0.3132709113073568,0.9370858193261928,time_bucket=early; side_regime=buy; confidence_bucket=high; timestamps=86,297,66,reg_flow_d4,flow,medium,4
regime_rule_search,p3_seeded,ASH_COATED_OSMIUM,-1,-1,-1,1,high,0.5969077138171675,0.7225087962610703,2,2,0.3132709113073568,0.9370858193261928,time_bucket=early; side_regime=buy; confidence_bucket=high; timestamps=86,295,66,reg_full_d4,full,medium,4
regime_rule_search,p3_seeded,ASH_COATED_OSMIUM,-1,-1,-1,1,high,0.5969077138171675,0.7225087962610703,2,2,0.3132709113073568,0.9370858193261928,time_bucket=early; side_regime=buy; confidence_bucket=high; timestamps=86,298,66,reg_structure_d4,structure,medium,4
regime_rule_search,p3_seeded,ASH_COATED_OSMIUM,-1,-1,-1,1,high,0.5960587497368842,0.8224895806632129,3,3,0.3132709113073568,0.9370858193261928,time_bucket=early; side_regime=sell; confidence_bucket=medium; timestamps=18,300,67,reg_core_d3,core,sparse,3
regime_rule_search,p3_seeded,ASH_COATED_OSMIUM,-1,-1,-1,1,high,0.5960587497368842,0.8224895806632129,3,3,0.3132709113073568,0.9370858193261928,time_bucket=early; side_regime=sell; confidence_bucket=medium; timestamps=18,305,67,reg_core_d4,core,medium,4
regime_rule_search,p3_seeded,ASH_COATED_OSMIUM,-1,-1,-1,1,high,0.5960587497368842,0.8224895806632129,3,3,0.3132709113073568,0.9370858193261928,time_bucket=early; side_regime=sell; confidence_bucket=medium; timestamps=18,302,67,reg_dense_d4,full,dense,4
regime_rule_search,p3_seeded,ASH_COATED_OSMIUM,-1,-1,-1,1,high,0.5960587497368842,0.8224895806632129,3,3,0.3132709113073568,0.9370858193261928,time_bucket=early; side_regime=sell; confidence_bucket=medium; timestamps=18,303,67,reg_flow_d4,flow,medium,4
regime_rule_search,p3_seeded,ASH_COATED_OSMIUM,-1,-1,-1,1,high,0.5960587497368842,0.8224895806632129,3,3,0.3132709113073568,0.9370858193261928,time_bucket=early; side_regime=sell; confidence_bucket=medium; timestamps=18,301,67,reg_full_d4,full,medium,4
regime_rule_search,p3_seeded,ASH_COATED_OSMIUM,-1,-1,-1,1,high,0.5960587497368842,0.8224895806632129,3,3,0.3132709113073568,0.9370858193261928,time_bucket=early; side_regime=sell; confidence_bucket=medium; timestamps=18,304,67,reg_structure_d4,structure,medium,4
regime_rule_search,p3_seeded,ASH_COATED_OSMIUM,-1,-1,-1,1,high,0.5761875668119086,0.8074438421646017,2,2,0.3132709113073568,0.9370858193261928,time_bucket=early; side_regime=buy; confidence_bucket=medium; timestamps=16,306,68,reg_core_d3,core,sparse,3
regime_rule_search,p3_seeded,ASH_COATED_OSMIUM,-1,-1,-1,1,high,0.5761875668119086,0.8074438421646017,2,2,0.3132709113073568,0.9370858193261928,time_bucket=early; side_regime=buy; confidence_bucket=medium; timestamps=16,311,68,reg_core_d4,core,medium,4
regime_rule_search,p3_seeded,ASH_COATED_OSMIUM,-1,-1,-1,1,high,0.5761875668119086,0.8074438421646017,2,2,0.3132709113073568,0.9370858193261928,time_bucket=early; side_regime=buy; confidence_bucket=medium; timestamps=16,308,68,reg_dense_d4,full,dense,4
regime_rule_search,p3_seeded,ASH_COATED_OSMIUM,-1,-1,-1,1,high,0.5761875668119086,0.8074438421646017,2,2,0.3132709113073568,0.9370858193261928,time_bucket=early; side_regime=buy; confidence_bucket=medium; timestamps=16,309,68,reg_flow_d4,flow,medium,4
regime_rule_search,p3_seeded,ASH_COATED_OSMIUM,-1,-1,-1,1,high,0.5761875668119086,0.8074438421646017,2,2,0.3132709113073568,0.9370858193261928,time_bucket=early; side_regime=buy; confidence_bucket=medium; timestamps=16,307,68,reg_full_d4,full,medium,4
regime_rule_search,p3_seeded,ASH_COATED_OSMIUM,-1,-1,-1,1,high,0.5761875668119086,0.8074438421646017,2,2,0.3132709113073568,0.9370858193261928,time_bucket=early; side_regime=buy; confidence_bucket=medium; timestamps=16,310,68,reg_structure_d4,structure,medium,4
regime_rule_search,p3_seeded,ASH_COATED_OSMIUM,-1,-1,-1,1,high,0.5739955131057354,0.6681326161553323,2,2,0.3132709113073568,0.9370858193261928,time_bucket=mid; side_regime=sell; confidence_bucket=high; timestamps=108,312,69,reg_core_d3,core,sparse,3
regime_rule_search,p3_seeded,ASH_COATED_OSMIUM,-1,-1,-1,1,high,0.5739955131057354,0.6681326161553323,2,2,0.3132709113073568,0.9370858193261928,time_bucket=mid; side_regime=sell; confidence_bucket=high; timestamps=108,317,69,reg_core_d4,core,medium,4
regime_rule_search,p3_seeded,ASH_COATED_OSMIUM,-1,-1,-1,1,high,0.5739955131057354,0.6681326161553323,2,2,0.3132709113073568,0.9370858193261928,time_bucket=mid; side_regime=sell; confidence_bucket=high; timestamps=108,314,69,reg_dense_d4,full,dense,4
regime_rule_search,p3_seeded,ASH_COATED_OSMIUM,-1,-1,-1,1,high,0.5739955131057354,0.6681326161553323,2,2,0.3132709113073568,0.9370858193261928,time_bucket=mid; side_regime=sell; confidence_bucket=high; timestamps=108,315,69,reg_flow_d4,flow,medium,4
regime_rule_search,p3_seeded,ASH_COATED_OSMIUM,-1,-1,-1,1,high,0.5739955131057354,0.6681326161553323,2,2,0.3132709113073568,0.9370858193261928,time_bucket=mid; side_regime=sell; confidence_bucket=high; timestamps=108,313,69,reg_full_d4,full,medium,4
regime_rule_search,p3_seeded,ASH_COATED_OSMIUM,-1,-1,-1,1,high,0.5739955131057354,0.6681326161553323,2,2,0.3132709113073568,0.9370858193261928,time_bucket=mid; side_regime=sell; confidence_bucket=high; timestamps=108,316,69,reg_structure_d4,structure,medium,4
regime_rule_search,p3_seeded,ASH_COATED_OSMIUM,-1,-1,-1,1,high,0.5723522367309473,0.6845380825726441,2,2,0.3132709113073568,0.9370858193261928,time_bucket=mid; side_regime=buy; confidence_bucket=high; timestamps=95,318,70,reg_core_d3,core,sparse,3
regime_rule_search,p3_seeded,ASH_COATED_OSMIUM,-1,-1,-1,1,high,0.5723522367309473,0.6845380825726441,2,2,0.3132709113073568,0.9370858193261928,time_bucket=mid; side_regime=buy; confidence_bucket=high; timestamps=95,323,70,reg_core_d4,core,medium,4
regime_rule_search,p3_seeded,ASH_COATED_OSMIUM,-1,-1,-1,1,high,0.5723522367309473,0.6845380825726441,2,2,0.3132709113073568,0.9370858193261928,time_bucket=mid; side_regime=buy; confidence_bucket=high; timestamps=95,320,70,reg_dense_d4,full,dense,4
regime_rule_search,p3_seeded,ASH_COATED_OSMIUM,-1,-1,-1,1,high,0.5723522367309473,0.6845380825726441,2,2,0.3132709113073568,0.9370858193261928,time_bucket=mid; side_regime=buy; confidence_bucket=high; timestamps=95,321,70,reg_flow_d4,flow,medium,4
regime_rule_search,p3_seeded,ASH_COATED_OSMIUM,-1,-1,-1,1,high,0.5723522367309473,0.6845380825726441,2,2,0.3132709113073568,0.9370858193261928,time_bucket=mid; side_regime=buy; confidence_bucket=high; timestamps=95,319,70,reg_full_d4,full,medium,4
regime_rule_search,p3_seeded,ASH_COATED_OSMIUM,-1,-1,-1,1,high,0.5723522367309473,0.6845380825726441,2,2,0.3132709113073568,0.9370858193261928,time_bucket=mid; side_regime=buy; confidence_bucket=high; timestamps=95,322,70,reg_structure_d4,structure,medium,4
regime_rule_search,p3_seeded,ASH_COATED_OSMIUM,-1,-1,-1,1,high,0.5457408909858253,0.5498194296329303,1,1,0.3132709113073568,0.9370858193261928,time_bucket=late; side_regime=buy; confidence_bucket=high; timestamps=149,324,71,reg_core_d3,core,sparse,3
regime_rule_search,p3_seeded,ASH_COATED_OSMIUM,-1,-1,-1,1,high,0.5457408909858253,0.5498194296329303,1,1,0.3132709113073568,0.9370858193261928,time_bucket=late; side_regime=buy; confidence_bucket=high; timestamps=149,329,71,reg_core_d4,core,medium,4
regime_rule_search,p3_seeded,ASH_COATED_OSMIUM,-1,-1,-1,1,high,0.5457408909858253,0.5498194296329303,1,1,0.3132709113073568,0.9370858193261928,time_bucket=late; side_regime=buy; confidence_bucket=high; timestamps=149,326,71,reg_dense_d4,full,dense,4
regime_rule_search,p3_seeded,ASH_COATED_OSMIUM,-1,-1,-1,1,high,0.5457408909858253,0.5498194296329303,1,1,0.3132709113073568,0.9370858193261928,time_bucket=late; side_regime=buy; confidence_bucket=high; timestamps=149,327,71,reg_flow_d4,flow,medium,4
regime_rule_search,p3_seeded,ASH_COATED_OSMIUM,-1,-1,-1,1,high,0.5457408909858253,0.5498194296329303,1,1,0.3132709113073568,0.9370858193261928,time_bucket=late; side_regime=buy; confidence_bucket=high; timestamps=149,325,71,reg_full_d4,full,medium,4
regime_rule_search,p3_seeded,ASH_COATED_OSMIUM,-1,-1,-1,1,high,0.5457408909858253,0.5498194296329303,1,1,0.3132709113073568,0.9370858193261928,time_bucket=late; side_regime=buy; confidence_bucket=high; timestamps=149,328,71,reg_structure_d4,structure,medium,4
timestamp_window_search,no_prior,INTARIAN_PEPPER_ROOT,35700,34900,36500,1,medium,0.9999641968554878,0.9998010936415992,3,6,0.3700421676904084,0.9538311326327537,time_bucket=early; side_regime=mixed; confidence_bucket=high,330,52,ts_core_d3,core,sparse,3
timestamp_window_search,no_prior,INTARIAN_PEPPER_ROOT,35700,34500,36900,1,medium,0.9999641968554878,0.9998010936415992,3,6,0.3700421676904084,0.9538311326327537,time_bucket=early; side_regime=mixed; confidence_bucket=high,335,52,ts_dense_d4,structure,dense,4
timestamp_window_search,no_prior,INTARIAN_PEPPER_ROOT,35700,34900,36500,1,medium,0.9999641968554878,0.9998010936415992,3,6,0.3700421676904084,0.9538311326327537,time_bucket=early; side_regime=mixed; confidence_bucket=high,331,52,ts_full_d4,full,medium,4
timestamp_window_search,no_prior,INTARIAN_PEPPER_ROOT,35700,34100,35700,1,medium,0.9999641968554878,0.9998010936415992,3,6,0.3700421676904084,0.9538311326327537,time_bucket=early; side_regime=mixed; confidence_bucket=high,333,52,ts_left_d3,flow,sparse,3
timestamp_window_search,no_prior,INTARIAN_PEPPER_ROOT,35700,35700,37300,1,medium,0.9999641968554878,0.9998010936415992,3,6,0.3700421676904084,0.9538311326327537,time_bucket=early; side_regime=mixed; confidence_bucket=high,334,52,ts_right_d3,flow,sparse,3
timestamp_window_search,no_prior,INTARIAN_PEPPER_ROOT,35700,34100,37300,1,medium,0.9999641968554878,0.9998010936415992,3,6,0.3700421676904084,0.9538311326327537,time_bucket=early; side_regime=mixed; confidence_bucket=high,332,52,ts_wide_d4,full,medium,4
timestamp_window_search,no_prior,ASH_COATED_OSMIUM,15100,14300,15900,1,medium,0.9921499531475424,0.9563886285974584,3,6,0.3132709113073568,0.9370858193261928,time_bucket=early; side_regime=buy; confidence_bucket=high,336,20,ts_core_d3,core,sparse,3
timestamp_window_search,drift_search,ASH_COATED_OSMIUM,15100,14300,15900,1,medium,0.9921499531475424,0.9563886285974584,3,6,0.3132709113073568,0.9370858193261928,time_bucket=early; side_regime=buy; confidence_bucket=high,342,28,ts_core_d3,core,sparse,3
timestamp_window_search,no_prior,ASH_COATED_OSMIUM,15100,13900,16300,1,medium,0.9921499531475424,0.9563886285974584,3,6,0.3132709113073568,0.9370858193261928,time_bucket=early; side_regime=buy; confidence_bucket=high,341,20,ts_dense_d4,structure,dense,4
timestamp_window_search,drift_search,ASH_COATED_OSMIUM,15100,13900,16300,1,medium,0.9921499531475424,0.9563886285974584,3,6,0.3132709113073568,0.9370858193261928,time_bucket=early; side_regime=buy; confidence_bucket=high,347,28,ts_dense_d4,structure,dense,4
timestamp_window_search,no_prior,ASH_COATED_OSMIUM,15100,14300,15900,1,medium,0.9921499531475424,0.9563886285974584,3,6,0.3132709113073568,0.9370858193261928,time_bucket=early; side_regime=buy; confidence_bucket=high,337,20,ts_full_d4,full,medium,4
timestamp_window_search,drift_search,ASH_COATED_OSMIUM,15100,14300,15900,1,medium,0.9921499531475424,0.9563886285974584,3,6,0.3132709113073568,0.9370858193261928,time_bucket=early; side_regime=buy; confidence_bucket=high,343,28,ts_full_d4,full,medium,4
timestamp_window_search,no_prior,ASH_COATED_OSMIUM,15100,13500,15100,1,medium,0.9921499531475424,0.9563886285974584,3,6,0.3132709113073568,0.9370858193261928,time_bucket=early; side_regime=buy; confidence_bucket=high,339,20,ts_left_d3,flow,sparse,3
timestamp_window_search,drift_search,ASH_COATED_OSMIUM,15100,13500,15100,1,medium,0.9921499531475424,0.9563886285974584,3,6,0.3132709113073568,0.9370858193261928,time_bucket=early; side_regime=buy; confidence_bucket=high,345,28,ts_left_d3,flow,sparse,3
timestamp_window_search,no_prior,ASH_COATED_OSMIUM,15100,15100,16700,1,medium,0.9921499531475424,0.9563886285974584,3,6,0.3132709113073568,0.9370858193261928,time_bucket=early; side_regime=buy; confidence_bucket=high,340,20,ts_right_d3,flow,sparse,3
timestamp_window_search,drift_search,ASH_COATED_OSMIUM,15100,15100,16700,1,medium,0.9921499531475424,0.9563886285974584,3,6,0.3132709113073568,0.9370858193261928,time_bucket=early; side_regime=buy; confidence_bucket=high,346,28,ts_right_d3,flow,sparse,3
timestamp_window_search,no_prior,ASH_COATED_OSMIUM,15100,13500,16700,1,medium,0.9921499531475424,0.9563886285974584,3,6,0.3132709113073568,0.9370858193261928,time_bucket=early; side_regime=buy; confidence_bucket=high,338,20,ts_wide_d4,full,medium,4
timestamp_window_search,drift_search,ASH_COATED_OSMIUM,15100,13500,16700,1,medium,0.9921499531475424,0.9563886285974584,3,6,0.3132709113073568,0.9370858193261928,time_bucket=early; side_regime=buy; confidence_bucket=high,344,28,ts_wide_d4,full,medium,4
timestamp_window_search,no_prior,INTARIAN_PEPPER_ROOT,775500,774700,776300,1,medium,0.9519999763027914,0.999999868348841,3,3,0.3700421676904084,0.9538311326327537,time_bucket=late; side_regime=sell; confidence_bucket=high,348,53,ts_core_d3,core,sparse,3
timestamp_window_search,no_prior,INTARIAN_PEPPER_ROOT,775500,774300,776700,1,medium,0.9519999763027914,0.999999868348841,3,3,0.3700421676904084,0.9538311326327537,time_bucket=late; side_regime=sell; confidence_bucket=high,353,53,ts_dense_d4,structure,dense,4
timestamp_window_search,no_prior,INTARIAN_PEPPER_ROOT,775500,774700,776300,1,medium,0.9519999763027914,0.999999868348841,3,3,0.3700421676904084,0.9538311326327537,time_bucket=late; side_regime=sell; confidence_bucket=high,349,53,ts_full_d4,full,medium,4
timestamp_window_search,no_prior,INTARIAN_PEPPER_ROOT,775500,773900,775500,1,medium,0.9519999763027914,0.999999868348841,3,3,0.3700421676904084,0.9538311326327537,time_bucket=late; side_regime=sell; confidence_bucket=high,351,53,ts_left_d3,flow,sparse,3
timestamp_window_search,no_prior,INTARIAN_PEPPER_ROOT,775500,775500,777100,1,medium,0.9519999763027914,0.999999868348841,3,3,0.3700421676904084,0.9538311326327537,time_bucket=late; side_regime=sell; confidence_bucket=high,352,53,ts_right_d3,flow,sparse,3
timestamp_window_search,no_prior,INTARIAN_PEPPER_ROOT,775500,773900,777100,1,medium,0.9519999763027914,0.999999868348841,3,3,0.3700421676904084,0.9538311326327537,time_bucket=late; side_regime=sell; confidence_bucket=high,350,53,ts_wide_d4,full,medium,4
timestamp_window_search,no_prior,ASH_COATED_OSMIUM,923800,923000,924600,1,medium,0.9519999058130312,0.999999476739062,3,3,0.3132709113073568,0.9370858193261928,time_bucket=late; side_regime=sell; confidence_bucket=high,354,21,ts_core_d3,core,sparse,3
timestamp_window_search,no_prior,ASH_COATED_OSMIUM,923800,922600,925000,1,medium,0.9519999058130312,0.999999476739062,3,3,0.3132709113073568,0.9370858193261928,time_bucket=late; side_regime=sell; confidence_bucket=high,359,21,ts_dense_d4,structure,dense,4
timestamp_window_search,no_prior,ASH_COATED_OSMIUM,923800,923000,924600,1,medium,0.9519999058130312,0.999999476739062,3,3,0.3132709113073568,0.9370858193261928,time_bucket=late; side_regime=sell; confidence_bucket=high,355,21,ts_full_d4,full,medium,4
timestamp_window_search,no_prior,ASH_COATED_OSMIUM,923800,922200,923800,1,medium,0.9519999058130312,0.999999476739062,3,3,0.3132709113073568,0.9370858193261928,time_bucket=late; side_regime=sell; confidence_bucket=high,357,21,ts_left_d3,flow,sparse,3
timestamp_window_search,no_prior,ASH_COATED_OSMIUM,923800,923800,925400,1,medium,0.9519999058130312,0.999999476739062,3,3,0.3132709113073568,0.9370858193261928,time_bucket=late; side_regime=sell; confidence_bucket=high,358,21,ts_right_d3,flow,sparse,3
timestamp_window_search,no_prior,ASH_COATED_OSMIUM,923800,922200,925400,1,medium,0.9519999058130312,0.999999476739062,3,3,0.3132709113073568,0.9370858193261928,time_bucket=late; side_regime=sell; confidence_bucket=high,356,21,ts_wide_d4,full,medium,4
timestamp_window_search,no_prior,INTARIAN_PEPPER_ROOT,561300,560500,562100,1,medium,0.951999878854995,0.9999993269721944,3,3,0.3700421676904084,0.9538311326327537,time_bucket=mid; side_regime=buy; confidence_bucket=high,360,54,ts_core_d3,core,sparse,3
timestamp_window_search,no_prior,INTARIAN_PEPPER_ROOT,561300,560100,562500,1,medium,0.951999878854995,0.9999993269721944,3,3,0.3700421676904084,0.9538311326327537,time_bucket=mid; side_regime=buy; confidence_bucket=high,365,54,ts_dense_d4,structure,dense,4
timestamp_window_search,no_prior,INTARIAN_PEPPER_ROOT,561300,560500,562100,1,medium,0.951999878854995,0.9999993269721944,3,3,0.3700421676904084,0.9538311326327537,time_bucket=mid; side_regime=buy; confidence_bucket=high,361,54,ts_full_d4,full,medium,4
timestamp_window_search,no_prior,INTARIAN_PEPPER_ROOT,561300,559700,561300,1,medium,0.951999878854995,0.9999993269721944,3,3,0.3700421676904084,0.9538311326327537,time_bucket=mid; side_regime=buy; confidence_bucket=high,363,54,ts_left_d3,flow,sparse,3
timestamp_window_search,no_prior,INTARIAN_PEPPER_ROOT,561300,561300,562900,1,medium,0.951999878854995,0.9999993269721944,3,3,0.3700421676904084,0.9538311326327537,time_bucket=mid; side_regime=buy; confidence_bucket=high,364,54,ts_right_d3,flow,sparse,3
timestamp_window_search,no_prior,INTARIAN_PEPPER_ROOT,561300,559700,562900,1,medium,0.951999878854995,0.9999993269721944,3,3,0.3700421676904084,0.9538311326327537,time_bucket=mid; side_regime=buy; confidence_bucket=high,362,54,ts_wide_d4,full,medium,4
timestamp_window_search,no_prior,INTARIAN_PEPPER_ROOT,376700,375900,377500,1,medium,0.9519998753636796,0.9999993075759978,3,3,0.3700421676904084,0.9538311326327537,time_bucket=mid; side_regime=buy; confidence_bucket=high,366,55,ts_core_d3,core,sparse,3
timestamp_window_search,no_prior,INTARIAN_PEPPER_ROOT,376700,375500,377900,1,medium,0.9519998753636796,0.9999993075759978,3,3,0.3700421676904084,0.9538311326327537,time_bucket=mid; side_regime=buy; confidence_bucket=high,371,55,ts_dense_d4,structure,dense,4
timestamp_window_search,no_prior,INTARIAN_PEPPER_ROOT,376700,375900,377500,1,medium,0.9519998753636796,0.9999993075759978,3,3,0.3700421676904084,0.9538311326327537,time_bucket=mid; side_regime=buy; confidence_bucket=high,367,55,ts_full_d4,full,medium,4
timestamp_window_search,no_prior,INTARIAN_PEPPER_ROOT,376700,375100,376700,1,medium,0.9519998753636796,0.9999993075759978,3,3,0.3700421676904084,0.9538311326327537,time_bucket=mid; side_regime=buy; confidence_bucket=high,369,55,ts_left_d3,flow,sparse,3
timestamp_window_search,no_prior,INTARIAN_PEPPER_ROOT,376700,376700,378300,1,medium,0.9519998753636796,0.9999993075759978,3,3,0.3700421676904084,0.9538311326327537,time_bucket=mid; side_regime=buy; confidence_bucket=high,370,55,ts_right_d3,flow,sparse,3
timestamp_window_search,no_prior,INTARIAN_PEPPER_ROOT,376700,375100,378300,1,medium,0.9519998753636796,0.9999993075759978,3,3,0.3700421676904084,0.9538311326327537,time_bucket=mid; side_regime=buy; confidence_bucket=high,368,55,ts_wide_d4,full,medium,4
timestamp_window_search,no_prior,INTARIAN_PEPPER_ROOT,466000,465200,466800,1,medium,0.9519998602336506,0.9999992235202808,3,3,0.3700421676904084,0.9538311326327537,time_bucket=mid; side_regime=buy; confidence_bucket=high,372,56,ts_core_d3,core,sparse,3
timestamp_window_search,no_prior,INTARIAN_PEPPER_ROOT,466000,464800,467200,1,medium,0.9519998602336506,0.9999992235202808,3,3,0.3700421676904084,0.9538311326327537,time_bucket=mid; side_regime=buy; confidence_bucket=high,377,56,ts_dense_d4,structure,dense,4
timestamp_window_search,no_prior,INTARIAN_PEPPER_ROOT,466000,465200,466800,1,medium,0.9519998602336506,0.9999992235202808,3,3,0.3700421676904084,0.9538311326327537,time_bucket=mid; side_regime=buy; confidence_bucket=high,373,56,ts_full_d4,full,medium,4
timestamp_window_search,no_prior,INTARIAN_PEPPER_ROOT,466000,464400,466000,1,medium,0.9519998602336506,0.9999992235202808,3,3,0.3700421676904084,0.9538311326327537,time_bucket=mid; side_regime=buy; confidence_bucket=high,375,56,ts_left_d3,flow,sparse,3
timestamp_window_search,no_prior,INTARIAN_PEPPER_ROOT,466000,466000,467600,1,medium,0.9519998602336506,0.9999992235202808,3,3,0.3700421676904084,0.9538311326327537,time_bucket=mid; side_regime=buy; confidence_bucket=high,376,56,ts_right_d3,flow,sparse,3
timestamp_window_search,no_prior,INTARIAN_PEPPER_ROOT,466000,464400,467600,1,medium,0.9519998602336506,0.9999992235202808,3,3,0.3700421676904084,0.9538311326327537,time_bucket=mid; side_regime=buy; confidence_bucket=high,374,56,ts_wide_d4,full,medium,4
timestamp_window_search,no_prior,INTARIAN_PEPPER_ROOT,344000,343200,344800,1,medium,0.9519998349552706,0.999999083084837,3,3,0.3700421676904084,0.9538311326327537,time_bucket=mid; side_regime=buy; confidence_bucket=high,378,57,ts_core_d3,core,sparse,3
timestamp_window_search,no_prior,INTARIAN_PEPPER_ROOT,344000,342800,345200,1,medium,0.9519998349552706,0.999999083084837,3,3,0.3700421676904084,0.9538311326327537,time_bucket=mid; side_regime=buy; confidence_bucket=high,383,57,ts_dense_d4,structure,dense,4
timestamp_window_search,no_prior,INTARIAN_PEPPER_ROOT,344000,343200,344800,1,medium,0.9519998349552706,0.999999083084837,3,3,0.3700421676904084,0.9538311326327537,time_bucket=mid; side_regime=buy; confidence_bucket=high,379,57,ts_full_d4,full,medium,4
timestamp_window_search,no_prior,INTARIAN_PEPPER_ROOT,344000,342400,344000,1,medium,0.9519998349552706,0.999999083084837,3,3,0.3700421676904084,0.9538311326327537,time_bucket=mid; side_regime=buy; confidence_bucket=high,381,57,ts_left_d3,flow,sparse,3
timestamp_window_search,no_prior,INTARIAN_PEPPER_ROOT,344000,344000,345600,1,medium,0.9519998349552706,0.999999083084837,3,3,0.3700421676904084,0.9538311326327537,time_bucket=mid; side_regime=buy; confidence_bucket=high,382,57,ts_right_d3,flow,sparse,3
timestamp_window_search,no_prior,INTARIAN_PEPPER_ROOT,344000,342400,345600,1,medium,0.9519998349552706,0.999999083084837,3,3,0.3700421676904084,0.9538311326327537,time_bucket=mid; side_regime=buy; confidence_bucket=high,380,57,ts_wide_d4,full,medium,4
timestamp_window_search,no_prior,ASH_COATED_OSMIUM,802000,801200,802800,1,medium,0.9519996379724606,0.999997988735892,3,3,0.3132709113073568,0.9370858193261928,time_bucket=late; side_regime=buy; confidence_bucket=high,384,22,ts_core_d3,core,sparse,3
timestamp_window_search,no_prior,ASH_COATED_OSMIUM,802000,800800,803200,1,medium,0.9519996379724606,0.999997988735892,3,3,0.3132709113073568,0.9370858193261928,time_bucket=late; side_regime=buy; confidence_bucket=high,389,22,ts_dense_d4,structure,dense,4
timestamp_window_search,no_prior,ASH_COATED_OSMIUM,802000,801200,802800,1,medium,0.9519996379724606,0.999997988735892,3,3,0.3132709113073568,0.9370858193261928,time_bucket=late; side_regime=buy; confidence_bucket=high,385,22,ts_full_d4,full,medium,4
timestamp_window_search,no_prior,ASH_COATED_OSMIUM,802000,800400,802000,1,medium,0.9519996379724606,0.999997988735892,3,3,0.3132709113073568,0.9370858193261928,time_bucket=late; side_regime=buy; confidence_bucket=high,387,22,ts_left_d3,flow,sparse,3
timestamp_window_search,no_prior,ASH_COATED_OSMIUM,802000,802000,803600,1,medium,0.9519996379724606,0.999997988735892,3,3,0.3132709113073568,0.9370858193261928,time_bucket=late; side_regime=buy; confidence_bucket=high,388,22,ts_right_d3,flow,sparse,3
timestamp_window_search,no_prior,ASH_COATED_OSMIUM,802000,800400,803600,1,medium,0.9519996379724606,0.999997988735892,3,3,0.3132709113073568,0.9370858193261928,time_bucket=late; side_regime=buy; confidence_bucket=high,386,22,ts_wide_d4,full,medium,4
timestamp_window_search,drift_search,INTARIAN_PEPPER_ROOT,898100,897300,898900,1,medium,0.951998846213886,0.9999935900771444,3,3,0.3700421676904084,0.9538311326327537,time_bucket=late; side_regime=buy; confidence_bucket=high,390,63,ts_core_d3,core,sparse,3
timestamp_window_search,drift_search,INTARIAN_PEPPER_ROOT,898100,896900,899300,1,medium,0.951998846213886,0.9999935900771444,3,3,0.3700421676904084,0.9538311326327537,time_bucket=late; side_regime=buy; confidence_bucket=high,395,63,ts_dense_d4,structure,dense,4
timestamp_window_search,drift_search,INTARIAN_PEPPER_ROOT,898100,897300,898900,1,medium,0.951998846213886,0.9999935900771444,3,3,0.3700421676904084,0.9538311326327537,time_bucket=late; side_regime=buy; confidence_bucket=high,391,63,ts_full_d4,full,medium,4
timestamp_window_search,drift_search,INTARIAN_PEPPER_ROOT,898100,896500,898100,1,medium,0.951998846213886,0.9999935900771444,3,3,0.3700421676904084,0.9538311326327537,time_bucket=late; side_regime=buy; confidence_bucket=high,393,63,ts_left_d3,flow,sparse,3
timestamp_window_search,drift_search,INTARIAN_PEPPER_ROOT,898100,898100,899700,1,medium,0.951998846213886,0.9999935900771444,3,3,0.3700421676904084,0.9538311326327537,time_bucket=late; side_regime=buy; confidence_bucket=high,394,63,ts_right_d3,flow,sparse,3
timestamp_window_search,drift_search,INTARIAN_PEPPER_ROOT,898100,896500,899700,1,medium,0.951998846213886,0.9999935900771444,3,3,0.3700421676904084,0.9538311326327537,time_bucket=late; side_regime=buy; confidence_bucket=high,392,63,ts_wide_d4,full,medium,4
timestamp_window_search,no_prior,ASH_COATED_OSMIUM,85700,84900,86500,1,medium,0.9519982206685638,0.9999901148253542,3,3,0.3132709113073568,0.9370858193261928,time_bucket=early; side_regime=buy; confidence_bucket=high,396,23,ts_core_d3,core,sparse,3
timestamp_window_search,drift_search,ASH_COATED_OSMIUM,85700,84900,86500,1,medium,0.9519982206685638,0.9999901148253542,3,3,0.3132709113073568,0.9370858193261928,time_bucket=early; side_regime=buy; confidence_bucket=high,402,27,ts_core_d3,core,sparse,3
timestamp_window_search,no_prior,ASH_COATED_OSMIUM,85700,84500,86900,1,medium,0.9519982206685638,0.9999901148253542,3,3,0.3132709113073568,0.9370858193261928,time_bucket=early; side_regime=buy; confidence_bucket=high,401,23,ts_dense_d4,structure,dense,4
timestamp_window_search,drift_search,ASH_COATED_OSMIUM,85700,84500,86900,1,medium,0.9519982206685638,0.9999901148253542,3,3,0.3132709113073568,0.9370858193261928,time_bucket=early; side_regime=buy; confidence_bucket=high,407,27,ts_dense_d4,structure,dense,4
timestamp_window_search,no_prior,ASH_COATED_OSMIUM,85700,84900,86500,1,medium,0.9519982206685638,0.9999901148253542,3,3,0.3132709113073568,0.9370858193261928,time_bucket=early; side_regime=buy; confidence_bucket=high,397,23,ts_full_d4,full,medium,4
timestamp_window_search,drift_search,ASH_COATED_OSMIUM,85700,84900,86500,1,medium,0.9519982206685638,0.9999901148253542,3,3,0.3132709113073568,0.9370858193261928,time_bucket=early; side_regime=buy; confidence_bucket=high,403,27,ts_full_d4,full,medium,4
timestamp_window_search,no_prior,ASH_COATED_OSMIUM,85700,84100,85700,1,medium,0.9519982206685638,0.9999901148253542,3,3,0.3132709113073568,0.9370858193261928,time_bucket=early; side_regime=buy; confidence_bucket=high,399,23,ts_left_d3,flow,sparse,3
timestamp_window_search,drift_search,ASH_COATED_OSMIUM,85700,84100,85700,1,medium,0.9519982206685638,0.9999901148253542,3,3,0.3132709113073568,0.9370858193261928,time_bucket=early; side_regime=buy; confidence_bucket=high,405,27,ts_left_d3,flow,sparse,3
timestamp_window_search,no_prior,ASH_COATED_OSMIUM,85700,85700,87300,1,medium,0.9519982206685638,0.9999901148253542,3,3,0.3132709113073568,0.9370858193261928,time_bucket=early; side_regime=buy; confidence_bucket=high,400,23,ts_right_d3,flow,sparse,3
timestamp_window_search,drift_search,ASH_COATED_OSMIUM,85700,85700,87300,1,medium,0.9519982206685638,0.9999901148253542,3,3,0.3132709113073568,0.9370858193261928,time_bucket=early; side_regime=buy; confidence_bucket=high,406,27,ts_right_d3,flow,sparse,3
timestamp_window_search,no_prior,ASH_COATED_OSMIUM,85700,84100,87300,1,medium,0.9519982206685638,0.9999901148253542,3,3,0.3132709113073568,0.9370858193261928,time_bucket=early; side_regime=buy; confidence_bucket=high,398,23,ts_wide_d4,full,medium,4
timestamp_window_search,drift_search,ASH_COATED_OSMIUM,85700,84100,87300,1,medium,0.9519982206685638,0.9999901148253542,3,3,0.3132709113073568,0.9370858193261928,time_bucket=early; side_regime=buy; confidence_bucket=high,404,27,ts_wide_d4,full,medium,4
timestamp_window_search,no_prior,ASH_COATED_OSMIUM,32800,32000,33600,1,medium,0.9519980319302548,0.9999890662791924,3,3,0.3132709113073568,0.9370858193261928,time_bucket=early; side_regime=sell; confidence_bucket=high,408,24,ts_core_d3,core,sparse,3
timestamp_window_search,drift_search,ASH_COATED_OSMIUM,32800,32000,33600,1,medium,0.9519980319302548,0.9999890662791924,3,3,0.3132709113073568,0.9370858193261928,time_bucket=early; side_regime=sell; confidence_bucket=high,414,26,ts_core_d3,core,sparse,3
timestamp_window_search,no_prior,ASH_COATED_OSMIUM,32800,31600,34000,1,medium,0.9519980319302548,0.9999890662791924,3,3,0.3132709113073568,0.9370858193261928,time_bucket=early; side_regime=sell; confidence_bucket=high,413,24,ts_dense_d4,structure,dense,4
timestamp_window_search,drift_search,ASH_COATED_OSMIUM,32800,31600,34000,1,medium,0.9519980319302548,0.9999890662791924,3,3,0.3132709113073568,0.9370858193261928,time_bucket=early; side_regime=sell; confidence_bucket=high,419,26,ts_dense_d4,structure,dense,4
timestamp_window_search,no_prior,ASH_COATED_OSMIUM,32800,32000,33600,1,medium,0.9519980319302548,0.9999890662791924,3,3,0.3132709113073568,0.9370858193261928,time_bucket=early; side_regime=sell; confidence_bucket=high,409,24,ts_full_d4,full,medium,4
timestamp_window_search,drift_search,ASH_COATED_OSMIUM,32800,32000,33600,1,medium,0.9519980319302548,0.9999890662791924,3,3,0.3132709113073568,0.9370858193261928,time_bucket=early; side_regime=sell; confidence_bucket=high,415,26,ts_full_d4,full,medium,4
timestamp_window_search,no_prior,ASH_COATED_OSMIUM,32800,31200,32800,1,medium,0.9519980319302548,0.9999890662791924,3,3,0.3132709113073568,0.9370858193261928,time_bucket=early; side_regime=sell; confidence_bucket=high,411,24,ts_left_d3,flow,sparse,3
timestamp_window_search,drift_search,ASH_COATED_OSMIUM,32800,31200,32800,1,medium,0.9519980319302548,0.9999890662791924,3,3,0.3132709113073568,0.9370858193261928,time_bucket=early; side_regime=sell; confidence_bucket=high,417,26,ts_left_d3,flow,sparse,3
timestamp_window_search,no_prior,ASH_COATED_OSMIUM,32800,32800,34400,1,medium,0.9519980319302548,0.9999890662791924,3,3,0.3132709113073568,0.9370858193261928,time_bucket=early; side_regime=sell; confidence_bucket=high,412,24,ts_right_d3,flow,sparse,3
timestamp_window_search,drift_search,ASH_COATED_OSMIUM,32800,32800,34400,1,medium,0.9519980319302548,0.9999890662791924,3,3,0.3132709113073568,0.9370858193261928,time_bucket=early; side_regime=sell; confidence_bucket=high,418,26,ts_right_d3,flow,sparse,3
timestamp_window_search,no_prior,ASH_COATED_OSMIUM,32800,31200,34400,1,medium,0.9519980319302548,0.9999890662791924,3,3,0.3132709113073568,0.9370858193261928,time_bucket=early; side_regime=sell; confidence_bucket=high,410,24,ts_wide_d4,full,medium,4
timestamp_window_search,drift_search,ASH_COATED_OSMIUM,32800,31200,34400,1,medium,0.9519980319302548,0.9999890662791924,3,3,0.3132709113073568,0.9370858193261928,time_bucket=early; side_regime=sell; confidence_bucket=high,416,26,ts_wide_d4,full,medium,4
timestamp_window_search,no_prior,ASH_COATED_OSMIUM,552900,552100,553700,1,medium,0.9519970328141446,0.9999835156341368,3,3,0.3132709113073568,0.9370858193261928,time_bucket=mid; side_regime=sell; confidence_bucket=high,420,25,ts_core_d3,core,sparse,3
timestamp_window_search,no_prior,ASH_COATED_OSMIUM,552900,551700,554100,1,medium,0.9519970328141446,0.9999835156341368,3,3,0.3132709113073568,0.9370858193261928,time_bucket=mid; side_regime=sell; confidence_bucket=high,425,25,ts_dense_d4,structure,dense,4
timestamp_window_search,no_prior,ASH_COATED_OSMIUM,552900,552100,553700,1,medium,0.9519970328141446,0.9999835156341368,3,3,0.3132709113073568,0.9370858193261928,time_bucket=mid; side_regime=sell; confidence_bucket=high,421,25,ts_full_d4,full,medium,4
timestamp_window_search,no_prior,ASH_COATED_OSMIUM,552900,551300,552900,1,medium,0.9519970328141446,0.9999835156341368,3,3,0.3132709113073568,0.9370858193261928,time_bucket=mid; side_regime=sell; confidence_bucket=high,423,25,ts_left_d3,flow,sparse,3
timestamp_window_search,no_prior,ASH_COATED_OSMIUM,552900,552900,554500,1,medium,0.9519970328141446,0.9999835156341368,3,3,0.3132709113073568,0.9370858193261928,time_bucket=mid; side_regime=sell; confidence_bucket=high,424,25,ts_right_d3,flow,sparse,3
timestamp_window_search,no_prior,ASH_COATED_OSMIUM,552900,551300,554500,1,medium,0.9519970328141446,0.9999835156341368,3,3,0.3132709113073568,0.9370858193261928,time_bucket=mid; side_regime=sell; confidence_bucket=high,422,25,ts_wide_d4,full,medium,4
timestamp_window_search,drift_search,INTARIAN_PEPPER_ROOT,796600,795800,797400,1,medium,0.951989352565964,0.999940847588689,3,3,0.3700421676904084,0.9538311326327537,time_bucket=late; side_regime=sell; confidence_bucket=high,426,62,ts_core_d3,core,sparse,3
timestamp_window_search,drift_search,INTARIAN_PEPPER_ROOT,796600,795400,797800,1,medium,0.951989352565964,0.999940847588689,3,3,0.3700421676904084,0.9538311326327537,time_bucket=late; side_regime=sell; confidence_bucket=high,431,62,ts_dense_d4,structure,dense,4
timestamp_window_search,drift_search,INTARIAN_PEPPER_ROOT,796600,795800,797400,1,medium,0.951989352565964,0.999940847588689,3,3,0.3700421676904084,0.9538311326327537,time_bucket=late; side_regime=sell; confidence_bucket=high,427,62,ts_full_d4,full,medium,4
timestamp_window_search,drift_search,INTARIAN_PEPPER_ROOT,796600,795000,796600,1,medium,0.951989352565964,0.999940847588689,3,3,0.3700421676904084,0.9538311326327537,time_bucket=late; side_regime=sell; confidence_bucket=high,429,62,ts_left_d3,flow,sparse,3
timestamp_window_search,drift_search,INTARIAN_PEPPER_ROOT,796600,796600,798200,1,medium,0.951989352565964,0.999940847588689,3,3,0.3700421676904084,0.9538311326327537,time_bucket=late; side_regime=sell; confidence_bucket=high,430,62,ts_right_d3,flow,sparse,3
timestamp_window_search,drift_search,INTARIAN_PEPPER_ROOT,796600,795000,798200,1,medium,0.951989352565964,0.999940847588689,3,3,0.3700421676904084,0.9538311326327537,time_bucket=late; side_regime=sell; confidence_bucket=high,428,62,ts_wide_d4,full,medium,4
timestamp_window_search,drift_search,INTARIAN_PEPPER_ROOT,825700,824900,826500,1,medium,0.9519848805474742,0.9999160030415232,3,3,0.3700421676904084,0.9538311326327537,time_bucket=late; side_regime=sell; confidence_bucket=high,432,58,ts_core_d3,core,sparse,3
timestamp_window_search,drift_search,INTARIAN_PEPPER_ROOT,825700,824500,826900,1,medium,0.9519848805474742,0.9999160030415232,3,3,0.3700421676904084,0.9538311326327537,time_bucket=late; side_regime=sell; confidence_bucket=high,437,58,ts_dense_d4,structure,dense,4
timestamp_window_search,drift_search,INTARIAN_PEPPER_ROOT,825700,824900,826500,1,medium,0.9519848805474742,0.9999160030415232,3,3,0.3700421676904084,0.9538311326327537,time_bucket=late; side_regime=sell; confidence_bucket=high,433,58,ts_full_d4,full,medium,4
timestamp_window_search,drift_search,INTARIAN_PEPPER_ROOT,825700,824100,825700,1,medium,0.9519848805474742,0.9999160030415232,3,3,0.3700421676904084,0.9538311326327537,time_bucket=late; side_regime=sell; confidence_bucket=high,435,58,ts_left_d3,flow,sparse,3
timestamp_window_search,drift_search,INTARIAN_PEPPER_ROOT,825700,825700,827300,1,medium,0.9519848805474742,0.9999160030415232,3,3,0.3700421676904084,0.9538311326327537,time_bucket=late; side_regime=sell; confidence_bucket=high,436,58,ts_right_d3,flow,sparse,3
timestamp_window_search,drift_search,INTARIAN_PEPPER_ROOT,825700,824100,827300,1,medium,0.9519848805474742,0.9999160030415232,3,3,0.3700421676904084,0.9538311326327537,time_bucket=late; side_regime=sell; confidence_bucket=high,434,58,ts_wide_d4,full,medium,4
timestamp_window_search,drift_search,INTARIAN_PEPPER_ROOT,84800,84000,85600,1,medium,0.9519807155660306,0.9998928642557252,3,3,0.3700421676904084,0.9538311326327537,time_bucket=early; side_regime=sell; confidence_bucket=high,438,61,ts_core_d3,core,sparse,3
timestamp_window_search,drift_search,INTARIAN_PEPPER_ROOT,84800,83600,86000,1,medium,0.9519807155660306,0.9998928642557252,3,3,0.3700421676904084,0.9538311326327537,time_bucket=early; side_regime=sell; confidence_bucket=high,443,61,ts_dense_d4,structure,dense,4
timestamp_window_search,drift_search,INTARIAN_PEPPER_ROOT,84800,84000,85600,1,medium,0.9519807155660306,0.9998928642557252,3,3,0.3700421676904084,0.9538311326327537,time_bucket=early; side_regime=sell; confidence_bucket=high,439,61,ts_full_d4,full,medium,4
timestamp_window_search,drift_search,INTARIAN_PEPPER_ROOT,84800,83200,84800,1,medium,0.9519807155660306,0.9998928642557252,3,3,0.3700421676904084,0.9538311326327537,time_bucket=early; side_regime=sell; confidence_bucket=high,441,61,ts_left_d3,flow,sparse,3
timestamp_window_search,drift_search,INTARIAN_PEPPER_ROOT,84800,84800,86400,1,medium,0.9519807155660306,0.9998928642557252,3,3,0.3700421676904084,0.9538311326327537,time_bucket=early; side_regime=sell; confidence_bucket=high,442,61,ts_right_d3,flow,sparse,3
timestamp_window_search,drift_search,INTARIAN_PEPPER_ROOT,84800,83200,86400,1,medium,0.9519807155660306,0.9998928642557252,3,3,0.3700421676904084,0.9538311326327537,time_bucket=early; side_regime=sell; confidence_bucket=high,440,61,ts_wide_d4,full,medium,4
timestamp_window_search,drift_search,INTARIAN_PEPPER_ROOT,453800,453000,454600,1,medium,0.951979124721687,0.999884026231594,3,3,0.3700421676904084,0.9538311326327537,time_bucket=mid; side_regime=buy; confidence_bucket=high,444,60,ts_core_d3,core,sparse,3
timestamp_window_search,drift_search,INTARIAN_PEPPER_ROOT,453800,452600,455000,1,medium,0.951979124721687,0.999884026231594,3,3,0.3700421676904084,0.9538311326327537,time_bucket=mid; side_regime=buy; confidence_bucket=high,449,60,ts_dense_d4,structure,dense,4
timestamp_window_search,drift_search,INTARIAN_PEPPER_ROOT,453800,453000,454600,1,medium,0.951979124721687,0.999884026231594,3,3,0.3700421676904084,0.9538311326327537,time_bucket=mid; side_regime=buy; confidence_bucket=high,445,60,ts_full_d4,full,medium,4
timestamp_window_search,drift_search,INTARIAN_PEPPER_ROOT,453800,452200,453800,1,medium,0.951979124721687,0.999884026231594,3,3,0.3700421676904084,0.9538311326327537,time_bucket=mid; side_regime=buy; confidence_bucket=high,447,60,ts_left_d3,flow,sparse,3
timestamp_window_search,drift_search,INTARIAN_PEPPER_ROOT,453800,453800,455400,1,medium,0.951979124721687,0.999884026231594,3,3,0.3700421676904084,0.9538311326327537,time_bucket=mid; side_regime=buy; confidence_bucket=high,448,60,ts_right_d3,flow,sparse,3
timestamp_window_search,drift_search,INTARIAN_PEPPER_ROOT,453800,452200,455400,1,medium,0.951979124721687,0.999884026231594,3,3,0.3700421676904084,0.9538311326327537,time_bucket=mid; side_regime=buy; confidence_bucket=high,446,60,ts_wide_d4,full,medium,4
timestamp_window_search,drift_search,INTARIAN_PEPPER_ROOT,766000,765200,766800,1,medium,0.9519748185374564,0.999860102985869,3,3,0.3700421676904084,0.9538311326327537,time_bucket=late; side_regime=sell; confidence_bucket=high,450,59,ts_core_d3,core,sparse,3
timestamp_window_search,drift_search,INTARIAN_PEPPER_ROOT,766000,764800,767200,1,medium,0.9519748185374564,0.999860102985869,3,3,0.3700421676904084,0.9538311326327537,time_bucket=late; side_regime=sell; confidence_bucket=high,455,59,ts_dense_d4,structure,dense,4
timestamp_window_search,drift_search,INTARIAN_PEPPER_ROOT,766000,765200,766800,1,medium,0.9519748185374564,0.999860102985869,3,3,0.3700421676904084,0.9538311326327537,time_bucket=late; side_regime=sell; confidence_bucket=high,451,59,ts_full_d4,full,medium,4
timestamp_window_search,drift_search,INTARIAN_PEPPER_ROOT,766000,764400,766000,1,medium,0.9519748185374564,0.999860102985869,3,3,0.3700421676904084,0.9538311326327537,time_bucket=late; side_regime=sell; confidence_bucket=high,453,59,ts_left_d3,flow,sparse,3
timestamp_window_search,drift_search,INTARIAN_PEPPER_ROOT,766000,766000,767600,1,medium,0.9519748185374564,0.999860102985869,3,3,0.3700421676904084,0.9538311326327537,time_bucket=late; side_regime=sell; confidence_bucket=high,454,59,ts_right_d3,flow,sparse,3
timestamp_window_search,drift_search,INTARIAN_PEPPER_ROOT,766000,764400,767600,1,medium,0.9519748185374564,0.999860102985869,3,3,0.3700421676904084,0.9538311326327537,time_bucket=late; side_regime=sell; confidence_bucket=high,452,59,ts_wide_d4,full,medium,4
timestamp_window_search,drift_search,ASH_COATED_OSMIUM,689500,688700,690300,1,medium,0.9519349905673536,0.9996388364852984,3,3,0.3132709113073568,0.9370858193261928,time_bucket=late; side_regime=buy; confidence_bucket=high,456,31,ts_core_d3,core,sparse,3
timestamp_window_search,drift_search,ASH_COATED_OSMIUM,689500,688300,690700,1,medium,0.9519349905673536,0.9996388364852984,3,3,0.3132709113073568,0.9370858193261928,time_bucket=late; side_regime=buy; confidence_bucket=high,461,31,ts_dense_d4,structure,dense,4
timestamp_window_search,drift_search,ASH_COATED_OSMIUM,689500,688700,690300,1,medium,0.9519349905673536,0.9996388364852984,3,3,0.3132709113073568,0.9370858193261928,time_bucket=late; side_regime=buy; confidence_bucket=high,457,31,ts_full_d4,full,medium,4
timestamp_window_search,drift_search,ASH_COATED_OSMIUM,689500,687900,689500,1,medium,0.9519349905673536,0.9996388364852984,3,3,0.3132709113073568,0.9370858193261928,time_bucket=late; side_regime=buy; confidence_bucket=high,459,31,ts_left_d3,flow,sparse,3
timestamp_window_search,drift_search,ASH_COATED_OSMIUM,689500,689500,691100,1,medium,0.9519349905673536,0.9996388364852984,3,3,0.3132709113073568,0.9370858193261928,time_bucket=late; side_regime=buy; confidence_bucket=high,460,31,ts_right_d3,flow,sparse,3
timestamp_window_search,drift_search,ASH_COATED_OSMIUM,689500,687900,691100,1,medium,0.9519349905673536,0.9996388364852984,3,3,0.3132709113073568,0.9370858193261928,time_bucket=late; side_regime=buy; confidence_bucket=high,458,31,ts_wide_d4,full,medium,4
timestamp_window_search,drift_search,ASH_COATED_OSMIUM,83700,82900,84500,1,medium,0.9518989689140432,0.9994387161891294,3,3,0.3132709113073568,0.9370858193261928,time_bucket=early; side_regime=buy; confidence_bucket=high,462,30,ts_core_d3,core,sparse,3
timestamp_window_search,drift_search,ASH_COATED_OSMIUM,83700,82500,84900,1,medium,0.9518989689140432,0.9994387161891294,3,3,0.3132709113073568,0.9370858193261928,time_bucket=early; side_regime=buy; confidence_bucket=high,467,30,ts_dense_d4,structure,dense,4
timestamp_window_search,drift_search,ASH_COATED_OSMIUM,83700,82900,84500,1,medium,0.9518989689140432,0.9994387161891294,3,3,0.3132709113073568,0.9370858193261928,time_bucket=early; side_regime=buy; confidence_bucket=high,463,30,ts_full_d4,full,medium,4
timestamp_window_search,drift_search,ASH_COATED_OSMIUM,83700,82100,83700,1,medium,0.9518989689140432,0.9994387161891294,3,3,0.3132709113073568,0.9370858193261928,time_bucket=early; side_regime=buy; confidence_bucket=high,465,30,ts_left_d3,flow,sparse,3
timestamp_window_search,drift_search,ASH_COATED_OSMIUM,83700,83700,85300,1,medium,0.9518989689140432,0.9994387161891294,3,3,0.3132709113073568,0.9370858193261928,time_bucket=early; side_regime=buy; confidence_bucket=high,466,30,ts_right_d3,flow,sparse,3
timestamp_window_search,drift_search,ASH_COATED_OSMIUM,83700,82100,85300,1,medium,0.9518989689140432,0.9994387161891294,3,3,0.3132709113073568,0.9370858193261928,time_bucket=early; side_regime=buy; confidence_bucket=high,464,30,ts_wide_d4,full,medium,4
timestamp_window_search,drift_search,ASH_COATED_OSMIUM,85900,85100,86700,1,medium,0.9518962367255216,0.9994235373640082,3,3,0.3132709113073568,0.9370858193261928,time_bucket=early; side_regime=sell; confidence_bucket=high,468,29,ts_core_d3,core,sparse,3
timestamp_window_search,drift_search,ASH_COATED_OSMIUM,85900,84700,87100,1,medium,0.9518962367255216,0.9994235373640082,3,3,0.3132709113073568,0.9370858193261928,time_bucket=early; side_regime=sell; confidence_bucket=high,473,29,ts_dense_d4,structure,dense,4
timestamp_window_search,drift_search,ASH_COATED_OSMIUM,85900,85100,86700,1,medium,0.9518962367255216,0.9994235373640082,3,3,0.3132709113073568,0.9370858193261928,time_bucket=early; side_regime=sell; confidence_bucket=high,469,29,ts_full_d4,full,medium,4
timestamp_window_search,drift_search,ASH_COATED_OSMIUM,85900,84300,85900,1,medium,0.9518962367255216,0.9994235373640082,3,3,0.3132709113073568,0.9370858193261928,time_bucket=early; side_regime=sell; confidence_bucket=high,471,29,ts_left_d3,flow,sparse,3
timestamp_window_search,drift_search,ASH_COATED_OSMIUM,85900,85900,87500,1,medium,0.9518962367255216,0.9994235373640082,3,3,0.3132709113073568,0.9370858193261928,time_bucket=early; side_regime=sell; confidence_bucket=high,472,29,ts_right_d3,flow,sparse,3
timestamp_window_search,drift_search,ASH_COATED_OSMIUM,85900,84300,87500,1,medium,0.9518962367255216,0.9994235373640082,3,3,0.3132709113073568,0.9370858193261928,time_bucket=early; side_regime=sell; confidence_bucket=high,470,29,ts_wide_d4,full,medium,4
regime_rule_search,no_prior,INTARIAN_PEPPER_ROOT,-1,-1,-1,1,medium,0.7499838885849696,0.9999641968554878,3,6,0.3700421676904084,0.9538311326327537,time_bucket=early; side_regime=mixed; confidence_bucket=high; timestamps=1,474,86,reg_core_d3,core,sparse,3
regime_rule_search,no_prior,INTARIAN_PEPPER_ROOT,-1,-1,-1,1,medium,0.7499838885849696,0.9999641968554878,3,6,0.3700421676904084,0.9538311326327537,time_bucket=early; side_regime=mixed; confidence_bucket=high; timestamps=1,479,86,reg_core_d4,core,medium,4
regime_rule_search,no_prior,INTARIAN_PEPPER_ROOT,-1,-1,-1,1,medium,0.7499838885849696,0.9999641968554878,3,6,0.3700421676904084,0.9538311326327537,time_bucket=early; side_regime=mixed; confidence_bucket=high; timestamps=1,476,86,reg_dense_d4,full,dense,4
regime_rule_search,no_prior,INTARIAN_PEPPER_ROOT,-1,-1,-1,1,medium,0.7499838885849696,0.9999641968554878,3,6,0.3700421676904084,0.9538311326327537,time_bucket=early; side_regime=mixed; confidence_bucket=high; timestamps=1,477,86,reg_flow_d4,flow,medium,4
regime_rule_search,no_prior,INTARIAN_PEPPER_ROOT,-1,-1,-1,1,medium,0.7499838885849696,0.9999641968554878,3,6,0.3700421676904084,0.9538311326327537,time_bucket=early; side_regime=mixed; confidence_bucket=high; timestamps=1,475,86,reg_full_d4,full,medium,4
regime_rule_search,no_prior,INTARIAN_PEPPER_ROOT,-1,-1,-1,1,medium,0.7499838885849696,0.9999641968554878,3,6,0.3700421676904084,0.9538311326327537,time_bucket=early; side_regime=mixed; confidence_bucket=high; timestamps=1,478,86,reg_structure_d4,structure,medium,4
regime_rule_search,no_prior,INTARIAN_PEPPER_ROOT,-1,-1,-1,1,medium,0.7032194170116859,0.8779272068858718,3,3,0.3700421676904084,0.9538311326327537,time_bucket=early; side_regime=buy; confidence_bucket=high; timestamps=46,480,87,reg_core_d3,core,sparse,3
regime_rule_search,no_prior,INTARIAN_PEPPER_ROOT,-1,-1,-1,1,medium,0.7032194170116859,0.8779272068858718,3,3,0.3700421676904084,0.9538311326327537,time_bucket=early; side_regime=buy; confidence_bucket=high; timestamps=46,485,87,reg_core_d4,core,medium,4
regime_rule_search,no_prior,INTARIAN_PEPPER_ROOT,-1,-1,-1,1,medium,0.7032194170116859,0.8779272068858718,3,3,0.3700421676904084,0.9538311326327537,time_bucket=early; side_regime=buy; confidence_bucket=high; timestamps=46,482,87,reg_dense_d4,full,dense,4
regime_rule_search,no_prior,INTARIAN_PEPPER_ROOT,-1,-1,-1,1,medium,0.7032194170116859,0.8779272068858718,3,3,0.3700421676904084,0.9538311326327537,time_bucket=early; side_regime=buy; confidence_bucket=high; timestamps=46,483,87,reg_flow_d4,flow,medium,4
regime_rule_search,no_prior,INTARIAN_PEPPER_ROOT,-1,-1,-1,1,medium,0.7032194170116859,0.8779272068858718,3,3,0.3700421676904084,0.9538311326327537,time_bucket=early; side_regime=buy; confidence_bucket=high; timestamps=46,481,87,reg_full_d4,full,medium,4
regime_rule_search,no_prior,INTARIAN_PEPPER_ROOT,-1,-1,-1,1,medium,0.7032194170116859,0.8779272068858718,3,3,0.3700421676904084,0.9538311326327537,time_bucket=early; side_regime=buy; confidence_bucket=high; timestamps=46,484,87,reg_structure_d4,structure,medium,4
regime_rule_search,no_prior,INTARIAN_PEPPER_ROOT,-1,-1,-1,1,medium,0.6683099305622686,0.9240220679161524,3,3,0.3700421676904084,0.9538311326327537,time_bucket=early; side_regime=buy; confidence_bucket=medium; timestamps=6,486,88,reg_core_d3,core,sparse,3
regime_rule_search,no_prior,INTARIAN_PEPPER_ROOT,-1,-1,-1,1,medium,0.6683099305622686,0.9240220679161524,3,3,0.3700421676904084,0.9538311326327537,time_bucket=early; side_regime=buy; confidence_bucket=medium; timestamps=6,491,88,reg_core_d4,core,medium,4
regime_rule_search,no_prior,INTARIAN_PEPPER_ROOT,-1,-1,-1,1,medium,0.6683099305622686,0.9240220679161524,3,3,0.3700421676904084,0.9538311326327537,time_bucket=early; side_regime=buy; confidence_bucket=medium; timestamps=6,488,88,reg_dense_d4,full,dense,4
regime_rule_search,no_prior,INTARIAN_PEPPER_ROOT,-1,-1,-1,1,medium,0.6683099305622686,0.9240220679161524,3,3,0.3700421676904084,0.9538311326327537,time_bucket=early; side_regime=buy; confidence_bucket=medium; timestamps=6,489,88,reg_flow_d4,flow,medium,4
regime_rule_search,no_prior,INTARIAN_PEPPER_ROOT,-1,-1,-1,1,medium,0.6683099305622686,0.9240220679161524,3,3,0.3700421676904084,0.9538311326327537,time_bucket=early; side_regime=buy; confidence_bucket=medium; timestamps=6,487,88,reg_full_d4,full,medium,4
regime_rule_search,no_prior,INTARIAN_PEPPER_ROOT,-1,-1,-1,1,medium,0.6683099305622686,0.9240220679161524,3,3,0.3700421676904084,0.9538311326327537,time_bucket=early; side_regime=buy; confidence_bucket=medium; timestamps=6,490,88,reg_structure_d4,structure,medium,4
regime_rule_search,drift_search,INTARIAN_PEPPER_ROOT,-1,-1,-1,1,medium,0.6367369944430116,0.6640360052528972,2,2,0.3700421676904084,0.9538311326327537,time_bucket=late; side_regime=sell; confidence_bucket=high; timestamps=101,492,89,reg_core_d3,core,sparse,3
regime_rule_search,drift_search,INTARIAN_PEPPER_ROOT,-1,-1,-1,1,medium,0.6367369944430116,0.6640360052528972,2,2,0.3700421676904084,0.9538311326327537,time_bucket=late; side_regime=sell; confidence_bucket=high; timestamps=101,497,89,reg_core_d4,core,medium,4
regime_rule_search,drift_search,INTARIAN_PEPPER_ROOT,-1,-1,-1,1,medium,0.6367369944430116,0.6640360052528972,2,2,0.3700421676904084,0.9538311326327537,time_bucket=late; side_regime=sell; confidence_bucket=high; timestamps=101,494,89,reg_dense_d4,full,dense,4
regime_rule_search,drift_search,INTARIAN_PEPPER_ROOT,-1,-1,-1,1,medium,0.6367369944430116,0.6640360052528972,2,2,0.3700421676904084,0.9538311326327537,time_bucket=late; side_regime=sell; confidence_bucket=high; timestamps=101,495,89,reg_flow_d4,flow,medium,4
regime_rule_search,drift_search,INTARIAN_PEPPER_ROOT,-1,-1,-1,1,medium,0.6367369944430116,0.6640360052528972,2,2,0.3700421676904084,0.9538311326327537,time_bucket=late; side_regime=sell; confidence_bucket=high; timestamps=101,493,89,reg_full_d4,full,medium,4
regime_rule_search,drift_search,INTARIAN_PEPPER_ROOT,-1,-1,-1,1,medium,0.6367369944430116,0.6640360052528972,2,2,0.3700421676904084,0.9538311326327537,time_bucket=late; side_regime=sell; confidence_bucket=high; timestamps=101,496,89,reg_structure_d4,structure,medium,4
regime_rule_search,no_prior,ASH_COATED_OSMIUM,-1,-1,-1,1,medium,0.6351662457881699,0.7448138795292665,3,5,0.3132709113073568,0.9370858193261928,time_bucket=mid; side_regime=mixed; confidence_bucket=high; timestamps=1,498,72,reg_core_d3,core,sparse,3
regime_rule_search,no_prior,ASH_COATED_OSMIUM,-1,-1,-1,1,medium,0.6351662457881699,0.7448138795292665,3,5,0.3132709113073568,0.9370858193261928,time_bucket=mid; side_regime=mixed; confidence_bucket=high; timestamps=1,503,72,reg_core_d4,core,medium,4
regime_rule_search,no_prior,ASH_COATED_OSMIUM,-1,-1,-1,1,medium,0.6351662457881699,0.7448138795292665,3,5,0.3132709113073568,0.9370858193261928,time_bucket=mid; side_regime=mixed; confidence_bucket=high; timestamps=1,500,72,reg_dense_d4,full,dense,4
regime_rule_search,no_prior,ASH_COATED_OSMIUM,-1,-1,-1,1,medium,0.6351662457881699,0.7448138795292665,3,5,0.3132709113073568,0.9370858193261928,time_bucket=mid; side_regime=mixed; confidence_bucket=high; timestamps=1,501,72,reg_flow_d4,flow,medium,4
regime_rule_search,no_prior,ASH_COATED_OSMIUM,-1,-1,-1,1,medium,0.6351662457881699,0.7448138795292665,3,5,0.3132709113073568,0.9370858193261928,time_bucket=mid; side_regime=mixed; confidence_bucket=high; timestamps=1,499,72,reg_full_d4,full,medium,4
regime_rule_search,no_prior,ASH_COATED_OSMIUM,-1,-1,-1,1,medium,0.6351662457881699,0.7448138795292665,3,5,0.3132709113073568,0.9370858193261928,time_bucket=mid; side_regime=mixed; confidence_bucket=high; timestamps=1,502,72,reg_structure_d4,structure,medium,4
regime_rule_search,no_prior,ASH_COATED_OSMIUM,-1,-1,-1,1,medium,0.6004125770185783,0.7259867353027535,2,2,0.3132709113073568,0.9370858193261928,time_bucket=early; side_regime=sell; confidence_bucket=high; timestamps=87,504,73,reg_core_d3,core,sparse,3
regime_rule_search,no_prior,ASH_COATED_OSMIUM,-1,-1,-1,1,medium,0.6004125770185783,0.7259867353027535,2,2,0.3132709113073568,0.9370858193261928,time_bucket=early; side_regime=sell; confidence_bucket=high; timestamps=87,509,73,reg_core_d4,core,medium,4
regime_rule_search,no_prior,ASH_COATED_OSMIUM,-1,-1,-1,1,medium,0.6004125770185783,0.7259867353027535,2,2,0.3132709113073568,0.9370858193261928,time_bucket=early; side_regime=sell; confidence_bucket=high; timestamps=87,506,73,reg_dense_d4,full,dense,4
regime_rule_search,no_prior,ASH_COATED_OSMIUM,-1,-1,-1,1,medium,0.6004125770185783,0.7259867353027535,2,2,0.3132709113073568,0.9370858193261928,time_bucket=early; side_regime=sell; confidence_bucket=high; timestamps=87,507,73,reg_flow_d4,flow,medium,4
regime_rule_search,no_prior,ASH_COATED_OSMIUM,-1,-1,-1,1,medium,0.6004125770185783,0.7259867353027535,2,2,0.3132709113073568,0.9370858193261928,time_bucket=early; side_regime=sell; confidence_bucket=high; timestamps=87,505,73,reg_full_d4,full,medium,4
regime_rule_search,no_prior,ASH_COATED_OSMIUM,-1,-1,-1,1,medium,0.6004125770185783,0.7259867353027535,2,2,0.3132709113073568,0.9370858193261928,time_bucket=early; side_regime=sell; confidence_bucket=high; timestamps=87,508,73,reg_structure_d4,structure,medium,4
regime_rule_search,drift_search,INTARIAN_PEPPER_ROOT,-1,-1,-1,1,medium,0.5988878101612282,0.6439823677341712,2,2,0.3700421676904084,0.9538311326327537,time_bucket=late; side_regime=buy; confidence_bucket=high; timestamps=94,510,91,reg_core_d3,core,sparse,3
regime_rule_search,drift_search,INTARIAN_PEPPER_ROOT,-1,-1,-1,1,medium,0.5988878101612282,0.6439823677341712,2,2,0.3700421676904084,0.9538311326327537,time_bucket=late; side_regime=buy; confidence_bucket=high; timestamps=94,515,91,reg_core_d4,core,medium,4
regime_rule_search,drift_search,INTARIAN_PEPPER_ROOT,-1,-1,-1,1,medium,0.5988878101612282,0.6439823677341712,2,2,0.3700421676904084,0.9538311326327537,time_bucket=late; side_regime=buy; confidence_bucket=high; timestamps=94,512,91,reg_dense_d4,full,dense,4
regime_rule_search,drift_search,INTARIAN_PEPPER_ROOT,-1,-1,-1,1,medium,0.5988878101612282,0.6439823677341712,2,2,0.3700421676904084,0.9538311326327537,time_bucket=late; side_regime=buy; confidence_bucket=high; timestamps=94,513,91,reg_flow_d4,flow,medium,4
regime_rule_search,drift_search,INTARIAN_PEPPER_ROOT,-1,-1,-1,1,medium,0.5988878101612282,0.6439823677341712,2,2,0.3700421676904084,0.9538311326327537,time_bucket=late; side_regime=buy; confidence_bucket=high; timestamps=94,511,91,reg_full_d4,full,medium,4
regime_rule_search,drift_search,INTARIAN_PEPPER_ROOT,-1,-1,-1,1,medium,0.5988878101612282,0.6439823677341712,2,2,0.3700421676904084,0.9538311326327537,time_bucket=late; side_regime=buy; confidence_bucket=high; timestamps=94,514,91,reg_structure_d4,structure,medium,4
regime_rule_search,p3_seeded,INTARIAN_PEPPER_ROOT,-1,-1,-1,1,medium,0.5972590804042553,0.6372080366371767,2,2,0.3700421676904084,0.9538311326327537,time_bucket=mid; side_regime=sell; confidence_bucket=high; timestamps=97,516,85,reg_core_d3,core,sparse,3
regime_rule_search,drift_search,INTARIAN_PEPPER_ROOT,-1,-1,-1,1,medium,0.5972590804042553,0.6372080366371767,2,2,0.3700421676904084,0.9538311326327537,time_bucket=mid; side_regime=sell; confidence_bucket=high; timestamps=97,522,90,reg_core_d3,core,sparse,3
regime_rule_search,p3_seeded,INTARIAN_PEPPER_ROOT,-1,-1,-1,1,medium,0.5972590804042553,0.6372080366371767,2,2,0.3700421676904084,0.9538311326327537,time_bucket=mid; side_regime=sell; confidence_bucket=high; timestamps=97,521,85,reg_core_d4,core,medium,4
regime_rule_search,drift_search,INTARIAN_PEPPER_ROOT,-1,-1,-1,1,medium,0.5972590804042553,0.6372080366371767,2,2,0.3700421676904084,0.9538311326327537,time_bucket=mid; side_regime=sell; confidence_bucket=high; timestamps=97,527,90,reg_core_d4,core,medium,4
regime_rule_search,p3_seeded,INTARIAN_PEPPER_ROOT,-1,-1,-1,1,medium,0.5972590804042553,0.6372080366371767,2,2,0.3700421676904084,0.9538311326327537,time_bucket=mid; side_regime=sell; confidence_bucket=high; timestamps=97,518,85,reg_dense_d4,full,dense,4
regime_rule_search,drift_search,INTARIAN_PEPPER_ROOT,-1,-1,-1,1,medium,0.5972590804042553,0.6372080366371767,2,2,0.3700421676904084,0.9538311326327537,time_bucket=mid; side_regime=sell; confidence_bucket=high; timestamps=97,524,90,reg_dense_d4,full,dense,4
regime_rule_search,p3_seeded,INTARIAN_PEPPER_ROOT,-1,-1,-1,1,medium,0.5972590804042553,0.6372080366371767,2,2,0.3700421676904084,0.9538311326327537,time_bucket=mid; side_regime=sell; confidence_bucket=high; timestamps=97,519,85,reg_flow_d4,flow,medium,4
regime_rule_search,drift_search,INTARIAN_PEPPER_ROOT,-1,-1,-1,1,medium,0.5972590804042553,0.6372080366371767,2,2,0.3700421676904084,0.9538311326327537,time_bucket=mid; side_regime=sell; confidence_bucket=high; timestamps=97,525,90,reg_flow_d4,flow,medium,4
regime_rule_search,p3_seeded,INTARIAN_PEPPER_ROOT,-1,-1,-1,1,medium,0.5972590804042553,0.6372080366371767,2,2,0.3700421676904084,0.9538311326327537,time_bucket=mid; side_regime=sell; confidence_bucket=high; timestamps=97,517,85,reg_full_d4,full,medium,4
regime_rule_search,drift_search,INTARIAN_PEPPER_ROOT,-1,-1,-1,1,medium,0.5972590804042553,0.6372080366371767,2,2,0.3700421676904084,0.9538311326327537,time_bucket=mid; side_regime=sell; confidence_bucket=high; timestamps=97,523,90,reg_full_d4,full,medium,4
regime_rule_search,p3_seeded,INTARIAN_PEPPER_ROOT,-1,-1,-1,1,medium,0.5972590804042553,0.6372080366371767,2,2,0.3700421676904084,0.9538311326327537,time_bucket=mid; side_regime=sell; confidence_bucket=high; timestamps=97,520,85,reg_structure_d4,structure,medium,4
regime_rule_search,drift_search,INTARIAN_PEPPER_ROOT,-1,-1,-1,1,medium,0.5972590804042553,0.6372080366371767,2,2,0.3700421676904084,0.9538311326327537,time_bucket=mid; side_regime=sell; confidence_bucket=high; timestamps=97,526,90,reg_structure_d4,structure,medium,4
regime_rule_search,no_prior,ASH_COATED_OSMIUM,-1,-1,-1,1,medium,0.5969077138171675,0.7225087962610703,2,2,0.3132709113073568,0.9370858193261928,time_bucket=early; side_regime=buy; confidence_bucket=high; timestamps=86,528,74,reg_core_d3,core,sparse,3
regime_rule_search,no_prior,ASH_COATED_OSMIUM,-1,-1,-1,1,medium,0.5969077138171675,0.7225087962610703,2,2,0.3132709113073568,0.9370858193261928,time_bucket=early; side_regime=buy; confidence_bucket=high; timestamps=86,533,74,reg_core_d4,core,medium,4
regime_rule_search,no_prior,ASH_COATED_OSMIUM,-1,-1,-1,1,medium,0.5969077138171675,0.7225087962610703,2,2,0.3132709113073568,0.9370858193261928,time_bucket=early; side_regime=buy; confidence_bucket=high; timestamps=86,530,74,reg_dense_d4,full,dense,4
regime_rule_search,no_prior,ASH_COATED_OSMIUM,-1,-1,-1,1,medium,0.5969077138171675,0.7225087962610703,2,2,0.3132709113073568,0.9370858193261928,time_bucket=early; side_regime=buy; confidence_bucket=high; timestamps=86,531,74,reg_flow_d4,flow,medium,4
regime_rule_search,no_prior,ASH_COATED_OSMIUM,-1,-1,-1,1,medium,0.5969077138171675,0.7225087962610703,2,2,0.3132709113073568,0.9370858193261928,time_bucket=early; side_regime=buy; confidence_bucket=high; timestamps=86,529,74,reg_full_d4,full,medium,4
regime_rule_search,no_prior,ASH_COATED_OSMIUM,-1,-1,-1,1,medium,0.5969077138171675,0.7225087962610703,2,2,0.3132709113073568,0.9370858193261928,time_bucket=early; side_regime=buy; confidence_bucket=high; timestamps=86,532,74,reg_structure_d4,structure,medium,4
regime_rule_search,drift_search,ASH_COATED_OSMIUM,-1,-1,-1,1,medium,0.5457408909858253,0.5498194296329303,1,1,0.3132709113073568,0.9370858193261928,time_bucket=late; side_regime=buy; confidence_bucket=high; timestamps=149,534,75,reg_core_d3,core,sparse,3
regime_rule_search,drift_search,ASH_COATED_OSMIUM,-1,-1,-1,1,medium,0.5457408909858253,0.5498194296329303,1,1,0.3132709113073568,0.9370858193261928,time_bucket=late; side_regime=buy; confidence_bucket=high; timestamps=149,539,75,reg_core_d4,core,medium,4
regime_rule_search,drift_search,ASH_COATED_OSMIUM,-1,-1,-1,1,medium,0.5457408909858253,0.5498194296329303,1,1,0.3132709113073568,0.9370858193261928,time_bucket=late; side_regime=buy; confidence_bucket=high; timestamps=149,536,75,reg_dense_d4,full,dense,4
regime_rule_search,drift_search,ASH_COATED_OSMIUM,-1,-1,-1,1,medium,0.5457408909858253,0.5498194296329303,1,1,0.3132709113073568,0.9370858193261928,time_bucket=late; side_regime=buy; confidence_bucket=high; timestamps=149,537,75,reg_flow_d4,flow,medium,4
regime_rule_search,drift_search,ASH_COATED_OSMIUM,-1,-1,-1,1,medium,0.5457408909858253,0.5498194296329303,1,1,0.3132709113073568,0.9370858193261928,time_bucket=late; side_regime=buy; confidence_bucket=high; timestamps=149,535,75,reg_full_d4,full,medium,4
regime_rule_search,drift_search,ASH_COATED_OSMIUM,-1,-1,-1,1,medium,0.5457408909858253,0.5498194296329303,1,1,0.3132709113073568,0.9370858193261928,time_bucket=late; side_regime=buy; confidence_bucket=high; timestamps=149,538,75,reg_structure_d4,structure,medium,4
regime_rule_search,drift_search,ASH_COATED_OSMIUM,-1,-1,-1,1,medium,0.5149702583002811,0.5333524322418447,1,1,0.3132709113073568,0.9370858193261928,time_bucket=late; side_regime=sell; confidence_bucket=high; timestamps=141,540,76,reg_core_d3,core,sparse,3
regime_rule_search,drift_search,ASH_COATED_OSMIUM,-1,-1,-1,1,medium,0.5149702583002811,0.5333524322418447,1,1,0.3132709113073568,0.9370858193261928,time_bucket=late; side_regime=sell; confidence_bucket=high; timestamps=141,545,76,reg_core_d4,core,medium,4
regime_rule_search,drift_search,ASH_COATED_OSMIUM,-1,-1,-1,1,medium,0.5149702583002811,0.5333524322418447,1,1,0.3132709113073568,0.9370858193261928,time_bucket=late; side_regime=sell; confidence_bucket=high; timestamps=141,542,76,reg_dense_d4,full,dense,4
regime_rule_search,drift_search,ASH_COATED_OSMIUM,-1,-1,-1,1,medium,0.5149702583002811,0.5333524322418447,1,1,0.3132709113073568,0.9370858193261928,time_bucket=late; side_regime=sell; confidence_bucket=high; timestamps=141,543,76,reg_flow_d4,flow,medium,4
regime_rule_search,drift_search,ASH_COATED_OSMIUM,-1,-1,-1,1,medium,0.5149702583002811,0.5333524322418447,1,1,0.3132709113073568,0.9370858193261928,time_bucket=late; side_regime=sell; confidence_bucket=high; timestamps=141,541,76,reg_full_d4,full,medium,4
regime_rule_search,drift_search,ASH_COATED_OSMIUM,-1,-1,-1,1,medium,0.5149702583002811,0.5333524322418447,1,1,0.3132709113073568,0.9370858193261928,time_bucket=late; side_regime=sell; confidence_bucket=high; timestamps=141,544,76,reg_structure_d4,structure,medium,4
regime_rule_search,drift_search,ASH_COATED_OSMIUM,-1,-1,-1,-1,medium,0.1063378378378378,0.18,1,1,0.3132709113073568,0.9370858193261928,time_bucket=late; side_regime=mixed; confidence_bucket=low; timestamps=16,546,77,reg_core_d3,core,sparse,3
regime_rule_search,drift_search,ASH_COATED_OSMIUM,-1,-1,-1,-1,medium,0.1063378378378378,0.18,1,1,0.3132709113073568,0.9370858193261928,time_bucket=late; side_regime=mixed; confidence_bucket=low; timestamps=16,551,77,reg_core_d4,core,medium,4
regime_rule_search,drift_search,ASH_COATED_OSMIUM,-1,-1,-1,-1,medium,0.1063378378378378,0.18,1,1,0.3132709113073568,0.9370858193261928,time_bucket=late; side_regime=mixed; confidence_bucket=low; timestamps=16,548,77,reg_dense_d4,full,dense,4
regime_rule_search,drift_search,ASH_COATED_OSMIUM,-1,-1,-1,-1,medium,0.1063378378378378,0.18,1,1,0.3132709113073568,0.9370858193261928,time_bucket=late; side_regime=mixed; confidence_bucket=low; timestamps=16,549,77,reg_flow_d4,flow,medium,4
regime_rule_search,drift_search,ASH_COATED_OSMIUM,-1,-1,-1,-1,medium,0.1063378378378378,0.18,1,1,0.3132709113073568,0.9370858193261928,time_bucket=late; side_regime=mixed; confidence_bucket=low; timestamps=16,547,77,reg_full_d4,full,medium,4
regime_rule_search,drift_search,ASH_COATED_OSMIUM,-1,-1,-1,-1,medium,0.1063378378378378,0.18,1,1,0.3132709113073568,0.9370858193261928,time_bucket=late; side_regime=mixed; confidence_bucket=low; timestamps=16,550,77,reg_structure_d4,structure,medium,4
